sl_no,project_name,agency,project_code,legacy_ocms_code,pmgid,state,approval_date,start_date,target_doc,revised_doc,original_cost_crore,revised_cost_crore,cumulative_expenditure_crore,physical_progress_pct,report_month,cost_overrun_label,time_overrun_label,log1p_original_cost,approval_year,approval_month,planned_horizon_months,log1p_expenditure,expenditure_ratio,progress_expenditure_gap,project_age_months,planned_duration_months,approval_to_start_months,months_to_target,target_passed,schedule_elapsed_pct,progress_vs_schedule_pct
1,"Construction of New Domestic Terminal Building Building and miscellaneous works including maintenance, operations and AICMC at Kadapa Airport",Airport Authority of India [AAI],612786,N04000106,-,Andhra Pradesh,2023-03-01,2024-01-01,2026-01-01,2026-07-01,265.91,265.91,129.07,65.0,April 2026,0,1,5.586911522924786,2023.0,3.0,34.0,4.868072767075649,0.48538979353916734,-16.46102064608327,27.0,24.0,10.0,-3.0,1.0,112.5,-47.5
2,Construction of New Integrated Terminal Building and associated works including apron to park 3 code E type of aircraft or 6 code C type of aircraft at Vijayawada Airport.,Airport Authority of India [AAI],701107,N04000091,4353,Andhra Pradesh,2020-06-01,2020-09-01,2022-09-01,2026-10-01,611.8,611.8,523.14,87.2,April 2026,0,1,6.418038618426381,2020.0,6.0,27.0,6.261758824208524,0.8550833605753515,-1.6916639424648565,67.0,24.0,3.0,-43.0,1.0,279.16666666666663,-191.96666666666664
3,Construction of New Domestic Terminal Building at Rajahmundry Airport.,Airport Authority of India [AAI],701121,N04000103,-,Andhra Pradesh,2022-12-01,2023-08-01,2025-08-01,2026-06-01,347.15,347.15,170.79,90.0,April 2026,0,1,5.852633421388556,2022.0,12.0,32.0,5.1462728006383545,0.49197753132651595,-40.80224686734841,32.0,24.0,8.0,-8.0,1.0,133.33333333333331,-43.333333333333314
4,Guwahati Airport New Integrated Terminal Building Construction Project,Adani Airport Holdings Limited,706724,N04000083,9925,Assam,2016-12-01,2018-03-01,2025-03-01,2026-06-01,1712.0,2520.0,2627.39,98.0,April 2026,1,1,7.44600149832412,2016.0,12.0,99.0,7.874126770420523,1.5346904205607477,55.469042056074755,97.0,84.0,15.0,-13.0,1.0,115.47619047619047,-17.476190476190467
5,Development of New Civil Enclave at Bihta,Airport Authority of India [AAI],612183,-,9918,Bihar,2024-08-01,2025-04-01,2027-03-01,,1413.0,1413.0,7.64,1.28,April 2026,0,-1,7.254177846456518,2024.0,8.0,31.0,2.1564025828159643,0.0054069355980184,-0.7393064401981599,12.0,23.0,8.0,11.0,0.0,52.17391304347826,-50.89391304347826
6,Development of New Civil Enclave and associated works at Darbhanga Airport,Airport Authority of India [AAI],612194,N04000112,9917,Bihar,2024-07-01,2024-07-01,2026-07-01,2026-11-01,911.66,911.66,374.49,65.0,April 2026,0,1,6.8163634125517065,2024.0,7.0,24.0,5.928231839691119,0.4107781409736086,-23.922185902639143,21.0,24.0,0.0,3.0,0.0,87.5,-22.5
7,"Construction of New Domestic Terminal Building [Phase-I and II] and other allied structures at JPNI Airport, Patna",Airport Authority of India [AAI],701101,N04000082,4356,Bihar,2018-10-01,2018-10-01,2026-05-01,2026-05-01,1216.9,1216.9,1200.67,98.22,April 2026,0,0,7.104883343093065,2018.0,10.0,91.0,7.091467534972197,0.9866628317856849,0.44628317856849264,90.0,91.0,0.0,1.0,0.0,98.9010989010989,-0.6810989010989061
8,Goa Airport Terminal Building Extension Project,Airport Authority of India [AAI],701105,N04000095,4831,Goa,2017-11-01,2019-12-01,2021-12-01,2026-04-01,255.69,255.69,156.7,100.0,April 2026,0,1,5.5478691311385475,2017.0,11.0,49.0,5.060694493968993,0.6128514998631155,-38.71485001368845,76.0,24.0,25.0,-52.0,1.0,316.66666666666663,-216.66666666666663
9,Development of Keshod Airport.,Airport Authority of India [AAI],619054,-,-,Gujarat,2024-01-01,2025-07-01,2027-01-01,,363.1,363.1,87.88,33.13,April 2026,0,-1,5.897428555181388,2024.0,1.0,36.0,4.487287145331375,0.24202698980996967,-8.927301019003036,9.0,18.0,18.0,9.0,0.0,50.0,-16.869999999999997
10,"Development of Dholera International Greenfield Airport , Gujarat",Airport Authority of India [AAI],701126,N04000099,3366,Gujarat,2022-06-01,2022-07-01,2026-06-01,2026-06-01,1305.0,1551.0,896.82,82.0,April 2026,1,0,7.174724309836376,2022.0,6.0,48.0,6.79996960277603,0.6872183908045978,-13.278160919540227,45.0,47.0,1.0,2.0,0.0,95.74468085106383,-13.744680851063833
11,"Construction of NTB complex including apron, taxi track and other associated civil works and electrical & mechanical installations towards Tawi River side at CA Jammu.",Airport Authority of India [AAI],611047,N04000107,9921,Jammu and Kashmir,2023-10-01,2023-12-01,2026-06-01,2026-11-01,861.37,861.37,319.5,51.35,April 2026,0,1,6.759684412907734,2023.0,10.0,32.0,5.7698822763607245,0.37092074253804985,-14.257925746195014,28.0,30.0,2.0,2.0,0.0,93.33333333333333,-41.98333333333333
12,Construction of New Domestic Terminal Building and Miscellaneous works at Hubli Airport,Airport Authority of India [AAI],612787,N04000108,-,Karnataka,2023-06-01,2024-01-01,2026-01-01,2026-06-01,320.47,320.47,148.68,77.0,April 2026,0,1,5.772904226726582,2023.0,6.0,31.0,5.0084996819658345,0.46394358286267046,-30.605641713732957,27.0,24.0,7.0,-3.0,1.0,112.5,-35.5
13,Construction of New Domestic Terminal Building and Miscellaneous Works at Belagavi Airport.,Airport Authority of India [AAI],612788,N04000105,-,Karnataka,2023-06-01,2024-02-01,2026-02-01,2026-06-01,322.45,322.45,204.5,87.0,April 2026,0,1,5.779044542489994,2023.0,6.0,32.0,5.32544603393629,0.6342068537757792,-23.579314622422075,26.0,24.0,8.0,-2.0,1.0,108.33333333333333,-21.33333333333333
14,"Development of additional RESA on either end on Runway 10-28 at Calicut Airport. Construction of embankment with slope protection, drainage system and associated works for additional RESA on either end on Runway 10-28",Airport Authority of India [AAI],612789,N04000111,-,Kerala,2023-06-01,2024-02-01,2025-09-01,2026-12-01,484.57,484.57,204.6,59.0,April 2026,0,1,6.185323458594698,2023.0,6.0,27.0,5.32593253358101,0.4222300183667994,-16.77699816332006,26.0,19.0,8.0,-7.0,1.0,136.8421052631579,-77.84210526315789
15,"Construction of Terminal Building & Associated works at Leh Airport, Ladakh",Airport Authority of India [AAI],400010,N04000078,4665,Ladakh,2018-07-01,2018-09-01,2021-09-01,2026-07-01,480.0,640.0,501.81,78.9,April 2026,1,1,6.175867270105761,2018.0,7.0,38.0,6.220212365142023,1.0454375,25.643749999999997,91.0,36.0,2.0,-55.0,1.0,252.77777777777777,-173.87777777777777
16,C/o NITB Imphal Airport,Airport Authority of India [AAI],706718,N04000100,-,Manipur,2021-11-01,2022-07-01,2024-07-01,2026-12-01,499.0,499.0,201.99,50.69,April 2026,0,1,6.214608098422191,2021.0,11.0,32.0,5.313156716744676,0.40478957915831665,-10.211042084168334,45.0,24.0,8.0,-21.0,1.0,187.5,-136.81
17,"SITC of ATM Automation System and ASMGCS [Including SMR & MLAT] for Mumbai, Navi Mumbai, Jewar [earlier MOPA, without ASMGCS], HIAL & BIAL",Airport Authority of India [AAI],611570,-,-,"Multi-States (Karnataka, Maharashtra, Telangana, Uttar Pradesh)",2020-12-01,2022-10-01,2025-09-01,2026-08-01,500.48,500.48,381.2,78.0,April 2026,0,1,6.217563726247825,2020.0,12.0,57.0,5.945944031806173,0.7616687979539641,-1.8331202046035884,42.0,35.0,22.0,-7.0,1.0,120.0,-42.0
18,"Development of New Greenfield Airport at Bundi, Kota Rajasthan.",Airport Authority of India [AAI],618977,-,10781,Rajasthan,2025-08-01,2025-10-01,2027-10-01,2027-11-01,1507.0,1507.0,40.4,12.8,April 2026,0,1,7.318539548567902,2025.0,8.0,26.0,3.7232808808312687,0.026808228268082282,-10.119177173191773,6.0,24.0,2.0,18.0,0.0,25.0,-12.2
19,Construction of New Passenger Terminal Building for Domestic Operations at Jodhpur Airport.,Airport Authority of India [AAI],701127,N04000101,-,Rajasthan,2022-06-01,2023-05-01,2026-03-01,2026-04-01,480.0,480.0,339.96,97.35,April 2026,0,1,6.175867270105761,2022.0,6.0,45.0,5.831765168350307,0.7082499999999999,-26.525000000000006,35.0,34.0,11.0,-1.0,1.0,102.94117647058823,-5.591176470588238
20,Construction of New Integrated Passenger Terminal Building at Udaipur Airport,Airport Authority of India [AAI],701128,N04000104,4363,Rajasthan,2023-06-01,2023-11-01,2026-03-01,2026-09-01,887.0,887.0,523.61,68.71,April 2026,0,1,6.78897174299217,2023.0,6.0,33.0,6.262655129393678,0.590315670800451,-9.678432919954894,29.0,28.0,5.0,-1.0,1.0,103.57142857142858,-34.86142857142859
21,"Widening of basic strip at Western Side of Runway Chainage 80m to 920m i/c slope stabilization Measures [Balance work] of uphill and Improvement of Storm Water Drainage System at Pakyong Airport, Sikkim on design & build basis [EPC] with integrated 10 years maintenance.",Airport Authority of India [AAI],612793,N04000110,-,Sikkim,2023-11-01,2023-12-01,2026-06-01,2027-06-01,323.26,323.26,80.84,34.25,April 2026,0,1,5.781545663121923,2023.0,11.0,31.0,4.404766121643371,0.25007733712800845,-9.242266287199154,28.0,30.0,1.0,2.0,0.0,93.33333333333333,-59.08333333333333
22,"Modernization of Chennai Airport, Phase II, Part 2",Airport Authority of India [AAI],611602,-,5163,Tamil Nadu,2018-05-01,2023-06-01,2025-07-01,2026-12-01,1207.0,1207.0,289.5,38.0,April 2026,0,1,7.0967213784947605,2018.0,5.0,86.0,5.671603576291966,0.23985086992543497,-14.014913007456503,34.0,25.0,61.0,-9.0,1.0,136.0,-98.0
23,"Development of Lal Bahadur Shastri International airport, Varanasi including C/o New Terminal Building, Apron Extension, Runway Extension, PTT and allied works.",Airport Authority of India [AAI],701113,N04000114,9932,Uttar Pradesh,2024-07-01,2024-07-01,2027-07-01,2027-07-01,2869.65,2869.65,572.04,27.0,April 2026,0,0,7.962293763946991,2024.0,7.0,36.0,6.3509555223061955,0.19934138309549942,-7.065861690450056,21.0,36.0,0.0,15.0,0.0,58.333333333333336,-31.333333333333336
24,Development of New Integrated Civil Enclave at Agra Airport,Airport Authority of India [AAI],701122,N04000113,9931,Uttar Pradesh,2024-06-01,2024-07-01,2026-07-01,2026-11-01,579.0,579.0,197.61,40.03,April 2026,0,1,6.363028103540465,2024.0,6.0,25.0,5.2913431028107,0.3412953367875648,-5.90046632124352,21.0,24.0,1.0,3.0,0.0,87.5,-47.47
25,Development of New Civil Enclave at Bagdogra Airport,Airport Authority of India [AAI],611495,N04000115,9920,West Bengal,2024-08-01,2024-09-01,2027-03-01,2027-01-01,1549.0,1549.0,441.41,34.6,April 2026,0,0,7.346010209913293,2024.0,8.0,31.0,6.092237053930959,0.2849644932214332,-6.103550677856681,19.0,30.0,1.0,11.0,0.0,63.33333333333333,-28.733333333333327
26,"Re-Construction of Rigid portions of Secondary Runway, K and A Taxiway and Strengthening of C Taxiway at NSCBI Airport Kolkata.",Airport Authority of India [AAI],612791,N04000109,-,West Bengal,2023-03-01,2023-12-01,2025-10-01,2026-08-01,328.3,328.3,139.77,64.5,April 2026,0,1,5.7969691893823185,2023.0,3.0,31.0,4.947127352839874,0.4257386536704234,-21.926134632957663,28.0,22.0,9.0,-6.0,1.0,127.27272727272727,-62.772727272727266
27,TIKAK EXTENSION OCP,MIS MoCoal Integration Logins,615820,N06000290,-,Assam,2022-07-01,2022-07-01,2031-07-01,,159.77,159.77,111.47,88.18,April 2026,0,-1,5.079974772174869,2022.0,7.0,108.0,4.72268651941593,0.697690429993115,-18.410957000688498,45.0,108.0,0.0,63.0,0.0,41.66666666666667,46.513333333333335
28,TIRAP OCP,MIS MoCoal Integration Logins,615821,N06000291,-,Assam,2022-11-01,2022-11-01,2030-11-01,,289.46,289.46,105.61,3.26,April 2026,0,-1,5.671465873179658,2022.0,11.0,96.0,4.669177315962384,0.3648517929938506,33.22517929938506,41.0,96.0,0.0,55.0,0.0,42.70833333333333,-39.44833333333333
29,PORDA CHIMTAPANI OCP [10 MTY],South Eastern Coalfields Limited [SECL],400144,N06000199,3122,Chhattisgarh,2020-12-01,2020-12-01,2029-03-01,,2310.12,2310.12,113.83,11.81,April 2026,0,-1,7.74548753449964,2020.0,12.0,99.0,4.743452773788098,0.04927449656294911,-6.8825503437050894,64.0,99.0,0.0,35.0,0.0,64.64646464646465,-52.83646464646465
30,BAROUD OC EXPANSION [3.0-10.0M,South Eastern Coalfields Limited [SECL],400149,N06000197,3107,Chhattisgarh,2020-08-01,2020-08-01,2029-03-01,,2309.8,2309.8,993.79,55.95,April 2026,0,-1,7.745349063907111,2020.0,8.0,103.0,6.902531659606912,0.43024937224002074,-12.92506277599793,68.0,103.0,0.0,35.0,0.0,66.01941747572816,-10.069417475728159
31,DIPKA EXPANSION OCP [40 MTY],South Eastern Coalfields Limited [SECL],400354,N06000200,771,Chhattisgarh,2020-12-01,2020-12-01,2029-03-01,,5241.4,5241.4,2910.11,38.0,April 2026,0,-1,8.564534687725287,2020.0,12.0,99.0,7.976289730733507,0.5552161636204068,17.52161636204068,64.0,99.0,0.0,35.0,0.0,64.64646464646465,-26.64646464646465
32,GEVRA OC [70 MTY],South Eastern Coalfields Limited [SECL],400424,060100093,192,Chhattisgarh,2016-03-01,2016-03-01,2023-03-01,2027-03-01,11816.4,11816.4,6905.46,78.48,April 2026,0,1,9.377328300604933,2016.0,3.0,84.0,8.840212484477691,0.5843962628211639,-20.040373717883618,121.0,84.0,0.0,-37.0,1.0,144.04761904761904,-65.56761904761903
33,AMERA OC RCE [1.0 MTY],South Eastern Coalfields Limited [SECL],613798,N06000123,-,Chhattisgarh,2015-02-01,2015-02-01,2026-03-01,,335.97,335.97,90.88,42.47,April 2026,0,-1,5.819993905618264,2015.0,2.0,133.0,4.520483377820898,0.27050034229246656,-15.419965770753343,134.0,133.0,0.0,-1.0,1.0,100.75187969924812,-58.28187969924812
34,AMGAON OC RCE [1.0 MTY],South Eastern Coalfields Limited [SECL],613799,N06000135,-,Chhattisgarh,2015-07-01,2015-07-01,2026-03-01,,316.11,316.11,191.5,78.86,April 2026,0,-1,5.759248716840184,2015.0,7.0,128.0,5.260096153727839,0.6058017778621366,-18.27982221378634,129.0,128.0,0.0,-1.0,1.0,100.78125,-21.92125
35,JAGANNATHPUR OC RCE PROJECT,South Eastern Coalfields Limited [SECL],613800,N06000232,-,Chhattisgarh,2016-07-01,2016-07-01,2025-03-01,2027-03-01,459.49,459.49,276.8,96.15,April 2026,0,1,6.132291139932975,2016.0,7.0,104.0,5.626901430320244,0.6024070164747872,-35.90929835252128,117.0,104.0,0.0,-13.0,1.0,112.5,-16.349999999999994
36,MAHAMAYA OCP [1.50 MTY],South Eastern Coalfields Limited [SECL],613801,N06000164,-,Chhattisgarh,2018-05-01,2018-05-01,2026-03-01,2028-03-01,410.26,410.26,187.63,54.6,April 2026,0,1,6.0192256178933725,2018.0,5.0,94.0,5.239787424357633,0.45734412323892165,-8.865587676107836,95.0,94.0,0.0,-1.0,1.0,101.06382978723406,-46.463829787234054
37,KATKONA RO UG MINE,South Eastern Coalfields Limited [SECL],615191,N06000274,-,Chhattisgarh,2023-01-01,2023-01-01,2029-03-01,,329.21,329.21,62.03,2.01,April 2026,0,-1,5.79972881570341,2023.0,1.0,74.0,4.143610803525019,0.18842076486133472,16.832076486133474,39.0,74.0,0.0,35.0,0.0,52.702702702702695,-50.6927027027027
38,PELMA OC MDO,South Eastern Coalfields Limited [SECL],616234,N06000045,7367,Chhattisgarh,2022-10-01,2022-10-01,2033-03-01,,1725.04,1725.04,16.71,40.34,April 2026,0,-1,7.453585046345869,2022.0,10.0,125.0,2.8741294517947424,0.009686731901868943,-39.37132680981311,42.0,125.0,0.0,83.0,0.0,33.6,6.740000000000002
39,KUSMUNDA OC EXPANSION PROJECT,SECL - CIL,617287,-,9611,Chhattisgarh,2024-11-01,2024-11-01,2030-03-01,,4516.88,4516.88,817.06,22.0,April 2026,0,-1,8.415798136250247,2024.0,11.0,64.0,6.706935683546046,0.18089034909052265,-3.910965090947734,17.0,64.0,0.0,47.0,0.0,26.5625,-4.5625
40,MANIKPUR OC EXPANSION PROJECT,South Eastern Coalfields Limited [SECL],617288,-,-,Chhattisgarh,2025-01-01,2025-01-01,2029-03-01,,382.61,382.61,116.09,21.29,April 2026,0,-1,5.949626411491186,2025.0,1.0,50.0,4.762942869860633,0.3034160110817804,9.05160110817804,15.0,50.0,0.0,35.0,0.0,30.0,-8.71
41,RPR FOR DURGAPUR OCP 10 MTY,SECL - CIL,619171,-,11842,Chhattisgarh,2025-09-01,2025-09-01,2032-03-01,,2415.91,2415.91,2.35,0.01,April 2026,0,-1,7.79024514376692,2025.0,9.0,78.0,1.208960345836975,0.0009727183545744668,0.08727183545744668,7.0,78.0,0.0,71.0,0.0,8.974358974358974,-8.964358974358975
42,MADANNAGAR OCP 12 MTY - MDO,SECL - CIL,619172,-,11856,Chhattisgarh,2024-12-01,2024-12-01,2029-03-01,,1859.19,1859.19,0.45,0.0,April 2026,0,-1,7.528433912027871,2024.0,12.0,51.0,0.37156355643248307,0.0002420408887741436,0.02420408887741436,16.0,51.0,0.0,35.0,0.0,31.372549019607842,-31.372549019607842
43,HURA C OCP,ECL - CIL,400018,N06000275,4585,Jharkhand,2022-08-01,2022-08-01,2029-03-01,,859.41,859.41,455.25,63.22,April 2026,0,-1,6.757409019827197,2022.0,8.0,79.0,6.123040904896701,0.52972388033651,-10.247611966349005,44.0,79.0,0.0,35.0,0.0,55.69620253164557,7.523797468354431
44,KONAR EXPANSION OCP,Ministry of Coal,400073,N06000245,4077,Jharkhand,2022-01-01,2022-01-01,2032-03-01,,799.34,799.34,433.64,53.47,April 2026,0,-1,6.685036637381008,2022.0,1.0,122.0,6.0745181022432675,0.542497560487402,0.7797560487402038,51.0,122.0,0.0,71.0,0.0,41.80327868852459,11.666721311475406
45,KARO EXPANSION OCP,Ministry of Coal,400074,N06000246,4074,Jharkhand,2022-01-01,2022-01-01,2029-03-01,,908.47,908.47,289.45,23.57,April 2026,0,-1,6.812862012257475,2022.0,1.0,86.0,5.671431444438541,0.3186126124142789,8.29126124142789,51.0,86.0,0.0,35.0,0.0,59.30232558139535,-35.73232558139535
46,SANGHMITRA OC,Ministry of Coal,400136,-,3190,Jharkhand,2024-03-01,2024-03-01,2032-03-01,,2660.0,2660.0,16.1,16.77,April 2026,0,-1,7.886457270977689,2024.0,3.0,96.0,2.8390784635086144,0.006052631578947369,-16.164736842105263,25.0,96.0,0.0,71.0,0.0,26.041666666666668,-9.271666666666668
47,CHANDRAGUPT OCP,Ministry of Coal,400138,N06000238,3188,Jharkhand,2020-08-01,2020-08-01,2032-03-01,,973.5,973.5,440.75,24.86,April 2026,0,-1,6.881924518947615,2020.0,8.0,139.0,6.090744111199806,0.45274781715459683,20.414781715459682,68.0,139.0,0.0,71.0,0.0,48.92086330935252,-24.06086330935252
48,KOTRE BASANTPUR PACHMO OCP,Ministry of Coal,400139,N06000237,3183,Jharkhand,2020-08-01,2020-08-01,2032-03-01,,861.06,625.4,455.95,47.95,April 2026,0,-1,6.759324873809783,2020.0,8.0,139.0,6.124573975718211,0.5295217522588438,5.002175225884379,68.0,139.0,0.0,71.0,0.0,48.92086330935252,-0.9708633093525165
49,Pachwara South Coal Block,NLC India Limited [NLCIL],400142,N06000193,3135,Jharkhand,2016-03-01,2019-11-01,2028-09-01,,2242.9,2242.9,1365.83,87.0,April 2026,0,-1,7.7159707023697575,2016.0,3.0,150.0,7.220249469078398,0.6089571536849614,-26.10428463150386,77.0,106.0,44.0,29.0,0.0,72.64150943396226,14.358490566037744
50,RPR MAGADH EXP OCP,Ministry of Coal,400150,N06000216,3105,Jharkhand,2020-08-01,2020-08-01,2028-03-01,,7254.37,7254.37,1688.4,40.21,April 2026,0,-1,8.889497163328688,2020.0,8.0,91.0,7.432128715293397,0.23274247108983967,-16.935752891016033,68.0,91.0,0.0,23.0,0.0,74.72527472527473,-34.51527472527473
51,NORTH URIMARI EXPANSION OCP,Ministry of Coal,400151,N06000218,3103,Jharkhand,2021-07-01,2021-07-01,2029-03-01,,778.8,778.8,605.7,71.38,April 2026,0,-1,6.659037476548497,2021.0,7.0,92.0,6.408034434948252,0.7777349768875194,6.3934976887519355,57.0,92.0,0.0,35.0,0.0,61.95652173913043,9.423478260869565
52,EPR ROHINI - KARKETTA OCP,Ministry of Coal,400153,N06000243,3100,Jharkhand,2021-01-01,2021-01-01,2028-03-01,,1020.42,1020.42,84.94,22.84,April 2026,0,-1,6.928949094989139,2021.0,1.0,86.0,4.453649378346849,0.08324023441328081,-14.51597655867192,63.0,86.0,0.0,23.0,0.0,73.25581395348837,-50.41581395348837
53,EPR PUNDI OCP,Ministry of Coal,400154,N06000242,3099,Jharkhand,2020-11-01,2020-11-01,2027-03-01,,713.35,713.35,236.58,10.19,April 2026,0,-1,6.571373038311167,2020.0,11.0,76.0,5.470504408861394,0.3316464568584846,22.974645685848465,65.0,76.0,0.0,11.0,0.0,85.52631578947368,-75.33631578947369
54,EPR ASHOK OC,Ministry of Coal,400155,N06000247,3098,Jharkhand,2021-05-01,2021-05-01,2031-03-01,,2898.28,2898.28,185.19,28.85,April 2026,0,-1,7.972217709286943,2021.0,5.0,118.0,5.226767657707961,0.0638965179347751,-22.46034820652249,59.0,118.0,0.0,59.0,0.0,50.0,-21.15
55,EPR AMRAPALI OCP,Ministry of Coal,400156,N06000217,3091,Jharkhand,2020-02-01,2020-02-01,2028-03-01,,5136.15,5136.15,1326.01,44.45,April 2026,0,-1,8.544253729963092,2020.0,2.0,97.0,7.19068357009884,0.25817197706453276,-18.632802293546725,74.0,97.0,0.0,23.0,0.0,76.28865979381443,-31.83865979381443
56,RAJRAPPA RCE OCP,Ministry of Coal,400160,N06000087,3084,Jharkhand,2009-12-01,2009-12-01,2016-03-01,2027-03-01,510.85,510.85,488.71,78.25,April 2026,0,1,6.23803161336578,2009.0,12.0,75.0,6.193813379165486,0.9566604678477048,17.416046784770472,196.0,75.0,0.0,-121.0,1.0,261.3333333333333,-183.08333333333331
57,CHITRA EAST OC,Eastern Coal Fields Limited [ECL],400172,N06000169,3032,Jharkhand,2018-08-01,2018-08-01,2026-03-01,2028-03-01,513.99,513.99,239.88,53.03,April 2026,0,1,6.2441474829994865,2018.0,8.0,91.0,5.484298884173478,0.4667016868032452,-6.359831319675479,92.0,91.0,0.0,-1.0,1.0,101.0989010989011,-48.068901098901094
58,JHARKHAND-LAIYO OCP,Ministry of Coal,400352,N06000240,778,Jharkhand,2020-08-01,2020-08-01,2031-03-01,,764.57,764.57,145.81,32.23,April 2026,0,-1,6.640620654418016,2020.0,8.0,127.0,4.989139233751369,0.19070850281857776,-13.15914971814222,68.0,127.0,0.0,59.0,0.0,53.54330708661418,-21.31330708661418
59,MOONIDIH XV SEAM UG,Bharat Coking Coal Limited (BCCL),400425,N06000098,189,Jharkhand,2011-08-01,2011-08-01,2019-03-01,2026-08-01,1230.27,1230.27,709.81,82.45,April 2026,0,1,7.115801436009194,2011.0,8.0,91.0,6.56640516483657,0.5769546522308111,-24.754534776918895,176.0,91.0,0.0,-85.0,1.0,193.4065934065934,-110.9565934065934
60,2.5 MTPA PATHERDIH NLW WASHERY,Ministry of Coal,611017,N06000194,4836,Jharkhand,2015-10-01,2016-04-01,2018-04-01,2026-12-01,334.27,334.27,162.75,51.81,April 2026,0,1,5.81493617735479,2015.0,10.0,30.0,5.098340874515361,0.4868818619678703,-3.121813803212973,120.0,24.0,6.0,-96.0,1.0,500.0,-448.19
61,AMALAGAMATED NTST KUJAMA OCP 8.5MTY,Bharat Coking Coal Limited (BCCL),611864,N06000273,5366,Jharkhand,2023-01-01,2023-01-01,2030-03-01,,4011.85,4011.85,414.93,29.7,April 2026,0,-1,8.297256991048512,2023.0,1.0,86.0,6.030516976871639,0.10342610017822203,-19.357389982177796,39.0,86.0,0.0,47.0,0.0,45.348837209302324,-15.648837209302325
62,MURAIDIH UG PROJECT,Bharat Coking Coal Limited (BCCL),613808,N06000096,-,Jharkhand,2011-02-01,2011-02-01,2014-04-01,2026-12-01,339.87,339.87,191.0,70.47,April 2026,0,1,5.831501172924694,2011.0,2.0,38.0,5.2574953720277815,0.5619795804278106,-14.272041957218939,182.0,38.0,0.0,-144.0,1.0,478.94736842105266,-408.4773684210527
63,TAPIN SOUTH EXPN,Ministry of Coal,615349,N06000241,-,Jharkhand,2020-11-01,2020-11-01,2028-03-01,,230.41,230.41,22.02,22.76,April 2026,0,-1,5.44419102903758,2020.0,11.0,88.0,3.1363634032937364,0.09556876871663557,-13.203123128336445,65.0,88.0,0.0,23.0,0.0,73.86363636363636,-51.103636363636355
64,SIRKA OC,Ministry of Coal,615822,N06000239,-,Jharkhand,2020-05-01,2020-05-01,2028-03-01,,222.82,222.82,140.72,63.52,April 2026,0,-1,5.410842157389881,2020.0,5.0,94.0,4.953853279997271,0.6315411542949466,-0.36588457050534373,71.0,94.0,0.0,23.0,0.0,75.53191489361703,-12.011914893617025
65,TETARIAKHAR OC,Ministry of Coal,615843,N06000186,-,Jharkhand,2019-11-01,2019-11-01,2025-03-01,2027-03-01,243.52,243.52,50.82,31.27,April 2026,0,1,5.499297105160525,2019.0,11.0,64.0,3.947776175133964,0.2086892247043364,-10.401077529566358,77.0,64.0,0.0,-13.0,1.0,120.3125,-89.0425
66,CHUPERBHITA SIMLONG OCP MDO 6,Eastern Coal Fields Limited [ECL],616225,N06000280,6880,Jharkhand,2023-12-01,2023-12-01,2037-03-01,,979.08,979.08,0.0,0.05,April 2026,0,-1,6.887634200985915,2023.0,12.0,159.0,0.0,0.0,-0.05,28.0,159.0,0.0,131.0,0.0,17.61006289308176,-17.56006289308176
67,JARANGDIH EXPN. OCP 1.5 MTY,CCL - CIL,616236,N06000295,-,Jharkhand,2020-02-01,2020-02-01,2029-03-01,,414.37,414.37,85.6,34.18,April 2026,0,-1,6.029169689286631,2020.0,2.0,109.0,4.461299815568389,0.2065786615826435,-13.522133841735648,74.0,109.0,0.0,35.0,0.0,67.88990825688074,-33.709908256880745
68,BLOCK E OCP,Ministry of Coal,616253,N06000287,7368,Jharkhand,2024-03-01,2024-03-01,2029-03-01,,5850.83,5850.83,20.32,4.17,April 2026,0,-1,8.674509711820587,2024.0,3.0,60.0,3.0596455992976437,0.003473011521442257,-3.8226988478557744,25.0,60.0,0.0,35.0,0.0,41.66666666666667,-37.49666666666667
69,"Revised Jharia Master Plan for Dealing with Fire, Subsidence & Rehabilitation of affected families in Jharia Coalfield- Reg.",Bharat Coking Coal Limited (BCCL),617416,-,9943,Jharkhand,2025-06-01,2025-07-01,2028-12-01,,5940.47,5940.47,262.83,26.0,April 2026,0,-1,8.68971185648734,2025.0,6.0,42.0,5.5753049563343575,0.044243973961656226,-21.575602603834376,9.0,41.0,1.0,32.0,0.0,21.951219512195124,4.048780487804876
70,North Dhadu Western Part OCP,NLC India Limited [NLCIL],617764,-,9968,Jharkhand,2023-10-01,2023-12-01,2029-03-01,,1354.2,1354.2,141.98,40.0,April 2026,0,-1,7.21170432389779,2023.0,10.0,65.0,4.962704760338705,0.10484418845074582,-29.515581154925417,28.0,63.0,2.0,35.0,0.0,44.44444444444444,-4.444444444444443
71,AMADAND OCP[4.0MTY],Ministry of Coal,400148,N06000148,3111,Madhya Pradesh,2016-03-01,2016-03-01,2021-03-01,2027-03-01,869.44,869.44,325.4,75.15,April 2026,0,1,6.768998830928092,2016.0,3.0,60.0,5.788123623089952,0.37426389400073606,-37.7236105999264,121.0,60.0,0.0,-61.0,1.0,201.66666666666666,-126.51666666666665
72,BLOCK B EXPANSION [3.5 TO 8.0,Northern Coalfields Limited [NCL],400162,N06000184,3059,Madhya Pradesh,2019-07-01,2019-07-01,2023-03-01,2027-03-01,998.71,998.71,518.17,50.0,April 2026,0,1,6.907465236924006,2019.0,7.0,44.0,6.252231382518633,0.5188393027004836,1.88393027004836,81.0,44.0,0.0,-37.0,1.0,184.0909090909091,-134.0909090909091
73,NIGAHI EXPANSION [15 TO 25 MTP,Northern Coalfields Limited [NCL],400321,N06000196,943,Madhya Pradesh,2020-11-01,2020-11-01,2025-03-01,2028-03-01,1729.68,1729.68,929.02,48.76,April 2026,0,1,7.456269673846386,2020.0,11.0,52.0,6.835206091292409,0.5371051292724666,4.950512927246656,65.0,52.0,0.0,-13.0,1.0,125.0,-76.24000000000001
74,KANCHAN OC EXP,South Eastern Coalfields Limited [SECL],613802,N06000125,-,Madhya Pradesh,2014-12-01,2014-12-01,2026-03-01,2028-03-01,371.04,371.04,148.87,58.2,April 2026,0,1,5.9190013753742665,2014.0,12.0,135.0,5.009768251656904,0.40122358775334194,-18.07764122466581,136.0,135.0,0.0,-1.0,1.0,100.74074074074073,-42.54074074074073
75,JHIRIA WEST OCP [1.5 MTY],South Eastern Coalfields Limited [SECL],613803,N06000166,-,Madhya Pradesh,2024-01-01,2024-01-01,2029-03-01,,366.94,366.94,35.57,41.29,April 2026,0,-1,5.907919881397637,2024.0,1.0,62.0,3.59922823216129,0.09693682890935848,-31.596317109064152,27.0,62.0,0.0,35.0,0.0,43.54838709677419,-2.258387096774193
76,RPR TAWA-III UG 0.84 MTY,Western Coalfields Limited [WCL],613804,N06000250,-,Madhya Pradesh,2021-12-01,2021-12-01,2027-03-01,,314.09,314.09,17.89,17.78,April 2026,0,-1,5.752858312302793,2021.0,12.0,63.0,2.9386326815134183,0.056958196695214756,-12.084180330478524,52.0,63.0,0.0,11.0,0.0,82.53968253968253,-64.75968253968253
77,AMALGAMATED DHANKASA & JAMUNIA,Western Coalfields Limited [WCL],615185,N06000257,-,Madhya Pradesh,2022-09-01,2022-09-01,2027-03-01,,399.2,399.2,100.03,67.13,April 2026,0,-1,5.991964422149633,2022.0,9.0,54.0,4.615417502439641,0.2505761523046092,-42.07238476953907,43.0,54.0,0.0,11.0,0.0,79.62962962962963,-12.499629629629638
78,RPR OF VISHNUPURI UG TO OC,Western Coalfields Limited [WCL],615187,N06000260,-,Madhya Pradesh,2022-11-01,2022-11-01,2029-03-01,,220.62,220.62,0.0,11.2,April 2026,0,-1,5.400964203508179,2022.0,11.0,76.0,0.0,0.0,-11.2,41.0,76.0,0.0,35.0,0.0,53.94736842105263,-42.74736842105263
79,URDHAN EXPANSION OC COST PLUS,Western Coalfields Limited [WCL],615194,N06000265,-,Madhya Pradesh,2022-07-01,2023-01-01,2031-03-01,,206.88,206.88,27.32,2.02,April 2026,0,-1,5.336960990140241,2022.0,7.0,104.0,3.343568268825519,0.13205723124516627,11.185723124516628,39.0,98.0,6.0,59.0,0.0,39.795918367346935,-37.77591836734693
80,SHARDA UG MINE,Western Coalfields Limited [WCL],615195,N06000266,-,Madhya Pradesh,2022-07-01,2023-09-01,2028-03-01,,166.25,166.25,5.19,9.39,April 2026,0,-1,5.119489699008338,2022.0,7.0,68.0,1.8229350866965048,0.031218045112781957,-6.268195488721805,31.0,54.0,14.0,23.0,0.0,57.407407407407405,-48.017407407407404
81,GANDHIGRAM UG MINE,Western Coalfields Limited [WCL],615206,N06000183,-,Madhya Pradesh,2019-08-01,2019-08-01,2026-03-01,,414.15,414.15,22.11,56.88,April 2026,0,-1,6.02863990070804,2019.0,8.0,79.0,3.1402654242862895,0.053386454183266936,-51.54135458167331,80.0,79.0,0.0,-1.0,1.0,101.26582278481013,-44.385822784810124
82,JAYANT EXPN. [20 TO 38 MTPA],Northern Coalfields Limited [NCL],619032,-,11593,Madhya Pradesh,2025-02-01,2025-02-01,2032-03-01,,25560.48,25560.5,126.68,1.32,April 2026,1,-1,10.148841809788555,2025.0,2.0,85.0,4.849527133701499,0.004956088461562537,-0.8243911538437463,14.0,85.0,0.0,71.0,0.0,16.470588235294116,-15.150588235294116
83,RPR FOR RAMPUR BATURA OCP,SECL - CIL,619053,-,11612,Madhya Pradesh,2025-05-01,2025-05-01,2030-03-01,,1604.69,1604.69,74.71,0.3,April 2026,0,-1,7.381308849722831,2025.0,5.0,58.0,4.326910252115215,0.04655727897600159,4.355727897600159,11.0,58.0,0.0,47.0,0.0,18.96551724137931,-18.66551724137931
84,BHATADI EXPANSION OC,Western Coalfields Limited [WCL],400033,N06000254,4376,Maharashtra,2020-02-01,2022-05-01,2028-03-01,,580.61,580.61,112.17,33.91,April 2026,0,-1,6.365800120019226,2020.0,2.0,97.0,4.72889111297785,0.19319336559825012,-14.590663440174986,47.0,70.0,27.0,23.0,0.0,67.14285714285714,-33.23285714285714
85,AMALGAMATED YEKONA I & YEKONA,Western Coalfields Limited [WCL],400177,N06000132,3012,Maharashtra,2015-08-01,2015-08-01,2025-03-01,2026-03-01,727.28,727.28,563.25,80.77,April 2026,0,1,6.590685589635764,2015.0,8.0,115.0,6.335497415697645,0.7744610053899461,-3.3238994610053822,128.0,115.0,0.0,-13.0,1.0,111.30434782608695,-30.534347826086957
86,DINESH[MAKARDHOKRA-III] OC,Western Coalfields Limited [WCL],400178,N06000222,3008,Maharashtra,2020-02-01,2020-02-01,2027-03-01,,822.88,822.88,652.67,40.54,April 2026,0,-1,6.714024888236277,2020.0,2.0,85.0,6.482602636954296,0.7931533151856892,38.775331518568926,74.0,85.0,0.0,11.0,0.0,87.05882352941177,-46.51882352941177
87,DHUPTALA OC [SASTI UG TO OC ],Western Coalfields Limited [WCL],400353,N06000209,776,Maharashtra,2019-02-01,2021-10-01,2028-03-01,,711.01,711.01,174.62,19.02,April 2026,0,-1,6.568091956257167,2019.0,2.0,109.0,5.168322569931849,0.24559429543888273,5.5394295438882715,54.0,77.0,32.0,23.0,0.0,70.12987012987013,-51.10987012987013
88,SAONER UG MINE -1 EXPANSION 1.,Western Coalfields Limited [WCL],615184,N06000251,-,Maharashtra,2022-01-01,2022-01-01,2028-03-01,,228.64,228.64,150.47,69.33,April 2026,0,-1,5.436512865299436,2022.0,1.0,74.0,5.020387585538934,0.6581088173547937,-3.5191182645206283,51.0,74.0,0.0,23.0,0.0,68.91891891891892,0.411081081081079
89,SASTI EXPANSION OPENCAST,Western Coalfields Limited [WCL],615186,N06000206,-,Maharashtra,2020-08-01,2020-08-01,2026-03-01,,319.04,319.04,111.17,32.21,April 2026,0,-1,5.768445987981924,2020.0,8.0,67.0,4.720015577657132,0.3484516048144433,2.6351604814443306,68.0,67.0,0.0,-1.0,1.0,101.49253731343283,-69.28253731343284
90,NEW MAJRI UG TO OC 3 MTY COST,Western Coalfields Limited [WCL],615188,N06000255,-,Maharashtra,2019-05-01,2022-09-01,2027-03-01,,402.27,402.27,67.11,24.17,April 2026,0,-1,5.999606312799605,2019.0,5.0,94.0,4.221124045253227,0.1668282496830487,-7.487175031695131,43.0,54.0,40.0,11.0,0.0,79.62962962962963,-55.45962962962963
91,MAKARDHOKRA EXPN OC 4.9 MTY,Western Coalfields Limited [WCL],615189,N06000253,-,Maharashtra,2022-06-01,2022-06-01,2026-03-01,,361.87,361.87,96.64,12.2,April 2026,0,-1,5.894044643400399,2022.0,6.0,45.0,4.581287245524759,0.26705723049713986,14.505723049713986,46.0,45.0,0.0,-1.0,1.0,102.22222222222221,-90.02222222222221
92,SINGHORI DEEP OC MIN 2.0 MTY,Western Coalfields Limited [WCL],615190,N06000252,-,Maharashtra,2022-05-01,2022-05-01,2029-03-01,,335.75,335.75,49.75,9.57,April 2026,0,-1,5.819340815290474,2022.0,5.0,82.0,3.926911617921897,0.14817572598659717,5.247572598659717,47.0,82.0,0.0,35.0,0.0,57.3170731707317,-47.7470731707317
93,GOKUL EXTENSION OC MINE,Western Coalfields Limited [WCL],615192,N06000264,-,Maharashtra,2021-04-01,2021-04-01,2026-03-01,,309.58,309.58,57.46,8.44,April 2026,0,-1,5.738441517141043,2021.0,4.0,59.0,4.0683427596831,0.18560630531688094,10.120630531688095,60.0,59.0,0.0,-1.0,1.0,101.69491525423729,-93.25491525423729
94,KOLGAON EXPANSION DEEP OC MINE,Western Coalfields Limited [WCL],615199,N06000267,-,Maharashtra,2023-01-01,2023-09-01,2027-03-01,,198.71,198.71,23.54,2.82,April 2026,0,-1,5.296866314280722,2023.0,1.0,50.0,3.2003044392827653,0.11846409340244576,9.026409340244577,31.0,42.0,8.0,11.0,0.0,73.80952380952381,-70.98952380952382
95,BALLARPUR NORTH WEST OC MINE,Western Coalfields Limited [WCL],615330,N06000282,-,Maharashtra,2022-12-01,2022-12-01,2029-03-01,,360.81,360.81,3.84,5.17,April 2026,0,-1,5.891119212159107,2022.0,12.0,75.0,1.5769147207285403,0.010642720545439428,-4.105727945456057,40.0,75.0,0.0,35.0,0.0,53.333333333333336,-48.163333333333334
96,GADEGAON OC 3 MTY,Western Coalfields Limited [WCL],615331,-,-,Maharashtra,2023-10-01,2023-10-01,2030-03-01,,497.41,497.41,27.55,2.19,April 2026,0,-1,6.211423031477417,2023.0,10.0,77.0,3.351656936102019,0.05538690416356728,3.3486904163567277,30.0,77.0,0.0,47.0,0.0,38.961038961038966,-36.77103896103897
97,GHONSA EXPANSION DEEP OC MINE,Western Coalfields Limited [WCL],615914,N06000205,-,Maharashtra,2021-03-01,2021-03-01,2029-03-01,,184.71,184.71,15.72,12.83,April 2026,0,-1,5.224186317204961,2021.0,3.0,96.0,2.8166056076565553,0.0851063829787234,-4.31936170212766,61.0,96.0,0.0,35.0,0.0,63.541666666666664,-50.711666666666666
98,AMLG GAURI PAUNI EXPANSION OC,Western Coalfields Limited [WCL],615916,N06000271,7361,Maharashtra,2024-04-01,2024-04-01,2030-03-01,,1225.21,1225.21,88.88,4.21,April 2026,0,-1,7.111683390571797,2024.0,4.0,71.0,4.498475447317128,0.07254266615518971,3.0442666155189713,24.0,71.0,0.0,47.0,0.0,33.80281690140845,-29.592816901408447
99,GAURIDEEP/GAURI CENTRAL OCP 7.,Western Coalfields Limited [WCL],615917,N06000278,7362,Maharashtra,2023-08-01,2024-06-01,2030-03-01,,973.07,973.07,1.55,2.31,April 2026,0,-1,6.881483169643275,2023.0,8.0,79.0,0.9360933591703349,0.0015928967083560278,-2.150710329164397,22.0,69.0,10.0,47.0,0.0,31.88405797101449,-29.57405797101449
100,RPR OF BHANEGAON OC,Western Coalfields Limited [WCL],615918,N06000256,-,Maharashtra,2017-02-01,2022-09-01,2028-03-01,,405.2,405.2,35.03,15.95,April 2026,0,-1,6.0068456491462845,2017.0,2.0,133.0,3.5843519247600018,0.08645113524185588,-7.304886475814412,43.0,66.0,67.0,23.0,0.0,65.15151515151516,-49.20151515151515
101,N. EXTN. MUNGOLI NIRGUDA D OCP,Western Coalfields Limited [WCL],615919,N06000283,7363,Maharashtra,2024-06-01,2024-06-01,2029-03-01,,1024.91,1024.91,217.01,27.92,April 2026,0,-1,6.933335302584907,2024.0,6.0,57.0,5.3845409332966545,0.21173566459494,-6.7464335405060005,22.0,57.0,0.0,35.0,0.0,38.59649122807017,-10.67649122807017
102,NILJAI EXPANSION DEEP OCP,Western Coalfields Limited [WCL],615982,N06000154,-,Maharashtra,2016-08-01,2016-08-01,2022-03-01,2026-03-01,319.75,319.75,196.86,79.83,April 2026,0,1,5.770662003495746,2016.0,8.0,67.0,5.287559709895077,0.6156684910086005,-18.263150899139944,116.0,67.0,0.0,-49.0,1.0,173.13432835820893,-93.30432835820893
103,UKNI DEEP OC MINE -COST PLUS,Western Coalfields Limited [WCL],616044,N06000179,764,Maharashtra,2018-11-01,2019-01-01,2021-03-01,2026-03-01,237.06,237.06,166.87,93.51,April 2026,0,1,5.472522742739733,2018.0,11.0,28.0,5.123189870334323,0.7039146207711128,-23.118537922888734,87.0,26.0,2.0,-61.0,1.0,334.61538461538464,-241.10538461538465
104,AMALGAMATED INDER-KAMPTEE DEEP,Western Coalfields Limited [WCL],616050,N06000226,-,Maharashtra,2018-09-01,2018-09-01,2024-03-01,2026-03-01,235.9,235.9,127.42,98.97,April 2026,0,1,5.46763811116474,2018.0,9.0,66.0,4.855306142365903,0.5401441288681644,-44.955587113183554,91.0,66.0,0.0,-25.0,1.0,137.87878787878788,-38.90878787878788
105,ADASA UG TO OC MINE,Western Coalfields Limited [WCL],616223,N06000219,-,Maharashtra,2018-11-01,2018-11-01,2024-03-01,2026-03-01,316.0,316.0,209.35,86.49,April 2026,0,1,5.75890177387728,2018.0,11.0,64.0,5.34877281003653,0.6625,-20.239999999999995,89.0,64.0,0.0,-25.0,1.0,139.0625,-52.572500000000005
106,AMAL GONDEGAON GHATROHANA EXPN,Western Coalfields Limited [WCL],616229,N06000284,7364,Maharashtra,2024-09-01,2024-09-01,2029-03-01,,668.54,668.54,2.94,2.52,April 2026,0,-1,6.506590909425665,2024.0,9.0,54.0,1.3711807233098425,0.0043976426242259255,-2.0802357375774077,19.0,54.0,0.0,35.0,0.0,35.18518518518518,-32.66518518518518
107,WAGHODA UG MINE [1.02 MTY],Western Coalfields Limited [WCL],617233,N06000293,-,Maharashtra,2024-01-01,2025-01-01,2030-03-01,,379.3,379.3,0.0,0.01,April 2026,0,-1,5.940960414934214,2024.0,1.0,74.0,0.0,0.0,-0.01,15.0,62.0,12.0,47.0,0.0,24.193548387096776,-24.183548387096774
108,KOLARPIMPRI EXPANSION OC [2.5,Western Coalfields Limited [WCL],617278,N06000294,9897,Maharashtra,2024-06-01,2025-02-01,2030-03-01,,630.37,630.37,0.61,0.35,April 2026,0,-1,6.447892061532944,2024.0,6.0,69.0,0.4762341789963716,0.0009676856449386868,-0.2532314355061313,14.0,61.0,8.0,47.0,0.0,22.950819672131146,-22.600819672131145
109,SAONER-III EXPN UG MINE 1.54,Western Coalfields Limited [WCL],619055,-,-,Maharashtra,2025-08-01,2025-08-01,2032-03-01,,444.42,444.42,0.0,0.0,April 2026,0,-1,6.099017657272704,2025.0,8.0,79.0,0.0,0.0,0.0,8.0,79.0,0.0,71.0,0.0,10.126582278481013,-10.126582278481013
110,BINA KAKRI AMALGAMATION EXPANS,Northern Coalfields Limited [NCL],400369,N06000192,612,"Multi-States (Madhya Pradesh, Uttar Pradesh)",2020-08-01,2020-08-01,2024-03-01,2027-03-01,836.42,836.42,835.34,89.9,April 2026,0,1,6.730325736748608,2020.0,8.0,43.0,6.72903522896985,0.9987087826689941,9.970878266899405,68.0,43.0,0.0,-25.0,1.0,158.13953488372093,-68.23953488372092
111,KHADIA EXPANSION [10 TO 16 MTP,Northern Coalfields Limited [NCL],615183,N06000208,7021,"Multi-States (Madhya Pradesh, Uttar Pradesh)",2021-06-01,2021-06-01,2025-03-01,2027-03-01,491.67,491.67,276.75,55.57,April 2026,0,1,6.199839578717014,2021.0,6.0,45.0,5.6267214285197396,0.5628775398132894,0.7177539813289329,58.0,45.0,0.0,-13.0,1.0,128.88888888888889,-73.31888888888889
112,SUBHADRA OCP,Mahanadi Coalfields Limited [MCL],400165,N06000249,3048,Odisha,2021-05-01,2021-05-01,2032-04-01,,1693.81,1693.81,1329.14,45.57,April 2026,0,-1,7.435325919136224,2021.0,5.0,131.0,7.193039478833917,0.7847043056777325,32.90043056777325,59.0,131.0,0.0,72.0,0.0,45.038167938931295,0.5318320610687053
113,SIARMAL OCP,Mahanadi Coalfields Limited [MCL],400166,N06000113,3045,Odisha,2021-02-01,2021-02-01,2029-03-01,,5194.95,5194.95,3490.38,59.5,April 2026,0,-1,8.555634754957431,2021.0,2.0,97.0,8.158052352513156,0.6718794213611297,7.687942136112966,62.0,97.0,0.0,35.0,0.0,63.91752577319587,-4.4175257731958695
114,BALARAM EXPANSION OCP,Mahanadi Coalfields Limited [MCL],400183,N06000230,2997,Odisha,2020-08-01,2020-08-01,2029-03-01,,3504.21,3504.21,958.0,57.15,April 2026,0,-1,8.162005712081882,2020.0,8.0,103.0,6.8658910748834385,0.2733854420825236,-29.81145579174764,68.0,103.0,0.0,35.0,0.0,66.01941747572816,-8.869417475728163
115,GOPALJI KANIHA OCP [10 TO 30 M,MCL - CIL,400185,N06000229,2994,Odisha,2022-04-01,2022-04-01,2030-03-01,,8416.19,6107.87,1771.98,34.54,April 2026,0,-1,9.038031322320233,2022.0,4.0,95.0,7.480417025694736,0.21054420111713257,-13.485579888286743,48.0,95.0,0.0,47.0,0.0,50.526315789473685,-15.986315789473686
116,INTEGRATED LAKHANPUR-BELPAHAR-,Mahanadi Coalfields Limited [MCL],400187,N06000167,2986,Odisha,2018-05-01,2018-05-01,2027-03-01,,2434.75,2434.75,2002.75,79.05,April 2026,0,-1,7.798009996305451,2018.0,5.0,106.0,7.602775703923763,0.8225690522640928,3.2069052264092903,95.0,106.0,0.0,11.0,0.0,89.62264150943396,-10.572641509433964
117,BHARATPUR RE-ORGANIZATION OCP,Mahanadi Coalfields Limited [MCL],400392,N06000171,501,Odisha,2018-11-01,2018-11-01,2029-03-01,,2838.86,2838.86,1711.38,52.0,April 2026,0,-1,7.951510034165527,2018.0,11.0,124.0,7.445639494688453,0.6028405768512713,8.284057685127138,89.0,124.0,0.0,35.0,0.0,71.7741935483871,-19.774193548387103
118,BASUNDHARA WEST EXTENSION OPEN,MCL - CIL,615193,N06000112,7760,Odisha,2014-05-01,2014-05-01,2019-03-01,2029-03-01,479.15,479.15,281.57,67.58,April 2026,0,1,6.174098555083981,2014.0,5.0,58.0,5.643926307502835,0.5876447876447877,-8.815521235521231,143.0,58.0,0.0,-85.0,1.0,246.55172413793105,-178.97172413793106
119,Naini Coal Mine,Singareni Collieries Company Limited [SCCL],615857,N06000203,-,Odisha,2020-03-01,2020-03-01,2026-03-01,,494.3,494.3,491.33,80.0,April 2026,0,-1,6.2051636395941925,2020.0,3.0,72.0,6.199149223359647,0.9939915031357475,19.39915031357475,73.0,72.0,0.0,-1.0,1.0,101.38888888888889,-21.388888888888886
120,INTEGRATED KULDA GARJANBAHAL O,Mahanadi Coalfields Limited [MCL],616226,N06000289,7097,Odisha,2023-04-01,2023-04-01,2033-03-01,,3563.5,3563.5,672.78,6.18,April 2026,0,-1,8.178779070557683,2023.0,4.0,119.0,6.512903648133584,0.1887975305177494,12.699753051774941,36.0,119.0,0.0,83.0,0.0,30.252100840336134,-24.072100840336134
121,BHUBANESWARI EXPN OCP 50 MTY,MCL - CIL,616231,N06000286,9687,Odisha,2024-03-01,2024-03-01,2033-03-01,,5366.27,5366.27,477.39,32.47,April 2026,0,-1,8.588074678345773,2024.0,3.0,108.0,6.170426299407918,0.08896123378063346,-23.573876621936655,25.0,108.0,0.0,83.0,0.0,23.14814814814815,9.32185185185185
122,HINGULA II OC EXPN PH III 15 M,MCL - CIL,616232,N06000285,7365,Odisha,2022-11-01,2022-11-01,2029-03-01,,1561.85,1561.85,279.32,29.19,April 2026,0,-1,7.354266356526303,2022.0,11.0,76.0,5.635931807748027,0.1788391971059961,-11.306080289400391,41.0,76.0,0.0,35.0,0.0,53.94736842105263,-24.75736842105263
123,BALABHADRA OCP,MCL - CIL,616233,N06000288,7366,Odisha,2023-04-01,2023-04-01,2030-03-01,,978.44,978.44,251.55,15.24,April 2026,0,-1,6.88698097976566,2023.0,4.0,83.0,5.531609248914061,0.2570929234291321,10.469292342913208,36.0,83.0,0.0,47.0,0.0,43.373493975903614,-28.133493975903612
124,Talabira II & III OCP - FMC,NLC India Limited [NLCIL],618982,-,10777,Odisha,2022-10-01,2023-05-01,2026-06-01,,522.45,522.45,324.74,72.65,April 2026,0,-1,6.260441514765364,2022.0,10.0,44.0,5.786099517145415,0.6215714422432769,-10.492855775672318,35.0,37.0,7.0,2.0,0.0,94.5945945945946,-21.94459459459459
125,Jawahar Khani Open Cast Mine,Singareni Collieries Company Limited [SCCL],615818,N06000259,-,Telangana,2021-12-01,2021-12-01,2025-03-01,2027-03-01,297.88,297.88,47.48,20.0,April 2026,0,1,5.700042155040478,2021.0,12.0,39.0,3.881151341761059,0.15939304417886396,-4.060695582113604,52.0,39.0,0.0,-13.0,1.0,133.33333333333331,-113.33333333333331
126,Kalyanikhani Opencast Project,Singareni Collieries Company Limited [SCCL],615858,N06000213,-,Telangana,2016-03-01,2017-05-01,2026-03-01,,384.32,384.32,291.01,75.0,April 2026,0,-1,5.954074157889423,2016.0,3.0,120.0,5.676788048257223,0.7572075353871773,0.7207535387177302,107.0,106.0,14.0,-1.0,1.0,100.9433962264151,-25.943396226415103
127,Godavarikhani Coal Mine - 5,Singareni Collieries Company Limited [SCCL],615860,N06000202,9915,Telangana,2019-07-01,2019-05-01,2025-03-01,2026-03-01,607.04,607.04,200.06,71.0,April 2026,0,1,6.410240669275819,2019.0,7.0,68.0,5.303603370977274,0.32956642066420666,-38.04335793357934,83.0,70.0,-2.0,-13.0,1.0,118.57142857142857,-47.57142857142857
128,Indaram Opencast Project,Singareni Collieries Company Limited [SCCL],615861,N06000211,-,Telangana,2017-08-01,2022-12-01,2025-03-01,2026-03-01,424.81,424.81,406.81,81.0,April 2026,0,1,6.053993237387927,2017.0,8.0,91.0,6.010801379664123,0.9576281160989619,14.76281160989619,40.0,27.0,64.0,-13.0,1.0,148.14814814814815,-67.14814814814815
129,Goleti Opencast Mine,Singareni Collieries Company Limited [SCCL],615862,N06000258,-,Telangana,2021-07-01,2021-08-01,2026-03-01,,345.6,345.6,111.15,32.0,April 2026,0,-1,5.848171377281505,2021.0,7.0,56.0,4.719837260966218,0.3216145833333333,0.1614583333333286,56.0,55.0,1.0,-1.0,1.0,101.81818181818181,-69.81818181818181
130,Venkatesh Khani Coal Mine,Singareni Collieries Company Limited [SCCL],615863,N06000204,-,Telangana,2020-10-01,2020-06-01,2026-03-01,,484.5,484.5,477.14,97.0,April 2026,0,-1,6.18517928773138,2020.0,10.0,65.0,6.1699035766377115,0.9848090815273478,1.4809081527347843,70.0,69.0,-4.0,-1.0,1.0,101.44927536231884,-4.4492753623188435
131,Kakatiyakhani OC - 2 Project,Singareni Collieries Company Limited [SCCL],615865,N06000214,-,Telangana,2017-08-01,2017-09-01,2025-03-01,2026-03-01,442.42,442.42,252.26,63.0,April 2026,0,1,6.0945174021640645,2017.0,8.0,91.0,5.534416629022463,0.5701821798291216,-5.981782017087845,103.0,90.0,1.0,-13.0,1.0,114.44444444444444,-51.44444444444444
132,MOHANPUR EXPANSION OC -PHASE I,Eastern Coal Fields Limited [ECL],400173,N06000236,3029,West Bengal,2020-11-01,2020-11-01,2026-03-01,2030-03-01,888.99,888.99,142.55,31.52,April 2026,0,1,6.791210226708006,2020.0,11.0,64.0,4.966683406567073,0.1603505101294728,-15.484948987052721,65.0,64.0,0.0,-1.0,1.0,101.5625,-70.0425
133,BONJEMEHARI EXPANSION OCP,Eastern Coal Fields Limited [ECL],400180,N06000244,3004,West Bengal,2021-08-01,2021-08-01,2026-03-01,2030-03-01,570.11,570.11,88.78,17.1,April 2026,0,1,6.347581835585807,2021.0,8.0,55.0,4.497362233353786,0.15572433390047535,-1.5275666099524656,56.0,55.0,0.0,-1.0,1.0,101.81818181818181,-84.71818181818182
134,NAKRAKONDA KUMARDIH- B OCP,Eastern Coal Fields Limited [ECL],400181,N06000170,3001,West Bengal,2018-08-01,2018-08-01,2029-03-01,,502.68,502.67,83.8,27.52,April 2026,0,-1,6.221941145788984,2018.0,8.0,127.0,4.440295542797857,0.16670645340972387,-10.849354659027611,92.0,127.0,0.0,35.0,0.0,72.44094488188976,-44.92094488188977
135,SIDULI [OC & UG],ECL - CIL,400182,N06000165,2998,West Bengal,2018-05-01,2018-05-01,2027-03-01,2030-03-01,535.18,535.17,5.74,14.61,April 2026,0,1,6.284469925591108,2018.0,5.0,106.0,1.9080599249242156,0.01072536342912665,-13.537463657087335,95.0,106.0,0.0,11.0,0.0,89.62264150943396,-75.01264150943396
136,TILABONI UG,Eastern Coal Fields Limited [ECL],400186,N06000276,2989,West Bengal,2023-01-01,2023-01-01,2029-03-01,,749.08,749.07,53.88,11.9,April 2026,0,-1,6.620179867508538,2023.0,1.0,74.0,4.00514898341763,0.07192823196454318,-4.707176803545683,39.0,74.0,0.0,35.0,0.0,52.702702702702695,-40.802702702702696
137,JHANJRA EXPANSION UG,Eastern Coal Fields Limited [ECL],400312,N06000223,995,West Bengal,2020-04-01,2020-04-01,2029-03-01,,1210.12,1210.12,619.6,45.48,April 2026,0,-1,7.099300830303624,2020.0,4.0,107.0,6.43068675201428,0.5120153373219185,5.721533732191851,72.0,107.0,0.0,35.0,0.0,67.28971962616822,-21.809719626168224
138,SONEPUR BAZARI EXPANSION OCP [,Eastern Coal Fields Limited [ECL],400315,N06000220,966,West Bengal,2021-07-01,2021-07-01,2029-03-01,,5365.88,5365.88,623.88,18.47,April 2026,0,-1,8.588002013067168,2021.0,7.0,92.0,6.437559631302042,0.11626797468448791,-6.843202531551208,57.0,92.0,0.0,35.0,0.0,61.95652173913043,-43.48652173913043
139,2.0 MTPA BHOJUDIH NLW WASHERY,Ministry of Coal,611016,N06000195,4835,West Bengal,2015-12-01,2019-03-01,2020-09-01,2026-05-01,384.57,384.57,363.14,97.6,April 2026,0,1,5.954722758879874,2015.0,12.0,57.0,5.8975384090758185,0.9442754245000909,-3.172457549990895,85.0,18.0,39.0,-67.0,1.0,472.22222222222223,-374.62222222222226
140,ITAPARA OCP,Eastern Coal Fields Limited [ECL],612816,N06000272,5529,West Bengal,2023-12-01,2023-12-01,2030-03-01,,929.1,929.1,71.23,8.35,April 2026,0,-1,6.835292107248422,2023.0,12.0,75.0,4.2798554720627555,0.07666559035625875,-0.6834409643741246,28.0,75.0,0.0,47.0,0.0,37.333333333333336,-28.983333333333334
141,SHYAMSUNDARPUR UG INCLUDING SA,Eastern Coal Fields Limited [ECL],613793,N06000191,-,West Bengal,2020-04-01,2020-04-01,2026-03-01,2028-03-01,483.65,483.65,77.79,16.79,April 2026,0,1,6.183426980938617,2020.0,4.0,71.0,4.366786085257597,0.1608394500155071,-0.7060549984492894,72.0,71.0,0.0,-1.0,1.0,101.40845070422534,-84.61845070422535
142,PARASEA-BELBAID UG PROJECT,Eastern Coal Fields Limited [ECL],613794,N06000277,-,West Bengal,2023-01-01,2023-01-01,2028-03-01,,389.1,389.1,132.48,22.13,April 2026,0,-1,5.966403116512611,2023.0,1.0,62.0,4.893951653883173,0.34047802621434076,11.917802621434074,39.0,62.0,0.0,23.0,0.0,62.903225806451616,-40.77322580645162
143,PARASCOLE JAMBAD OCP,Eastern Coal Fields Limited [ECL],616230,N06000281,6881,West Bengal,2024-11-01,2024-11-01,2037-03-01,,1193.55,1193.55,11.42,0.22,April 2026,0,-1,7.085524824408029,2024.0,11.0,148.0,2.519308076505333,0.009568095178249759,0.736809517824976,17.0,148.0,0.0,131.0,0.0,11.486486486486488,-11.266486486486487
144,50 MW Wind Power Project,NLC India Limited [NLCIL],617299,N06000292,-,Gujarat,2022-07-01,2024-01-01,2025-06-01,2026-01-01,383.84,383.84,328.56,51.0,April 2026,0,1,5.952827663493064,2022.0,7.0,35.0,5.797758431447389,0.8559816590245937,34.59816590245937,27.0,17.0,18.0,-10.0,1.0,158.8235294117647,-107.8235294117647
145,600 MW Khavda Solar Power Project,NLC India Limited [NLCIL],617730,-,10775,Gujarat,2023-08-01,2024-06-01,2026-06-01,,3335.85,3335.85,2171.16,40.0,April 2026,0,-1,8.112782527186678,2023.0,8.0,34.0,7.683477343165752,0.6508566032645352,25.08566032645352,22.0,24.0,10.0,2.0,0.0,91.66666666666666,-51.66666666666666
146,200 MW SPP part of 510 MW CPSU scheme,NLC India Limited [NLCIL],618991,-,10796,Gujarat,2022-07-01,2024-03-01,2026-12-01,,1221.41,1221.41,64.03,0.0,April 2026,0,-1,7.108579599007067,2022.0,7.0,53.0,4.174848701881061,0.05242301929736943,5.242301929736943,25.0,33.0,20.0,8.0,0.0,75.75757575757575,-75.75757575757575
147,100 MW SPP part of SECI 150 MW Hybrid,NLC India Limited [NLCIL],618992,-,-,Gujarat,2022-07-01,2024-04-01,2026-12-01,,480.68,480.68,2.62,1.2,April 2026,0,-1,6.177279993156192,2022.0,7.0,53.0,1.2864740258376797,0.005450611633519182,-0.6549388366480818,24.0,32.0,21.0,8.0,0.0,75.0,-73.8
148,NLC Talabira Thermal Power Project,NLC India Limited [NLCIL],400231,N06000270,2059,Odisha,2017-01-01,2024-01-01,2030-03-01,,27212.96,27213.0,3454.06,2.1,April 2026,1,-1,10.21148535591802,2017.0,1.0,158.0,8.147595102187015,0.12692702300668504,10.592702300668504,27.0,74.0,84.0,47.0,0.0,36.486486486486484,-34.38648648648648
149,300 MW SPP part of 510 MW CPSU scheme,NLC India Limited [NLCIL],612819,N06000269,5525,Rajasthan,2022-07-01,2023-03-01,2024-09-01,2025-12-01,1813.0,1813.0,1753.07,100.0,April 2026,0,1,7.503289630675082,2022.0,7.0,26.0,7.469694080915725,0.9669442912300055,-3.305570876999454,37.0,18.0,8.0,-19.0,1.0,205.55555555555554,-105.55555555555554
150,810 MW Solar Power Project - Rajasthan,NLC India Limited [NLCIL],618981,-,10776,Rajasthan,2024-10-01,2025-09-01,2028-03-01,,4147.07,4147.07,224.77,0.0,April 2026,0,-1,8.330398444809727,2024.0,10.0,41.0,5.4195167819498815,0.054199712085882326,5.419971208588232,7.0,30.0,11.0,23.0,0.0,23.333333333333332,-23.333333333333332
151,50 MW Solar PP Minedout Area,NLC India Limited [NLCIL],615327,N06000279,-,Tamil Nadu,2023-08-01,2024-02-01,2025-03-01,2025-12-01,218.03,218.03,169.95,100.0,April 2026,0,1,5.389208706736104,2023.0,8.0,19.0,5.141371116085311,0.7794798880887951,-22.052011191120485,26.0,13.0,6.0,-13.0,1.0,200.0,-100.0
152,Ghatampur Thermal Power Plant 3 X 660 MW,NLC India Limited [NLCIL],400259,N06000152,1665,Uttar Pradesh,2016-07-01,2016-08-01,2020-11-01,2026-03-01,17237.8,21780.9,21237.52,95.68,April 2026,1,1,9.754917936226658,2016.0,7.0,52.0,9.963571793078781,1.2320319298286324,27.523192982863236,116.0,51.0,1.0,-65.0,1.0,227.45098039215685,-131.77098039215684
153,Dharamjaigarh-Korba,Railway,400203,-,2277,Chhattisgarh,2018-05-01,2017-03-01,2026-12-01,2026-08-01,1686.22,2438.53,625.77,43.5,April 2026,1,0,7.43083748305353,2018.0,5.0,103.0,6.440579647179448,0.3711081590777004,-6.389184092229961,109.0,117.0,-14.0,8.0,0.0,93.16239316239316,-49.66239316239316
154,Shivpur-Kathautia New Rail [BG] Line [49 km] [Package II of Tori-Shivpur-Kathautia line],Ministry of Coal,400416,-,371,Jharkhand,2018-02-01,2022-05-01,2025-06-01,2026-06-01,1799.64,2564.34,1713.19,71.0,April 2026,1,1,7.495897436244914,2018.0,2.0,88.0,7.4466959448227525,0.9519626147451712,24.196261474517115,47.0,37.0,51.0,-10.0,1.0,127.02702702702702,-56.02702702702702
155,Tubed Coal Mine,Damodar Valley Corporation,400192,-,2418,Jharkhand,2016-07-01,2016-10-01,2026-05-01,2026-05-01,1581.0,1581.0,601.03,36.0,April 2026,0,0,7.366445148327599,2016.0,7.0,118.0,6.400307277954197,0.3801581277672359,2.0158127767235925,114.0,115.0,3.0,1.0,0.0,99.1304347826087,-63.1304347826087
156,Badam Coal Mining project of NTPC,National Thermal Power Corporation [NTPC],603293,N18000367,2576,Jharkhand,2019-02-01,2019-09-01,2056-12-01,2027-04-01,502.0,784.0,471.08,67.86,April 2026,1,0,6.220590170099739,2019.0,2.0,454.0,6.157148462748913,0.938406374501992,25.98063745019921,79.0,447.0,7.0,368.0,0.0,17.67337807606264,50.18662192393736
157,Dibang Multipurpose Project,National Hydroelectric Power Corporation Limited [NHPC],602182,N18000362,4934,Arunachal Pradesh,2023-02-01,2023-02-01,2032-02-01,2032-02-01,31876.39,31876.4,4593.04,17.43,April 2026,1,0,10.369652260041995,2023.0,2.0,108.0,8.43251509022028,0.14408908913462284,-3.021091086537716,38.0,108.0,0.0,70.0,0.0,35.18518518518518,-17.755185185185184
158,240MW Heo HE Project,North Eastern Electric Power Corporation Limited,611698,-,7620,Arunachal Pradesh,2024-12-01,2025-05-01,2029-07-01,,1938.85,1938.85,96.94,4.95,April 2026,0,-1,7.570365929480431,2024.0,12.0,55.0,4.584355046274172,0.04999871057585682,0.04987105758568244,11.0,50.0,5.0,39.0,0.0,22.0,-17.05
159,186 MW Tato-I H E Project,North Eastern Electric Power Corporation Limited,611699,-,7621,Arunachal Pradesh,2024-12-01,2025-05-01,2029-07-01,,1750.07,1750.07,73.91,5.04,April 2026,0,-1,7.467982308642697,2024.0,12.0,55.0,4.316287392959792,0.0422325964104293,-0.8167403589570705,11.0,50.0,5.0,39.0,0.0,22.0,-16.96
160,700 MW Tato-II HE Project,North Eastern Electric Power Corporation Limited,611716,-,9690,Arunachal Pradesh,2025-09-01,2025-09-01,2031-09-01,,8146.21,8146.21,243.25,6.41,April 2026,0,-1,9.005430816337833,2025.0,9.0,72.0,5.498192290922892,0.029860511820834473,-3.423948817916553,7.0,72.0,0.0,65.0,0.0,9.722222222222223,-3.312222222222223
161,Kalai-II Hydro Electric Project [1200 MW],THDC India Limited,619311,-,12136,Arunachal Pradesh,2026-04-01,2026-04-01,2032-10-01,,14105.83,14105.8,187.16,0.0,April 2026,0,-1,9.554414356246948,2026.0,4.0,78.0,5.237292664710262,0.013268272763814678,1.3268272763814677,0.0,78.0,0.0,78.0,0.0,0.0,0.0
162,Buxar Thermal Power Project [1320 MW],Satluj Jal Vidyut Nigam [SJVN] Thermal Limited,602579,N18000194,2361,Bihar,2019-03-01,2019-06-01,2024-01-01,2026-05-01,10439.09,13756.6,13370.07,94.33,April 2026,1,1,9.253408482089126,2019.0,3.0,58.0,9.500848696811492,1.280769683947547,33.74696839475472,82.0,55.0,3.0,-27.0,1.0,149.0909090909091,-54.760909090909095
163,"Nabinagar Super Thermal Power Project, Stage-II [3x800 MW]",National Thermal Power Corporation [NTPC],619051,-,-,Bihar,2024-11-01,2025-03-01,2030-07-01,,29948.0,29948.0,2676.55,10.17,April 2026,0,-1,10.307251214004534,2024.0,11.0,68.0,7.8926574762838655,0.08937324696139977,-1.2326753038600238,13.0,64.0,4.0,51.0,0.0,20.3125,-10.1425
164,Lara Super Thermal Power Project Stage-II [2 x 800 MW],National Thermal Power Corporation [NTPC],611930,N18000381,5493,Chhattisgarh,2023-08-01,2023-08-01,2028-06-01,2028-09-01,15530.0,16106.0,4787.3,28.6,April 2026,1,1,9.65059330557001,2023.0,8.0,58.0,8.473930721356622,0.30826142949130714,2.226142949130711,32.0,58.0,0.0,26.0,0.0,55.172413793103445,-26.572413793103443
165,"Sipat Super Thermal Power Project, Stage-III [1x800 MW]",National Thermal Power Corporation [NTPC],617188,-,9706,Chhattisgarh,2024-09-01,2024-09-01,2029-09-01,,9791.0,9791.0,1619.63,18.91,April 2026,0,-1,9.189321004752108,2024.0,9.0,60.0,7.390570241517634,0.1654202839342253,-2.36797160657747,19.0,60.0,0.0,41.0,0.0,31.666666666666664,-12.756666666666664
166,Bagodara Solar Power Project,Satluj Jal Vidyut Nigam [SJVN] Thermal Limited,709747,N18000297,-,Gujarat,2021-03-01,2021-05-01,2025-12-01,2025-12-01,339.35,339.35,370.0,51.86,April 2026,0,0,5.829974499893961,2021.0,3.0,57.0,5.916202062607435,1.0903197288934727,57.17197288934727,59.0,55.0,2.0,-4.0,1.0,107.27272727272728,-55.41272727272728
167,Dhaulasidh Hydro Electric Project [66 MW],Satluj Jal Vidyut Nigam [SJVN] Thermal Limited,602582,N18000291,2370,Himachal Pradesh,2020-10-01,2021-05-01,2025-11-01,2027-03-01,687.97,1561.21,1107.31,77.51,April 2026,1,1,6.53519772870141,2020.0,10.0,61.0,7.010591611568656,1.6095323924008313,83.44323924008312,59.0,54.0,7.0,-5.0,1.0,109.25925925925925,-31.749259259259247
168,Luhri Stage-I Hydro Electric Project [210 MW],Satluj Jal Vidyut Nigam [SJVN] Thermal Limited,602593,N18000279,2367,Himachal Pradesh,2020-11-01,2020-11-01,2026-01-01,2030-02-01,1810.56,4681.64,1924.48,51.32,April 2026,1,1,7.501943631508949,2020.0,11.0,62.0,7.562930566288529,1.062919759632379,54.97197596323789,65.0,62.0,0.0,-3.0,1.0,104.83870967741935,-53.518709677419345
169,Sunni Dam Hydro Electric Project [382 MW],Satluj Jal Vidyut Nigam [SJVN] Thermal Limited,611586,N18000344,5062,Himachal Pradesh,2023-01-01,2023-01-01,2028-04-01,2029-12-01,2614.51,4925.87,1083.85,33.98,April 2026,1,1,7.869214386164091,2023.0,1.0,63.0,6.989197007569381,0.41455186631529417,7.475186631529418,39.0,63.0,0.0,24.0,0.0,61.904761904761905,-27.92476190476191
170,"Pakal Dul [Drangdhuran] Hydroelectric Project, 1000 MW",National Hydroelectric Power Corporation Limited [NHPC],602525,N18000172,1425,Jammu and Kashmir,2014-10-01,2018-02-01,2020-04-01,2026-12-01,8112.12,12728.0,9114.12,80.5,April 2026,1,1,9.001237783361729,2014.0,10.0,66.0,9.117689852138556,1.1235188828567626,31.851888285676267,98.0,26.0,40.0,-72.0,1.0,376.9230769230769,-296.4230769230769
171,Kiru HE Project,National Hydroelectric Power Corporation Limited [NHPC],602532,N18000278,2412,Jammu and Kashmir,2019-03-01,2020-02-01,2023-09-01,2026-12-01,4287.59,5409.0,3733.26,83.46,April 2026,1,1,8.363713286569132,2019.0,3.0,54.0,8.225304952100721,0.8707129179795643,3.61129179795644,74.0,43.0,11.0,-31.0,1.0,172.09302325581396,-88.63302325581397
172,"Ratle HE Project - 850 MW, Ratle Hydroelectric Power Corporation Limited.",National Hydroelectric Power Corporation Limited [NHPC],602535,N18000324,2421,Jammu and Kashmir,2021-02-01,2022-01-01,2026-02-01,2028-11-01,5281.94,5281.94,1566.39,29.85,April 2026,0,1,8.572238039916403,2021.0,2.0,60.0,7.357167094606068,0.2965558109331042,-0.1944189066895845,51.0,49.0,11.0,-2.0,1.0,104.08163265306123,-74.23163265306124
173,Kwar HE Project,National Hydroelectric Power Corporation Limited [NHPC],605155,N18000363,4177,Jammu and Kashmir,2022-05-01,2022-11-01,2026-11-01,2028-03-01,4526.12,4526.12,1569.55,34.21,April 2026,0,1,8.417841254705579,2022.0,5.0,54.0,7.359181155466502,0.3467760465917828,0.46760465917827787,41.0,48.0,6.0,7.0,0.0,85.41666666666666,-51.206666666666656
174,Patratu Thermal Power Station Expansion Project Phase-I [3x800 MW],National Thermal Power Corporation [NTPC],400261,N18000275,1639,Jharkhand,2017-11-01,2017-11-01,2023-03-01,2027-02-01,18668.0,20302.0,18690.0,88.74,April 2026,1,1,9.834619673237327,2017.0,11.0,64.0,9.835797403566177,1.0011784872509106,11.37784872509107,101.0,64.0,0.0,-37.0,1.0,157.8125,-69.0725
175,"Koderma Thermal Power Station Phase II [2X800 MW] At Koderma, Jharkhand",Damodar Valley Corporation,611509,-,7414,Jharkhand,2023-04-01,2024-11-01,2029-03-01,,14358.0,14358.0,1890.03,11.0,April 2026,0,-1,9.572132202294377,2023.0,4.0,71.0,7.544876933154509,0.13163602173004596,2.1636021730045965,17.0,52.0,19.0,35.0,0.0,32.69230769230769,-21.692307692307693
176,"Gadarwara Super Thermal Power Project, Stage-II [2x800 MW]",National Thermal Power Corporation [NTPC],618976,-,10793,Madhya Pradesh,2024-11-01,2025-05-01,2030-03-01,,20446.0,20446.0,1721.18,7.5,April 2026,0,-1,9.925591451443054,2024.0,11.0,64.0,7.451346209141561,0.08418174704098602,0.9181747040986021,11.0,58.0,6.0,47.0,0.0,18.96551724137931,-11.46551724137931
177,Subansiri Lower HE Project [2000 MW],National Hydroelectric Power Corporation Limited [NHPC],602096,180100221,2415,"Multi-States (Arunachal Pradesh, Assam)",2003-09-01,2005-01-01,2010-09-01,2026-05-01,6285.33,26075.5,26150.32,97.64,April 2026,1,1,8.746132713593306,2003.0,9.0,84.0,10.17165494623057,4.160532541648569,318.4132541648569,255.0,68.0,16.0,-187.0,1.0,375.0,-277.36
178,Talcher Thermal Power Station Stage III [2 x 660 MW] Expansion,National Thermal Power Corporation [NTPC],602961,N18000364,3450,Odisha,2022-08-01,2022-09-01,2027-05-01,2028-03-01,11843.75,12543.0,6454.35,50.2,April 2026,1,1,9.379640010418274,2022.0,8.0,57.0,8.772664523344503,0.5449583113456464,4.2958311345646365,43.0,56.0,1.0,13.0,0.0,76.78571428571429,-26.58571428571429
179,"Darlipali Super Thermal Power Project, Stage-II [1x800 MW]",National Thermal Power Corporation [NTPC],619056,-,-,Odisha,2025-11-01,2025-11-01,2031-01-01,,11131.0,11131.0,460.85,1.95,April 2026,0,-1,9.317579122645782,2025.0,11.0,62.0,6.1352401630386195,0.04140238972239691,2.1902389722396913,5.0,62.0,0.0,57.0,0.0,8.064516129032258,-6.114516129032258
180,"TEESTA-VI HE PROJECT, SIKKIM [500 MW], executed by LANCO TEESTA HYDRO POWER LIMITED [A wholly owned Subsidiary of NHPC LTD. acquired through NCLT]",National Hydroelectric Power Corporation Limited [NHPC],602181,N18000325,2419,Sikkim,2019-03-01,2020-03-01,2024-03-01,2027-12-01,5748.04,5748.04,4356.15,72.51,April 2026,0,1,8.656788163330866,2019.0,3.0,60.0,8.379573452883108,0.7578496322224618,3.2749632222461713,73.0,48.0,12.0,-25.0,1.0,152.08333333333331,-79.57333333333331
181,Rangit-IV HE Project [120 MW] executed by Jal Power Corporation Ltd. [JPCL] - A wholly owned subsidiary of NHPC Ltd. acquired through NCLT,National Hydroelectric Power Corporation Limited [NHPC],605156,N18000326,2408,Sikkim,2021-03-01,2021-08-01,2024-05-01,2025-12-01,938.29,1828.11,1625.93,96.53,April 2026,1,1,6.845124270717886,2021.0,3.0,38.0,7.394450082322982,1.7328651056709548,76.75651056709546,56.0,33.0,5.0,-23.0,1.0,169.6969696969697,-73.16696969696969
182,"Singrauli Super Thermal Power Project, Stage-III [2x800 MW]",National Thermal Power Corporation [NTPC],612142,N18000382,7569,Uttar Pradesh,2024-03-01,2024-03-01,2030-02-01,,17195.0,17195.0,3306.21,19.8,April 2026,0,-1,9.752432077616172,2024.0,3.0,71.0,8.103860212628787,0.19227740622273917,-0.572259377726084,25.0,71.0,0.0,46.0,0.0,35.2112676056338,-15.4112676056338
183,Tapovan-Vishnugad HEP [4x130 MW],National Thermal Power Corporation [NTPC],602185,N18000014,1452,Uttarakhand,2006-11-01,2006-11-01,2013-03-01,2029-04-01,2978.0,10907.3,7715.24,77.0,April 2026,1,1,7.999342952713282,2006.0,11.0,76.0,8.951082477740961,2.590745466756212,182.0745466756212,233.0,76.0,0.0,-157.0,1.0,306.57894736842104,-229.57894736842104
184,Vishnugad Pipalkoti Hydro Electric Project [444 MW],THDC India Limited,602195,N18000042,157,Uttarakhand,2008-08-01,2014-01-01,2022-12-01,2027-09-01,3860.35,6405.08,5429.35,80.0,April 2026,1,1,8.258772142246416,2008.0,8.0,172.0,8.599758867572652,1.4064398305853099,60.64398305853098,147.0,107.0,65.0,-40.0,1.0,137.38317757009347,-57.383177570093466
185,"Raghunathpur Thermal Power Station Phase II [2X660 MW] at Raghunathpur, Purulia, West Bengal",Damodar Valley Corporation,400062,-,4195,West Bengal,2023-01-01,2025-02-01,2029-06-01,,17673.0,17673.0,1950.25,9.4,April 2026,0,-1,9.77984991207795,2023.0,1.0,77.0,7.576225471829642,0.11035194930119391,1.6351949301193898,14.0,52.0,25.0,38.0,0.0,26.923076923076923,-17.52307692307692
186,Rammam-III HEPP [3x40 MW],National Thermal Power Corporation [NTPC],602184,N18000178,1453,West Bengal,2014-09-01,2014-09-01,2019-09-01,2029-03-01,1381.84,2865.56,1568.56,55.06,April 2026,1,1,7.231894634444255,2014.0,9.0,60.0,7.358550604286575,1.135124182249754,58.45241822497539,139.0,60.0,0.0,-79.0,1.0,231.66666666666669,-176.60666666666668
187,Installation of FGD for 4x210 & 2x250 MW MTPS U 1-6,Damodar Valley Corporation,602538,-,2463,West Bengal,2019-06-01,2021-02-01,2024-01-01,2026-05-01,1037.0,1106.0,1133.78,96.0,April 2026,1,1,6.945051063725834,2019.0,6.0,55.0,7.034194078528418,1.0933269045323046,13.33269045323047,62.0,35.0,20.0,-27.0,1.0,177.14285714285714,-81.14285714285714
188,Transmission Scheme for Solar Energy Zone in Ananthpuram 2500MW and Kurnool 1000MW,Power Grid Corporation of India Limited [POWERGRID],611967,N18000380,5451,Andhra Pradesh,2023-09-01,2023-09-01,2025-09-01,2026-05-01,823.0,823.0,798.31,98.34,April 2026,0,1,6.714170529909472,2023.0,9.0,24.0,6.683748855500791,0.97,-1.3400000000000034,31.0,24.0,0.0,-7.0,1.0,129.16666666666669,-30.826666666666682
189,Transmission system strengthening at Kurnool- III PS for integration of additional RE generation projects [POWERGRID Kurnool III PS RE Transmission Limited],Power Grid Corporation of India Limited [POWERGRID],617183,N18000416,7488,Andhra Pradesh,2025-03-01,2025-03-01,2027-12-01,,2886.0,2886.0,721.48,26.19,April 2026,0,-1,7.967973179662935,2025.0,3.0,33.0,6.582689737942544,0.24999306999307,-1.1906930006930025,13.0,33.0,0.0,20.0,0.0,39.39393939393939,-13.20393939393939
190,North Eastern Region Expansion Scheme-XXIII [NERES-XXIII],Power Grid Corporation of India Limited [POWERGRID],617375,-,-,Arunachal Pradesh,2025-08-01,2025-08-01,2028-02-01,,209.38,209.38,3.14,1.5,April 2026,0,-1,5.348915419311128,2025.0,8.0,30.0,1.420695787837223,0.014996656796255612,-0.00033432037443881235,8.0,30.0,0.0,22.0,0.0,26.666666666666668,-25.166666666666668
191,Transmission system for evacuation of Power from REZ in Rajasthan [20 GW] under phase-III Part-D Phase-II,Power Grid Corporation of India Limited [POWERGRID],615336,-,11862,Delhi,2023-11-01,2024-10-01,2026-02-01,2026-12-01,284.0,284.0,22.72,7.75,April 2026,0,1,5.652489180268651,2023.0,11.0,27.0,3.1663185741295248,0.08,0.25,18.0,16.0,11.0,-2.0,1.0,112.5,-104.75
192,Transmission system for Evacuation of Additional 7 GW RE power from Khavda RE park under Phase-III Part B [Vataman Transmission Limited],Power Grid Corporation of India Limited [POWERGRID],612139,N18000384,5494,Gujarat,2023-12-01,2023-12-01,2025-12-01,2026-12-01,4231.0,4231.0,2538.6,62.0,April 2026,0,1,8.350429973538136,2023.0,12.0,24.0,7.8397618672962945,0.6,-2.0,28.0,24.0,0.0,-4.0,1.0,116.66666666666667,-54.66666666666667
193,Transmission System for Evacuation of Power from Potential Energy Renewable Zone in Khavda Area of Gujarat under Ph-IV [7GW] Part E2,Power Grid Corporation of India Limited [POWERGRID],612855,N18000390,5537,Gujarat,2024-05-01,2024-05-01,2026-05-01,2026-06-01,697.0,697.0,369.41,56.0,April 2026,0,1,6.548219102762372,2024.0,5.0,24.0,5.914610500247762,0.53,-3.0,23.0,24.0,0.0,1.0,0.0,95.83333333333334,-39.83333333333334
194,Augmentation of Transformation Capacity at jam Khambhaliya PS [GIS] [SPV Name POWERGRID Jam Khambhaliya Transmission Limited],Power Grid Corporation of India Limited [POWERGRID],615342,N18000398,-,Gujarat,2024-10-01,2024-10-01,2026-07-01,2027-04-01,329.0,329.0,36.19,13.5,April 2026,0,1,5.799092654460526,2024.0,10.0,21.0,3.6160399079369787,0.10999999999999999,-2.5000000000000018,18.0,21.0,0.0,3.0,0.0,85.71428571428571,-72.21428571428571
195,Provision of Dynamic Reactive Compensation at Khavda pooling Station 1 [KPS1] and Khavda Pooling station 3 [KPS3],Power Grid Corporation of India Limited [POWERGRID],615343,N18000402,6259,Gujarat,2024-11-01,2024-11-01,2026-11-01,,501.0,501.0,25.05,6.0,April 2026,0,-1,6.218600119691729,2024.0,11.0,24.0,3.260017768199376,0.05,-1.0,17.0,24.0,0.0,7.0,0.0,70.83333333333334,-64.83333333333334
196,Transmission System for Evacuation of Power from Potential Renewable Energy Zone in Khavda area of Gujarat under Phase-IV [7GW] Part B [SPV Name POWERGRID South Olpad Transmission Limited],Power Grid Corporation of India Limited [POWERGRID],615345,N18000400,6261,Gujarat,2024-10-01,2024-10-01,2026-10-01,2027-10-01,4766.0,4766.0,1239.16,27.59,April 2026,0,1,8.469472455204826,2024.0,10.0,24.0,7.122995682533201,0.26,-1.5899999999999999,18.0,24.0,0.0,6.0,0.0,75.0,-47.41
197,Augmentation of Transformation Capacity at KPS1 [GIS] and KPS2 [GIS] [Phase-V Part B1 and Part B2 Scheme] [SPV Name- POWERGRID KPS1 and 2 Augmentation Transmission Limited],Power Grid Corporation of India Limited [POWERGRID],617069,N18000411,-,Gujarat,2025-02-01,2025-02-01,2027-02-01,,466.0,466.0,93.2,22.5,April 2026,0,-1,6.1463292576688975,2025.0,2.0,24.0,4.545420181582317,0.2,-2.5,14.0,24.0,0.0,10.0,0.0,58.333333333333336,-35.833333333333336
198,Augmentation of Banaskantha [Raghanesda] PS [GIS] [POWERGRID Banaskantha Transco Limited],Power Grid Corporation of India Limited [POWERGRID],617182,N18000412,-,Gujarat,2025-03-01,2025-03-01,2027-03-01,,172.0,172.0,58.48,36.0,April 2026,0,-1,5.153291594497779,2025.0,3.0,24.0,4.085640121591954,0.33999999999999997,-2.0,13.0,24.0,0.0,11.0,0.0,54.166666666666664,-18.166666666666664
199,Augmentation of Transformation Capacity at Bhuj-II PS [GIS],Power Grid Corporation of India Limited [POWERGRID],617391,-,-,Gujarat,2025-02-01,2025-02-01,2026-11-01,2027-06-01,488.29,488.29,5.86,1.5,April 2026,0,1,6.192955360726739,2025.0,2.0,21.0,1.925707441737794,0.012001064940916259,-0.29989350590837405,14.0,21.0,0.0,7.0,0.0,66.66666666666666,-65.16666666666666
200,Jamnagar Transmission Limited,Adani Transmission Limited,617405,-,9765,Gujarat,,2024-10-01,2026-10-01,,4000.0,4000.0,537.0,18.0,April 2026,0,-1,8.294299608857235,,,,6.2878585601617845,0.13425,-4.574999999999999,18.0,24.0,,6.0,0.0,75.0,-57.0
201,Provision of ICT Augmentation & Bus Reactor at Bhuj-II PS,Power Grid Corporation of India Limited [POWERGRID],617801,-,9955,Gujarat,2025-03-01,2025-03-01,2026-12-01,2027-06-01,581.74,581.74,7.08,1.5,April 2026,0,1,6.367741117751471,2025.0,3.0,21.0,2.089391872533004,0.012170385395537525,-0.2829614604462476,13.0,21.0,0.0,8.0,0.0,61.904761904761905,-60.404761904761905
202,KPSIII HVDC Transmission Limited,Adani Transmission Limited,619026,-,11610,Gujarat,,2025-12-01,2029-12-01,,19000.0,19000.0,20.0,1.0,April 2026,0,-1,9.852246888342531,,,,3.044522437723423,0.0010526315789473684,-0.8947368421052632,4.0,48.0,,44.0,0.0,8.333333333333332,-7.333333333333332
203,Transmission System for Reliable Power Supply to Dholera,Power Grid Corporation of India Limited [POWERGRID],619029,-,-,Gujarat,2024-09-01,2024-09-01,2026-03-01,2026-12-01,319.42,319.42,51.1,18.0,April 2026,0,1,5.769632635218568,2024.0,9.0,18.0,3.9531649487593215,0.15997745914469977,-2.002254085530023,19.0,18.0,0.0,-1.0,1.0,105.55555555555556,-87.55555555555556
204,Khavda IVA Power Transmission Limited,Adani Transmission Limited,619049,-,12526,Gujarat,2024-08-01,2024-08-01,2026-08-01,,4500.0,4500.0,2263.7,58.0,April 2026,0,-1,8.412054873292933,2024.0,8.0,24.0,7.725197578813689,0.5030444444444444,-7.695555555555558,20.0,24.0,0.0,4.0,0.0,83.33333333333334,-25.333333333333343
205,Transmission Scheme for evacuation of Power from Ratle HEP [850 MW] & kiru [624 MW] Part B,Power Grid Corporation of India Limited [POWERGRID],617179,N18000417,-,Jammu and Kashmir,2024-07-01,2024-07-01,2026-07-01,2027-06-01,218.6,218.6,3.72,1.7,April 2026,0,1,5.391807709635375,2024.0,7.0,24.0,1.551808799597464,0.017017383348581886,0.0017383348581887503,21.0,24.0,0.0,3.0,0.0,87.5,-85.8
206,Implementation of Transmission Systems in the State of Jharkhand consisting of 400/220/132/33 kV transmission lines and substations under Jharkhand Consultancy Project,Power Grid Corporation of India Limited [POWERGRID],617326,-,9893,Jharkhand,2012-02-01,2012-02-01,2026-03-01,2026-08-01,1842.25,1842.25,1648.05,96.0,April 2026,0,1,7.51928559686976,2012.0,2.0,169.0,7.4079546435068275,0.894585425430859,-6.541457456914102,170.0,169.0,0.0,-1.0,1.0,100.59171597633136,-4.591715976331358
207,Transmission Scheme for Integration of Renewable Energy Zone [Phase II] in Koppal II [Phase A&B] and gadag II[Phase A] in Karnataka [POWERGRID KOPPAL GADAG TRANSMISSION LIMITED],Power Grid Corporation of India Limited [POWERGRID],612140,N18000385,5495,Karnataka,2023-12-01,2023-12-01,2025-12-01,2026-09-01,4445.0,4445.0,3733.8,86.0,April 2026,0,1,8.399760094524142,2023.0,12.0,24.0,8.22544954860977,0.8400000000000001,-1.9999999999999858,28.0,24.0,0.0,-4.0,1.0,116.66666666666667,-30.66666666666667
208,System Strengthening at Koppal-II and GadagII for integration of RE generation projects [SPV Name POWERGRID Koppal Gadag Augmentation Transmission Limited],Power Grid Corporation of India Limited [POWERGRID],616672,N18000409,7054,Karnataka,2025-01-01,2025-01-01,2027-06-01,,1354.0,1354.0,270.8,22.5,April 2026,0,-1,7.2115567333138015,2025.0,1.0,29.0,5.605066501717044,0.2,-2.5,15.0,29.0,0.0,14.0,0.0,51.724137931034484,-29.224137931034484
209,"Augmentation of Transformation Capacity by 3x500 MVA, 400/220 KV ICTS [6th-8th] and 1x1500 MVA, 765/400 KV ICT [4th] at Bidar PS [SPV Name- POWERGRID Bidar Augmentation Transmission Limited]",Power Grid Corporation of India Limited [POWERGRID],617068,N18000410,-,Karnataka,2025-02-01,2025-02-01,2027-06-01,,288.0,288.0,20.16,7.2,April 2026,0,-1,5.666426688112432,2025.0,2.0,28.0,3.052112606990099,0.07,-0.1999999999999993,14.0,28.0,0.0,14.0,0.0,50.0,-42.8
210,Transmission Scheme for integration of Davanagere/ Chitradurga and Bellary REZ in Karnataka [POWERGRID Chitradurga Bellary REZ Transmission Limited],Power Grid Corporation of India Limited [POWERGRID],617184,N18000419,7489,Karnataka,2025-03-01,2025-03-01,2027-09-01,,3453.0,3453.0,414.36,13.41,April 2026,0,-1,8.147288258706624,2025.0,3.0,30.0,6.029145614075671,0.12000000000000001,-1.4099999999999984,13.0,30.0,0.0,17.0,0.0,43.333333333333336,-29.923333333333336
211,Transmission System Strengthening at Davanagere for Integration of RE Generation [SPV Name - POWERGRID Davanagere Power Transmission Limited],Power Grid Corporation of India Limited [POWERGRID],617803,-,-,Karnataka,2025-09-01,2025-09-01,2027-09-01,,379.0,379.0,17.06,2.5,April 2026,0,-1,5.940171252720432,2025.0,9.0,24.0,2.8936995479888394,0.0450131926121372,2.0013192612137205,7.0,24.0,0.0,17.0,0.0,29.166666666666668,-26.666666666666668
212,Transmission System Strengthening for integration of additional RE Potential at Davanagere [0.25 GW] and Bellary [2.75 GW],Power Grid Corporation of India Limited [POWERGRID],619228,-,11953,Karnataka,2026-02-01,2026-02-01,2028-02-01,,1111.0,1111.0,5.5,1.0,April 2026,0,-1,7.013915474810528,2026.0,2.0,24.0,1.8718021769015913,0.0049504950495049506,-0.504950495049505,2.0,24.0,0.0,22.0,0.0,8.333333333333332,-7.333333333333332
213,Augmentation of 1x500 MVA 400/220kV ICT [3rd] at Thrissur VSC HVDC Station in Kerala,Power Grid Corporation of India Limited [POWERGRID],619028,-,-,Kerala,2025-08-01,2025-08-01,2027-08-01,,173.14,173.14,2.08,1.5,April 2026,0,-1,5.159859573400469,2025.0,8.0,24.0,1.1249295969854831,0.012013399561048863,-0.2986600438951137,8.0,24.0,0.0,16.0,0.0,33.33333333333333,-31.83333333333333
214,Transmission System for Evacuation of Power from Rajasthan REZ Ph-IV [Part-2 5.5GW] [Jaisalmer/Barmer Complex] Part H1 [POWERGRID KURAWAR TRANSMISSION LIMITED],Power Grid Corporation of India Limited [POWERGRID],615344,N18000399,6260,Madhya Pradesh,2024-10-01,2024-10-01,2026-10-01,2027-06-01,3674.0,3674.0,1396.12,39.24,April 2026,0,1,8.209308411646937,2024.0,10.0,24.0,7.242168253921524,0.37999999999999995,-1.240000000000009,18.0,24.0,0.0,6.0,0.0,75.0,-35.76
215,Transmission System for Evacuation of Power from Rajasthan REZ Ph-IV [Part-2 5.5 GW] [Jaisalmer/Barmer Complex] Part C [SPV Name POWERGRID Mandsaur Transmission Limited],Power Grid Corporation of India Limited [POWERGRID],615346,N18000392,6262,Madhya Pradesh,2024-08-01,2024-08-01,2026-08-01,2027-02-01,2708.0,2708.0,1489.4,57.8,April 2026,0,1,7.904334842085095,2024.0,8.0,24.0,7.306799819287379,0.55,-2.79999999999999,20.0,24.0,0.0,4.0,0.0,83.33333333333334,-25.533333333333346
216,Implementation of LILO of both circuits of 400KV vindhyachal PS-Sasan D/C Line at Hindalco Switchyard,Power Grid Corporation of India Limited [POWERGRID],617272,N18000420,-,Madhya Pradesh,2024-06-01,2024-06-01,2026-12-01,,370.0,370.0,114.7,35.03,April 2026,0,-1,5.916202062607435,2024.0,6.0,30.0,4.751000634199631,0.31,-4.030000000000001,22.0,30.0,0.0,8.0,0.0,73.33333333333333,-38.30333333333333
217,Transmission System for evacuation of power from Mahan Energen Limited Generating Station in Madhya Pradesh [SPV Name - POWERGRID MEL Power Transmission Limited],Power Grid Corporation of India Limited [POWERGRID],617279,-,7643,Madhya Pradesh,2025-06-01,2025-06-01,2027-12-01,,558.0,558.0,50.22,9.75,April 2026,0,-1,6.326149473155099,2025.0,6.0,30.0,3.9361300807713793,0.09,-0.75,10.0,30.0,0.0,20.0,0.0,33.33333333333333,-23.58333333333333
218,Augmentation of Transformation Capacity and Implementation of Line Bays at Mandsaur S/S for RE Interconnection [SPV Name- POWERGRID Mandsaur I RE Transmission Limited],Power Grid Corporation of India Limited [POWERGRID],617802,-,-,Madhya Pradesh,2025-10-01,2025-10-01,2028-03-01,,319.0,319.0,12.76,2.5,April 2026,0,-1,5.768320995793772,2025.0,10.0,29.0,2.6217658325051976,0.04,1.5,6.0,29.0,0.0,23.0,0.0,20.689655172413794,-18.189655172413794
219,Mahan Transmission Limited,Adani Transmission Limited,619024,-,11556,Madhya Pradesh,2025-03-01,2025-03-01,2027-04-01,,3125.32,3125.32,286.79,17.0,April 2026,0,-1,8.047611872984735,2025.0,3.0,25.0,5.662231047497966,0.09176340342748902,-7.823659657251097,13.0,25.0,0.0,12.0,0.0,52.0,-35.0
220,Transmission System for Evacuation of power from Potential RE Zone in Khavda Area of Gujarat under phase IV 7GW-Part E4,Power Grid Corporation of India Limited [POWERGRID],611966,N18000377,-,Maharashtra,2023-11-01,2023-11-01,2025-07-01,2026-04-01,224.41,224.41,206.45,94.8,April 2026,0,1,5.4179209661938685,2023.0,11.0,20.0,5.334890346778876,0.9199679158682768,-2.803208413172328,29.0,20.0,0.0,-9.0,1.0,145.0,-50.2
221,WRNES Talegaon Power Transmission Limited,Adani Transmission Limited,619027,-,11611,Maharashtra,,2025-05-01,2028-01-01,,2000.0,2000.0,36.0,5.0,April 2026,0,-1,7.601402334583733,,,,3.6109179126442243,0.018,-3.2,11.0,32.0,,21.0,0.0,34.375,-29.375
222,Network Expansion Scheme in Maharashtra for removal of Transmission constraints in Pune Region-I [765/400kV AIS Pune East],Power Grid Corporation of India Limited [POWERGRID],619227,-,11952,Maharashtra,2026-03-01,2026-03-01,2028-03-01,,1420.0,1420.0,2.84,0.5,April 2026,0,-1,7.259116128097101,2026.0,3.0,24.0,1.3454723665996355,0.002,-0.3,1.0,24.0,0.0,23.0,0.0,4.166666666666666,-3.666666666666666
223,Transmission System for Integration of Kurnool-IV REZ Phase-I [for 4.5 GW] [POWERGRID Kurnool-IV Transmission Limited],Power Grid Corporation of India Limited [POWERGRID],617185,N18000413,7490,"Multi-States (Andhra Pradesh, Karnataka)",2025-03-01,2025-03-01,2027-03-01,2027-09-01,5550.0,5550.0,943.5,17.86,April 2026,0,1,8.621733370690162,2025.0,3.0,24.0,6.850655686941565,0.17,-0.8599999999999994,13.0,24.0,0.0,11.0,0.0,54.166666666666664,-36.306666666666665
224,Transmission System for Integration of Ananthapur 2 REZ Phase 1 for 4.5 GW. SPV Name Anantapuram 2 REZ Transmission Ltd,Sterlite Power,617806,-,9970,"Multi-States (Andhra Pradesh, Karnataka)",2024-08-01,2025-03-01,2027-03-01,,4535.99,4535.99,677.57,40.0,April 2026,0,-1,8.420019075561909,2024.0,8.0,31.0,6.519987642708,0.14937643160588981,-25.062356839411017,13.0,24.0,7.0,11.0,0.0,54.166666666666664,-14.166666666666664
225,Inter-Regional Strengthening between SR Grid and ER Grid,Power Grid Corporation of India Limited [POWERGRID],619030,-,11590,"Multi-States (Andhra Pradesh, Odisha)",2026-02-01,2026-02-01,2028-08-01,,2722.5,2722.5,13.4,1.0,April 2026,0,-1,7.909673096823729,2026.0,2.0,30.0,2.667228206581955,0.004921946740128558,-0.5078053259871442,2.0,30.0,0.0,28.0,0.0,6.666666666666667,-5.666666666666667
226,Transmission System for Kurnool Wind Energy Zone/ Solar Energy Zone Part-A and Part-B,Power Grid Corporation of India Limited [POWERGRID],900808,N18000352,5224,"Multi-States (Andhra Pradesh, Telangana)",2022-11-01,2023-03-01,2024-11-01,2026-05-01,3546.94,3546.94,3532.75,99.69,April 2026,0,1,8.17412243235074,2022.0,11.0,24.0,8.1701149090078,0.9959993684697231,-0.09006315302768542,37.0,20.0,4.0,-17.0,1.0,185.0,-85.31
227,Comprehensive Scheme for Strengthening of Transmission and Distribution [T&D] Systems [CSST&DS] in Arunachal Pradesh and Sikkim,Power Grid Corporation of India Limited [POWERGRID],602223,N18000249,1648,"Multi-States (Arunachal Pradesh, Sikkim)",2014-10-01,2014-10-01,2018-12-01,2027-03-01,4754.42,9129.32,8069.4,83.4,April 2026,1,1,8.467040299154506,2014.0,10.0,50.0,8.995958326330546,1.697241724542636,86.32417245426362,138.0,50.0,0.0,-88.0,1.0,276.0,-192.6
228,NORTH EASTERN REGION POWER SYSTEM IMPROVEMENT PROJECT [NERPSIP],Power Grid Corporation of India Limited [POWERGRID],607709,N18000250,1625,"Multi-States (Assam, Manipur, Meghalaya, Mizoram, Nagaland, Tripura)",2014-12-01,2016-03-01,2018-12-01,2027-03-01,5111.33,6700.0,5577.75,98.5,April 2026,1,1,8.539410547964462,2014.0,12.0,48.0,8.62672001594348,1.0912521789827696,10.625217898276958,121.0,33.0,15.0,-88.0,1.0,366.66666666666663,-268.16666666666663
229,Eastern Region Expansion Scheme-43 [ERES-43],Power Grid Corporation of India Limited [POWERGRID],617271,N18000421,-,"Multi-States (Bihar, Odisha, West Bengal)",2024-09-01,2024-09-01,2026-03-01,2026-09-01,342.69,342.69,102.8,29.73,April 2026,0,1,5.839740088291405,2024.0,9.0,18.0,4.642465970731788,0.2999795733753538,0.2679573375353783,19.0,18.0,0.0,-1.0,1.0,105.55555555555556,-75.82555555555555
230,Inter-regional [NR-WR] Transmission System strengthening to relieve the loading of 765 kV Vindhyachal-Varanasi D/c line,Power Grid Corporation of India Limited [POWERGRID],617807,-,10787,"Multi-States (Bihar, Uttar Pradesh)",2025-10-01,2025-10-01,2027-10-01,,2368.0,2368.0,35.52,2.0,April 2026,0,-1,7.7702232041587855,2025.0,10.0,24.0,3.597860055726768,0.015000000000000001,-0.4999999999999998,6.0,24.0,0.0,18.0,0.0,25.0,-23.0
231,Eastern Region Expansion Scheme-44 [ERES-44],Power Grid Corporation of India Limited [POWERGRID],617270,N18000422,-,"Multi-States (Bihar, West Bengal)",2024-11-01,2024-11-01,2026-05-01,2027-06-01,408.94,408.94,6.13,1.5,April 2026,0,1,6.016010807525982,2024.0,11.0,18.0,1.9643112344262046,0.014989974079327041,-0.0010025920672958044,17.0,18.0,0.0,1.0,0.0,94.44444444444444,-92.94444444444444
232,Transmission Network Expansion in Gujarat to increase its ATC from ISTS Part B,Power Grid Corporation of India Limited [POWERGRID],400005,N18000337,4690,"Multi-States (Dadra & Nagar Haveli and Daman & Diu, Gujarat, Maharashtra)",2022-01-01,2022-07-01,2023-06-01,2026-05-01,4546.26,4546.26,4528.07,99.9,April 2026,0,1,8.422280132748876,2022.0,1.0,17.0,8.418271899387312,0.9959989089933263,-0.3001091006673704,45.0,11.0,6.0,-34.0,1.0,409.09090909090907,-309.19090909090903
233,Transmission system for evacuation of power from REZ in Rajasthan 20GW under Phase-III Part J,Power Grid Corporation of India Limited [POWERGRID],611735,N18000378,-,"Multi-States (Delhi, Rajasthan)",2022-12-01,2022-12-01,2025-03-01,2026-12-01,331.0,331.0,197.71,56.75,April 2026,0,1,5.805134968916488,2022.0,12.0,27.0,5.291846475417725,0.5973111782477342,2.9811178247734134,40.0,27.0,0.0,-13.0,1.0,148.14814814814815,-91.39814814814815
234,Transmission Scheme for Evacuation of power from REZ in Rajasthan [20 GW] under Phase-III Part D Phase I [Sikar Khetri Transmission Ltd],Power Grid Corporation of India Limited [POWERGRID],612132,N18000389,5489,"Multi-States (Delhi, Rajasthan)",2024-02-01,2024-02-01,2025-08-01,2026-09-01,2423.0,2423.0,2035.32,85.45,April 2026,0,1,7.793174347189205,2024.0,2.0,18.0,7.618899536243737,0.84,-1.4500000000000028,26.0,18.0,0.0,-8.0,1.0,144.44444444444443,-58.994444444444426
235,TRANSMISSION SYSTEM FOR EVACUATION OF POWER FROM POTENTIAL RENEWABLE ENERGY ZONE IN KHAVDA AREA OF GUJARAT UNDER PHASE-V [8 GW] PART A [SPV Name POWERGRID West Central Transmission Limited],Power Grid Corporation of India Limited [POWERGRID],615347,N18000405,6263,"Multi-States (Gujarat, Maharashtra)",2024-11-01,2024-11-01,2029-05-01,,24819.0,24819.0,2481.9,9.67,April 2026,0,-1,10.119405058758598,2024.0,11.0,54.0,7.81718251083489,0.1,0.33000000000000007,17.0,54.0,0.0,37.0,0.0,31.48148148148148,-21.81148148148148
236,Transmission system for evacuation of power from Rajasthan REZ Ph-IV [Part- 3/6GW] [Bikaner complex] Part A [SPV Name POWERGRID Bikaner IV Transmission Limited],Power Grid Corporation of India Limited [POWERGRID],615339,N18000403,6257,"Multi-States (Haryana, Punjab, Rajasthan)",2024-11-01,2024-11-01,2026-11-01,2027-04-01,5969.0,5969.0,1313.18,24.07,April 2026,0,1,8.694502206386648,2024.0,11.0,24.0,7.180968175964159,0.22,-2.0700000000000003,17.0,24.0,0.0,7.0,0.0,70.83333333333334,-46.76333333333334
237,TRANSMISSION SYSTEM FOR EVACUATION OF POWER FROM RAJASTHAN REZ PH-IV [PART-3/ 6 GW] [BIKANER COMPLEX] PART B [SPV Name POWERGRID Siwani Transmission Limited],Power Grid Corporation of India Limited [POWERGRID],615340,N18000404,6258,"Multi-States (Haryana, Rajasthan)",2024-11-01,2024-11-01,2026-11-01,2027-06-01,5357.0,5357.0,1446.39,28.27,April 2026,0,1,8.586346050104554,2024.0,11.0,24.0,7.277517213467992,0.27,-1.2699999999999996,17.0,24.0,0.0,7.0,0.0,70.83333333333334,-42.56333333333335
238,Inter-Regional Strengthening between SR Grid and WR Grid,Power Grid Corporation of India Limited [POWERGRID],617808,-,10788,"Multi-States (Karnataka, Maharashtra)",2025-10-01,2025-10-01,2027-10-01,,1007.0,1007.0,20.14,2.5,April 2026,0,-1,6.915723448631314,2025.0,10.0,24.0,3.051166980442092,0.02,-0.5,6.0,24.0,0.0,18.0,0.0,25.0,-22.5
239,"Transmission Scheme for Solar Energy Zone in Bidar [2500 MW], Karnataka [Bidar Transmission Ltd]",Power Grid Corporation of India Limited [POWERGRID],612138,N18000388,5500,"Multi-States (Karnataka, Telangana)",2024-02-01,2024-02-01,2026-02-01,2026-06-01,1368.0,1368.0,1190.16,89.46,April 2026,0,1,7.221835825288449,2024.0,2.0,24.0,7.0826829012223795,0.8700000000000001,-2.4599999999999795,26.0,24.0,0.0,-2.0,1.0,108.33333333333333,-18.873333333333335
240,Transmission System for Evacuation of Power from Rajasthan REZ Ph-IV [Part-2 5.5 GW] [Jaisalmer/Barmer Complex] Part D [SPV Name POWERGRID Beawar Mandsaur Transmission Limited],Power Grid Corporation of India Limited [POWERGRID],615333,N18000393,6252,"Multi-States (Madhya Pradesh, Rajasthan)",2024-08-01,2024-08-01,2026-08-01,2026-12-01,2227.0,2227.0,979.88,38.74,April 2026,0,1,7.708859601047175,2024.0,8.0,24.0,6.8884501279241315,0.44,5.259999999999998,20.0,24.0,0.0,4.0,0.0,83.33333333333334,-44.59333333333334
241,Transmission System for Evacuation of Power from Rajasthan REZ Ph-IV [Part-2 5.5 GW] [Jaisalmer/Barmer Complex] Part E [SPV Name POWERGRID Mewar Transmission Limited],Power Grid Corporation of India Limited [POWERGRID],615334,N18000394,6253,"Multi-States (Madhya Pradesh, Rajasthan)",2024-08-01,2024-08-01,2026-08-01,2027-04-01,3251.0,3251.0,1592.99,39.4,April 2026,0,1,8.087025470667701,2024.0,8.0,24.0,7.37399558580476,0.49,9.600000000000001,20.0,24.0,0.0,4.0,0.0,83.33333333333334,-43.933333333333344
242,Rajasthan REZ Ph-V [Part-1- 4 GW] [Sirohi/Nagaur] Complex [Rajasthan V Power Transmission Limited],Power Grid Corporation of India Limited [POWERGRID],617186,N18000414,7491,"Multi-States (Madhya Pradesh, Rajasthan)",2025-03-01,2025-03-01,2027-03-01,2027-06-01,5028.0,5028.0,1054.2,24.07,April 2026,0,1,8.522976436171964,2025.0,3.0,24.0,6.961485601403105,0.2096658711217184,-3.10341288782816,13.0,24.0,0.0,11.0,0.0,54.166666666666664,-30.096666666666664
243,RAJASTHAN PART I POWER TRANSMISSION LIMITED,Adani Transmission Limited,619025,-,11607,"Multi-States (Madhya Pradesh, Rajasthan, Uttar Pradesh)",2025-01-01,2025-01-01,2029-07-01,,25000.0,25000.0,230.05,2.0,April 2026,0,-1,10.12667110305036,2025.0,1.0,54.0,5.442634137316276,0.009202,-1.0798,15.0,54.0,0.0,39.0,0.0,27.77777777777778,-25.77777777777778
244,Transmission System for Evacuation of power from Rajasthan REZ Ph-IV [Part-1] [Bikaner Complex] Part D [Neemrana Bareilly Transmission Ltd],Power Grid Corporation of India Limited [POWERGRID],612133,N18000387,5490,"Multi-States (Rajasthan, Uttar Pradesh)",2023-12-01,2023-12-01,2025-12-01,2026-12-01,3271.0,3271.0,2731.28,72.16,April 2026,0,1,8.093156697722637,2023.0,12.0,24.0,7.912891704458073,0.8349984714154693,11.33984714154694,28.0,24.0,0.0,-4.0,1.0,116.66666666666667,-44.506666666666675
245,Transmission System for evacuation of Power from Rajasthan REZ Ph-IV [Part-4 3.5 GW] Part A [SPV name POWERGRID Ghiror Transmission Limited],Power Grid Corporation of India Limited [POWERGRID],616670,N18000407,7052,"Multi-States (Rajasthan, Uttar Pradesh)",2024-12-01,2024-12-01,2026-12-01,2027-06-01,5846.0,5846.0,1636.88,31.37,April 2026,0,1,8.67368398817567,2024.0,12.0,24.0,7.401158001656104,0.28,-3.3699999999999974,16.0,24.0,0.0,8.0,0.0,66.66666666666666,-35.29666666666665
246,Transmission System for Evacuation of Power from REZ in Rajasthan 20GW under Phase III- Part E2,Power Grid Corporation of India Limited [POWERGRID],611947,N18000379,-,Rajasthan,2023-11-01,2023-11-01,2025-06-01,2026-06-01,428.3,428.3,415.45,98.4,April 2026,0,1,6.062155975230515,2023.0,11.0,19.0,6.031766406381349,0.9699976651879523,-1.4002334812047792,29.0,19.0,0.0,-10.0,1.0,152.63157894736844,-54.23157894736843
247,Transmission system for evacuation of power from REZ in Rajasthan 20 GW under Phase-III part H,Power Grid Corporation of India Limited [POWERGRID],611948,N18000374,5434,Rajasthan,2023-10-01,2023-10-01,2025-04-01,2026-06-01,1910.0,1910.0,1851.81,98.33,April 2026,0,1,7.555381944240273,2023.0,10.0,18.0,7.5244586846007255,0.9695340314136125,-1.3765968586387487,30.0,18.0,0.0,-12.0,1.0,166.66666666666669,-68.33666666666669
248,Transmission system for evacuation of power from REZ in Rajasthan 20 GW under Phase-III part C1,Power Grid Corporation of India Limited [POWERGRID],611949,N18000375,5435,Rajasthan,2023-10-01,2023-10-01,2025-04-01,2026-05-01,1160.0,1160.0,1136.8,99.0,April 2026,0,1,7.057036981697891,2023.0,10.0,18.0,7.036851852316547,0.98,-1.0,30.0,18.0,0.0,-12.0,1.0,166.66666666666669,-67.66666666666669
249,Transmission System for Evacuation of power from Rajasthan REZ Ph-IV [Part-1] [Bikaner Complex] Part A [Bikaner Neemrana Transmission Ltd],Power Grid Corporation of India Limited [POWERGRID],612134,N18000386,5491,Rajasthan,2023-12-01,2023-12-01,2025-12-01,2026-12-01,4741.0,4741.0,3650.57,72.22,April 2026,0,1,8.464214266625351,2023.0,12.0,24.0,8.202912491080443,0.77,4.780000000000001,28.0,24.0,0.0,-4.0,1.0,116.66666666666667,-44.44666666666667
250,Transmission System for Evacuation of Power from Rajasthan REZ Ph-IV [Part-2 5.5 GW][Jaisalmer/Barmer Complex] Part B [SPV Name POWERGRID Sirohi Transmission Limited],Power Grid Corporation of India Limited [POWERGRID],615332,N18000391,6251,Rajasthan,2024-08-01,2024-08-01,2026-08-01,2027-03-01,3279.0,3279.0,1508.34,47.13,April 2026,0,1,8.09559870137819,2024.0,8.0,24.0,7.3194277481662855,0.45999999999999996,-1.1300000000000026,20.0,24.0,0.0,4.0,0.0,83.33333333333334,-36.20333333333334
251,Transmission System Strengthening for Interconnections of Bhadla-III & Bikaner III Complex [SPV Name POWERGRID BHADLA BIKANER TRANSMISSION LIMITED],Power Grid Corporation of India Limited [POWERGRID],615335,N18000397,6254,Rajasthan,2024-08-01,2024-08-01,2026-08-01,2027-03-01,1382.0,1382.0,552.8,42.0,April 2026,0,1,7.232010331664759,2024.0,8.0,24.0,6.316803610736861,0.39999999999999997,-2.0,20.0,24.0,0.0,4.0,0.0,83.33333333333334,-41.33333333333334
252,Additional Transmission System for evacuation of Power from Bhadla-III PS as part of Rajasthan REZ Phase III Scheme [20 GW] [SPV Name POWERGRID Bhadla-III Power Transmission Limited],Power Grid Corporation of India Limited [POWERGRID],615337,N18000396,-,Rajasthan,2024-08-01,2024-08-01,2026-02-01,2026-09-01,369.0,369.0,210.33,63.85,April 2026,0,1,5.91350300563827,2024.0,8.0,18.0,5.353420892774061,0.5700000000000001,-6.849999999999994,20.0,18.0,0.0,-2.0,1.0,111.11111111111111,-47.26111111111111
253,TRANSMISSION SYSTEM FOR EVACUATION OF POWER FROM RAJASTHAN REZ PH -IV [PART-2 5.5 GW] [JAISALMER/BARMER COMPLEX] PART F [SPV Name POWERGRID BARMER I TRANSMISSION LIMITED],Power Grid Corporation of India Limited [POWERGRID],615338,N18000401,6256,Rajasthan,2024-11-01,2024-11-01,2026-11-01,2027-06-01,2735.0,2735.0,875.2,31.48,April 2026,0,1,7.914252278742441,2024.0,11.0,24.0,6.775594375379798,0.32,0.5199999999999996,17.0,24.0,0.0,7.0,0.0,70.83333333333334,-39.35333333333334
254,"Augmentation at Fatehgarh-II PS, Fatehgarh-IV PS [Section-II] and Barmer-I PS [POWERGRID Fatehgarh Barmer Augmentation Transmission Limited]",Power Grid Corporation of India Limited [POWERGRID],617181,N18000415,-,Rajasthan,2025-03-01,2025-03-01,2026-12-01,2027-06-01,404.0,404.0,28.28,9.8,April 2026,0,1,6.003887067106539,2025.0,3.0,21.0,3.3769046890931107,0.07,-2.8,13.0,21.0,0.0,8.0,0.0,61.904761904761905,-52.1047619047619
255,Transmission System under ISTS for evacuation of Power from Kudankulam Unit-3&4 [2x1000 MW] [SPV Name POWERGRID Kudankulam Tarnsmission Limited],Power Grid Corporation of India Limited [POWERGRID],616671,N18000408,7053,Tamil Nadu,2025-01-01,2025-01-01,2026-12-01,2027-03-01,548.0,548.0,120.56,18.72,April 2026,0,1,6.3080984415095305,2025.0,1.0,23.0,4.800407968048592,0.22,3.280000000000001,15.0,23.0,0.0,8.0,0.0,65.21739130434783,-46.49739130434783
256,Transmission System for Strengthening to facilitate evacuation of power from Bhadla/Bikaner Complex,Power Grid Corporation of India Limited [POWERGRID],617269,N18000423,-,Uttar Pradesh,2024-12-01,2024-12-01,2026-06-01,2026-08-01,212.81,212.81,6.38,3.0,April 2026,0,1,5.365087770181889,2024.0,12.0,18.0,1.998773638612381,0.0299797941826042,-0.002020581739579974,16.0,18.0,0.0,2.0,0.0,88.88888888888889,-85.88888888888889
257,"Construction of One Tower of Office Complex and another Tower of Residential quarters consisting of 10Nos. Type-V, 10Nos. Type-VI & 1No.Type-VII Quarters i/c internal water supply, sanitary installation and all development and bulk services, Horticulture works on EPC Mode-I basis i/c comprehensive operation and maintenance of Civil, E&M services for 7 years after completion of original construction work for Ranga Reddy, Secunderabad, Medchal, AuditI, Audit-II Commissionerates of Central Tax at Khajaguda, Serilingampally, Hyderabad.",Central Public Works Department - CPWD,617412,-,9743,Telangana,2024-03-01,2024-11-01,2027-09-01,,644.0,644.0,161.57,21.0,April 2026,0,-1,6.4692503167957724,2024.0,3.0,42.0,5.091108678246132,0.25088509316770186,4.088509316770185,17.0,34.0,8.0,17.0,0.0,50.0,-29.0
258,"Integrated Command control Center [ICCC] - Construction and Development of Integrated Command Control Center with Security, Surveillance, ITMS, Connecting Port, Ship Service, Smart Solid Waste Management, Smart Public Transport System",ministry of housing and urban affairs,707229,-,-,Andaman & Nicobar,2021-07-01,2021-11-01,2023-05-01,,209.88,209.88,0.0,70.0,April 2026,0,-1,5.351289251314142,2021.0,7.0,22.0,0.0,0.0,-70.0,53.0,18.0,4.0,-35.0,1.0,294.44444444444446,-224.44444444444446
259,Redevelopment of Seven General Pool Residential Accommodation [GPRA] Colonies in Delhi,National Buildings Construction Corporation [NBCC],400188,-,2914,Delhi,2016-07-01,2018-05-01,2025-12-01,2025-12-01,32850.0,32841.0,13885.72,46.8,April 2026,0,0,10.39973746484973,2016.0,7.0,113.0,9.538688266753976,0.4227007610350076,-4.529923896499241,95.0,91.0,22.0,-4.0,1.0,104.39560439560441,-57.59560439560441
260,Rehablitation in Junavadaj Area Smart City Project,ministry of housing and urban affairs,701719,-,-,Gujarat,2016-02-01,2016-06-01,2022-07-01,2026-05-01,539.0,539.0,599.76,98.5,April 2026,0,1,6.29156913955832,2016.0,2.0,77.0,6.39819552033738,1.1127272727272728,12.77272727272728,118.0,73.0,4.0,-45.0,1.0,161.64383561643837,-63.143835616438366
261,Green Building Development Project,ministry of housing and urban affairs,701766,-,-,Uttarakhand,2019-11-01,2019-08-01,2023-11-01,2026-12-01,150.97,206.0,54.01,40.0,April 2026,1,1,5.023683132945513,2019.0,11.0,48.0,4.007514986887367,0.35775319599920513,-4.224680400079485,80.0,51.0,-3.0,-29.0,1.0,156.86274509803923,-116.86274509803923
262,Patna Metro Rail Project,Patna Metro Rail Corporation Ltd. [PMRCL],702627,N28000148,3114,Bihar,2019-02-01,2019-02-01,2024-02-01,2027-06-01,13365.77,13365.8,5197.09,50.0,April 2026,1,1,9.500527055269986,2019.0,2.0,60.0,8.556046529403218,0.3888358096839913,-11.11641903160087,86.0,60.0,0.0,-26.0,1.0,143.33333333333334,-93.33333333333334
263,Delhi Metro Rail Phase-IV [2 Corridors],Delhi Metro Rail Corporation Limited [DMRC],617207,-,7531,Delhi,2024-03-01,2024-03-01,2029-03-01,,8399.81,8399.81,94.53,3.64,April 2026,0,-1,9.036083408753898,2024.0,3.0,60.0,4.559440334281917,0.011253825979397154,-2.514617402060285,25.0,60.0,0.0,35.0,0.0,41.66666666666667,-38.02666666666667
264,Delhi Metro Rail Phase V A,Delhi Metro Rail Corporation Limited [DMRC],619031,-,11591,Delhi,2026-01-01,2026-01-01,2028-12-01,,12014.91,12014.9,17.4,5.34,April 2026,0,-1,9.39398688396255,2026.0,1.0,35.0,2.91235066461494,0.001448200610741154,-5.195179938925884,3.0,35.0,0.0,32.0,0.0,8.571428571428571,-3.2314285714285713
265,DMRTS Phase - IV [3 Priority Corridors],Delhi Metro Rail Corporation Limited [DMRC],702632,N28000135,3115,Delhi,2019-07-01,2019-07-01,2025-03-01,2026-12-01,24948.65,24948.7,20350.75,80.56,April 2026,1,1,10.124615073025158,2019.0,7.0,68.0,9.920922182259371,0.8157054590128122,1.010545901281219,81.0,68.0,0.0,-13.0,1.0,119.11764705882352,-38.55764705882352
266,Surat Metro Rail Project,Gujarat Metro Rail Corporation Limited [GMRCL],702630,N28000138,3141,Gujarat,2019-03-01,2019-04-01,2024-03-01,2026-06-01,12020.32,12020.3,8929.65,79.5,April 2026,0,1,9.39443701903147,2019.0,3.0,60.0,9.097244459575464,0.7428795572830008,-5.212044271699924,84.0,59.0,1.0,-25.0,1.0,142.3728813559322,-62.87288135593221
267,Ahmedabad Metro Rail Project [Phase-I],Gujarat Metro Rail Corporation Limited [GMRCL],702639,N28000122,1749,Gujarat,2014-11-01,2015-02-01,2018-03-01,2026-05-01,10773.0,12924.5,12520.65,99.99,April 2026,1,1,9.28489110324048,2014.0,11.0,40.0,9.435214425108045,1.162225006961849,16.2325006961849,134.0,37.0,3.0,-97.0,1.0,362.16216216216213,-262.1721621621621
268,"Metro connectivity from Millennium City Centre to Cyber City with Spur to Dwarka Expressway, Gurugram.",Gurugram Metro Rail Limited [GMRL],619022,-,11535,Haryana,2023-07-01,2024-08-01,2027-07-01,,5452.72,5452.72,92.12,0.0,April 2026,0,-1,8.60405322362049,2023.0,7.0,48.0,4.533888983983128,0.01689432063263839,1.689432063263839,20.0,35.0,13.0,15.0,0.0,57.14285714285714,-57.14285714285714
269,Bangalore Metro Rail Project - PHASE-3,Bengaluru Metro Rail,612878,-,-,Karnataka,,2026-06-01,2031-05-01,,15611.0,15611.0,0.0,0.0,April 2026,0,-1,9.655795128300506,,,,0.0,0.0,0.0,-2.0,59.0,,61.0,0.0,-3.389830508474576,3.389830508474576
270,Construction of Bangalore Metro Rail Project Phase 2.,Bengaluru Metro Rail,702635,N28000058,2472,Karnataka,2014-02-01,2016-02-01,2021-03-01,2026-09-01,26405.14,30695.1,29802.97,95.5,April 2026,1,1,10.181351837850434,2014.0,2.0,85.0,10.302396885096814,1.128680628089834,17.36806280898341,122.0,61.0,24.0,-61.0,1.0,200.0,-104.5
271,Construction Bangalore Metro Rail Project Phase-2A & 2B,Bengaluru Metro Rail,702665,N28000151,2476,Karnataka,2021-06-01,2019-01-01,2026-06-01,2026-06-01,14788.1,14788.1,10276.44,65.0,April 2026,0,0,9.601645701926314,2021.0,6.0,60.0,9.237706480759371,0.6949128015093217,4.49128015093217,87.0,89.0,-29.0,2.0,0.0,97.75280898876404,-32.752808988764045
272,Kochi Metro Rail Phase 2 Development Project,CSPCC Projects,702664,N28000158,4736,Kerala,2022-11-01,2022-11-01,2026-11-01,2026-11-01,1957.05,1957.05,746.33,36.17,April 2026,0,0,7.579704359025902,2022.0,11.0,48.0,6.616506854650748,0.38135458981630516,1.965458981630512,41.0,48.0,0.0,7.0,0.0,85.41666666666666,-49.246666666666655
273,Bhopal Metro Rail Project,Madhya Pradesh Metro Rail Co Limited [MPMRCL],702625,N28000124,3137,Madhya Pradesh,2018-11-01,2018-11-01,2022-11-01,2028-06-01,6941.4,6941.4,4259.25,59.94,April 2026,0,1,8.845402815044086,2018.0,11.0,48.0,8.357083122987502,0.6136010026795747,1.4201002679574728,89.0,48.0,0.0,-41.0,1.0,185.41666666666669,-125.47666666666669
274,Indore Metro Rail Project,Madhya Pradesh Metro Rail Co Limited [MPMRCL],702626,N28000125,3138,Madhya Pradesh,2018-11-01,2018-11-01,2022-11-01,2028-12-01,7500.8,7500.8,4923.05,64.15,April 2026,0,1,8.922898270729009,2018.0,11.0,48.0,8.50188664159885,0.6563366574232082,1.4836657423208237,89.0,48.0,0.0,-41.0,1.0,185.41666666666669,-121.26666666666668
275,PCMC To Nigdi- Extension Of North South Corridor Of Phase-1,Maharashtra Metro Rail Corporation Limited [MMRCL],617225,N28000157,7570,Maharashtra,2023-10-01,2023-10-01,2027-01-01,,910.18,960.18,269.74,41.58,April 2026,1,-1,6.814740462813949,2023.0,10.0,39.0,5.6011589507576405,0.29635896196356765,-11.944103803643234,30.0,39.0,0.0,9.0,0.0,76.92307692307693,-35.343076923076936
276,Pune Metro Phase-1 Extension line towards south from Swargate to Katraj,Maharashtra Metro Rail Corporation Limited [MMRCL],617226,N28000160,7627,Maharashtra,2024-09-01,2024-09-01,2029-03-01,,2954.53,2954.53,46.13,5.2,April 2026,0,-1,7.991433270779647,2024.0,9.0,54.0,3.8529097409356394,0.015613312438865065,-3.6386687561134936,19.0,54.0,0.0,35.0,0.0,35.18518518518518,-29.985185185185184
277,Thane Integral Ring Metro Rail Project,Maharashtra Metro Rail Corporation Limited [MMRCL],617327,-,7735,Maharashtra,2024-09-01,2024-09-01,2029-09-01,,12200.1,12200.1,81.63,8.25,April 2026,0,-1,9.409281390591252,2024.0,9.0,60.0,4.414372810713093,0.006690928762878992,-7.580907123712101,19.0,60.0,0.0,41.0,0.0,31.666666666666664,-23.416666666666664
278,Pune Metro Rail Project Phase-2 Corridor 2A Vanaz to Chandani Chowk and Corridor 2B Ramwadi to Wagholi/Vitthalwadi,Maharashtra Metro Rail Corporation Limited [MMRCL],618971,-,10784,Maharashtra,2025-07-01,2025-07-01,2029-07-01,,3626.24,3626.24,2.65,1.38,April 2026,0,-1,8.19622730748249,2025.0,7.0,48.0,1.2947271675944,0.0007307845040593011,-1.3069215495940698,9.0,48.0,0.0,39.0,0.0,18.75,-17.37
279,Pune Metro Rail Project Phase-2 Line-4 Kharadi to Khadakwasla with Spur Line 4A Nal Stop - Warje - Manikbaug,Maharashtra Metro Rail Corporation Limited [MMRCL],618985,-,10785,Maharashtra,2025-12-01,2025-12-01,2030-12-01,,9857.85,9857.85,3.94,0.48,April 2026,0,-1,9.196124807934499,2025.0,12.0,60.0,1.597365331199831,0.00039968147212627496,-0.4400318527873725,4.0,60.0,0.0,56.0,0.0,6.666666666666667,-6.186666666666667
280,New Suburba Station Development Project,ministry of housing and urban affairs,701745,-,-,Maharashtra,2018-04-01,2019-03-01,2022-07-01,,262.76,262.76,17.62,6.0,April 2026,0,-1,5.5750395987634755,2018.0,4.0,51.0,2.924236271848921,0.06705739077485158,0.7057390774851582,85.0,40.0,11.0,-45.0,1.0,212.5,-206.5
281,Kalyan Station Precinct Imporvement Project,ministry of housing and urban affairs,701991,-,-,Maharashtra,2018-04-01,2020-07-01,2023-07-01,2026-06-01,600.0,723.7,492.82,82.0,April 2026,1,1,6.398594934535208,2018.0,4.0,63.0,6.202171078318509,0.8213666666666667,0.13666666666667027,69.0,36.0,27.0,-33.0,1.0,191.66666666666669,-109.66666666666669
282,Mumbai Metro Line 3,Mumbai Metro Rail Corporation Limited [MMRC],702637,N28000086,1384,Maharashtra,2013-07-01,2016-06-01,2023-03-01,2025-08-01,23136.0,37276.0,33526.69,97.79,April 2026,1,1,10.049188346707682,2013.0,7.0,116.0,10.420126943558822,1.4491135027662518,47.121350276625165,118.0,81.0,35.0,-37.0,1.0,145.679012345679,-47.889012345679006
283,Nagpur Metro Rail Phase II Development Project,Maharashtra Metro Rail Corporation Limited [MMRCL],702658,N28000155,5205,Maharashtra,2022-12-01,2022-12-01,2027-12-01,,6708.0,6708.0,1912.03,38.0,April 2026,0,-1,8.811205187562887,2022.0,12.0,60.0,7.556443651491883,0.28503726893261777,-9.496273106738222,40.0,60.0,0.0,20.0,0.0,66.66666666666666,-28.666666666666657
284,Delhi Metro Rail Phase-IV [Rithala - Kundli Corridor],Delhi Metro Rail Corporation Limited [DMRC],617206,-,7530,"Multi-States (Delhi, Haryana)",2025-01-01,2025-01-01,2029-01-01,,6230.99,6230.99,72.98,0.0,April 2026,0,-1,8.737450982927987,2025.0,1.0,48.0,4.303794786404308,0.011712424510390805,1.1712424510390804,15.0,48.0,0.0,33.0,0.0,31.25,-31.25
285,Chennai Metro Rail Phase-II Development Project,Chennai Metro Rail Limited [CMRL],702668,-,4262,Tamil Nadu,2024-10-01,2020-11-01,2029-08-01,,63246.0,63246.0,33129.33,52.55,April 2026,0,-1,11.05480297463485,2024.0,10.0,58.0,10.408204456004974,0.523817000284603,-0.168299971539696,65.0,105.0,-47.0,40.0,0.0,61.904761904761905,-9.354761904761908
286,LUCKNOW METRO RAIL PROJECT PHASE-1B EAST WEST CORRIDOR,Uttar Pradesh metro rail corporation [UPMRC],619052,-,11609,Uttar Pradesh,2025-09-01,2026-05-01,2031-04-01,,5801.05,5801.05,0.0,1.0,April 2026,0,-1,8.665966582362245,2025.0,9.0,67.0,0.0,0.0,-1.0,-1.0,59.0,8.0,60.0,0.0,-1.694915254237288,2.694915254237288
287,Kanpur Metro Rail Project,Uttar Pradesh metro rail corporation [UPMRC],702628,N28000144,3116,Uttar Pradesh,2019-05-01,2019-11-01,2024-05-01,2027-03-01,11076.48,11076.5,9101.15,80.9,April 2026,1,1,9.312669497610493,2019.0,5.0,60.0,9.116265928335324,0.8216644638007743,1.2664463800774257,77.0,54.0,6.0,-23.0,1.0,142.59259259259258,-61.692592592592575
288,Agra Metro Rail Project,Uttar Pradesh metro rail corporation [UPMRC],702629,N28000145,3117,Uttar Pradesh,2019-05-01,2020-12-01,2024-05-01,2027-06-01,8379.62,8379.62,6071.78,69.5,April 2026,0,1,9.033677176419515,2019.0,5.0,60.0,8.711571769323402,0.724588943174034,2.9588943174034057,64.0,41.0,19.0,-23.0,1.0,156.09756097560975,-86.59756097560975
289,"ESR - 8 nos., distribution system - 216 Km, new house service connections - 38760 nos. upgrading of feeder mains, pumping station etc. - Phase II",Ministry of Housing & Urban Affairs,702674,-,-,Andhra Pradesh,2017-02-01,2018-07-01,2023-03-01,2026-06-01,172.22,172.22,88.86,82.0,April 2026,0,1,5.1545624629028985,2017.0,2.0,73.0,4.498252903642014,0.5159679479735222,-30.403205202647783,93.0,56.0,17.0,-37.0,1.0,166.07142857142858,-84.07142857142858
290,Muzaffarpur Storm Water Drainage Phase-I Project,Ministry of Housing & Urban Affairs,702699,-,-,Bihar,2016-11-01,2019-02-01,2023-10-01,2026-06-01,158.78,158.78,135.72,84.0,April 2026,0,1,5.073797869053896,2016.0,11.0,83.0,4.917935038807335,0.8547676029726665,1.476760297266651,86.0,56.0,27.0,-30.0,1.0,153.57142857142858,-69.57142857142858
291,Storm water drainag Development Project,ministry of housing and urban affairs,702355,-,-,Dadra & Nagar Haveli and Daman & Diu,2020-08-01,2021-12-01,2024-03-01,,210.0,210.0,0.0,20.0,April 2026,0,-1,5.351858133476067,2020.0,8.0,43.0,0.0,0.0,-20.0,52.0,27.0,16.0,-25.0,1.0,192.59259259259258,-172.59259259259258
292,Sewerage Management Scheme Part-3 Implementation,Ministry of Housing & Urban Affairs,702734,-,-,Haryana,2017-03-01,2017-11-01,2023-09-01,2026-09-01,278.01,278.01,228.49,88.0,April 2026,0,1,5.6312476234729525,2017.0,3.0,78.0,5.43585945556652,0.8218769109024856,-5.812308909751437,101.0,70.0,8.0,-31.0,1.0,144.28571428571428,-56.28571428571428
293,Dhanbad Water Supply Infrastructure Project,Ministry of Housing & Urban Affairs,702741,-,-,Jharkhand,2017-02-01,2018-12-01,2023-03-01,2026-06-01,216.55,216.55,129.16,76.0,April 2026,0,1,5.382428709166689,2017.0,2.0,73.0,4.868764462910782,0.5964442392057261,-16.355576079427394,88.0,51.0,22.0,-37.0,1.0,172.54901960784315,-96.54901960784315
294,SAAP-3 Water Supply Infrastructure SAAP-3 Project,Ministry of Housing & Urban Affairs,702742,-,-,Jharkhand,2017-02-01,2018-12-01,2023-10-01,2026-06-01,159.31,159.31,87.5,67.0,April 2026,0,1,5.077109440701582,2017.0,2.0,80.0,4.483002552013883,0.5492436130814136,-12.075638691858643,88.0,58.0,22.0,-30.0,1.0,151.72413793103448,-84.72413793103448
295,Augmentation and Strenghthning of Urban Water Supply Phase 1 - SAAP 3,Ministry of Housing & Urban Affairs,702746,-,-,Jharkhand,2017-02-01,2018-12-01,2023-03-01,2026-06-01,278.28,278.28,186.5,81.0,April 2026,0,1,5.63221486279678,2017.0,2.0,73.0,5.233778845410465,0.6701882995544057,-13.981170044559434,88.0,51.0,22.0,-37.0,1.0,172.54901960784315,-91.54901960784315
296,Belgavi Improvement in Sewerage System Project,Ministry of Housing & Urban Affairs,702760,-,-,Karnataka,2015-12-01,2016-10-01,2023-07-01,2026-06-01,162.73,162.73,79.5,80.0,April 2026,0,1,5.098218729651401,2015.0,12.0,91.0,4.388257184424518,0.4885392982240521,-31.146070177594787,114.0,81.0,10.0,-33.0,1.0,140.74074074074073,-60.74074074074073
297,Indore Water Supply Infrastructure Project,Ministry of Housing & Urban Affairs,702793,-,-,Madhya Pradesh,2016-12-01,2017-11-01,2023-03-01,2026-06-01,287.17,287.17,252.5,99.0,April 2026,0,1,5.663550583768322,2016.0,12.0,75.0,5.535363823031238,0.8792701187449942,-11.072988125500586,101.0,64.0,11.0,-37.0,1.0,157.8125,-58.8125
298,Satna Sewerage Management and Treatment Infrastructure Project,Ministry of Housing & Urban Affairs,702808,-,-,Madhya Pradesh,2015-11-01,2016-12-01,2024-03-01,2026-05-01,191.56,215.89,200.32,96.0,April 2026,1,1,5.260407793474816,2015.0,11.0,100.0,5.304895681908159,1.0457297974524953,8.572979745249526,112.0,87.0,13.0,-25.0,1.0,128.73563218390805,-32.73563218390805
299,Singrauli Sewerage Management and Treatment Infrastructure Project,Ministry of Housing & Urban Affairs,702810,-,-,Madhya Pradesh,2016-05-01,2017-11-01,2023-03-01,2026-06-01,402.01,438.1,357.68,90.0,April 2026,1,1,5.998961375534605,2016.0,5.0,82.0,5.882430626083847,0.889729111216139,-1.0270888783861096,101.0,64.0,18.0,-37.0,1.0,157.8125,-67.8125
300,Kalyan-Dombivali Water Supply Infrastructure Project,Ministry of Housing & Urban Affairs,702833,-,-,Maharashtra,2016-07-01,2019-09-01,2023-10-01,2026-06-01,194.2,194.2,136.56,75.0,April 2026,0,1,5.274024673978992,2016.0,7.0,87.0,4.924060185564065,0.7031925849639548,-4.680741503604523,79.0,49.0,38.0,-30.0,1.0,161.22448979591837,-86.22448979591837
301,Mira-Bhayandar Water Supply Infrastructure Project,Ministry of Housing & Urban Affairs,702840,-,-,Maharashtra,2016-11-01,2018-08-01,2023-03-01,2026-05-01,204.55,204.55,186.13,99.0,April 2026,0,1,5.325689313343887,2016.0,11.0,76.0,5.231803562489697,0.909948667807382,-8.005133219261793,92.0,55.0,21.0,-37.0,1.0,167.27272727272725,-68.27272727272725
302,Pune Water Supply Infrastructure Project,Ministry of Housing & Urban Affairs,702851,-,-,Maharashtra,2017-03-01,2017-07-01,2023-03-01,2026-05-01,235.95,235.95,220.77,95.0,April 2026,0,1,5.467849148413597,2017.0,3.0,72.0,5.401640808779938,0.9356643356643357,-1.4335664335664262,105.0,68.0,4.0,-37.0,1.0,154.41176470588235,-59.41176470588235
303,Solapur Sewerage Management Infrastructure Project,Ministry of Housing & Urban Affairs,702854,-,-,Maharashtra,2017-03-01,2018-04-01,2023-03-01,2026-06-01,180.24,180.24,172.22,98.0,April 2026,0,1,5.199822119798937,2017.0,3.0,72.0,5.1545624629028985,0.9555037727474478,-2.4496227252552245,96.0,59.0,13.0,-37.0,1.0,162.71186440677968,-64.71186440677968
304,Jalandhar Water Supply Infrastructure Project,Ministry of Housing & Urban Affairs,703021,-,-,Punjab,2016-11-01,2020-08-01,2023-08-01,2026-06-01,258.53,266.64,161.02,58.0,April 2026,1,1,5.558872302860393,2016.0,11.0,81.0,5.087719784402346,0.6228290720612696,4.282907206126957,68.0,36.0,45.0,-32.0,1.0,188.88888888888889,-130.88888888888889
305,Patiala Water Supply Infrastructure Part-2 Project,Ministry of Housing & Urban Affairs,703057,-,-,Punjab,2016-11-01,2020-08-01,2023-10-01,2026-06-01,287.0,287.0,213.64,99.0,April 2026,0,1,5.662960480135946,2016.0,11.0,83.0,5.368962206117368,0.744390243902439,-24.5609756097561,68.0,38.0,45.0,-30.0,1.0,178.94736842105263,-79.94736842105263
306,Jhansi Water Supply Infrastructure Phase-II Project,Ministry of Housing & Urban Affairs,702949,-,-,Uttar Pradesh,2017-03-01,2019-06-01,2023-07-01,2026-05-01,561.74,561.74,500.04,95.0,April 2026,0,1,6.332817709748902,2017.0,3.0,76.0,6.216685938217157,0.8901627087264571,-5.9837291273542945,82.0,49.0,27.0,-33.0,1.0,167.3469387755102,-72.34693877551021
307,Lucknow Sewerage Management Infrastructure Project,Ministry of Housing & Urban Affairs,702958,-,-,Uttar Pradesh,,2019-05-01,2023-03-01,2026-05-01,142.46,173.21,152.65,95.0,April 2026,1,1,4.966056250698289,,,,5.034677288576494,1.0715288502035658,12.152885020356578,83.0,46.0,,-37.0,1.0,180.43478260869566,-85.43478260869566
308,"Construction of Basement + Ground Floor+ 10 Storeyed building for State of the Art Director General, GSI Building at plot No.GN-40, Sector-V, Salt Lake, Kolkata",Central Public Works Department - CPWD,617280,N10000015,-,West Bengal,2019-04-01,2020-02-01,2026-08-01,,255.37,255.37,98.92,64.0,April 2026,0,-1,5.5466217135207465,2019.0,4.0,88.0,4.604369865817322,0.3873595175627521,-25.264048243724787,74.0,78.0,10.0,4.0,0.0,94.87179487179486,-30.87179487179486
309,Expansion of Malanjkhand Copper Project,Hindustan Copper Limited [HCL],400426,-,160,Madhya Pradesh,2011-09-01,2015-04-01,2020-04-01,2029-03-01,1856.36,3800.0,965.07,84.87,April 2026,1,1,7.526911403630313,2011.0,9.0,103.0,6.873236295355262,0.5198722230601823,-32.88277769398177,132.0,60.0,43.0,-72.0,1.0,220.00000000000003,-135.13000000000002
310,Expansion of Alumina Refinery Plant with addition of 5th Stream having capacity enhancement of 1.0 Million Tonee Per Annum,National Aluminium Company Limited [NALCO],400141,N10000010,3148,Odisha,2017-04-01,2017-04-01,2022-12-01,2026-06-01,4103.0,5677.4,4887.6,94.2,April 2026,1,1,8.319717386850606,2017.0,4.0,68.0,8.494661242909151,1.1912259322446992,24.92259322446992,108.0,68.0,0.0,-40.0,1.0,158.8235294117647,-64.6235294117647
311,Pottangi Bauxite Mines Project,National Aluminium Company Limited [NALCO],400299,N10000016,1199,Odisha,2018-05-01,2018-05-01,2025-03-01,2026-05-01,1381.0,1960.77,770.08,52.1,April 2026,1,1,7.231287004327616,2018.0,5.0,82.0,6.647792129529391,0.5576249094858798,3.6624909485879797,95.0,82.0,0.0,-13.0,1.0,115.85365853658536,-63.753658536585355
312,SOURCING OF BAUXITE ARRANGEMENT FOR 5TH STREAM ALUMINA REFINERY FROM SOUTH BLOCK MINING LEASE OF PANCHPATMAILI MINES,National Aluminium Company Limited [NALCO],709831,N10000013,-,Odisha,2017-11-01,2019-11-01,2025-05-01,2026-06-01,483.0,483.0,446.16,92.35,April 2026,0,1,6.182084906716632,2017.0,11.0,90.0,6.102916472402125,0.9237267080745342,0.02267080745342298,77.0,66.0,24.0,-11.0,1.0,116.66666666666667,-24.316666666666677
313,25.5 MW WIND POWER PROJECT AT KAYATHAR IN TAMILNADU,National Aluminium Company Limited [NALCO],709832,N10000014,-,Tamil Nadu,2017-09-01,2017-12-01,2025-03-01,2026-03-01,166.0,166.0,135.0,66.73,April 2026,0,1,5.117993812416755,2017.0,9.0,90.0,4.912654885736052,0.8132530120481928,14.595301204819279,100.0,87.0,3.0,-13.0,1.0,114.94252873563218,-48.212528735632176
314,Construction of Permanent Campus of Central Tribal University of Andhra Pradesh Phase-1,Central Tribal University of Andhra Pradesh,613008,-,-,Andhra Pradesh,2019-09-01,2023-12-01,2027-06-01,,305.0,305.0,64.25,44.0,April 2026,0,-1,5.723585101952381,2019.0,9.0,93.0,4.178226046202803,0.21065573770491802,-22.934426229508198,28.0,42.0,51.0,14.0,0.0,66.66666666666666,-22.666666666666657
315,Construction of Permanent Campus of National Institute of Technology Arunachal Pradesh,"National Institute of Technology, Arunachal Pradesh",612898,-,5650,Arunachal Pradesh,2009-09-01,2013-03-01,2026-08-01,2024-08-01,592.61,592.61,551.3,80.0,April 2026,0,0,6.386222538072459,2009.0,9.0,203.0,6.314091376907141,0.9302914226894584,13.029142268945847,157.0,161.0,42.0,4.0,0.0,97.51552795031056,-17.515527950310556
316,Tezpur University Projects,Tezpur University,606112,-,-,Assam,2019-05-01,2021-06-01,2023-11-01,2025-12-01,153.71,153.71,137.84,97.7,April 2026,0,1,5.041552396730977,2019.0,5.0,54.0,4.933322190993586,0.8967536269598595,-8.02463730401405,58.0,29.0,25.0,-29.0,1.0,200.0,-102.3
317,Additional Campus of NITPatna,NIT Patna,606013,-,-,Bihar,2022-07-01,2022-08-01,2024-07-01,2026-01-01,499.21,499.21,449.96,98.5,April 2026,0,1,6.21502801024688,2022.0,7.0,24.0,6.111378643773319,0.9013441237154705,-8.365587628452957,44.0,23.0,1.0,-21.0,1.0,191.30434782608697,-92.80434782608697
318,Phase B Construction of Permanent Campus of IIT Bhilai,"Indian Institute of Technology, Bhilai",617877,-,10102,Chhattisgarh,2025-05-01,2026-01-01,2028-10-01,,1188.97,1188.97,0.0,0.0,April 2026,0,-1,7.081683375703762,2025.0,5.0,41.0,0.0,0.0,0.0,3.0,33.0,8.0,30.0,0.0,9.090909090909092,-9.090909090909092
319,"Phase 1B - Construction of Academic Block, Hostel, Residential Tower, Directors Residence and External Development works at National Institute of Technology, Delhi Campus on Engineering, Procurement and Construction basis",National Institute of Technology Delhi,612851,-,-,Delhi,2009-09-01,2022-11-01,2025-09-01,2026-01-01,333.49,336.42,321.76,99.72,April 2026,1,1,5.81260698375519,2009.0,9.0,192.0,5.776909012980306,0.9648265315301807,-3.2373468469819215,41.0,34.0,158.0,-7.0,1.0,120.58823529411764,-20.86823529411764
320,Delhi University Eastern Campus at Surajmal Vihar,Delhi University,616886,-,-,Delhi,2024-09-01,2025-03-01,2026-10-01,,373.0,373.0,28.13,12.0,April 2026,0,-1,5.924255797414532,2024.0,9.0,25.0,3.3717685709713434,0.07541554959785522,-4.458445040214478,13.0,19.0,6.0,6.0,0.0,68.42105263157895,-56.421052631578945
321,"Construction of permanent campus of Central University of Gujarat at Village kundhela, Dist. Vadodara, Gujarat.",Central University of Gujarat,612916,-,-,Gujarat,2020-12-01,2021-02-01,2025-03-01,2026-03-01,490.63,490.63,335.08,85.0,April 2026,0,1,6.197726401053676,2020.0,12.0,51.0,5.817349226861126,0.6829586450074394,-16.704135499256054,62.0,49.0,2.0,-13.0,1.0,126.53061224489797,-41.530612244897966
322,Establishment of Permanent campus Phase 1 of IIM Sirmaur,"Indian Institute of Management, Sirmaur",602099,N42000008,4877,Himachal Pradesh,2018-09-01,2020-08-01,2023-10-01,2026-05-01,392.51,454.78,336.71,97.5,April 2026,1,1,5.975106480495164,2018.0,9.0,61.0,5.822187539034823,0.8578380168658123,-11.716198313418772,68.0,38.0,23.0,-30.0,1.0,178.94736842105263,-81.44736842105263
323,Hostel blocks & dining hall block,"Indian Institute of Technology, Mandi",612128,-,-,Himachal Pradesh,2023-03-01,2024-03-01,2026-03-01,2026-07-01,166.66,166.66,122.26,82.0,April 2026,0,1,5.1219381192097115,2023.0,3.0,36.0,4.814295945534097,0.733589343573743,-8.641065642625705,25.0,24.0,12.0,-1.0,1.0,104.16666666666667,-22.16666666666667
324,"Construction of Permanent Campus of Central University of Himachal Pradesh at Dehra, District - Kangra, [H.P.] on Engineering. Procurement and Construction [EPC Mode 1] Basis.","Central University, Himachal Pradesh",612894,N42000011,5657,Himachal Pradesh,2021-03-01,2022-08-01,2024-11-01,2026-03-01,251.98,300.45,223.21,85.0,April 2026,1,1,5.533310434219396,2021.0,3.0,44.0,5.41258311267638,0.8858242717676007,3.5824271767600635,44.0,27.0,17.0,-17.0,1.0,162.96296296296296,-77.96296296296296
325,"Construction of Permanent Campus for IIM Jammu Phase-1 at Jagti, Nagrota, Jammu, J&K","Indian Institute of Management, Jammu",602098,N28000130,4869,Jammu and Kashmir,2019-03-01,2020-10-01,2023-06-01,2025-11-01,424.93,500.91,484.52,96.0,April 2026,1,1,6.054275013518657,2019.0,3.0,51.0,6.185220481527599,1.1402348622125997,18.023486221259972,66.0,32.0,19.0,-34.0,1.0,206.25,-110.25
326,CONSTRUCTION OF PERMANENT CAMPUS FOR IIT PALAKKAD UNDER PHASE 1A,INDIAN INSTITUTE OF TECHNOLOGY PALAKKAD,606431,N28000140,3415,Kerala,2017-07-01,2020-03-01,2022-06-01,2026-06-01,1006.45,1217.4,680.69,86.0,April 2026,1,1,6.915177664797775,2017.0,7.0,59.0,6.524575009051816,0.6763276864225745,-18.367231357742554,73.0,27.0,32.0,-46.0,1.0,270.3703703703704,-184.37037037037038
327,Phase B of Construction of Permanent Campus of IIT Palakkad,INDIAN INSTITUTE OF TECHNOLOGY PALAKKAD,617878,-,10104,Kerala,2025-05-01,2026-01-01,2028-10-01,,1527.0,1527.0,9.8,0.0,April 2026,0,-1,7.331714969726466,2025.0,5.0,41.0,2.379546134130174,0.00641781270464964,0.641781270464964,3.0,33.0,8.0,30.0,0.0,9.090909090909092,-9.090909090909092
328,"Phase III A works at IIT Indore [03 Hostels, 01 Studio Apartment, 01 Housing, Heavy & Sophisticated lab complex, Academic POD and Infrastructure for center of excellence]","Indian Institute of Technology, Indore",611957,-,-,Madhya Pradesh,2023-12-01,2024-04-01,2027-02-01,,496.28,496.28,78.35,58.0,April 2026,0,-1,6.209153247739228,2023.0,12.0,38.0,4.373868446972418,0.1578745869267349,-42.21254130732651,24.0,34.0,4.0,10.0,0.0,70.58823529411765,-12.588235294117652
329,Construction and Developement of National Institute of Technology Meghalaya Permanent Campus at Sohra,"National Institute of Technology, Meghalaya",612885,N42000001,5654,Meghalaya,2009-09-01,2014-09-01,2022-03-01,2026-10-01,494.52,429.7,368.98,95.0,April 2026,0,1,6.205607716224892,2009.0,9.0,150.0,5.913448950123243,0.7461376688506026,-20.386233114939742,139.0,90.0,60.0,-49.0,1.0,154.44444444444446,-59.44444444444446
330,"Construction of Permanent Campus for NIT Mizoram at Lengpui, Aizawl",NIT Mizoram,612876,-,5653,Mizoram,2009-09-01,2014-06-01,2029-12-01,2022-03-01,474.23,474.23,167.55,4.0,April 2026,0,0,6.163798897368869,2009.0,9.0,243.0,5.12723244168007,0.3533095755224258,31.33095755224258,142.0,186.0,57.0,44.0,0.0,76.34408602150538,-72.34408602150538
331,Establishment of NIT Nagaland,NIT Nagaland,613013,-,-,Nagaland,2009-09-01,2014-12-01,2025-12-01,,275.63,275.63,263.25,98.0,April 2026,0,-1,5.62268087321916,2009.0,9.0,195.0,5.576895624750347,0.9550847150165076,-2.49152849834924,136.0,132.0,63.0,-4.0,1.0,103.03030303030303,-5.030303030303031
332,IISER BERHAMPUR,"Indian Institutes of Science Education and Research, Behrampur",610315,N28000126,3441,Odisha,2018-10-01,2019-09-01,2021-03-01,2026-06-01,1229.32,843.09,874.09,98.5,April 2026,0,1,7.115029577131668,2018.0,10.0,29.0,6.774326738211038,0.7110353691471708,-27.396463085282917,79.0,18.0,11.0,-61.0,1.0,438.8888888888889,-340.3888888888889
333,Construction of IIT Bhubaneswar -Phase III,"Indian Institute of Technology, Bhubaneshwar",611961,-,-,Odisha,2024-02-01,2024-05-01,2026-11-01,,454.27,454.27,100.77,7.0,April 2026,0,-1,6.1208906495482855,2024.0,2.0,33.0,4.62271536520384,0.2218284280273846,15.18284280273846,23.0,30.0,3.0,7.0,0.0,76.66666666666667,-69.66666666666667
334,"1000 seater Boys hostel, 500 seater Girls hostel, 1.5 MLD Sewage Treatment Plant and Faculty Residence - 72 nos. Flats",NIT Rourkela,619033,-,-,Odisha,2023-09-01,2024-01-01,2026-06-01,,198.97,198.97,42.55,42.0,April 2026,0,-1,5.298167355296911,2023.0,9.0,33.0,3.7739097032985116,0.21385133437201587,-20.61486656279841,27.0,29.0,4.0,2.0,0.0,93.10344827586206,-51.103448275862064
335,Establishment of NIT Puducherry Permanent Campus [Phase-I and Phase-II],"National Institute of Technology, Puducherry",612877,-,5639,Puducherry,2009-09-01,2013-07-01,2024-12-01,2026-05-01,618.34,544.34,543.74,98.5,April 2026,0,1,6.428654394910388,2009.0,9.0,183.0,6.300308616611721,0.8793544004916388,-10.564559950836113,153.0,137.0,46.0,-16.0,1.0,111.67883211678833,-13.178832116788328
336,"Construction of Permanent Campus of Indian Institute of Management [IIM] Amritsar, Punjab, Phase-I","Indian intitue of Management, Amritsar",605292,N28000142,4865,Punjab,2019-10-01,2020-07-01,2023-06-01,2026-09-01,348.31,348.31,293.1,91.7,April 2026,0,1,5.855959780088937,2019.0,10.0,44.0,5.68391984555995,0.8414917745686314,-7.55082254313686,69.0,35.0,9.0,-34.0,1.0,197.14285714285717,-105.44285714285716
337,"Construction of Girls Hostel 400 seater, Boys Hostel 600 seater, Academic Block, International Hostel 100 seater, VC Residence and Purchase of Equipment",Central University of Punjab,617221,-,-,Punjab,2024-08-01,2025-04-01,2027-10-01,,210.99,210.99,74.96,45.0,April 2026,0,-1,5.356539103748161,2024.0,8.0,38.0,4.330206885944085,0.35527750130337926,-9.472249869662072,12.0,30.0,8.0,18.0,0.0,40.0,5.0
338,"Construction of Sikkim University Campus Phase-I Package-II at Yangang, South Sikkim",Sikkim University,609736,N44000002,-,Sikkim,2020-08-01,2022-01-01,2025-01-01,2026-03-01,314.06,314.06,292.0,95.0,April 2026,0,1,5.752763096877823,2020.0,8.0,53.0,5.680172609017068,0.9297586448449341,-2.024135515506586,51.0,36.0,17.0,-15.0,1.0,141.66666666666669,-46.666666666666686
339,Establishment of Permanent Campus of NIT SIkkim at Khamdong-Gangtok District,NIT Sikkim,612883,-,5656,Sikkim,2024-02-01,2024-03-01,2028-02-01,2026-12-01,685.76,610.76,283.56,34.5,April 2026,0,0,6.5319848862090115,2024.0,2.0,48.0,5.6509441276402,0.413497433504433,6.849743350443305,25.0,47.0,1.0,22.0,0.0,53.191489361702125,-18.691489361702125
340,Construction of Precast housing and hostels at IIT Hyderabad,"Indian Institute of Technology, Hyderabad",609996,-,-,Telangana,2022-09-01,2022-11-01,2024-10-01,2026-01-01,262.0,262.0,213.89,87.44,April 2026,0,1,5.572154032177765,2022.0,9.0,25.0,5.370126269294469,0.8163740458015266,-5.802595419847336,41.0,23.0,2.0,-18.0,1.0,178.26086956521738,-90.82086956521738
341,Banaras Hindu University [ Kayakalp of Institute of Medical Sciences],Banaras Hindu University,606479,-,-,Uttar Pradesh,2020-06-01,2020-06-01,2022-09-01,2026-03-01,246.0,246.0,207.02,99.0,April 2026,0,1,5.5093883366279774,2020.0,6.0,27.0,5.337634228924987,0.8415447154471545,-14.845528455284551,70.0,27.0,0.0,-43.0,1.0,259.25925925925924,-160.25925925925924
342,"Construction & Development of Infrastructural Facilities in the main campus of NIT Uttarakhand at Sumari, Pauri Garhwal",National Institute of Technology Uttarakhand,611963,-,5655,Uttarakhand,2020-06-01,2024-04-01,2027-09-01,,650.85,650.85,345.85,56.0,April 2026,0,-1,6.479814474108788,2020.0,6.0,87.0,5.84889240983131,0.531382038872244,-2.8617961127756004,24.0,41.0,46.0,17.0,0.0,58.536585365853654,-2.5365853658536537
343,"HEFA projects on development of student hostels, playgrounds, departmental buildings, class room complex and other campus facilities in IIT Kharagpur","Indian Institute of Technology, Kharagpur",609019,N28000146,4351,West Bengal,2018-06-01,2019-04-01,2023-03-01,2026-03-01,500.0,442.0,415.35,96.0,April 2026,0,1,6.2166061010848646,2018.0,6.0,57.0,6.031526252681829,0.8307,-12.930000000000007,84.0,47.0,10.0,-37.0,1.0,178.72340425531914,-82.72340425531914
344,"National Sports University [NSU], Imphal [Manipur]",Department of Sports & Youth Affairs,400081,-,3895,Manipur,,2022-01-01,2024-08-01,2026-08-01,906.47,611.74,574.12,97.0,April 2026,0,1,6.810660507741344,,,,6.3545787146756165,0.6333579710304809,-33.66420289695191,51.0,31.0,,-20.0,1.0,164.51612903225808,-67.51612903225808
345,"Construction of LPG Facilities at Kamardanga, Assam",Hindustan Petroleum Corporation Limited,709754,N16000484,-,Assam,2023-03-01,2023-03-01,2027-07-01,2027-07-01,156.36,156.36,102.07,75.5,April 2026,0,0,5.058536174080804,2023.0,3.0,52.0,4.635408369048701,0.6527884369403939,-10.221156305960605,37.0,52.0,0.0,15.0,0.0,71.15384615384616,4.34615384615384
346,"Setting up of new rail fed POL facility at Kamardanga, Assam",Hindustan Petroleum Corporation Limited [HPCL],709755,N16000494,-,Assam,2023-03-01,2023-03-01,2027-07-01,2027-07-01,384.04,384.04,216.85,82.4,April 2026,0,0,5.953347224994854,2023.0,3.0,52.0,5.383806752563451,0.5646547234663055,-25.934527653369457,37.0,52.0,0.0,15.0,0.0,71.15384615384616,11.246153846153845
347,Capacity Augmentation of Kandla LPG Import Terminal [KLIT] from 0.6 MMTPA to 2.5 MMTPA,Ministry of Petroleum & Natural Gas,617839,-,-,Gujarat,2023-05-01,2023-05-01,2026-07-01,2026-07-01,356.86,304.4,72.32,66.0,April 2026,0,0,5.880141848463716,2023.0,5.0,38.0,4.294833422971505,0.20265650395112927,-45.73434960488707,35.0,38.0,0.0,3.0,0.0,92.10526315789474,-26.10526315789474
348,"Andheri Residential Towers, Mumbai",Ministry of Petroleum & Natural Gas,604833,N16000503,-,Maharashtra,2017-06-01,2017-06-01,2025-05-01,2026-06-01,281.35,389.67,270.49,79.5,April 2026,1,1,5.643147436118846,2017.0,6.0,95.0,5.603925306283137,0.9614003909720987,16.64003909720988,106.0,95.0,0.0,-11.0,1.0,111.57894736842104,-32.07894736842104
349,Setting up of 50 MW [plus/minus 5 percent] Wind Power Plant for Captive Consumption at MR,Ministry of Petroleum & Natural Gas,619313,-,-,Maharashtra,2023-05-01,2023-05-01,2027-04-01,2027-04-01,483.14,483.14,287.79,57.9,April 2026,0,0,6.18237412108847,2023.0,5.0,47.0,5.665699780380395,0.5956658525479158,1.6665852547915847,35.0,47.0,0.0,12.0,0.0,74.46808510638297,-16.568085106382973
350,LPG Bottling Plant at Mualkhang,Ministry of Petroleum & Natural Gas,617829,-,-,Mizoram,2024-07-01,2024-07-01,2028-10-01,2027-11-01,225.71,225.71,22.78,32.0,April 2026,0,0,5.423671667700738,2024.0,7.0,51.0,3.1688448912626357,0.10092596694873954,-21.907403305126046,21.0,51.0,0.0,30.0,0.0,41.17647058823529,-9.17647058823529
351,Srikakulam Angul Gas Pipeline Project,Ministry of Petroleum & Natural Gas,701343,N16000388,2530,"Multi-States (Andhra Pradesh, Odisha)",2019-09-01,2019-09-01,2022-07-01,2026-06-01,2658.34,2810.0,2315.2,97.6,April 2026,1,1,7.885833250688059,2019.0,9.0,34.0,7.747683190750277,0.8709194459700413,-10.508055402995865,79.0,34.0,0.0,-45.0,1.0,232.3529411764706,-134.7529411764706
352,Paradip-Numaligarh Crude Oil Pipeline [PNCPL] & Crude Oil Import Terminal [COIT] at Paradip,Ministry of Petroleum & Natural Gas,701349,N16000394,2318,"Multi-States (Assam, Bihar, Jharkhand, Odisha, West Bengal)",2019-01-01,2019-01-01,2024-07-01,2026-10-01,10228.0,11407.0,10912.42,92.4,April 2026,1,1,9.232982102457008,2019.0,1.0,66.0,9.297748503581623,1.066916308173641,14.291630817364094,87.0,66.0,0.0,-21.0,1.0,131.8181818181818,-39.41818181818181
353,New Mundra Panipat Crude Oil Pipeline,Ministry of Petroleum & Natural Gas,400078,N16000435,4049,"Multi-States (Gujarat, Haryana, Rajasthan)",2021-12-01,2021-12-01,2024-12-01,2026-06-01,9028.0,9028.0,7160.82,91.4,April 2026,0,1,9.10819689830748,2021.0,12.0,36.0,8.876519417598034,0.7931789986708019,-12.08210013291982,52.0,36.0,0.0,-16.0,1.0,144.44444444444443,-53.04444444444442
354,Kandla Gorakhpur LPG Pipeline,Ministry of Petroleum & Natural Gas,400012,-,4509,"Multi-States (Gujarat, Madhya Pradesh, Uttar Pradesh)",2018-12-01,2018-12-01,2021-12-01,2026-06-01,10088.0,10088.0,8529.58,95.2,April 2026,0,1,9.219201000408379,2018.0,12.0,36.0,9.051412633484818,0.8455174464710548,-10.648255352894523,88.0,36.0,0.0,-52.0,1.0,244.44444444444446,-149.24444444444447
355,Multi Product Pipeline from Irugur to Devangonthi,"Department of Water Resources, River Development & GR",400301,N16000234,1195,"Multi-States (Karnataka, Tamil Nadu)",2012-11-01,2012-11-01,2017-02-01,2026-09-01,678.0,1732.0,1118.26,82.6,April 2026,1,1,6.520621127558696,2012.0,11.0,51.0,7.020423031635551,1.6493510324483776,82.33510324483777,161.0,51.0,0.0,-110.0,1.0,315.6862745098039,-233.08627450980393
356,Rajasthan Refinery Project,Ministry of Petroleum & Natural Gas,701263,N16000513,5468,Rajasthan,2017-10-01,2017-10-01,2022-10-01,2026-06-01,43129.0,79459.0,69202.21,91.9,April 2026,1,1,10.671974089641889,2017.0,10.0,60.0,11.144802527813141,1.6045401006283477,68.55401006283478,102.0,60.0,0.0,-42.0,1.0,170.0,-78.1
357,"Petrochemical evacuation marketing terminal at Barmer, Rajasthan",Hindustan Petroleum Corporation Limited [HPCL],709759,N16000512,-,Rajasthan,2023-12-01,2023-12-01,2026-12-01,2026-12-01,461.05,461.05,225.25,89.8,April 2026,0,0,6.135673110334049,2023.0,12.0,36.0,5.421640582580036,0.48855872465025485,-40.94412753497451,28.0,36.0,0.0,8.0,0.0,77.77777777777779,12.022222222222211
358,Laying of POL Pipelines in Common Corridor for proposed grass root terminal at Vallur [Chennai],Ministry of Petroleum & Natural Gas,400043,N16000455,4272,Tamil Nadu,2022-01-01,2022-01-01,2026-05-01,2026-05-01,829.0,829.0,350.21,76.2,April 2026,0,0,6.721425700790643,2022.0,1.0,52.0,5.86138433515969,0.4224487334137515,-33.955126658624856,51.0,52.0,0.0,1.0,0.0,98.07692307692307,-21.876923076923063
359,"Grass Root Rail-fed Depot at Sekerkote, Agartala as resitement of existing Dharmanagar Depot",Indian Oil Corporation Limited [IOCL],400035,N16000495,4373,Tripura,2022-06-01,2022-06-01,2025-09-01,2026-06-01,656.0,656.0,537.17,97.0,April 2026,0,1,6.48768401848461,2022.0,6.0,39.0,6.288174495379109,0.8188567073170732,-15.114329268292678,46.0,39.0,0.0,-7.0,1.0,117.94871794871796,-20.948717948717956
360,"Grass-root Terminal at Mirzapur, Uttar Pradesh",Ministry of Petroleum & Natural Gas,604852,N16000506,5256,Uttar Pradesh,2022-09-01,2022-09-01,2026-11-01,2026-11-01,980.45,980.45,293.88,75.0,April 2026,0,0,6.889031069983857,2022.0,9.0,50.0,5.686568493921513,0.2997399153449946,-45.02600846550054,43.0,50.0,0.0,7.0,0.0,86.0,-11.0
361,KG-DWN-98/2 Cluster - II Development Project - NELP Block,Oil and Natural Gas Corporation Limited [ONGC],400120,N16000247,3284,Andhra Pradesh,2016-03-01,2016-03-01,2020-06-01,2026-09-01,34012.0,34012.0,33006.7,96.5,April 2026,0,1,10.434498083461216,2016.0,3.0,51.0,10.404496146563963,0.9704427848994471,0.5442784899447162,121.0,51.0,0.0,-70.0,1.0,237.2549019607843,-140.7549019607843
362,Provision of four bitumen tanks with capacity of 5 TMT each at Visakh Refinery,Ministry of Petroleum and Natural Gas,619226,-,-,Andhra Pradesh,2025-09-01,2025-09-01,2028-03-01,2028-03-01,258.34,258.34,1.65,10.5,April 2026,0,0,5.5581399421207385,2025.0,9.0,30.0,0.9745596399981308,0.006386931950143222,-9.861306804985677,7.0,30.0,0.0,23.0,0.0,23.333333333333332,-12.833333333333332
363,HP-COAT [Crude to Olefins and Aromatics Technology] demo unit at Visakh Refinery,Hindustan Petroleum Corporation Limited,709752,N16000432,-,Andhra Pradesh,2021-09-01,2021-09-01,2024-06-01,2027-02-01,160.0,220.0,135.52,91.6,April 2026,1,1,5.081404364984463,2021.0,9.0,33.0,4.916471124038506,0.8470000000000001,-6.8999999999999915,55.0,33.0,0.0,-22.0,1.0,166.66666666666669,-75.06666666666669
364,Numaligarh Refinery Expansion Project,Ministry of Petroleum & Natural Gas,604791,N16000379,2312,Assam,2020-07-01,2020-07-01,2024-07-01,2027-03-01,12366.0,22494.0,19522.33,84.6,April 2026,1,1,9.422786913742057,2020.0,7.0,48.0,9.879365439679832,1.5787101730551514,73.27101730551513,69.0,48.0,0.0,-21.0,1.0,143.75,-59.150000000000006
365,Development of Surface Facilities for production and evacuation of Crude Oil and Natural Gas from Nadua and East Khagorija,Ministry of Petroleum & Natural Gas,604863,N16000331,3083,Assam,2018-01-01,2018-01-01,2020-02-01,2026-06-01,682.9,726.93,598.62,94.3,April 2026,1,1,6.527811708104051,2018.0,1.0,25.0,6.396296121242538,0.8765851515595255,-6.64148484404744,99.0,25.0,0.0,-74.0,1.0,396.0,-301.7
366,"Guwahati Refinery Expansion [1.0 to 1.2 MMTPA] along with installation of CRU, Guwahati Refinery",Ministry of Petroleum & Natural Gas,607701,N16000414,4908,Assam,2021-05-01,2021-05-01,2023-10-01,2026-05-01,412.3,577.0,457.64,94.9,April 2026,1,1,6.024173721517687,2021.0,5.0,29.0,6.128265588600128,1.1099684695609993,16.096846956099924,59.0,29.0,0.0,-30.0,1.0,203.44827586206895,-108.54827586206895
367,"Construction of Field Gas Gathering Station at Baghjan area for collection, processing & transportation of natural Gas to be produced from Baghjan Field",Ministry of Petroleum & Natural Gas,616858,N16000450,-,Assam,2020-12-01,2020-12-01,2024-03-01,2026-06-01,430.76,430.76,346.97,92.4,April 2026,0,1,6.067869878310387,2020.0,12.0,39.0,5.852116269161894,0.8054833317856812,-11.851666821431891,64.0,39.0,0.0,-25.0,1.0,164.1025641025641,-71.70256410256408
368,Coke Drum Structure Package,Ministry of Petroleum & Natural Gas,617836,-,10009,Assam,2022-12-01,2022-12-01,2025-12-01,2026-09-01,635.28,635.28,453.66,60.6,April 2026,0,1,6.455638718030159,2022.0,12.0,36.0,6.119549886871201,0.7141103135625236,10.811031356252364,40.0,36.0,0.0,-4.0,1.0,111.11111111111111,-50.51111111111111
369,"Group Gathering Station, Lakwagaon",Ministry of Petroleum & Natural Gas,619316,-,-,Assam,2025-10-01,2025-10-01,2027-10-01,2027-10-01,495.59,495.59,18.04,5.7,April 2026,0,0,6.2077647359401835,2025.0,10.0,24.0,2.9465420293632194,0.0364010573256119,-2.05989426743881,6.0,24.0,0.0,18.0,0.0,25.0,-19.3
370,Augmentation/Revamping of Facilities at existing Guwahati Terminal at Betkuchi,Ministry of Petroleum & Natural Gas,709776,N16000441,-,Assam,2022-04-01,2022-04-01,2026-09-01,2026-09-01,277.0,323.09,226.36,81.2,April 2026,1,0,5.627621113690637,2022.0,4.0,53.0,5.42653466434879,0.8171841155234657,0.5184115523465636,48.0,53.0,0.0,5.0,0.0,90.56603773584906,-9.366037735849062
371,Capacity Expansion of Digboi Refinery from 0.65 to 1.0 MMTPA,Ministry of Petroleum & Natural Gas,709779,N16000457,-,Assam,2022-06-01,2022-06-01,2026-03-01,2027-07-01,768.0,740.0,174.5,56.0,April 2026,0,1,6.645090969505644,2022.0,6.0,45.0,5.167639042905921,0.22721354166666666,-33.278645833333336,46.0,45.0,0.0,-1.0,1.0,102.22222222222221,-46.222222222222214
372,Pipeline Network Project Rudrasagar,Ministry of Petroleum & Natural Gas,709847,N16000528,-,Assam,2023-01-01,2023-01-01,2026-04-01,2027-04-01,481.03,481.03,235.37,54.1,April 2026,0,1,6.178006352777631,2023.0,1.0,39.0,5.465398373925707,0.48930420140116004,-5.169579859883996,39.0,39.0,0.0,0.0,0.0,100.0,-45.9
373,Borholla GGS Life Extension Project [BLEP],Ministry of Petroleum & Natural Gas,709850,N16000532,-,Assam,2023-09-01,2023-09-01,2026-05-01,2026-09-01,198.7,198.7,96.22,55.7,April 2026,0,1,5.296816240421769,2023.0,9.0,32.0,4.576976451617309,0.48424760946149975,-7.275239053850029,31.0,32.0,0.0,1.0,0.0,96.875,-41.175
374,DCU Revamp Project,NRL,709864,N16000511,-,Assam,2021-08-01,2021-08-01,2024-07-01,2026-10-01,370.0,370.0,281.31,76.3,April 2026,0,1,5.916202062607435,2021.0,8.0,35.0,5.64300575794059,0.7602972972972973,-0.2702702702702595,56.0,35.0,0.0,-21.0,1.0,160.0,-83.7
375,Power Recovery Turbine [PRT] in PFCCU unit as an Energy Conservation Scheme,NRL,709865,N16000510,-,Assam,2023-04-01,2023-04-01,2024-12-01,2026-09-01,293.5,293.5,81.84,99.0,April 2026,0,1,5.685279003091641,2023.0,4.0,20.0,4.416911036527384,0.27884156729131176,-71.11584327086882,36.0,20.0,0.0,-16.0,1.0,180.0,-81.0
376,"Setting up of LPG Plant with Rail Unloading Facility at Hathua, Dist. Gopalganj, Bihar",Ministry of Petroleum & Natural Gas,617304,-,-,Bihar,2023-10-01,2023-10-01,2027-03-01,2027-03-01,340.15,340.15,167.24,51.0,April 2026,0,0,5.832322263261433,2023.0,10.0,41.0,5.1253915313944445,0.49166544171688964,-1.8334558283110383,30.0,41.0,0.0,11.0,0.0,73.17073170731707,-22.170731707317074
377,Barauni Refinery Capacity Expansion from 6.0 to 9.0 MMTPA,Ministry of Petroleum & Natural Gas,701324,N16000386,3063,Bihar,2020-01-01,2020-01-01,2023-04-01,2026-08-01,14810.0,16724.0,12872.04,90.9,April 2026,1,1,9.603125426926972,2020.0,1.0,39.0,9.462890480933607,0.8691451721809589,-3.9854827819041247,75.0,39.0,0.0,-36.0,1.0,192.30769230769232,-101.40769230769232
378,Installation of Bitumen Manufacturing Unit along with allied facilities at Barauni Refinery,Ministry of Petroleum & Natural Gas,709777,N16000453,-,Bihar,2022-01-01,2022-01-01,2025-04-01,2027-01-01,389.35,340.0,115.69,60.8,April 2026,0,1,5.9670437725663,2022.0,1.0,39.0,4.759520845818016,0.29713625272890715,-31.086374727109284,51.0,39.0,0.0,-12.0,1.0,130.76923076923077,-69.96923076923078
379,"City Gas Distribution Projects at Darbhanga, Madhubani, Supaul, Sitamarhi and Sheohar districts",Bharat Petroleum Corporation Limited [BPCL],709792,N16000524,-,Bihar,2022-12-01,2022-12-01,2030-03-01,2030-03-01,3638.0,3638.0,472.43,33.3,April 2026,0,0,8.19946419761216,2022.0,12.0,87.0,6.160004066428151,0.12985981308411215,-20.31401869158878,40.0,87.0,0.0,47.0,0.0,45.97701149425287,-12.677011494252874
380,"City Gas Distribution Projects at Gopalganj, Siwan, West Champaran, East Champaran and Deoria districts",Bharat Petroleum Corporation Limited [BPCL],709793,N16000523,-,Bihar,2022-12-01,2022-12-01,2030-06-01,2030-06-01,3919.0,3919.0,510.08,30.1,April 2026,0,0,8.273846932784508,2022.0,12.0,90.0,6.236526133723123,0.13015565195202858,-17.084434804797144,40.0,90.0,0.0,50.0,0.0,44.44444444444444,-14.344444444444441
381,"City Gas Distribution [CGD] Project in Kondagaon, Bastar, Sukma, Narayanpur, Bijapur & Dantewada GA",Ministry of Petroleum & Natural Gas,617819,-,9998,Chhattisgarh,2022-06-01,2022-06-01,2030-06-01,2030-06-01,557.04,557.04,8.76,2.2,April 2026,0,0,6.324430644399907,2022.0,6.0,96.0,2.278292400425001,0.015725980180956486,-0.6274019819043515,46.0,96.0,0.0,50.0,0.0,47.91666666666667,-45.71666666666667
382,Redevelopment of Sobhasan Complex,Oil and Natural Gas Corporation Limited [ONGC],400087,N16000431,3514,Gujarat,2021-08-01,2021-08-01,2027-03-01,2027-03-01,885.63,1347.61,990.06,87.5,April 2026,1,0,6.787427758869102,2021.0,8.0,67.0,6.898775077401356,1.1179160597540734,24.291605975407336,56.0,67.0,0.0,11.0,0.0,83.5820895522388,3.9179104477612015
383,Redevelopment of Santhal Field [Onshore-Mehsana Asset],Oil and Natural Gas Corporation Limited [ONGC],400167,N16000279,3042,Gujarat,2017-02-01,2017-02-01,2026-03-01,2026-12-01,1162.56,1162.56,1152.51,95.9,April 2026,0,1,7.059239549955923,2017.0,2.0,109.0,7.050564746843677,0.9913552848885219,3.2355284888521822,110.0,109.0,0.0,-1.0,1.0,100.91743119266054,-5.017431192660538
384,Redevelopment of Linch Field,Oil and Natural Gas Corporation Limited [ONGC],400169,N16000428,3040,Gujarat,2021-04-01,2021-04-01,2025-03-01,2026-07-01,631.03,845.42,612.97,90.0,April 2026,1,1,6.448936861374701,2021.0,4.0,47.0,6.4199460670186035,0.971380124558262,7.1380124558262,60.0,47.0,0.0,-13.0,1.0,127.65957446808511,-37.65957446808511
385,Petrochemical and Lube Integration Project at Gujarat Refinery,Ministry of Petroleum & Natural Gas,701329,N16000409,3062,Gujarat,2020-09-01,2020-09-01,2024-08-01,2026-11-01,18936.0,17825.0,13579.35,88.3,April 2026,0,1,9.848872959262906,2020.0,9.0,47.0,9.516379173976441,0.7171181875792142,-16.588181242078576,67.0,47.0,0.0,-20.0,1.0,142.5531914893617,-54.2531914893617
386,Installation of new Biturox Unit along with allied facilities at Gujarat Refinery,Ministry of Petroleum & Natural Gas,709778,N16000454,-,Gujarat,2022-01-01,2022-01-01,2025-08-01,2026-12-01,328.29,344.36,214.63,84.1,April 2026,1,1,5.796938821475121,2022.0,1.0,43.0,5.373563975922575,0.6537817173840201,-18.721828261597977,51.0,43.0,0.0,-8.0,1.0,118.6046511627907,-34.50465116279071
387,Commercial Polymer Flooding Project in Bechraji field,Oil and Natural Gas Corporation Limited [ONGC],709838,N16000444,-,Gujarat,2022-01-01,2022-01-01,2024-11-01,2027-05-01,621.4,739.02,222.8,42.0,April 2026,1,1,6.433582972864182,2022.0,1.0,34.0,5.4107527958778245,0.35854522046990667,-6.145477953009333,51.0,34.0,0.0,-17.0,1.0,150.0,-108.0
388,"Restoration of Gas Terminal, Phase-I [Part-A], Hazira",Oil and Natural Gas Corporation Limited [ONGC],709840,N16000477,-,Gujarat,2022-05-01,2022-05-01,2025-02-01,2026-07-01,249.43,249.43,210.5,97.1,April 2026,0,1,5.523179440356211,2022.0,5.0,33.0,5.354224998486333,0.8439241470552861,-12.707585294471386,47.0,33.0,0.0,-14.0,1.0,142.42424242424244,-45.32424242424244
389,Old Pipe Line Replacement [OPRP] Group-A,Oil and Natural Gas Corporation Limited [ONGC],709841,N16000483,-,Gujarat,2021-07-01,2021-07-01,2025-07-01,2026-07-01,173.03,169.84,164.86,93.5,April 2026,0,1,5.159227698146083,2021.0,7.0,48.0,5.111144059023058,0.9527827544356471,1.7782754435647092,57.0,48.0,0.0,-9.0,1.0,118.75,-25.25
390,"Kalol Redevelopment Project, Ahmedabad Asset",Oil and Natural Gas Corporation Limited [ONGC],709842,N16000481,-,Gujarat,2022-08-01,2022-08-01,2027-03-01,2027-03-01,1487.41,1487.41,940.5,64.0,April 2026,0,0,7.305463715073923,2022.0,8.0,55.0,6.847474348097207,0.6323071648032486,-0.7692835196751417,44.0,55.0,0.0,11.0,0.0,80.0,-16.0
391,"Revamping of SV Stations, Gas Terminal & Kribhco Terminal",Oil and Natural Gas Corporation Limited [ONGC],709845,N16000514,-,Gujarat,2022-11-01,2022-11-01,2026-08-01,2026-08-01,837.34,837.34,445.89,67.7,April 2026,0,0,6.731423746120393,2022.0,11.0,45.0,6.102312479318498,0.5325077029641483,-14.449229703585175,41.0,45.0,0.0,4.0,0.0,91.11111111111111,-23.41111111111111
392,"Indian Oil Technology Development and Deployment Centre at R&D Campus-II, Faridabad",Ministry of Petroleum & Natural Gas,604853,N16000375,3069,Haryana,2019-06-01,2019-06-01,2022-12-01,2026-10-01,2281.94,3200.0,1879.93,65.0,April 2026,1,1,7.733219364975503,2019.0,6.0,42.0,7.539521614360822,0.8238297238314767,17.382972383147674,82.0,42.0,0.0,-40.0,1.0,195.23809523809524,-130.23809523809524
393,Poly Butadiene Rubber plant at Panipat,Indian Oil Corporation Limited [IOCL],611917,N16000458,7629,Haryana,2022-03-01,2022-03-01,2025-03-01,2026-12-01,1459.0,2531.44,1473.41,85.9,April 2026,1,1,7.286191714702382,2022.0,3.0,36.0,7.29601318875258,1.009876627827279,15.087662782727904,49.0,36.0,0.0,-13.0,1.0,136.11111111111111,-50.21111111111111
394,Change of service of existing Mundra-Panipat Pipeline [Panipat - Churwa section] from Crude oil to Product,IOCL,619196,-,-,Haryana,2025-05-01,2025-05-01,2027-03-01,,359.0,359.0,10.37,35.3,April 2026,0,-1,5.886104031450156,2025.0,5.0,22.0,2.4309783077624445,0.028885793871866294,-32.411420612813366,11.0,22.0,0.0,11.0,0.0,50.0,-14.700000000000003
395,Capacity Expansion of Panipat Refinery from 15 to 25 MMTPA,Ministry of Petroleum & Natural Gas,701289,N16000412,3038,Haryana,2021-02-01,2021-02-01,2024-09-01,2026-12-01,34627.0,36225.0,27035.45,93.2,April 2026,1,1,10.452417882335665,2021.0,2.0,43.0,10.204941234555761,0.780762122043492,-15.123787795650799,62.0,43.0,0.0,-19.0,1.0,144.1860465116279,-50.98604651162789
396,"Installation of Multiple Effect Evaporator [MEE] for ETP-1, 2 & 4 of Panipat Refinery and Petrochemical Complex.",Ministry of Petroleum & Natural Gas,709783,-,-,Haryana,2020-12-01,2020-12-01,2023-06-01,2026-06-01,165.13,247.69,174.93,87.1,April 2026,1,1,5.1127706143983875,2020.0,12.0,30.0,5.170086188650955,1.0593471810089021,18.834718100890214,64.0,30.0,0.0,-34.0,1.0,213.33333333333334,-126.23333333333335
397,"City Gas Distribution Project at Jammu, Udhampur, Reasi, Samba and Kathua Districts",Ministry of Petroleum & Natural Gas,709773,N16000527,-,Jammu and Kashmir,2022-03-01,2022-03-01,2032-03-01,2034-09-01,538.0,538.0,4.32,0.6,April 2026,0,1,6.289715570908998,2022.0,3.0,120.0,1.6714733033535532,0.008029739776951674,0.20297397769516745,49.0,120.0,0.0,71.0,0.0,40.833333333333336,-40.233333333333334
398,Development of Jharia CBM Block [Phase-1],Oil and Natural Gas Corporation Limited [ONGC],610984,N16000445,4893,Jharkhand,2019-11-01,2019-11-01,2024-01-01,2026-05-01,431.0,431.0,261.97,65.3,April 2026,0,1,6.068425588244111,2019.0,11.0,50.0,5.572039957230401,0.6078190255220418,-4.518097447795817,77.0,50.0,0.0,-27.0,1.0,154.0,-88.7
399,Laying of Natural Gas Pipeline from Hazaribagh to Ranchi [HRPL],Ministry of Petroleum & Natural Gas,709785,N16000480,-,Jharkhand,2023-02-01,2023-02-01,2026-02-01,2027-03-01,202.07,202.07,63.8,56.5,April 2026,0,1,5.313550747188626,2023.0,2.0,36.0,4.1713056033582285,0.3157321720195972,-24.926782798040282,38.0,36.0,0.0,-2.0,1.0,105.55555555555556,-49.05555555555556
400,Power System Upgradation Project,Mangalore Refinary and Petrochemicals Limited,612790,N16000509,-,Karnataka,2023-10-01,2023-10-01,2025-11-01,2026-09-01,385.0,385.0,260.92,82.5,April 2026,0,1,5.955837369464831,2023.0,10.0,25.0,5.568039113622825,0.6777142857142857,-14.728571428571428,30.0,25.0,0.0,-5.0,1.0,120.0,-37.5
401,Demo Bio-ATF Project,Ministry of Petroleum & Natural Gas,616879,N16000536,-,Karnataka,2024-03-01,2024-03-01,2027-01-01,2027-01-01,364.0,364.0,71.1,47.4,April 2026,0,0,5.8998973535824915,2024.0,3.0,34.0,4.278054044290903,0.1953296703296703,-27.86703296703297,25.0,34.0,0.0,9.0,0.0,73.52941176470588,-26.129411764705885
402,Revamping/ Augmentation of facilities at existing port terminal at Mangalore,Ministry of Petroleum & Natural Gas,709774,N16000437,-,Karnataka,2022-01-01,2022-01-01,2025-12-01,2027-06-01,463.0,500.62,302.1,83.0,April 2026,1,1,6.139884552226255,2022.0,1.0,47.0,5.714062784063757,0.6524838012958963,-17.751619870410366,51.0,47.0,0.0,-4.0,1.0,108.51063829787233,-25.510638297872333
403,Augmentation of CCKPL and IDPL Pipelines capacity along with setting up of Palakkad TOP,Ministry of Petroleum & Natural Gas,617838,-,10010,Kerala,2024-09-01,2024-09-01,2028-08-01,2028-08-01,1130.0,1130.0,268.98,36.2,April 2026,0,0,7.030857476116121,2024.0,9.0,47.0,5.598347882180681,0.2380353982300885,-12.396460176991152,19.0,47.0,0.0,28.0,0.0,40.42553191489361,-4.225531914893608
404,Setting up Polypropylene Unit at Kochi Refinery,Ministry of Petroleum & Natural Gas,709799,N16000530,-,Kerala,2023-12-01,2023-12-01,2027-10-01,2027-10-01,4460.0,4850.0,818.9,32.2,April 2026,1,0,8.403128235128264,2023.0,12.0,46.0,6.709182381602132,0.183609865470852,-13.839013452914802,28.0,46.0,0.0,18.0,0.0,60.86956521739131,-28.66956521739131
405,C2/C3 Vijaipur Pata Pipeline,Ministry of Petroleum & Natural Gas,617830,-,10000,Madhya Pradesh,2024-05-01,2024-05-01,2027-01-01,2027-01-01,1792.0,1792.0,488.0,65.2,April 2026,0,0,7.491645473605133,2024.0,5.0,32.0,6.192362489474872,0.27232142857142855,-37.96785714285715,23.0,32.0,0.0,9.0,0.0,71.875,-6.674999999999997
406,Ethylene Cracker Project at Bina Refinery including downstream Petrochemical Plants and expansion of Refinery,Ministry of Petroleum & Natural Gas,709798,N16000518,11306,Madhya Pradesh,2023-05-01,2023-05-01,2028-05-01,2028-05-01,43367.0,43367.0,4802.7,25.5,April 2026,0,0,10.677477120940175,2023.0,5.0,60.0,8.477141733289885,0.1107454977286877,-14.425450227131229,35.0,60.0,0.0,25.0,0.0,58.333333333333336,-32.833333333333336
407,"500 KTA PDHPP Project, Usar",Ministry of Petroleum & Natural Gas,400168,N16000430,3026,Maharashtra,2021-04-01,2021-04-01,2025-04-01,2027-04-01,8797.0,11256.0,8003.66,90.7,April 2026,1,1,9.082279701908664,2021.0,4.0,48.0,8.987779151074701,0.9098169830624077,0.28169830624075587,60.0,48.0,0.0,-12.0,1.0,125.0,-34.3
408,Lube Modernization & Bottom Upgradation Project at Mumbai Refinery,Ministry of Petroleum and Natural Gas,616933,N16000540,-,Maharashtra,2024-12-01,2024-12-01,2028-03-01,2028-03-01,4679.0,4679.0,270.1,10.7,April 2026,0,0,8.451053388911692,2024.0,12.0,39.0,5.60248775650462,0.05772600983116051,-4.927399016883948,16.0,39.0,0.0,23.0,0.0,41.02564102564102,-30.325641025641023
409,Petro Resid Fluidized Catalytic Cracking [PRFCC] Unit and its associated facilities at Mumbai Refinery,Ministry of Petroleum & Natural Gas,619223,-,11911,Maharashtra,2025-05-01,2025-05-01,2029-09-01,2029-09-01,13626.0,13626.0,55.4,4.4,April 2026,0,0,9.51980839774982,2025.0,5.0,52.0,4.032469158504013,0.004065756641714369,-3.9934243358285633,11.0,52.0,0.0,41.0,0.0,21.153846153846153,-16.753846153846155
410,Augmentation of DUPL-DPPL Pipeline,Ministry of Petroleum & Natural Gas,619224,-,11913,Maharashtra,2025-06-01,2025-06-01,2028-03-01,2028-03-01,844.0,844.0,0.61,6.1,April 2026,0,0,6.739336627357174,2025.0,6.0,33.0,0.4762341789963716,0.0007227488151658768,-6.027725118483412,10.0,33.0,0.0,23.0,0.0,30.303030303030305,-24.203030303030303
411,Installation of Compression facility at GAIL Usar,Ministry of Petroleum & Natural Gas,619225,-,-,Maharashtra,2025-04-01,2025-04-01,2027-04-01,2027-04-01,260.2,260.2,0.0,0.0,April 2026,0,0,5.565286397402276,2025.0,4.0,24.0,0.0,0.0,0.0,12.0,24.0,0.0,12.0,0.0,50.0,-50.0
412,HP TDAE Unit in Mumbai Refinery,Hindustan Petroleum Corporation Limited,709760,N16000534,-,Maharashtra,2024-06-01,2024-06-01,2026-04-01,2026-06-01,240.0,240.0,151.04,85.0,April 2026,0,1,5.484796933490655,2024.0,6.0,22.0,5.024143644121048,0.6293333333333333,-22.06666666666667,22.0,22.0,0.0,0.0,0.0,100.0,-15.0
413,"City Gas Distribution Project at Beed, Jalgaon and Jalna Districts",Ministry of Petroleum & Natural Gas,709771,N16000487,-,Maharashtra,2022-03-01,2022-03-01,2031-09-01,2031-09-01,865.0,865.0,78.67,3.4,April 2026,0,0,6.763884908562435,2022.0,3.0,114.0,4.3778931033922746,0.09094797687861272,5.694797687861271,49.0,114.0,0.0,65.0,0.0,42.98245614035088,-39.58245614035088
414,Construction of Additional Tankages and Allied Facilities at JNPT Terminal,Ministry of Petroleum & Natural Gas,709780,N16000504,-,Maharashtra,2022-04-01,2022-04-01,2026-08-01,2026-08-01,341.43,436.14,300.5,70.9,April 2026,1,0,5.836067257251887,2022.0,4.0,52.0,5.70877001616724,0.8801218404943912,17.112184049439122,48.0,52.0,0.0,4.0,0.0,92.3076923076923,-21.4076923076923
415,ATF Pipeline from Jawaharlal Nehru Port Trust to Navi Mumbai International Airport,Indian Oil Corporation Limited [IOCL],709782,N16000456,-,Maharashtra,2022-08-01,2022-08-01,2025-08-01,2026-06-01,165.0,165.0,101.62,97.8,April 2026,0,1,5.111987788356544,2022.0,8.0,36.0,4.631032845513819,0.6158787878787879,-36.212121212121204,44.0,36.0,0.0,-8.0,1.0,122.22222222222223,-24.42222222222223
416,POL & LOBS Installations with Receipt Pipelines at Rasayani,Bharat Petroleum Corporation Limited [BPCL],709797,N16000519,9966,Maharashtra,2023-05-01,2023-05-01,2026-05-01,2026-05-01,2585.0,2585.0,1288.41,80.6,April 2026,0,0,7.857867559331803,2023.0,5.0,36.0,7.161940028391661,0.4984177949709865,-30.758220502901345,35.0,36.0,0.0,1.0,0.0,97.22222222222221,-16.62222222222222
417,Visakh Raipur Pipeline Project,Ministry of Petroleum and Natural Gas,616254,N16000539,-,"Multi-States (Andhra Pradesh, Chhattisgarh, Odisha)",2024-09-01,2024-09-01,2027-09-01,2027-09-01,2212.0,2212.0,498.11,34.0,April 2026,0,0,7.70210434005105,2024.0,9.0,36.0,6.2128265123397615,0.2251853526220615,-11.48146473779385,19.0,36.0,0.0,17.0,0.0,52.77777777777778,-18.77777777777778
418,North East Gas Grid,Ministry of Petroleum & Natural Gas,701346,N16000439,2106,"Multi-States (Arunachal Pradesh, Assam, Manipur, Meghalaya, Mizoram, Nagaland, Sikkim, Tripura, West Bengal)",2020-04-01,2020-04-01,2024-03-01,2026-07-01,9265.0,9265.0,6877.97,87.6,April 2026,0,1,9.134107065976593,2020.0,4.0,47.0,8.836224210417507,0.7423604964921748,-13.363950350782517,72.0,47.0,0.0,-25.0,1.0,153.19148936170214,-65.59148936170214
419,"Pipeline Rehabilitation Project, Phase-II",Ministry of Petroleum & Natural Gas,617827,-,10800,"Multi-States (Assam, Bihar, West Bengal)",2024-12-01,2024-12-01,2029-12-01,2029-12-01,680.0,680.0,8.19,24.0,April 2026,0,0,6.523562306149512,2024.0,12.0,60.0,2.2181159363675955,0.012044117647058823,-22.79558823529412,16.0,60.0,0.0,44.0,0.0,26.666666666666668,-2.666666666666668
420,"CGD Project in Banka, Dumka, Godda, Jamtara, Pakur, Sahibganj GA ID 11A.02",Hindustan Petroleum Corporation Limited,709757,N16000497,-,"Multi-States (Bihar, Jharkhand)",2022-06-01,2022-06-01,2030-06-01,2030-06-01,1377.0,1377.0,375.17,37.0,April 2026,0,0,7.228388451573604,2022.0,6.0,96.0,5.930041168870556,0.27245461147421934,-9.754538852578065,46.0,96.0,0.0,50.0,0.0,47.91666666666667,-10.916666666666671
421,Mumbai Nagpur Jharsuguda Pipeline Project,Ministry of Petroleum & Natural Gas,701354,N16000398,2523,"Multi-States (Chhattisgarh, Madhya Pradesh, Maharashtra, Odisha)",2020-06-01,2020-06-01,2023-05-01,2026-06-01,7844.25,8255.0,7070.1,98.9,April 2026,1,1,8.967663532090862,2020.0,6.0,35.0,8.863771333775489,0.9013098766612487,-8.76901233387514,70.0,35.0,0.0,-35.0,1.0,200.0,-101.1
422,Mehsana-Bhatinda & Bhatinda-Jammu Natural Gas Pipeline,Ministry of Petroleum & Natural Gas,701330,-,739,"Multi-States (Gujarat, Haryana, Punjab, Rajasthan)",2011-07-01,2011-07-01,2024-06-01,2026-12-01,7392.0,7392.0,6354.05,90.2,April 2026,0,1,8.9082888855571,2011.0,7.0,155.0,8.757005051413216,0.8595846861471862,-4.241531385281377,177.0,155.0,0.0,-22.0,1.0,114.19354838709677,-23.993548387096766
423,Gurdaspur Jammu Pipeline,Gas Authority of India Limited [GAIL],612853,N16000531,-,"Multi-States (Jammu and Kashmir, Punjab)",2023-07-01,2023-07-01,2026-07-01,2026-07-01,521.9,521.9,302.5,47.6,April 2026,0,0,6.259390241194085,2023.0,7.0,36.0,5.715381610499553,0.5796129526729259,10.36129526729259,33.0,36.0,0.0,3.0,0.0,91.66666666666666,-44.066666666666656
424,Kochi - Koottanad - Bangalore - Mangalore Pipeline Phase-II,Ministry of Petroleum & Natural Gas,701228,N16000285,803,"Multi-States (Karnataka, Kerala, Tamil Nadu)",2009-06-01,2009-06-01,2012-12-01,2026-09-01,2915.0,5909.0,4790.3,96.6,April 2026,1,1,7.977968093128549,2009.0,6.0,42.0,8.474557052330374,1.643327615780446,67.7327615780446,202.0,42.0,0.0,-160.0,1.0,480.9523809523809,-384.35238095238094
425,City Gas Distribution Maharashtra Natural Gas Limited,Ministry of Petroleum & Natural Gas,701338,-,-,"Multi-States (Karnataka, Maharashtra)",2006-01-01,2006-01-01,2031-06-01,2031-06-01,5535.0,5535.0,4230.6,47.0,April 2026,0,0,8.619027497297505,2006.0,1.0,305.0,8.35033545111262,0.7643360433604337,29.433604336043373,243.0,305.0,0.0,62.0,0.0,79.67213114754098,-32.67213114754098
426,Dhamra Haldia Pipeline Project,Ministry of Petroleum & Natural Gas,701344,N16000391,2527,"Multi-States (Odisha, West Bengal)",2020-03-01,2020-03-01,2022-11-01,2026-09-01,1030.65,1125.0,916.9,93.7,April 2026,1,1,6.938914741231239,2020.0,3.0,32.0,6.822088452225045,0.8896327560277494,-4.736724397225061,73.0,32.0,0.0,-41.0,1.0,228.125,-134.425
427,"City Gas Distribution Projects at Fazilka [except area already authorized], Ganganagar and Hanumangarh districts",Bharat Petroleum Corporation Limited [BPCL],709794,N16000520,-,"Multi-States (Punjab, Rajasthan)",2022-12-01,2022-12-01,2030-06-01,2030-06-01,3207.0,3207.0,414.52,30.8,April 2026,0,0,8.073402968986406,2022.0,12.0,90.0,6.029530747914438,0.1292547552229498,-17.874524477705023,40.0,90.0,0.0,50.0,0.0,44.44444444444444,-13.644444444444442
428,"Augmentation/ Revamping of Dimapur Depot, Dimapur",Ministry of Petroleum & Natural Gas,709786,N16000529,-,Nagaland,2023-08-01,2023-08-01,2027-11-01,2027-11-01,227.62,227.62,25.94,41.0,April 2026,0,0,5.432061236597632,2023.0,8.0,51.0,3.293612170982218,0.11396186626834198,-29.6038133731658,32.0,51.0,0.0,19.0,0.0,62.745098039215684,-21.745098039215684
429,Integrated Para Xylene [PX] and Purified Terephthalic Acid [PTA] Project at Paradip Refinery,Ministry of Petroleum & Natural Gas,604859,N16000396,3064,Odisha,2020-07-01,2020-07-01,2024-01-01,2026-08-01,13805.0,11783.0,8450.45,93.9,April 2026,0,1,9.53285855926342,2020.0,7.0,42.0,9.042093303263165,0.6121296631655198,-32.68703368344803,69.0,42.0,0.0,-27.0,1.0,164.28571428571428,-70.38571428571427
430,"City Gas Distribution [CGD] Project in Gajapati, Kandhamal, Boudh, & Sonepur GA",Ministry of Petroleum & Natural Gas,617818,-,9999,Odisha,2022-02-01,2022-02-01,2030-02-01,2031-12-01,514.91,514.91,22.08,5.9,April 2026,0,1,6.245932331664218,2022.0,2.0,96.0,3.138966441639899,0.04288128022372842,-1.6118719776271586,50.0,96.0,0.0,46.0,0.0,52.083333333333336,-46.18333333333334
431,"CUF POL Depot at Sadashibpur [Meramundali], Odisha",Ministry of Petroleum & Natural Gas,709800,-,-,Odisha,2021-04-01,2021-04-01,2026-03-01,2026-06-01,393.54,393.54,218.63,80.9,April 2026,0,1,5.9777205293157225,2021.0,4.0,59.0,5.391944312326661,0.5555470854296894,-25.34529145703106,60.0,59.0,0.0,-1.0,1.0,101.69491525423729,-20.79491525423728
432,Life Extension of 48 well platforms of Mumbai High & Heera Fields,Oil and Natural Gas Corporation Limited [ONGC],400119,N16000213,3294,Offshore,2015-12-01,2015-12-01,2018-04-01,2026-08-01,3190.69,3375.9,3123.2,90.0,April 2026,1,1,8.068305836058975,2015.0,12.0,28.0,8.046933529396908,0.9788478354211784,7.88478354211783,124.0,28.0,0.0,-96.0,1.0,442.8571428571429,-352.8571428571429
433,PRP-VIII [Group-A],Ministry of Petroleum & Natural Gas,616950,-,-,Offshore,2024-09-01,2024-09-01,2026-02-01,2026-12-01,1486.4,1486.4,529.96,53.8,April 2026,0,1,7.3047849082692,2024.0,9.0,17.0,6.27468668883767,0.3565392895586652,-18.14607104413348,19.0,17.0,0.0,-2.0,1.0,111.76470588235294,-57.964705882352945
434,Pipeline Replacement Project- PRP-IX,Ministry of Petroleum & Natural Gas,619314,-,12147,Offshore,2025-08-01,2025-08-01,2027-05-01,,6175.0,6175.0,520.71,11.3,April 2026,0,-1,8.728426091704613,2025.0,8.0,21.0,6.257111877948915,0.0843255060728745,-2.8674493927125493,8.0,21.0,0.0,13.0,0.0,38.095238095238095,-26.795238095238094
435,Daman Upside Development Project,Oil and Natural Gas Corporation Limited [ONGC],709839,N16000470,-,Offshore,2022-06-01,2022-06-01,2025-10-01,2026-12-01,4144.41,6406.9,6136.43,99.9,April 2026,1,1,8.329756977032337,2022.0,6.0,40.0,8.72216136674242,1.4806522520696555,48.165225206965545,46.0,40.0,0.0,-6.0,1.0,114.99999999999999,-15.09999999999998
436,MHN TCPP PGC BGC Project [MTPBP],Ministry of Petroleum & Natural Gas,709848,N16000526,-,Offshore,2022-06-01,2022-06-01,2026-05-01,2026-05-01,2329.45,2354.23,1613.16,92.7,April 2026,1,0,7.7538166609591705,2022.0,6.0,47.0,7.386569976506423,0.6925068149133916,-23.449318508660838,46.0,47.0,0.0,1.0,0.0,97.87234042553192,-5.172340425531914
437,PRP-VIII Group B [NH & BS Asset],Ministry of Petroleum & Natural Gas,709849,N16000533,-,Offshore,2024-06-01,2024-06-01,2026-02-01,2026-05-01,2379.84,3165.53,2654.5,97.6,April 2026,1,1,7.7752086455729055,2024.0,6.0,20.0,7.884388239862454,1.1154111200752992,13.941112007529924,22.0,20.0,0.0,-2.0,1.0,110.00000000000001,-12.40000000000002
438,Integrated Development of 4 Contract Areas under DSF-II,Ministry of Petroleum & Natural Gas,709851,N16000537,-,Offshore,2023-05-01,2023-05-01,2027-04-01,2027-04-01,6183.79,6183.79,1555.0,40.4,April 2026,0,0,8.7298483311378,2023.0,5.0,47.0,7.349873704738337,0.25146390805638613,-15.253609194361385,35.0,47.0,0.0,12.0,0.0,74.46808510638297,-34.06808510638297
439,2G Ethanol Biorefinery at Bathinda,Hindustan Petroleum Corporation Limited [HPCL],400171,N16000402,3028,Punjab,2020-05-01,2020-05-01,2023-02-01,2026-12-01,1421.46,1421.46,1263.61,95.8,April 2026,0,1,7.260143046097217,2020.0,5.0,33.0,7.142519053232027,0.8889522040718697,-6.904779592813028,71.0,33.0,0.0,-38.0,1.0,215.15151515151513,-119.35151515151513
440,City Gas Distribution Project at Pathankot District,Ministry of Petroleum & Natural Gas,709770,N16000488,-,Punjab,2022-03-01,2022-03-01,2033-09-01,2033-09-01,151.0,151.0,8.89,2.0,April 2026,0,0,5.0238805208462765,2022.0,3.0,138.0,2.2915241456346207,0.058874172185430465,3.887417218543047,49.0,138.0,0.0,89.0,0.0,35.507246376811594,-33.507246376811594
441,CBR 9 MMTPA Project,Chennai Petroleum Corporation Limited [CPCL],604795,N16000434,3278,Tamil Nadu,2021-09-01,2021-09-01,2025-06-01,2028-10-01,31580.0,36354.0,1570.83,10.2,April 2026,1,1,10.360310952919434,2021.0,9.0,45.0,7.359995824647692,0.04974129195693477,-5.225870804306522,55.0,45.0,0.0,-10.0,1.0,122.22222222222223,-112.02222222222223
442,Laying of new 28 inch Desal Water Pipeline and 10 inch Reject Water Pipeline between CPCL Manali Refinery and CPCL Desalination plant at Ennore,Chennai Petroleum Corporation Limited [CPCL],709750,-,-,Tamil Nadu,2024-01-01,2024-01-01,2025-09-01,2026-12-01,205.0,205.0,92.93,70.6,April 2026,0,1,5.327876168789581,2024.0,1.0,20.0,4.542549824006424,0.4533170731707317,-25.26829268292682,27.0,20.0,0.0,-7.0,1.0,135.0,-64.4
443,City Gas Distribution Projects at the Nilgiris and Erode districts,Bharat Petroleum Corporation Limited [BPCL],709796,N16000521,-,Tamil Nadu,2022-12-01,2022-12-01,2030-03-01,2030-03-01,3685.0,3685.0,288.66,25.4,April 2026,0,0,8.212297138229768,2022.0,12.0,87.0,5.668707821372711,0.07833378561736772,-17.566621438263226,40.0,87.0,0.0,47.0,0.0,45.97701149425287,-20.577011494252872
444,ATF Pipeline from BPCLs Malkapur POL Installation to Hyderabad International airport,Ministry of Petroleum & Natural Gas,617822,-,-,Telangana,2025-03-01,2025-03-01,2027-09-01,2027-09-01,215.0,215.0,45.69,24.7,April 2026,0,0,5.375278407684165,2025.0,3.0,30.0,3.8435300089828455,0.21251162790697672,-3.448837209302326,13.0,30.0,0.0,17.0,0.0,43.333333333333336,-18.633333333333336
445,"Creation of Gas Dehydration Facilities, Tripura Asset",Oil and Natural Gas Corporation Limited [ONGC],709837,-,-,Tripura,2022-03-01,2022-03-01,2024-05-01,2026-08-01,209.33,131.51,78.98,68.9,April 2026,0,1,5.348677725886986,2022.0,3.0,26.0,4.381776603418673,0.37729900157645824,-31.170099842354183,49.0,26.0,0.0,-23.0,1.0,188.46153846153845,-119.56153846153845
446,Kanpur LPG Bottling Plant,Ministry of Petroleum & Natural Gas,619191,-,-,Uttar Pradesh,2025-09-01,2025-09-01,2027-09-01,2027-09-01,202.0,202.0,125.69,54.0,April 2026,0,0,5.313205979041787,2025.0,9.0,24.0,4.841743157613962,0.6222277227722772,8.222772277227719,7.0,24.0,0.0,17.0,0.0,29.166666666666668,24.833333333333332
447,Bulk Loading Hub- Kanpur,Ministry of Petroleum & Natural Gas,619312,-,-,Uttar Pradesh,2025-09-01,2025-09-01,2027-09-01,2027-09-01,186.0,186.0,92.47,54.0,April 2026,0,0,5.231108616854587,2025.0,9.0,24.0,4.537640529194492,0.4971505376344086,-4.2849462365591435,7.0,24.0,0.0,17.0,0.0,29.166666666666668,24.833333333333332
448,Revamping / Augmentation of Facilities at Mathura Bitumen Plant,Ministry of Petroleum & Natural Gas,709781,N16000505,-,Uttar Pradesh,2022-04-01,2022-04-01,2027-06-01,2026-12-01,260.12,260.12,20.15,52.3,April 2026,0,0,5.564980071775742,2022.0,4.0,62.0,3.0516399054922867,0.07746424727049053,-44.553575272950944,48.0,62.0,0.0,14.0,0.0,77.41935483870968,-25.119354838709683
449,"City Gas Distribution Projects at Lakhimpur Kheri , Sitapur, Bahraich, Shravasti,Balrampur, Siddharth Nagar & Maharajganj districts",Bharat Petroleum Corporation Limited [BPCL],709795,N16000525,-,Uttar Pradesh,2022-12-01,2022-12-01,2030-06-01,2030-06-01,16654.0,16654.0,713.77,17.9,April 2026,0,0,9.72046575062778,2022.0,12.0,90.0,6.57196081262276,0.04285877266722709,-13.61412273327729,40.0,90.0,0.0,50.0,0.0,44.44444444444444,-26.544444444444444
450,Durgapur - Haldia Pipeline [Section-3B of JHBDPL Project],Ministry of Petroleum & Natural Gas,617302,N16000275,-,West Bengal,2017-03-01,2017-03-01,2020-12-01,2026-09-01,1740.0,2493.15,2363.6,94.7,April 2026,1,1,7.462214939768189,2017.0,3.0,45.0,7.768364153429013,1.3583908045977011,41.13908045977011,109.0,45.0,0.0,-64.0,1.0,242.2222222222222,-147.52222222222218
451,Siliguri-Jhapa Pipeline Project,Indian Oil Corporation Limited [IOCL],617828,-,-,West Bengal,2024-09-01,2024-09-01,2029-03-01,2029-08-01,267.0,267.0,1.92,11.2,April 2026,0,1,5.5909869805108565,2024.0,9.0,54.0,1.0715836162801904,0.007191011235955056,-10.480898876404494,19.0,54.0,0.0,35.0,0.0,35.18518518518518,-23.985185185185184
452,Siliguri Marketing Terminal [SMT] Capacity Augmentation Project,Ministry of Petroleum & Natural Gas,617837,-,-,West Bengal,2021-11-01,2021-11-01,2025-12-01,2026-09-01,484.0,484.0,310.0,87.9,April 2026,0,1,6.184148890937483,2021.0,11.0,49.0,5.739792912179234,0.640495867768595,-23.850413223140507,53.0,49.0,0.0,-4.0,1.0,108.16326530612245,-20.26326530612245
453,Haldia Panagarh Pipeline Project,Hindustan Petroleum Corporation Limited,709753,N16000478,-,West Bengal,2022-11-01,2022-11-01,2025-11-01,2026-05-01,1010.0,1107.0,846.32,95.0,April 2026,1,1,6.918695219020472,2022.0,11.0,36.0,6.7420784273162555,0.837940594059406,-11.205940594059399,41.0,36.0,0.0,-5.0,1.0,113.88888888888889,-18.888888888888886
454,"CGD Project in Malda, Birbhum, Murshidabad, Dakshin Dinajpur GA ID 11A.03",Hindustan Petroleum Corporation Limited,709758,N16000498,-,West Bengal,2022-06-01,2022-06-01,2030-06-01,2030-06-01,2628.0,2628.0,388.06,36.3,April 2026,0,0,7.874358824729881,2022.0,6.0,96.0,5.963733573369671,0.14766362252663623,-21.533637747336375,46.0,96.0,0.0,50.0,0.0,47.91666666666667,-11.616666666666674
455,"City Gas Distribution Project at East Mednipore, West Mednipore & Jhargram Districts",Ministry of Petroleum & Natural Gas,709772,N16000491,-,West Bengal,2022-03-01,2022-03-01,2031-06-01,2031-06-01,609.0,609.0,62.42,2.8,April 2026,0,0,6.413458957167357,2022.0,3.0,111.0,4.149779269110201,0.10249589490968801,7.4495894909688,49.0,111.0,0.0,62.0,0.0,44.14414414414414,-41.344144144144146
456,City Gas Distribution Projects at Alipurduar and Cooch Behar,Bharat Petroleum Corporation Limited [BPCL],709791,N16000522,-,West Bengal,2022-12-01,2022-12-01,2030-03-01,2030-03-01,1017.0,1017.0,227.8,43.6,April 2026,0,0,6.925595197110468,2022.0,12.0,87.0,5.432848259505643,0.223992133726647,-21.2007866273353,40.0,87.0,0.0,47.0,0.0,45.97701149425287,-2.3770114942528693
457,AIIMS Darbhanga,PMSSY AND Institute of NATIONAL Importance,701172,-,3216,Bihar,2020-09-01,2020-09-01,2024-09-01,,1264.0,1264.0,0.0,0.0,April 2026,0,-1,7.142827401161621,2020.0,9.0,48.0,0.0,0.0,0.0,67.0,48.0,0.0,-19.0,1.0,139.58333333333331,-139.58333333333331
458,Establishment of new GMC Jamui,"Medical Education, Ministry of Health and Family Welfare",707020,-,10127,Bihar,2019-03-01,2022-10-01,2025-10-01,,250.0,500.0,102.21,50.0,April 2026,1,-1,5.5254529391317835,2019.0,3.0,79.0,4.636765747577842,0.40884,-9.116,42.0,36.0,43.0,-6.0,1.0,116.66666666666667,-66.66666666666667
459,Establishment of new GMC Korba,"Medical Education, Ministry of Health and Family Welfare",707044,-,-,Chhattisgarh,2023-02-01,2023-10-01,2026-12-01,,325.0,322.85,177.49,54.0,April 2026,0,-1,5.786897381366708,2023.0,2.0,46.0,5.184532577241416,0.5461230769230769,0.6123076923076951,30.0,38.0,8.0,8.0,0.0,78.94736842105263,-24.94736842105263
460,Establishment of new GMC Mahasamund,"Medical Education, Ministry of Health and Family Welfare",707045,-,-,Chhattisgarh,2023-10-01,2023-10-01,2026-05-01,,325.0,325.0,321.5,82.0,April 2026,0,-1,5.786897381366708,2023.0,10.0,31.0,5.776103136235827,0.9892307692307692,16.92307692307692,30.0,31.0,0.0,1.0,0.0,96.7741935483871,-14.774193548387103
461,Establishment of new GMC Kanker,"Medical Education, Ministry of Health and Family Welfare",707046,-,-,Chhattisgarh,2020-02-01,2024-09-01,2027-03-01,,325.0,325.0,35.0,59.0,April 2026,0,-1,5.786897381366708,2020.0,2.0,85.0,3.58351893845611,0.1076923076923077,-48.230769230769226,19.0,30.0,55.0,11.0,0.0,63.33333333333333,-4.333333333333329
462,"Setting up IT Infrastructure including Network Security and Hosting at AIIMS, New Delhi",PMSSY AND Institute of NATIONAL Importance,617882,-,-,Delhi,2025-09-01,2025-09-01,2026-09-01,,358.19,358.19,0.0,0.0,April 2026,0,-1,5.883851496396862,2025.0,9.0,12.0,0.0,0.0,0.0,7.0,12.0,0.0,5.0,0.0,58.333333333333336,-58.333333333333336
463,"Redevelopment of Residential colonies at Ayur Vigyan Nagar and West Ansari Nagar campuses of AIIMS, New Delhi",PMSSY AND Institute of NATIONAL Importance,617883,-,10791,Delhi,2016-10-01,2022-06-01,2027-06-01,,4441.0,4441.0,24.68,61.0,April 2026,0,-1,8.398860004454372,2016.0,10.0,128.0,3.2457124788217606,0.005557306912857465,-60.444269308714254,46.0,60.0,68.0,14.0,0.0,76.66666666666667,-15.666666666666671
464,AIIMS Rajkot,PMSSY AND Institute of NATIONAL Importance,701170,-,3219,Gujarat,2019-01-01,2019-01-01,2026-03-01,2026-03-01,1195.0,1195.0,775.6,93.7,April 2026,0,0,7.086737934510577,2019.0,1.0,86.0,6.654925417297567,0.6490376569037657,-28.79623430962343,87.0,86.0,0.0,-1.0,1.0,101.16279069767442,-7.462790697674421
465,Establishment of new GMC Panchmahal,"Medical Education, Ministry of Health and Family Welfare",707049,-,10708,Gujarat,2022-09-01,2022-09-01,2026-03-01,,325.0,663.5,455.34,87.5,April 2026,1,-1,5.786897381366708,2022.0,9.0,42.0,6.1232381457174245,1.4010461538461538,52.604615384615386,43.0,42.0,0.0,-1.0,1.0,102.38095238095238,-14.88095238095238
466,Establishment of new GMC Porbandar,"Medical Education, Ministry of Health and Family Welfare",707050,-,10710,Gujarat,2022-04-01,2022-10-01,2024-09-01,,325.0,618.98,934.64,78.0,April 2026,1,-1,5.786897381366708,2022.0,4.0,29.0,6.841230787109509,2.8758153846153847,209.58153846153846,42.0,23.0,6.0,-19.0,1.0,182.6086956521739,-104.6086956521739
467,AIIMS Majra Rewari Haryana,PMSSY AND Institute of NATIONAL Importance,701173,N21000032,4799,Haryana,2019-02-01,2019-02-01,2026-12-01,2026-12-01,1299.0,1646.43,651.42,57.2,April 2026,1,0,7.170119543449628,2019.0,2.0,94.0,6.480688526316212,0.5014780600461893,-7.052193995381067,86.0,94.0,0.0,8.0,0.0,91.48936170212765,-34.28936170212765
468,AIIMS Kashmir at Awantipora Jammu & Kashmir,PMSSY AND Institute of NATIONAL Importance,701167,N28000150,3209,Jammu and Kashmir,2019-01-01,2019-03-01,2025-12-01,2026-12-01,1828.0,2160.84,1545.05,76.0,April 2026,1,1,7.511524648390866,2019.0,1.0,83.0,7.343458570150911,0.8452133479212254,8.52133479212253,85.0,81.0,2.0,-4.0,1.0,104.93827160493827,-28.938271604938265
469,Establishment of new GMC Koderma,"Medical Education, Ministry of Health and Family Welfare",707021,-,10126,Jharkhand,2023-09-01,2024-02-01,2026-08-01,,250.0,504.8,270.0,40.0,April 2026,1,-1,5.5254529391317835,2023.0,9.0,35.0,5.602118820879701,1.08,68.0,26.0,30.0,5.0,4.0,0.0,86.66666666666667,-46.66666666666667
470,Establishment of new GMC Chaibasa [Singhbhum],"Medical Education, Ministry of Health and Family Welfare",707022,-,-,Jharkhand,2018-06-01,2023-03-01,2025-09-01,,250.0,454.1,64.0,57.0,April 2026,1,-1,5.5254529391317835,2018.0,6.0,87.0,4.174387269895637,0.256,-31.4,37.0,30.0,57.0,-7.0,1.0,123.33333333333334,-66.33333333333334
471,Establishment of new GMC Rajgarh,"Medical Education, Ministry of Health and Family Welfare",707058,-,-,Madhya Pradesh,2021-12-01,2022-11-01,2024-04-01,,325.0,325.0,178.0,84.0,April 2026,0,-1,5.786897381366708,2021.0,12.0,28.0,5.187385805840755,0.5476923076923077,-29.230769230769226,41.0,17.0,11.0,-24.0,1.0,241.17647058823528,-157.17647058823528
472,Establishment of new GMC Mandla,"Medical Education, Ministry of Health and Family Welfare",707059,-,-,Madhya Pradesh,2023-08-01,2023-10-01,2026-04-01,,325.0,325.0,82.41,43.0,April 2026,0,-1,5.786897381366708,2023.0,8.0,32.0,4.42376820625352,0.25356923076923077,-17.643076923076922,30.0,30.0,2.0,0.0,0.0,100.0,-57.0
473,Establishment of new GMC Kapurthala,"Medical Education, Ministry of Health and Family Welfare",707069,-,11345,Punjab,2019-11-01,2027-07-01,2028-12-01,,325.0,550.0,0.0,0.0,April 2026,1,-1,5.786897381366708,2019.0,11.0,109.0,0.0,0.0,0.0,-15.0,17.0,92.0,32.0,0.0,-88.23529411764706,88.23529411764706
474,Establishment of new GMC Hoshiarpur,"Medical Education, Ministry of Health and Family Welfare",707070,-,-,Punjab,2020-01-01,2026-03-01,2028-12-01,,325.0,374.75,1.0,1.0,April 2026,1,-1,5.786897381366708,2020.0,1.0,107.0,0.6931471805599453,0.003076923076923077,-0.6923076923076923,1.0,33.0,74.0,32.0,0.0,3.0303030303030303,-2.0303030303030303
475,Establishment of new GMC Gangtok,"Medical Education, Ministry of Health and Family Welfare",707039,-,11583,Sikkim,2018-10-01,2018-12-01,2026-12-01,,250.0,635.21,666.21,92.0,April 2026,1,-1,5.5254529391317835,2018.0,10.0,98.0,6.503104838941811,2.6648400000000003,174.48400000000004,88.0,96.0,2.0,8.0,0.0,91.66666666666666,0.3333333333333428
476,ALL India Institute of Medical Sciences-AIIMS Madurai,PMSSY AND Institute of NATIONAL Importance,701168,-,4797,Tamil Nadu,2018-12-01,2018-12-01,2022-08-01,2026-10-01,1264.0,2021.51,485.02,48.0,April 2026,1,1,7.142827401161621,2018.0,12.0,44.0,6.186249775317137,0.3837183544303797,-9.628164556962027,88.0,44.0,0.0,-44.0,1.0,200.0,-152.0
477,AIIMS Bibinagar,PMSSY AND Institute of NATIONAL Importance,701171,N21000031,3220,Telangana,2018-12-01,2022-07-01,2026-06-01,2026-06-01,1028.0,1365.95,989.98,87.21,April 2026,1,0,6.9363427358340495,2018.0,12.0,90.0,6.898694352491623,0.9630155642023347,9.091556420233474,45.0,47.0,43.0,2.0,0.0,95.74468085106383,-8.53468085106384
478,Establishment of new GMC Rudrapur,"Medical Education, Ministry of Health and Family Welfare",707086,-,-,Uttarakhand,2022-10-01,2024-02-01,2026-12-01,,325.0,325.0,272.0,60.0,April 2026,0,-1,5.786897381366708,2022.0,10.0,50.0,5.60947179518496,0.8369230769230769,23.692307692307693,26.0,34.0,16.0,8.0,0.0,76.47058823529412,-16.470588235294116
479,Establishment of new GMC Pithoragarh,"Medical Education, Ministry of Health and Family Welfare",707087,-,11579,Uttarakhand,2021-08-01,2023-04-01,2026-12-01,,325.0,768.89,325.08,84.0,April 2026,1,-1,5.786897381366708,2021.0,8.0,64.0,5.78714275003436,1.0002461538461538,16.024615384615373,36.0,44.0,20.0,8.0,0.0,81.81818181818183,2.1818181818181728
480,"Construction of 350 beds + 50 Super Specialty beds ESIC Hospital Sheelanagar, Visakhapatnam, Andhra Pradesh",Employee's State Insurance Company [ESIC],612167,-,5506,Andhra Pradesh,2021-02-01,2023-04-01,2025-10-01,2026-03-01,384.27,384.27,253.37,88.0,April 2026,0,1,5.953944387194059,2021.0,2.0,56.0,5.538789899984021,0.6593540999817837,-22.064590001821628,36.0,30.0,26.0,-6.0,1.0,120.0,-32.0
481,"Construction of 200 bedded ESIC Hospital with 62 Nos Staff quarters , Beltola",Employee's State Insurance Company [ESIC],612201,-,5630,Assam,2017-12-01,2021-10-01,2025-04-01,2026-06-01,143.23,154.75,130.08,98.0,April 2026,1,1,4.971409247595418,2017.0,12.0,88.0,4.8758078238306135,0.9081896250785452,-7.181037492145478,54.0,42.0,46.0,-12.0,1.0,128.57142857142858,-30.571428571428584
482,350 Bedded [Upgradable to 500 beds] ESI Hospital at Sanand,Employee's State Insurance Company [ESIC],612186,-,5504,Gujarat,2022-06-01,2023-04-01,2026-03-01,2027-05-01,558.12,558.12,55.81,21.0,April 2026,0,1,6.326364119168874,2022.0,6.0,45.0,4.039712366569035,0.09999641654124561,-11.000358345875439,36.0,35.0,10.0,-1.0,1.0,102.85714285714285,-81.85714285714285
483,"Demolition, Construction and upgradation of ESI Hospital, Kalol, Gujarat from 50 beds to 150 beds.",Employee's State Insurance Company [ESIC],612211,-,5628,Gujarat,2022-08-01,2023-10-01,2025-10-01,2026-11-01,205.87,205.87,51.74,46.0,April 2026,0,1,5.332090576654958,2022.0,8.0,38.0,3.965374180925141,0.2513236508476223,-20.86763491523777,30.0,24.0,14.0,-6.0,1.0,125.0,-79.0
484,"Construction of 200 bed ESI Hospital at Bommasandra, Karnataka",Employee's State Insurance Company [ESIC],612745,-,5614,Karnataka,2015-02-01,2024-10-01,2027-01-01,2027-05-01,278.0,278.0,68.23,23.0,April 2026,0,1,5.631211781821365,2015.0,2.0,143.0,4.237434294689934,0.24543165467625902,1.5431654676259008,18.0,27.0,116.0,9.0,0.0,66.66666666666666,-43.66666666666666
485,"Construction of 100 bed ESI Hospital and Staff Quarters [32 Nos.] at Harohalli, Karnataka",Employee's State Insurance Company [ESIC],612748,-,5560,Karnataka,2019-07-01,2025-03-01,2027-02-01,,150.92,150.92,6.76,10.0,April 2026,0,-1,5.02335406650403,2019.0,7.0,91.0,2.048982334195127,0.044791942751126426,-5.520805724887357,13.0,23.0,68.0,10.0,0.0,56.52173913043478,-46.52173913043478
486,"Construction of 200 Bedded [Upgradable to 500 Bedded including 50 beds of SST] ESIC Hospital at Bibewadi, Pune",Employee's State Insurance Company [ESIC],612188,-,5505,Maharashtra,2018-05-01,2023-03-01,2025-09-01,2026-08-01,429.25,429.25,341.9,78.0,April 2026,0,1,6.064366435091649,2018.0,5.0,88.0,5.837438859468874,0.7965055329062317,1.650553290623165,37.0,30.0,58.0,-7.0,1.0,123.33333333333334,-45.33333333333334
487,"Construction of 200 Bedded ESIC Hospital at Butibori, Nagpur, Maharashtra.",Employee's State Insurance Company [ESIC],612213,-,5627,Maharashtra,2013-10-01,2022-08-01,2025-08-01,2026-09-01,194.93,196.7,114.39,65.5,April 2026,1,1,5.277757452582676,2013.0,10.0,142.0,4.748317695206576,0.586826040116965,-6.817395988303495,44.0,36.0,106.0,-8.0,1.0,122.22222222222223,-56.72222222222223
488,"Upgradation & Extension of ESIC Hospital and Construction of PG Hostel / Staff Housing for ESIC Hospital at Andheri, Mumbai",Employee's State Insurance Company [ESIC],616691,-,7339,Maharashtra,2008-12-01,2009-06-01,2025-08-01,2026-09-01,260.13,260.13,216.46,89.0,April 2026,0,1,5.565018367611075,2008.0,12.0,200.0,5.382014925569603,0.8321224003382924,-5.7877599661707535,202.0,194.0,6.0,-8.0,1.0,104.1237113402062,-15.1237113402062
489,"Construction of 100 Bedded ESI Hospital at Duburi, Odisha.",Employee's State Insurance Company [ESIC],612513,-,5583,Odisha,2010-12-01,2025-02-01,2027-06-01,,164.6,164.6,16.4,7.2,April 2026,0,-1,5.109575241951159,2010.0,12.0,198.0,2.856470206220483,0.09963547995139732,2.7635479951397324,14.0,28.0,170.0,14.0,0.0,50.0,-42.8
490,CONSTRUCTION OF 300 BEDDED HOSPITAL AT HARIDWAR,Employee's State Insurance Company [ESIC],612259,-,5623,Uttarakhand,2021-02-01,2021-12-01,2024-10-01,2026-03-01,102.4,297.63,334.86,84.0,April 2026,1,1,4.638604962074329,2021.0,2.0,44.0,5.816694406466862,3.2701171875,243.01171875,52.0,34.0,10.0,-18.0,1.0,152.94117647058823,-68.94117647058823
491,Jal Marg Vikas Project,Inland Waterways Authority of India [IWAI],701565,N25000072,2959,"Multi-States (Bihar, Jharkhand, Uttar Pradesh, West Bengal)",2018-01-01,2018-02-01,2023-12-01,2025-12-01,5369.18,5061.15,3990.06,81.2,April 2026,0,1,8.588616706494216,2018.0,1.0,71.0,8.291812138761836,0.7431414107927095,-6.8858589207290635,98.0,70.0,1.0,-28.0,1.0,140.0,-58.8
492,"Development of Container Terminal at Tuna-Tekra, Deendayal Port on BOT Basis Under PPP Mode",Deendayal Port Trust,609424,-,7514,Gujarat,2022-10-01,2024-03-01,2027-03-01,2027-09-01,4243.64,4243.64,2244.0,60.0,April 2026,0,1,8.353412289495536,2022.0,10.0,53.0,7.716460800176355,0.5287913206586797,-7.120867934132029,25.0,36.0,17.0,11.0,0.0,69.44444444444444,-9.444444444444443
493,"Replacement and revamping of pipeline projects in oil jetty area, Kandla",Deendayal Port Trust [DPT],701570,-,-,Gujarat,2021-09-01,2021-09-01,2023-09-01,2025-03-01,171.0,211.61,149.5,91.0,April 2026,1,1,5.147494476813453,2021.0,9.0,24.0,5.01396308418893,0.8742690058479532,-3.5730994152046804,55.0,24.0,0.0,-31.0,1.0,229.16666666666666,-138.16666666666666
494,Mechanization of Berth No.14 for handling Containers and other cargo on DBFOT basis - Phase II,New Mangalore Port Authority,617804,-,-,Karnataka,2023-12-01,2024-06-01,2027-03-01,,153.23,153.23,58.93,58.0,April 2026,0,-1,5.0384449947355225,2023.0,12.0,39.0,4.093177214470094,0.3845852639822489,-19.54147360177511,22.0,33.0,6.0,11.0,0.0,66.66666666666666,-8.666666666666657
495,Rewas Port Project,Reliance Industries Ltd,400382,-,551,Maharashtra,2019-12-01,2020-01-01,2023-03-01,,6000.0,6000.0,5999.89,88.0,April 2026,0,-1,8.699681400989514,2019.0,12.0,39.0,8.699663070543224,0.9999816666666668,11.998166666666677,75.0,38.0,1.0,-37.0,1.0,197.36842105263156,-109.36842105263156
496,Deepening and Optimization of Inner Harbour facilities including development of Western Dock on BOT basis to handle Cape size vessels,Paradip Port Trust [PPT],701574,-,2250,Odisha,2022-05-01,2023-01-01,2027-12-01,2028-10-01,3004.63,3004.63,2117.12,70.0,April 2026,0,1,8.008242475578058,2022.0,5.0,67.0,7.658284181780187,0.704619204361269,0.4619204361269027,39.0,59.0,8.0,20.0,0.0,66.10169491525424,3.8983050847457577
497,National Maritime Heritage Complex [NMHC] Phase-I,Indian Port Rail & Ropeway Corporation Ltd. [IPRCL],707215,-,3109,Gujarat,2019-02-01,2022-01-01,2024-03-01,2026-03-01,573.0,1238.05,614.91,76.12,April 2026,1,1,6.352629396319567,2019.0,2.0,61.0,6.423100848963202,1.0731413612565444,31.19413612565444,51.0,26.0,35.0,-25.0,1.0,196.15384615384613,-120.03384615384613
498,Integrated Multi Modal Logistics Hub at Nangal Chaudhary in Haryana - Other Trunk Infrastructure Development Phase 1,National Highways & Infrastructure Development Corporation Ltd. [NHIDCL],707410,-,4123,Haryana,2018-05-01,2021-12-01,2023-12-01,2028-05-01,763.0,763.0,430.0,60.0,April 2026,0,1,6.638567789166521,2018.0,5.0,67.0,6.066108090103747,0.563564875491481,-3.643512450851894,52.0,24.0,43.0,-28.0,1.0,216.66666666666666,-156.66666666666666
499,Orvakal Industrial Area,NICDC,617727,-,9936,Andhra Pradesh,2024-08-01,2025-10-01,2028-10-01,,2786.0,2786.0,112.0,6.14,April 2026,0,-1,7.932721027481948,2024.0,8.0,50.0,4.727387818712341,0.04020100502512563,-2.1198994974874372,6.0,36.0,14.0,30.0,0.0,16.666666666666664,-10.526666666666664
500,Kopparthy Industrial Area,NICDC,617729,-,9937,Andhra Pradesh,2024-08-01,2025-10-01,2028-10-01,,2136.0,2136.0,39.75,3.0,April 2026,0,-1,7.667158255319148,2024.0,8.0,50.0,3.7074558396868715,0.018609550561797753,-1.1390449438202246,6.0,36.0,14.0,30.0,0.0,16.666666666666664,-13.666666666666664
501,Krishnapatnam Node - Phase 1 - Roads and Services Development,National Industrial Corridor Development Corporation,701658,-,4122,Andhra Pradesh,2020-12-01,2024-02-01,2028-02-01,,2139.44,2139.44,814.26,39.14,April 2026,0,-1,7.6687666943582125,2020.0,12.0,86.0,6.703507080770219,0.38059492203567286,-1.0805077964327126,26.0,48.0,38.0,22.0,0.0,54.166666666666664,-15.026666666666664
502,Tumakuru Node - Phase 1 - Roads and Services Development,National Highways & Infrastructure Development Corporation Ltd. [NHIDCL],701657,-,4121,Karnataka,2020-12-01,2023-02-01,2026-09-01,,1701.81,1701.81,278.35,23.18,April 2026,0,-1,7.440035106617044,2020.0,12.0,69.0,5.632465475905158,0.16356114959954404,-6.823885040045596,38.0,43.0,26.0,5.0,0.0,88.37209302325581,-65.19209302325581
503,Development of Palakkad Node under extension of CBIC to Kochi,National Industrial Corridor Development Corporation,701668,-,9941,Kerala,2024-08-01,2025-10-01,2029-04-01,,3805.0,3805.0,0.0,1.0,April 2026,0,-1,8.244334047856094,2024.0,8.0,56.0,0.0,0.0,-1.0,6.0,42.0,14.0,36.0,0.0,14.285714285714285,-13.285714285714285
504,Development of Zaheerabad Node under Hyderabad Nagpur Industrial Corridor,National Industrial Corridor Development Corporation,601812,-,9939,Telangana,2024-08-01,2026-02-01,2029-01-01,,2360.0,2360.0,0.0,0.3,April 2026,0,-1,7.766840537085513,2024.0,8.0,53.0,0.0,0.0,-0.3,2.0,35.0,18.0,33.0,0.0,5.714285714285714,-5.414285714285715
505,IMC at Prayagraj,National Industrial Corridor Development Corporation,707419,-,9938,Uttar Pradesh,2024-08-01,2026-04-01,2028-12-01,,658.0,658.0,0.0,6.5,April 2026,0,-1,6.490723534502507,2024.0,8.0,52.0,0.0,0.0,-6.5,0.0,32.0,20.0,32.0,0.0,0.0,6.5
506,Capacity expansion of Deposit-14 and 14 NMZ at Kirandul,National Mineral Development Corporation Limited [NMDC],615202,-,6244,Chhattisgarh,2021-08-01,2022-07-01,2028-12-01,2028-03-01,1700.0,1756.2,258.41,20.3,April 2026,1,0,7.438971592395862,2021.0,8.0,88.0,5.558409821640448,0.15200588235294119,-5.0994117647058825,45.0,77.0,11.0,32.0,0.0,58.44155844155844,-38.141558441558445
507,Replacement of Hot Leveller No.1 of Plate Mill at Bhilai Steel Plant,Steel Authority of India Limited [SAIL],617243,N12000137,-,Chhattisgarh,2024-07-01,2024-08-01,2026-07-01,,198.62,198.62,75.16,79.73,April 2026,0,-1,5.29641555925844,2024.0,7.0,24.0,4.33283639048311,0.37841103614943106,-41.888896385056896,20.0,23.0,1.0,3.0,0.0,86.95652173913044,-7.226521739130433
508,"Replacement of Converter Vessels, Trunnion Rings, Support System & Installation of Secondary Emission at Bhilai Steel Plant",Steel Authority of India Limited [SAIL],617255,N12000131,-,Chhattisgarh,2023-10-01,2023-12-01,2026-06-01,,471.83,471.83,239.59,67.07,April 2026,0,-1,6.1587359158555595,2023.0,10.0,32.0,5.4830942399170555,0.5077888222453002,-16.29111777546997,28.0,30.0,2.0,2.0,0.0,93.33333333333333,-26.263333333333335
509,Rebuilding of Coke Oven Battery No.7 & 8 at Bhilai Steel Plant,Steel Authority of India Limited [SAIL],617256,N12000133,-,Chhattisgarh,2023-11-01,2024-01-01,2025-10-01,2026-03-01,884.1,884.1,601.25,89.99,April 2026,0,1,6.785700632974831,2023.0,11.0,23.0,6.400672641494981,0.6800701278135958,-21.982987218640417,27.0,21.0,2.0,-6.0,1.0,128.57142857142858,-38.58142857142859
510,NMDC Slurry Pipeline Project Phase-1,National Mineral Development Corporation Limited [NMDC],706811,N12000124,870,Chhattisgarh,2015-11-01,2020-09-01,2023-06-01,2026-05-01,2907.0,5427.0,3607.64,94.1,April 2026,1,1,7.97522083865341,2015.0,11.0,91.0,8.191086249043924,1.2410182318541452,30.001823185414523,67.0,33.0,58.0,-34.0,1.0,203.03030303030303,-108.93030303030304
511,SCREENING PLANT-III AT KIRANDUL,National Mineral Development Corporation Limited [NMDC],709826,N12000127,-,Chhattisgarh,2009-01-01,2021-10-01,2026-01-01,2027-07-01,2718.84,2718.84,1524.61,82.17,April 2026,0,1,7.908328334030459,2009.0,1.0,204.0,7.330149609062839,0.5607575289461681,-26.09424710538319,54.0,51.0,153.0,-3.0,1.0,105.88235294117648,-23.712352941176476
512,"New Sinter Plant at BSL, SAIL",Steel Authority of India Limited [SAIL],400174,N12000095,3020,Jharkhand,2015-03-01,2015-10-01,2017-10-01,2027-06-01,1034.01,1752.3,980.24,59.78,April 2026,1,1,6.942166367488543,2015.0,3.0,31.0,6.888817077961886,0.9479985686792197,35.01985686792197,126.0,24.0,7.0,-102.0,1.0,525.0,-465.22
513,Replacement of existing Grinders in CRM-I & II at Bokaro Steel Plant,Steel Authority of India Limited [SAIL],617249,N12000142,-,Jharkhand,2025-01-01,2025-02-01,2027-01-01,,211.94,211.94,58.64,47.5,April 2026,0,-1,5.3610104358864605,2025.0,1.0,24.0,4.088326489896538,0.27668207983391524,-19.831792016608475,14.0,23.0,1.0,9.0,0.0,60.86956521739131,-13.369565217391312
514,Secondary Emission Control in Converters of SMS-II at Bokaro Steel Plant,Steel Authority of India Limited [SAIL],617250,N12000143,-,Jharkhand,2025-01-01,2025-02-01,2026-10-01,,207.13,207.13,57.34,39.92,April 2026,0,-1,5.33816288447016,2025.0,1.0,21.0,4.066287964439575,0.2768309757157341,-12.236902428426589,14.0,20.0,1.0,6.0,0.0,70.0,-30.08
515,Revamping of old sub-systems of Blast Furnace 3 at Bokaro Steel Plant,Steel Authority of India Limited [SAIL],617253,N12000129,9899,Jharkhand,2023-08-01,2023-10-01,2025-07-01,2026-05-01,513.82,513.82,408.4,97.3,April 2026,0,1,6.243817325006178,2023.0,8.0,23.0,6.014692673227189,0.7948308746253551,-17.81691253746449,30.0,21.0,2.0,-9.0,1.0,142.85714285714286,-45.557142857142864
516,Replacement of remaining 04 sets of Battery Cyclones with 04 Nos. of ESPs in Sinter Plant-1 at Bokaro Steel Plant,Steel Authority of India Limited [SAIL],617254,N12000134,-,Jharkhand,2024-03-01,2024-04-01,2026-06-01,2027-04-01,260.37,260.37,102.86,44.17,April 2026,0,1,5.565937027962764,2024.0,3.0,27.0,4.6430438384161725,0.39505319353228097,-4.664680646771906,24.0,26.0,1.0,2.0,0.0,92.3076923076923,-48.137692307692305
517,Rebuilding of Coke Oven Battery No.6 at Bokaro Steel Plant,Steel Authority of India Limited [SAIL],617257,N12000135,-,Jharkhand,2023-11-01,2023-12-01,2026-11-01,,627.31,627.31,330.82,61.84,April 2026,0,-1,6.443033675245955,2023.0,11.0,36.0,5.8045926532152095,0.5273628668441441,-9.103713315585594,28.0,35.0,1.0,7.0,0.0,80.0,-18.159999999999997
518,"Construction of Screening Plant-II for Donimalai and Kumaraswamy Iron Ore Mining Complex of NMDC Limited at Ballari Dt, Karnataka.",National Mineral Development Corporation Limited [NMDC],400121,N12000136,3282,Karnataka,2014-11-01,2024-06-01,2026-08-01,,1043.63,1043.63,609.8,63.1,April 2026,0,-1,6.951418034716751,2014.0,11.0,141.0,6.414769573344477,0.5843066987342256,-4.669330126577442,22.0,26.0,115.0,4.0,0.0,84.61538461538461,-21.515384615384612
519,Rebuilding of COB 4 at Durgapur Steel Plant,Steel Authority of India Limited [SAIL],612781,N12000132,5635,West Bengal,2023-09-01,2023-09-01,2026-12-01,2027-09-01,916.78,916.78,206.54,33.66,April 2026,0,1,6.821957710483379,2023.0,9.0,39.0,5.3353240921771325,0.22528850978424486,-11.13114902157551,31.0,39.0,0.0,8.0,0.0,79.48717948717949,-45.82717948717949
520,Installation of New Bar Mill at Durgapur Steel Plant,Steel Authority of India Limited [SAIL],617242,N12000138,9902,West Bengal,2024-07-01,2024-08-01,2027-06-01,,2115.44,2115.44,564.14,57.55,April 2026,0,-1,7.657490710870274,2024.0,7.0,35.0,6.337073488062781,0.266677381537647,-30.8822618462353,20.0,34.0,1.0,14.0,0.0,58.82352941176471,-1.273529411764713
521,Up-gradation of Blast Furnace No. 3 at Durgapur Steel Plant,Steel Authority of India Limited [SAIL],617246,N12000139,9900,West Bengal,2024-09-01,2024-10-01,2026-06-01,2027-10-01,758.09,758.09,219.33,38.12,April 2026,0,1,6.632120347441023,2024.0,9.0,21.0,5.395126422476097,0.2893192101201704,-9.188078987982955,18.0,20.0,1.0,2.0,0.0,90.0,-51.88
522,Third Ladle Furnace in Secondary Refinery Unit at IISCO Steel Plant,Steel Authority of India Limited [SAIL],617248,N12000141,-,West Bengal,2024-11-01,2024-12-01,2026-07-01,,227.96,227.96,75.66,66.37,April 2026,0,-1,5.43354731580814,2024.0,11.0,20.0,4.339380059952409,0.3319003333918231,-33.17996666081769,16.0,19.0,1.0,3.0,0.0,84.21052631578947,-17.84052631578946
523,Revamping of Air Pollution Control Systems of SP-1 at Durgapur Steel Plant,Steel Authority of India Limited [SAIL],617251,N12000140,-,West Bengal,2024-07-01,2024-12-01,2026-05-01,,196.4,196.4,35.36,24.8,April 2026,0,-1,5.285232126999381,2024.0,7.0,22.0,3.5934692693092782,0.180040733197556,-6.795926680244399,16.0,17.0,5.0,1.0,0.0,94.11764705882352,-69.31764705882352
524,Stamp Charge Battery No.12 Battery Proper at IISCO Steel Plant,Steel Authority of India Limited [SAIL],617338,-,9892,West Bengal,2025-01-01,2025-02-01,2028-07-01,,2518.39,2518.39,375.65,22.5,April 2026,0,-1,7.831772087711309,2025.0,1.0,42.0,5.931316374271703,0.14916275874665957,-7.583724125334042,14.0,41.0,1.0,27.0,0.0,34.146341463414636,-11.646341463414636
525,Nadikudi - Srikalahasti New Line,South Central Railway [SCR] - II,400298,N22000286,1204,Andhra Pradesh,2012-03-01,2016-12-01,2027-05-01,2028-03-01,2312.0,5932.0,3069.35,55.01,April 2026,1,1,7.746300662231439,2012.0,3.0,182.0,8.029546840597652,1.3275735294117648,77.74735294117647,112.0,125.0,57.0,13.0,0.0,89.60000000000001,-34.59000000000001
526,GOOTY-PENDEKALLU DOUBLING 29.225 Km,South Central Railway [SCR] - II,611752,N22000585,-,Andhra Pradesh,2023-03-01,2023-06-01,2027-03-01,2027-03-01,351.83,351.83,330.25,3.03,April 2026,0,0,5.865986354531055,2023.0,3.0,48.0,5.802873377300432,0.9386635591052498,90.83635591052497,34.0,45.0,3.0,11.0,0.0,75.55555555555556,-72.52555555555556
527,GUNTAKAL WEST-MALLAPPA GATE RAIL OVER RAIL - ROR TRACK,South Central Railway [SCR] - II,611754,-,-,Andhra Pradesh,2023-07-01,2023-07-01,2026-07-01,,293.3,293.3,267.51,0.23,April 2026,0,-1,5.684599655239428,2023.0,7.0,36.0,5.592888157203239,0.9120695533583361,90.97695533583361,33.0,36.0,0.0,3.0,0.0,91.66666666666666,-91.43666666666665
528,Kurnool - Setting up facilities for coach midlife rehabilitation workshop,WPO/Patna,611927,-,5430,Andhra Pradesh,2014-01-01,2017-10-01,2023-12-01,,560.72,560.72,276.66,65.0,April 2026,0,-1,6.3310035050999796,2014.0,1.0,119.0,5.626397343606657,0.49340134113282924,-15.659865886717078,102.0,74.0,45.0,-28.0,1.0,137.83783783783784,-72.83783783783784
529,Flyover between Pendurthi and Simhachalam North to avoid surface crossing at Simhachalam 7.135 km PB 73 of 2023 24 NR,East Coast Railway [ECoR] - II,612827,-,-,Andhra Pradesh,2023-04-01,2024-05-01,2027-04-01,,183.65,183.65,14.79,15.0,April 2026,0,-1,5.2184621412985726,2023.0,4.0,48.0,2.7593768282675506,0.08053362374081131,-6.946637625918868,23.0,35.0,13.0,12.0,0.0,65.71428571428571,-50.71428571428571
530,3rd & 4th line between Vadlapudi -Gate Jn. cabin and Tie line between Gate Junction to Gangavaram port,East Coast Railway [ECoR] - II,616697,-,-,Andhra Pradesh,2023-04-01,2024-03-01,2026-06-01,,154.28,154.28,58.16,75.0,April 2026,0,-1,5.045229938860754,2023.0,4.0,38.0,4.080245637842599,0.37697692507129893,-37.302307492870106,25.0,27.0,11.0,2.0,0.0,92.5925925925926,-17.592592592592595
531,Tiupati Katpadi 104.39 kms,South Central Railway [SCR] - II,617210,-,7532,Andhra Pradesh,2025-04-01,2025-04-01,2029-03-01,,1215.56,1215.56,0.16,0.05,April 2026,0,-1,7.103782482832203,2025.0,4.0,47.0,0.1484200051182733,0.0001316265754055744,-0.03683734245944256,12.0,47.0,0.0,35.0,0.0,25.53191489361702,-25.48191489361702
532,3rd Line between Gudur Renigunta 83.17 Km,South Central Railway [SCR] - II,617216,-,7545,Andhra Pradesh,2024-10-01,2024-10-01,2027-03-01,,877.34,877.34,205.35,0.16,April 2026,0,-1,6.778033762411376,2024.0,10.0,29.0,5.329573756198591,0.2340597715822828,23.245977158228282,18.0,29.0,0.0,11.0,0.0,62.06896551724138,-61.908965517241384
533,Kurnool Coach Midlife Rehabilitation Project,South Central Railway [SCR] - II,705253,-,-,Andhra Pradesh,2016-05-01,2014-07-01,2020-12-01,2026-12-01,563.0,560.72,949.34,75.0,April 2026,0,1,6.335054251498059,2016.0,5.0,55.0,6.856819815302384,1.6862166962699823,93.62166962699823,141.0,77.0,-22.0,-64.0,1.0,183.11688311688312,-108.11688311688312
534,Kotapalli - Narasapur New Line,South Central Railway [SCR] - II,705436,220100265,1800,Andhra Pradesh,2009-03-01,2013-09-01,2028-03-01,2028-03-01,2501.0,2501.0,1417.65,30.01,April 2026,0,0,7.824845691026856,2009.0,3.0,228.0,7.25746099416406,0.5668332666933227,26.673326669332265,151.0,174.0,54.0,23.0,0.0,86.7816091954023,-56.77160919540229
535,Guntur-Guntakal Doubling Project,South Central Railway [SCR] - II,705633,N22000368,1799,Andhra Pradesh,2017-03-01,2017-11-01,2025-12-01,2026-12-01,3733.0,4295.0,5523.6,94.01,April 2026,1,1,8.225235324101668,2017.0,3.0,105.0,8.616966125575033,1.479667827484597,53.95678274845967,101.0,97.0,8.0,-4.0,1.0,104.1237113402062,-10.113711340206194
536,Vijaywada-Gudur 3rd Line,RVNL - II,705648,N22000369,1873,Andhra Pradesh,2016-08-01,2018-04-01,2024-11-01,2026-03-01,6654.0,6654.0,6170.32,96.0,April 2026,0,1,8.803123730829212,2016.0,8.0,99.0,8.727668032429545,0.9273098887886985,-3.2690111211301485,96.0,79.0,20.0,-17.0,1.0,121.51898734177216,-25.51898734177216
537,Furkating-New Tinsukia[194 Km],Northeast Frontier Railway [NFR],618986,-,10768,Assam,2025-09-01,2025-09-01,2029-06-01,,3633.58,3633.58,0.0,0.0,April 2026,0,-1,8.198248839963227,2025.0,9.0,45.0,0.0,0.0,0.0,7.0,45.0,0.0,38.0,0.0,15.555555555555555,-15.555555555555555
538,Doubling of New Bonggigaon to Kamakhya via Goalpara - 176 km,Northeast Frontier Railway [NFR],705572,N22000388,1796,Assam,2016-09-01,2016-09-01,2026-03-01,2026-03-01,4060.0,4961.0,3797.35,95.13,April 2026,1,0,8.309184527686298,2016.0,9.0,114.0,8.242322040891473,0.935307881773399,-1.599211822660095,115.0,114.0,0.0,-1.0,1.0,100.87719298245614,-5.747192982456141
539,Guwahati-Dibrugarh via Tinsukia & Simaluguri-Dibrugarh,Central Organisation for Railway Electrification [CORE],706922,-,3221,Assam,2020-09-01,2018-09-01,2020-09-01,2024-06-01,890.36,889.36,391.73,89.0,April 2026,0,1,6.792748386272505,2020.0,9.0,0.0,5.973122352860117,0.43996810278988274,-45.00318972101172,91.0,24.0,-24.0,-67.0,1.0,379.16666666666663,-290.16666666666663
540,"Mariani-Jorhat, Tinsukia-Dangri and Makum -TirapTrack Electrification Project",GM/C/ NFR,706940,-,-,Assam,2018-09-01,2022-01-01,2024-05-01,,183.99,183.99,0.0,0.0,April 2026,0,-1,5.220301769563298,2018.0,9.0,68.0,0.0,0.0,0.0,51.0,28.0,40.0,-23.0,1.0,182.14285714285714,-182.14285714285714
541,Harmuty-Murkongselek Branch Line Electrification Project,GM/C/ NFR,706942,-,-,Assam,2018-09-01,2022-01-01,2024-05-01,,237.52,237.52,0.0,0.0,April 2026,0,-1,5.474453164254905,2018.0,9.0,68.0,0.0,0.0,0.0,51.0,28.0,40.0,-23.0,1.0,182.14285714285714,-182.14285714285714
542,Sakri -Hasanpur [via Harnagar - Kusheshwar Asthan] New Railway line,East Central Railway [ECR] - I,400254,-,1731,Bihar,2023-12-01,1997-08-01,2024-12-01,2027-03-01,735.2,735.2,589.37,84.2,April 2026,0,1,6.601501820944921,2023.0,12.0,12.0,6.380749458987108,0.801645810663765,-4.035418933623504,344.0,328.0,-316.0,-16.0,1.0,104.8780487804878,-20.6780487804878
543,Construction of Bulb line at Nabinagar Ankorah of East Central Railway,East Central Railway [ECR] - I,617231,-,9908,Bihar,2024-06-01,2024-06-01,2028-06-01,,611.74,611.74,0.0,0.0,April 2026,0,-1,6.417940702405611,2024.0,6.0,48.0,0.0,0.0,0.0,22.0,48.0,0.0,26.0,0.0,45.83333333333333,-45.83333333333333
544,Doubling of Narkatiaganj Raxaul Sitamarhi Darbhanga & Sitamarhi Muzaffarpur 256 KM,East Central Railway [ECR] - I,617239,-,9904,Bihar,2024-11-01,2025-11-01,2029-11-01,,4079.95,4079.95,2.67,0.0,April 2026,0,-1,8.314085083431706,2024.0,11.0,60.0,1.3001916620664788,0.0006544197845561833,0.06544197845561833,5.0,48.0,12.0,43.0,0.0,10.416666666666668,-10.416666666666668
545,Khagaria-Kusheshwar Asthan [42Km] new line project,East Central Railway [ECR] - I,705364,220100257,1883,Bihar,2019-04-01,1998-12-01,2024-12-01,2027-03-01,614.0,1384.16,491.2,55.7,April 2026,1,1,6.421622267806518,2019.0,4.0,68.0,6.198885137956956,0.7999999999999999,24.299999999999997,328.0,312.0,-244.0,-16.0,1.0,105.12820512820514,-49.428205128205136
546,Hajipur-Sagauli New line,East Central Railway [ECR] - I,705366,220100303,1729,Bihar,2007-10-01,2004-10-01,2020-03-01,2027-06-01,2067.0,2087.0,2084.14,75.3,April 2026,1,1,7.63433723562832,2007.0,10.0,149.0,7.642591278261665,1.0082922109337202,25.52922109337203,258.0,185.0,-36.0,-73.0,1.0,139.45945945945945,-64.15945945945946
547,Araria Supaul New BG Line,East Central Railway [ECR] - I,705368,N22000177,2265,Bihar,2018-06-01,2009-03-01,2024-03-01,2027-01-01,1605.0,2514.0,1711.89,46.7,April 2026,1,1,7.381501894506707,2018.0,6.0,69.0,7.445937281434472,1.0665981308411216,59.959813084112156,205.0,180.0,-111.0,-25.0,1.0,113.88888888888889,-67.18888888888888
548,"Fatuha-Islampur incl. MM for extn.of NL from Neora to Daniawan , Daniawan to Biharsharif, Biharsharif to Barbigha , Barbigha to Shekhpura",East Central Railway [ECR] - I,705373,N22000476,2260,Bihar,2002-08-01,2002-03-01,2023-03-01,2025-08-01,1473.0,2882.0,2641.14,98.0,April 2026,1,1,7.295735072749282,2002.0,8.0,247.0,7.879344473837312,1.7930346232179226,81.30346232179227,289.0,252.0,-5.0,-37.0,1.0,114.68253968253967,-16.68253968253967
549,Jogbani-Biratnagar New Rail Line project,Indian Railway Construction International Limited [IRCON],705450,N22000207,1904,Bihar,2010-06-01,2011-01-01,2022-03-01,2026-12-01,402.0,486.0,369.28,86.26,April 2026,1,1,5.998936561946683,2010.0,6.0,141.0,5.91425947619901,0.9186069651741293,5.600696517412928,183.0,134.0,7.0,-49.0,1.0,136.56716417910448,-50.307164179104475
550,Samastipur-Darbhanga Doubling Railway Project,East Central Railway [ECR] - I,705526,N22000329,2308,Bihar,2015-11-01,2015-12-01,2025-03-01,2025-10-01,519.0,519.0,401.84,97.0,April 2026,0,1,6.253828811575473,2015.0,11.0,112.0,5.998539460779944,0.7742581888246628,-19.574181117533726,124.0,111.0,1.0,-13.0,1.0,111.7117117117117,-14.7117117117117
551,Sagauli-Valmiknagar,East Central Railway [ECR] - I,705527,N22000472,2309,Bihar,2018-03-01,2017-03-01,2025-12-01,2025-12-01,1216.0,2222.0,2097.52,92.8,April 2026,1,0,7.104144092987527,2018.0,3.0,93.0,7.648987613345337,1.7249342105263157,79.69342105263156,109.0,105.0,-12.0,-4.0,1.0,103.80952380952382,-11.009523809523827
552,Muzaffarpur-Sugauli,East Central Railway [ECR] - I,705528,N22000473,2310,Bihar,2018-03-01,2017-03-01,2024-06-01,2026-06-01,1586.0,1586.0,1494.93,99.0,April 2026,0,1,7.369600720526409,2018.0,3.0,75.0,7.310503365995818,0.942578814627995,-4.742118537200497,109.0,87.0,-12.0,-22.0,1.0,125.28735632183907,-26.28735632183907
553,Rampur Dumra-Tal-Rajendrapul Additional Bridge and Railway Line Doubling,Indian Railway Construction International Limited [IRCON],706759,N22000350,1753,Bihar,2016-03-01,2017-05-01,2024-12-01,2025-12-01,2373.64,1700.24,1610.45,98.5,April 2026,0,1,7.772601126032123,2016.0,3.0,105.0,7.384889673780661,0.678472725434354,-30.652727456564605,107.0,91.0,14.0,-16.0,1.0,117.58241758241759,-19.08241758241759
554,Barauni-Bachwara [16 km] - 3rd & 4th line incl. Barauni yard remodelling [32 km],East Central Railway [ECR] - I,706860,N22000524,9923,Bihar,2022-10-01,2025-08-01,2025-08-01,2026-10-01,645.0,645.0,47.53,56.7,April 2026,0,1,6.470799503782602,2022.0,10.0,34.0,3.882182163417125,0.07368992248062016,-49.33100775193799,8.0,0.0,34.0,-8.0,1.0,,
555,JHAJHA - BATIA,East Central Railway [ECR] - I,900874,-,9901,Bihar,2023-03-01,2023-03-01,2028-03-01,2030-01-01,588.18,588.18,2.38,0.1,April 2026,0,1,6.378731739681057,2023.0,3.0,60.0,1.2178757094949273,0.004046380359753817,0.30463803597538164,37.0,60.0,0.0,23.0,0.0,61.66666666666667,-61.56666666666667
556,Kharsia-Dharamjaygarh with Spur line [East Corridor-Phase 1],Indian Railway Construction International Limited [IRCON],400220,N22000489,2094,Chhattisgarh,2016-03-01,2014-01-01,2018-09-01,2026-12-01,3055.0,3798.06,2695.19,95.1,April 2026,1,1,8.024862150286411,2016.0,3.0,30.0,7.899594944326415,0.8822225859247136,-6.877741407528632,147.0,56.0,-26.0,-91.0,1.0,262.5,-167.4
557,Doubling of Kirandul-Jagdalpur Line [150 km],East Coast Railway [ECoR] - II,400291,N22000318,1456,Chhattisgarh,2013-02-01,2013-03-01,2020-03-01,2027-04-01,1589.0,1798.0,1656.54,97.6,April 2026,1,1,7.371489295214277,2013.0,2.0,85.0,7.413089854498843,1.0425047199496538,6.650471994965386,157.0,84.0,1.0,-73.0,1.0,186.9047619047619,-89.3047619047619
558,Gauge Conversion of Kendri-Dhamtari including Abhanpur - Rajim Branch line 67.20 Kms - 2nd Material Modification to Raipur Titlagarh doubling.,SECR,602792,N22000572,9922,Chhattisgarh,2011-07-01,2021-05-01,2025-02-01,2026-06-01,1171.0,1171.0,404.58,100.0,April 2026,0,1,7.066466970136958,2011.0,7.0,163.0,6.0053181413965175,0.3454995730145175,-65.45004269854826,59.0,45.0,118.0,-14.0,1.0,131.11111111111111,-31.111111111111114
559,4th line between Nipania Bhatapara 14.4 Km,South East Central Railway [SECR] - II,612815,N22000573,-,Chhattisgarh,2022-12-01,2024-05-01,2027-03-01,,170.49,170.49,9.56,15.0,April 2026,0,-1,5.1445249558680555,2022.0,12.0,51.0,2.3570732782781154,0.05607367000997126,-9.392632999002874,23.0,34.0,17.0,11.0,0.0,67.64705882352942,-52.64705882352942
560,KHARSIA- NAYA RAIPUR-PARMALKASA 5th and 6th Line [278KM],CAO/C/SECR,617200,-,7527,Chhattisgarh,2025-04-01,2025-04-01,2031-03-01,,7853.84,7853.84,0.64,0.0,April 2026,0,-1,8.96888518129067,2025.0,4.0,71.0,0.49469624183610705,8.148880038299736e-05,0.008148880038299736,12.0,71.0,0.0,59.0,0.0,16.901408450704224,-16.901408450704224
561,"Dallirajhara - Rowghat New Rail Line Project, Phase-I",Rail Vikas Nigam Limited,617374,N22000602,-,Chhattisgarh,2009-07-01,2009-11-01,2025-03-01,2026-02-01,1516.45,1881.26,2124.32,98.0,April 2026,1,1,7.324786573461665,2009.0,7.0,188.0,7.661677658256541,1.4008506709749746,42.08506709749747,197.0,184.0,4.0,-13.0,1.0,107.06521739130434,-9.065217391304344
562,Dallirajhra- Rowghat New Railway Line - Phase I [95 km],Rail Vikas Nigam Limited,705433,-,386,Chhattisgarh,2009-07-01,2009-12-01,2025-09-01,2025-12-01,1628.0,1628.0,1440.85,82.0,April 2026,0,1,7.395721608602045,2009.0,7.0,194.0,7.27368229024281,0.8850429975429975,6.504299754299751,196.0,189.0,5.0,-7.0,1.0,103.7037037037037,-21.703703703703695
563,Gevra Road-Pendra Road New Railway Line [135 km],Indian Railway Construction International Limited [IRCON],705444,-,2095,Chhattisgarh,2014-04-01,2014-04-01,2022-03-01,2026-12-01,4970.0,7448.52,5152.72,82.0,April 2026,1,1,8.511376306094673,2014.0,4.0,95.0,8.547474063000044,1.036764587525151,21.676458752515103,144.0,95.0,0.0,-49.0,1.0,151.57894736842107,-69.57894736842107
564,Boridand - Ambikapur Doubling Line Project,South East Central Railway [SECR] - II,706854,N22000580,-,Chhattisgarh,2022-06-01,2022-04-01,2030-06-01,2030-06-01,1376.0,1576.72,258.97,27.0,April 2026,1,0,7.227662498728654,2022.0,6.0,96.0,5.560566239742826,0.18820494186046513,-8.179505813953487,48.0,98.0,-2.0,50.0,0.0,48.97959183673469,-21.97959183673469
565,4TH LINE - BHATAPARA-HATHBAND [8.8 KM] [PB-72/NR/2022-23],SECR,709815,N22000574,-,Chhattisgarh,2022-09-01,2024-05-01,2027-01-01,2027-12-01,177.03,177.03,4.8,16.0,April 2026,0,1,5.181952075416771,2022.0,9.0,52.0,1.7578579175523736,0.02711404846636163,-13.288595153363836,23.0,32.0,20.0,9.0,0.0,71.875,-55.875
566,4TH LINE - BHILAI-BHILAI NAGAR [8.8 KM] [PB-72/NR/2022-23],SECR,709816,N22000575,-,Chhattisgarh,2022-09-01,2024-05-01,2027-02-01,2027-02-01,177.34,177.34,1.91,7.0,April 2026,0,0,5.183691840706733,2022.0,9.0,53.0,1.0681530811834012,0.010770271794293447,-5.9229728205706555,23.0,33.0,20.0,10.0,0.0,69.6969696969697,-62.6969696969697
567,4TH LINE - DADHAPARA-BELHA [9.2 KM] [PB-72/NR/2022-23],SECR,709817,N22000576,-,Chhattisgarh,2022-09-01,2024-05-01,2026-11-01,2026-11-01,169.06,169.06,22.52,65.0,April 2026,0,0,5.136151315957647,2022.0,9.0,50.0,3.1578511230304263,0.13320714539216846,-51.679285460783156,23.0,30.0,20.0,7.0,0.0,76.66666666666667,-11.666666666666671
568,4TH LINE RAJNANDGAON-DONGARHGARH [31.2 KM] [PB-72/NR/2022-23],SECR,709818,N22000577,-,Chhattisgarh,2022-09-01,2024-05-01,2027-01-01,2027-01-01,328.34,328.34,78.66,33.0,April 2026,0,0,5.797090651789853,2022.0,9.0,52.0,4.377767577753498,0.2395687397210209,-9.043126027897909,23.0,32.0,20.0,9.0,0.0,71.875,-38.875
569,3RD AND 4TH LINE - SARAGBUNDIA AND MADWARANI,SECR,709819,N22000579,-,Chhattisgarh,2022-09-01,2025-05-01,2026-12-01,2026-12-01,167.64,167.64,20.13,8.0,April 2026,0,0,5.127766265352998,2022.0,9.0,51.0,3.0506938316279655,0.12007874015748032,4.007874015748033,11.0,19.0,32.0,8.0,0.0,57.89473684210527,-49.89473684210527
570,Redevelopment of New Delhi Railway Station and construction of associated infrastructure,Rail Land Development Authority,613785,-,6133,Delhi,2023-01-01,2024-06-01,2028-12-01,,4744.0,4744.0,257.53,3.0,April 2026,0,-1,8.464846711044029,2023.0,1.0,71.0,5.555011741373328,0.054285413153456995,2.4285413153457,22.0,54.0,17.0,32.0,0.0,40.74074074074074,-37.74074074074074
571,Development of New Bijwasan Railway Terminal,Northern Railways,617379,-,-,Delhi,2008-02-01,2013-03-01,2020-03-01,2026-12-01,446.21,446.21,553.14,80.0,April 2026,0,1,6.103028282950449,2008.0,2.0,145.0,6.3174173624033285,1.23964052800251,43.964052800251,157.0,84.0,61.0,-73.0,1.0,186.9047619047619,-106.9047619047619
572,Anand Vihar-Tilak Bridge 3rd & 4th line,CAO/C/NR,705583,N22000281,2336,Delhi,2013-03-01,2013-03-01,2023-03-01,2027-12-01,667.0,667.0,312.74,23.0,April 2026,0,1,6.504288173536645,2013.0,3.0,120.0,5.748564617428094,0.4688755622188906,23.887556221889056,157.0,120.0,0.0,-37.0,1.0,130.83333333333334,-107.83333333333334
573,Chandargaon - Cansaulium Rail Flyover Project [16 Km],South Western Railway [SWR] - II,706865,-,6111,Goa,,2026-04-01,2031-03-01,,1892.0,1892.0,0.0,0.0,April 2026,0,-1,7.545918151209323,,,,0.0,0.0,0.0,0.0,59.0,,59.0,0.0,0.0,0.0
574,Kosamba Umarpada 70 Km,PCE/WR,611918,-,-,Gujarat,2023-07-01,2022-07-01,2027-03-01,,468.0,468.0,44.62,9.0,April 2026,0,-1,6.150602768446279,2023.0,7.0,44.0,3.820346216856242,0.09534188034188033,0.5341880341880341,45.0,56.0,-12.0,11.0,0.0,80.35714285714286,-71.35714285714286
575,New Broad Gauge line between Naliya to Jakhau Port,Western Railway [WR] - II,611943,N22000550,-,Gujarat,2023-02-01,2023-02-01,2028-01-01,2028-02-01,410.26,410.26,11.23,5.0,April 2026,0,1,6.0192256178933725,2023.0,2.0,59.0,2.503891949699081,0.02737288548725199,-2.262711451274801,38.0,59.0,0.0,21.0,0.0,64.40677966101694,-59.40677966101694
576,Petlad Bhadran 23 Kms,Western Railway,611945,N22000538,-,Gujarat,2022-05-01,2022-05-01,2030-05-01,2030-05-01,307.11,307.11,18.9,17.0,April 2026,0,0,5.730456862070388,2022.0,5.0,96.0,2.990719731730447,0.06154146722672657,-10.845853277327343,47.0,96.0,0.0,49.0,0.0,48.95833333333333,-31.95833333333333
577,Samlaya Timba Road 54 km,PCE/WR,611970,N22000540,5448,Gujarat,2023-02-01,2023-02-01,2030-03-01,2030-03-01,670.17,670.17,45.86,12.0,April 2026,0,0,6.509022458087351,2023.0,2.0,85.0,3.8471644330796497,0.06843039825715863,-5.156960174284137,38.0,85.0,0.0,47.0,0.0,44.70588235294118,-32.70588235294118
578,Samni Jambusar 24 km,PCE/WR,611971,N22000541,-,Gujarat,2022-05-01,2022-05-01,2030-03-01,2030-03-01,350.0,349.93,71.06,31.0,April 2026,0,0,5.860786223465865,2022.0,5.0,94.0,4.277499105319947,0.20302857142857145,-10.697142857142854,47.0,94.0,0.0,47.0,0.0,50.0,-19.0
579,Western Railway Samakhiali Gandhidham Quadrupiling 53 Kms,Western Railway [WR] - II,611974,-,5449,Gujarat,2023-08-01,2023-08-01,2026-12-01,2027-12-01,1430.0,1430.0,519.4,35.0,April 2026,0,1,7.266128779556451,2023.0,8.0,40.0,6.25459774663835,0.3632167832167832,1.32167832167832,32.0,40.0,0.0,8.0,0.0,80.0,-45.0
580,Dahod Creation of Infrastructure facilities for 9000 HP Electric locomotives Manufacturing at,PCE/WR,611977,-,-,Gujarat,2022-05-01,2023-02-01,2025-02-01,,487.0,487.0,222.88,53.0,April 2026,0,-1,6.1903154058531475,2022.0,5.0,33.0,5.411110194023159,0.45765913757700205,-7.234086242299796,38.0,24.0,9.0,-14.0,1.0,158.33333333333331,-105.33333333333331
581,Dahod Rolling Stock Workshop Provision of Infrastructure for CBS at,PCE/WR,611978,-,-,Gujarat,2022-11-01,2023-03-01,2025-03-01,,158.0,158.0,51.87,10.0,April 2026,0,-1,5.0689042022202315,2022.0,11.0,28.0,3.9678360702473587,0.3282911392405063,22.82911392405063,37.0,24.0,4.0,-13.0,1.0,154.16666666666669,-144.16666666666669
582,Sabarmati Setting up of Maintenance Facilities for Train Sets Phase ii,Western Railway [WR] - II,611979,-,-,Gujarat,2023-01-01,2023-04-01,2025-06-01,2026-05-01,250.0,250.0,181.53,88.0,April 2026,0,1,5.5254529391317835,2023.0,1.0,29.0,5.206914543074693,0.72612,-15.388000000000005,36.0,26.0,3.0,-10.0,1.0,138.46153846153845,-50.46153846153845
583,4th LINE BETWEEN BAREJADI NANDEJ-SANAND-AHMEDABAD BYPASS,Western Railway [WR] - II,612072,N22000532,5465,Gujarat,2023-02-01,2023-02-01,2027-03-01,2028-07-01,961.67,961.67,507.6,21.0,April 2026,0,1,6.869710673942491,2023.0,2.0,49.0,6.23166185298802,0.5278317926107708,31.783179261077088,38.0,49.0,0.0,11.0,0.0,77.55102040816327,-56.55102040816327
584,"Redevelopment of Ahmedabad railway station and associated infrastructure on engineering, procurement and construction mode",Rail Land Development Authority,613786,-,6134,Gujarat,2023-01-01,2023-11-01,2028-03-01,,2379.0,2379.0,977.35,31.4,April 2026,0,-1,7.77485576666552,2023.0,1.0,62.0,6.885867479224108,0.41082387557797395,9.682387557797398,29.0,52.0,10.0,23.0,0.0,55.769230769230774,-24.369230769230775
585,Kosamba Umarpada GC PROJECT,Ministry of Railways,616983,-,-,Gujarat,2023-07-01,2023-07-01,2027-06-01,,467.58,467.58,70.54,16.0,April 2026,0,-1,6.1497068448384935,2023.0,7.0,47.0,4.2702567338308715,0.1508618845972882,-0.9138115402711815,33.0,47.0,0.0,14.0,0.0,70.2127659574468,-54.212765957446805
586,Desalpar-Hajipir-Luna and Vayor-Lakhpat New Line,Western Railway [WR] - II,617880,-,10790,Gujarat,2025-09-01,2025-09-01,2028-09-01,,2526.47,2526.47,0.0,0.0,April 2026,0,-1,7.8349740813879825,2025.0,9.0,36.0,0.0,0.0,0.0,7.0,36.0,0.0,29.0,0.0,19.444444444444446,-19.444444444444446
587,Devbhumi Dwarka [Okha] - Kanalus Doubling,Western Railway [WR] - II,618972,-,10792,Gujarat,2025-12-01,2025-12-01,2028-12-01,,1456.77,1456.77,0.0,0.0,April 2026,0,-1,7.284663149781774,2025.0,12.0,36.0,0.0,0.0,0.0,4.0,36.0,0.0,32.0,0.0,11.11111111111111,-11.11111111111111
588,Miyagam-Karjan-Dabhoi-Samlaya [GC],Western Railway [WR] - II,705458,N22000142,1781,Gujarat,2017-01-01,2017-01-01,2021-03-01,2026-12-01,483.88,1039.13,716.47,45.0,April 2026,1,1,6.18390143764303,2017.0,1.0,50.0,6.575731134912947,1.480677027362156,103.06770273621558,111.0,50.0,0.0,-61.0,1.0,222.00000000000003,-177.00000000000003
589,Modasa-Shamlaji Road Railway Line Project,Western Railway [WR] - II,706757,N22000622,-,Gujarat,2012-09-01,2008-04-01,2025-03-01,2026-03-01,262.0,262.0,383.67,64.0,April 2026,0,1,5.572154032177765,2012.0,9.0,150.0,5.952385823873655,1.4643893129770993,82.43893129770993,216.0,203.0,-53.0,-13.0,1.0,106.40394088669952,-42.403940886699516
590,Rajkot - Kanalus Doubling Project [111.2 Kms],Western Railway [WR] - II,706763,N22000535,3803,Gujarat,2021-10-01,2021-12-01,2026-10-01,2026-06-01,1080.58,1080.58,952.06,81.0,April 2026,0,0,6.986178213993476,2021.0,10.0,60.0,6.859677860748962,0.8810638731051843,7.1063873105184285,52.0,58.0,2.0,6.0,0.0,89.65517241379311,-8.65517241379311
591,NADIAD-PETLAD [37.26 KM],Railway,709812,N22000539,-,Gujarat,2022-05-01,2023-10-01,2030-06-01,2030-06-01,461.91,461.91,186.78,8.0,April 2026,0,0,6.137532650741885,2022.0,5.0,97.0,5.2352710648304015,0.4043644865882964,32.43644865882964,30.0,80.0,17.0,50.0,0.0,37.5,-29.5
592,NEW BG LINE INTERSECTION [5 NOS] BETWEEN GERATPUR-SANAND & BOTAD-AHMEDABAD [16.51 KM],Western Railway [WR] - II,709813,N22000551,-,Gujarat,2022-10-01,2025-07-01,2028-06-01,2027-10-01,437.21,437.21,117.87,21.0,April 2026,0,0,6.082698247530828,2022.0,10.0,68.0,4.778030458992533,0.2695958463896069,5.959584638960688,9.0,35.0,33.0,26.0,0.0,25.71428571428571,-4.714285714285712
593,Bhiwani - Dobh Bahali Doubling Project [42.30 Km],North Western Railway [NWR],611884,N22000604,-,Haryana,2023-02-01,2023-02-01,2028-02-01,2028-02-01,471.0,471.0,263.12,72.0,April 2026,0,0,6.156978985585555,2023.0,2.0,60.0,5.576403545326371,0.5586411889596603,-16.13588110403397,38.0,60.0,0.0,22.0,0.0,63.33333333333333,8.666666666666671
594,Doubling between Pradhankunta-Patherih-Bhojudih of East Central Railway,East Central Railway [ECR] - I,617372,-,-,Jharkhand,2022-11-01,2022-11-01,2025-12-01,2026-03-01,349.22,349.22,125.71,71.5,April 2026,0,1,5.858561528443754,2022.0,11.0,37.0,4.841901010810817,0.359973655575282,-35.5026344424718,41.0,37.0,0.0,-4.0,1.0,110.8108108108108,-39.31081081081081
595,Koderma-Arigada Doubling 133.38 Km of East Central Railway,East Central Railway [ECR] - I,617832,-,10780,Jharkhand,2025-06-01,2025-06-01,2029-12-01,,2887.11,2887.11,0.0,0.0,April 2026,0,-1,7.968357587930022,2025.0,6.0,54.0,0.0,0.0,0.0,10.0,54.0,0.0,44.0,0.0,18.51851851851852,-18.51851851851852
596,Parasnath-Madhuban-Giridih new line,East Central Railway [ECR] - I,705747,-,2266,Jharkhand,2019-03-01,2019-03-01,2024-03-01,2026-03-01,902.86,902.86,0.0,0.1,April 2026,0,1,6.806674481142368,2019.0,3.0,60.0,0.0,0.0,-0.1,85.0,60.0,0.0,-25.0,1.0,141.66666666666669,-141.5666666666667
597,Gomoh - Flyover for DN trains,East Central Railway [ECR] - I,705765,N22000611,2019,Jharkhand,2018-01-01,2018-01-01,2026-03-01,2026-03-01,686.0,686.0,631.52,66.5,April 2026,0,0,6.532334292222349,2018.0,1.0,98.0,6.449711840655116,0.9205830903790088,25.55830903790087,99.0,98.0,0.0,-1.0,1.0,101.0204081632653,-34.5204081632653
598,Lodhma - Piska - Link Line bypassing Hatia/Ranchi with Y connection,South Eastern Railway [SER] - I,705785,N22000508,2397,Jharkhand,2021-08-01,2019-03-01,2026-06-01,2027-05-01,473.0,473.0,306.22,10.0,April 2026,0,1,6.161207321695077,2021.0,8.0,58.0,5.727564103321,0.6473995771670191,54.73995771670191,85.0,87.0,-29.0,2.0,0.0,97.70114942528735,-87.70114942528735
599,Pradhan Kuntha Jn Line Doubling Project,East Central Railway [ECR] - I,706837,N22000529,-,Jharkhand,2022-11-01,2022-11-01,2027-11-01,2027-11-01,349.22,349.22,125.71,71.5,April 2026,0,0,5.858561528443754,2022.0,11.0,60.0,4.841901010810817,0.359973655575282,-35.5026344424718,41.0,60.0,0.0,19.0,0.0,68.33333333333333,3.1666666666666714
600,Construction of New BG line between Hassan to Belur [27 Km],South Western Railway [SWR] - II,400023,N22000558,4449,Karnataka,2019-03-01,2025-12-01,2028-04-01,2027-04-01,749.0,749.0,0.94,0.3,April 2026,0,0,6.620073206530356,2019.0,3.0,109.0,0.6626879730752367,0.001255006675567423,-0.1744993324432577,4.0,28.0,81.0,24.0,0.0,14.285714285714285,-13.985714285714284
601,Yeshvanthpur - Channasandra Doubling Project [21.70 Km],Karnataka Rail Infrastructure Development Company Limited [K-RIDE],703585,N22000543,-,Karnataka,2019-04-01,2019-10-01,2024-03-01,2026-03-01,314.1,683.57,171.0,56.5,April 2026,1,1,5.752890048763229,2019.0,4.0,59.0,5.147494476813453,0.5444126074498566,-2.0587392550143377,78.0,53.0,6.0,-25.0,1.0,147.16981132075472,-90.66981132075472
602,New Railway Line between Ginigera and Raichur [165.57 km],South Western Railway [SWR] - II,705434,-,885,Karnataka,2008-03-01,2009-05-01,2019-03-01,2027-03-01,2565.0,3034.98,2293.26,70.0,April 2026,1,1,7.850103545175582,2008.0,3.0,132.0,7.738165630412517,0.8940584795321638,19.40584795321638,203.0,118.0,14.0,-85.0,1.0,172.03389830508476,-102.03389830508476
603,Bangalore-Satyamanglam New Line Project [260 Km] - Part Hejjala - Chamarajanagar [142 Km],South Western Railway [SWR] - II,705464,-,6110,Karnataka,1999-02-01,2026-07-01,2031-12-01,,1382.78,1382.78,0.0,0.0,April 2026,0,-1,7.232574164004636,1999.0,2.0,394.0,0.0,0.0,0.0,-3.0,65.0,329.0,68.0,0.0,-4.615384615384616,4.615384615384616
604,Gadag-Wadi New Railway Line [257 km],South Western Railway [SWR] - II,705490,N22000299,1541,Karnataka,2013-04-01,2017-08-01,2027-03-01,2027-12-01,2842.0,6700.0,1539.51,34.5,April 2026,1,1,7.952615111651,2013.0,4.0,167.0,7.33986880941455,0.5416995073891625,19.66995073891625,104.0,115.0,52.0,11.0,0.0,90.43478260869566,-55.934782608695656
605,Kadur - Chickamagalur - Sakleshpur [93km],South Western Railway [SWR] - II,705492,N22000486,2227,Karnataka,2014-01-01,2016-11-01,2025-06-01,2025-12-01,825.0,825.0,774.11,84.2,April 2026,0,1,6.716594773520978,2014.0,1.0,137.0,6.65300495476533,0.9383151515151515,9.631515151515146,113.0,103.0,34.0,-10.0,1.0,109.70873786407766,-25.50873786407766
606,Hubli-Ankola New Line Project [164.44 km],South Western Railway [SWR] - II,705493,-,652,Karnataka,1999-01-01,2000-01-01,2005-03-01,2030-03-01,5174.0,5174.0,178.42,4.7,April 2026,0,1,8.55159461813357,1999.0,1.0,74.0,5.189729426131137,0.03448395825280247,-1.2516041747197533,315.0,62.0,12.0,-253.0,1.0,508.0645161290323,-503.3645161290323
607,Bagalkot-Kudachi New Railway Line [142 km],South Western Railway [SWR] - II,705495,N22000258,1778,Karnataka,2013-10-01,2012-11-01,2027-03-01,2027-01-01,1378.0,1649.0,797.87,36.0,April 2026,1,0,7.229113877793302,2013.0,10.0,161.0,6.68319822914942,0.5790058055152395,21.90058055152395,161.0,172.0,-11.0,11.0,0.0,93.6046511627907,-57.6046511627907
608,Tumkur-Chitradurga-Davangere New Rail Line Project [191 km],South Western Railway [SWR] - II,705496,N22000256,1531,Karnataka,2013-10-01,2017-01-01,2019-03-01,2027-12-01,1876.0,1876.0,563.37,15.5,April 2026,0,1,7.537430036586509,2013.0,10.0,65.0,6.335710064774309,0.3003038379530917,14.530383795309167,111.0,26.0,39.0,-85.0,1.0,426.9230769230769,-411.4230769230769
609,Bangalore-Whitefield-Bangalore City-Krishnarajapuram [23.08 km] - Quadrupling,South Western Railway [SWR] - II,705663,N22000621,3892,Karnataka,2018-02-01,2022-06-01,2026-02-01,2026-02-01,493.0,493.0,318.39,85.5,April 2026,0,0,6.202535517187923,2018.0,2.0,96.0,5.766412926586964,0.6458215010141988,-20.91784989858013,46.0,44.0,52.0,-2.0,1.0,104.54545454545455,-19.045454545454547
610,SHIMOGA - SHIKARIPURA - RANEBENNUR [96 Km],South Western Railway [SWR] - II,705761,N22000559,3292,Karnataka,2019-09-01,2023-02-01,2027-12-01,2028-06-01,1454.0,1454.0,97.75,13.5,April 2026,0,1,7.282761179605593,2019.0,9.0,99.0,4.592591403781231,0.0672283356258597,-6.777166437414031,38.0,58.0,41.0,20.0,0.0,65.51724137931035,-52.01724137931035
611,Construction of New BG line between Hassan [Alur] to Belur [ Km 27.34],South Western Railway [SWR] - II,705762,-,6107,Karnataka,2019-06-01,2022-09-01,2027-04-01,2027-12-01,748.86,748.86,1.15,0.3,April 2026,0,1,6.619886522439299,2019.0,6.0,94.0,0.7654678421395714,0.0015356675480063028,-0.1464332451993697,43.0,55.0,39.0,12.0,0.0,78.18181818181819,-77.88181818181819
612,Bangalore Suburban Railway Project,Karnataka Rail Infrastructure Development Company Limited [K-RIDE],705941,-,5237,Karnataka,2020-10-01,2020-10-01,2026-12-01,2030-03-01,15767.0,15767.0,3224.09,19.95,April 2026,0,1,9.665737848832556,2020.0,10.0,74.0,8.078716135817224,0.20448341472696138,0.49834147269613993,66.0,74.0,0.0,8.0,0.0,89.1891891891892,-69.23918918918919
613,Belgaum-Dharwad via Kittur [73.10Km],South Western Railway [SWR] - II,706835,N22000557,3384,Karnataka,2020-09-01,2025-03-01,2027-12-01,2029-03-01,1591.0,1591.0,0.38,0.0,April 2026,0,1,7.3727463664043285,2020.0,9.0,87.0,0.3220834991691133,0.00023884349465744814,0.023884349465744813,13.0,33.0,54.0,20.0,0.0,39.39393939393939,-39.39393939393939
614,Kumbalam-Turavur doubling project [15.59 Km],Ministry of Railways,705638,N22000620,1717,Kerala,2023-04-01,2023-04-01,2027-03-01,2027-03-01,813.0,802.8,126.48,30.5,April 2026,0,0,6.70196036600254,2023.0,4.0,47.0,4.847959489549136,0.1555719557195572,-14.94280442804428,36.0,47.0,0.0,11.0,0.0,76.59574468085107,-46.09574468085107
615,Ernakulam-Kumbalam doubling project [7.71 Km],SR-ERS,705639,N22000619,1716,Kerala,2023-04-01,2023-04-01,2028-03-01,2027-02-01,601.0,595.39,308.42,25.0,April 2026,0,0,6.400257445308821,2023.0,4.0,59.0,5.734699577290923,0.5131780366056573,26.31780366056573,36.0,59.0,0.0,23.0,0.0,61.016949152542374,-36.016949152542374
616,"Lalitpur-Satna, Rewa-Singrauli & Mahoba-Khajuraho",North Central Railway,705480,220100232,1208,Madhya Pradesh,2007-01-01,1998-03-01,2027-03-01,2027-12-01,8914.0,8914.0,6806.95,74.0,April 2026,0,1,9.09549053029724,2007.0,1.0,242.0,8.825846325925419,0.7636246354049809,2.362463540498098,337.0,348.0,-106.0,11.0,0.0,96.83908045977012,-22.839080459770116
617,Satna-Rewa Railway Line Doubling Project,West Central Railway [WCR] - II,705659,N22000554,7289,Madhya Pradesh,2015-11-01,2017-08-01,2026-03-01,2026-03-01,500.0,584.0,566.56,86.0,April 2026,1,0,6.2166061010848646,2015.0,11.0,124.0,6.341346470639112,1.13312,27.311999999999983,104.0,103.0,21.0,-1.0,1.0,100.97087378640776,-14.970873786407765
618,Doubling of Katni - Singrauli Railway Line [261 km],Indian Railway Construction International Limited [IRCON],705660,N22000351,1969,Madhya Pradesh,2016-03-01,2017-03-01,2025-12-01,2025-12-01,2445.0,4377.0,3306.78,81.1,April 2026,1,0,7.802209316247118,2016.0,3.0,117.0,8.104032548490643,1.3524662576687116,54.14662576687118,109.0,105.0,12.0,-4.0,1.0,103.80952380952382,-22.70952380952383
619,Katni Grade Separator/Bye Pass,Indian Railway Construction International Limited [IRCON],705661,N22000416,1811,Madhya Pradesh,2016-03-01,2017-09-01,2024-09-01,2026-09-01,1248.0,1248.0,1817.51,95.0,April 2026,0,1,7.130098510125578,2016.0,3.0,102.0,7.505772763449593,1.456338141025641,50.633814102564116,103.0,84.0,18.0,-19.0,1.0,122.61904761904762,-27.61904761904762
620,Indore - Budni New Railway Line [198 kms],RVNL - II,705763,N22000601,1941,Madhya Pradesh,2019-08-01,2020-10-01,2030-09-01,2030-09-01,7474.0,7474.0,2529.21,36.0,April 2026,0,0,8.919319398258887,2019.0,8.0,133.0,7.836057582229498,0.3384011238961734,-2.159887610382661,66.0,119.0,14.0,53.0,0.0,55.46218487394958,-19.46218487394958
621,Nimach-Ratlam Doubling [133 Km],Western Railway [WR] - II,705933,N22000536,3802,Madhya Pradesh,2021-10-01,2021-10-01,2027-10-01,2027-10-01,1095.88,1095.88,1284.91,94.0,April 2026,0,0,7.0002250650484,2021.0,10.0,72.0,7.159221917900639,1.1724915136693799,23.24915136693798,54.0,72.0,0.0,18.0,0.0,75.0,19.0
622,DHULE [BORVIHIR] - NARDANA NEW LINE [50.60 KMS],Central Railway,400019,N22000514,4514,Maharashtra,2019-01-01,2023-04-01,2026-12-01,2027-09-01,492.76,1170.83,519.29,25.0,April 2026,1,1,6.202049569174796,2019.0,1.0,95.0,6.254386348430604,1.0538395973699164,80.38395973699164,36.0,44.0,51.0,8.0,0.0,81.81818181818183,-56.81818181818183
623,Wardha-Nanded Via Yavatmal New BG Line,Central Railway [CR] - II,400271,N22000231,1557,Maharashtra,2017-12-01,2008-04-01,2025-03-01,2026-12-01,3445.0,3445.0,3002.93,50.0,April 2026,0,1,8.144969417087875,2017.0,12.0,87.0,8.007676710348875,0.871677793904209,37.16777939042089,216.0,203.0,-116.0,-13.0,1.0,106.40394088669952,-56.403940886699516
624,AURANGABAD-ANKAI - DOUBLING PROJECT 98.25 Km,South Central Railway [SCR] - II,611751,-,5341,Maharashtra,2023-05-01,2023-05-01,2027-03-01,,960.64,960.64,1304.54,2.02,April 2026,0,-1,6.868640160253568,2023.0,5.0,46.0,7.1743720272714855,1.357990506329114,133.77905063291138,35.0,46.0,0.0,11.0,0.0,76.08695652173914,-74.06695652173914
625,Gauge Conversion of Pachora-Jamner with Extension upto Malkapur [Bodwad] [84.34 Kms],Central Railway [CR] - II,612845,-,7616,Maharashtra,2022-08-01,2026-01-01,2028-07-01,,955.39,955.39,13.97,10.0,April 2026,0,-1,6.863165779653304,2022.0,8.0,71.0,2.706048198431537,0.014622300840494458,-8.537769915950554,3.0,30.0,41.0,27.0,0.0,10.0,0.0
626,Redevelopment of Chhatrapati Shivaji Maharaj Terminus [CSMT] and construction of associated infrastructure,Rail Land Development Authority,613015,-,6128,Maharashtra,2023-04-01,2023-07-01,2027-03-01,,1813.0,1813.0,833.84,23.0,April 2026,0,-1,7.503289630675082,2023.0,4.0,47.0,6.7272400897235505,0.45992277992277997,22.992277992277998,33.0,44.0,3.0,11.0,0.0,75.0,-52.0
627,Gondia-Balharshah [Chanda Fort] Doubling [240 Km],South East Central Railway,617201,-,7529,Maharashtra,2025-04-01,2025-04-01,2031-03-01,,4373.04,4373.04,1.0,1.0,April 2026,0,-1,8.383442346142315,2025.0,4.0,71.0,0.6931471805599453,0.0002286738744671899,-0.977132612553281,12.0,71.0,0.0,59.0,0.0,16.901408450704224,-15.901408450704224
628,Doubling between Parbhani Parli Vaijanath stations 64.71 Km,South Central Railway [SCR] - II,617215,-,7585,Maharashtra,2023-12-01,2023-12-01,2028-03-01,,769.93,769.93,197.06,0.19,April 2026,0,-1,6.6475975782612755,2023.0,12.0,51.0,5.288570015093157,0.2559453456807762,25.40453456807762,28.0,51.0,0.0,23.0,0.0,54.90196078431373,-54.71196078431373
629,Babupeth - Sasti New Rail Line [13.114 KMs],Central Railway,617361,-,-,Maharashtra,2024-10-01,2024-10-01,2028-03-01,,362.81,362.81,0.48,0.0,April 2026,0,-1,5.89663175333681,2024.0,10.0,41.0,0.3920420877760237,0.0013230065323447534,0.13230065323447535,18.0,41.0,0.0,23.0,0.0,43.90243902439025,-43.90243902439025
630,Double Chord line Between Nilaje-Kopar,Central Railway,617364,-,-,Maharashtra,2025-01-01,2025-01-01,2028-07-01,,338.33,205.0,24.04,24.0,April 2026,0,-1,5.8269730852113995,2025.0,1.0,42.0,3.2204745462318978,0.07105488724026837,-16.894511275973162,15.0,42.0,0.0,27.0,0.0,35.714285714285715,-11.714285714285715
631,Ahmednagar - Beed - Parli - Vaijnath New Broad Gauge Line Railway Project [261.3 km],Central Railway [CR] - II,705356,220100181,1478,Maharashtra,1999-01-01,2002-10-01,2026-03-01,2026-03-01,2538.67,4957.27,5180.78,98.0,April 2026,1,0,7.8397894303122415,1999.0,1.0,326.0,8.552903905570117,2.0407457448191373,106.07457448191371,282.0,281.0,45.0,-1.0,1.0,100.35587188612101,-2.355871886121008
632,Baramati Lonand New Line Project,Central Railway,705357,N22000615,2255,Maharashtra,2016-03-01,1999-03-01,2027-03-01,2027-03-01,138.48,1843.9,1007.49,60.0,April 2026,1,0,4.93792122180745,2016.0,3.0,132.0,6.916209441628695,7.275346620450607,667.5346620450607,325.0,336.0,-204.0,11.0,0.0,96.72619047619048,-36.72619047619048
633,Wadsa-Gadchiroli,South East Central Railway,705479,N22000480,2276,Maharashtra,2017-05-01,2012-03-01,2027-03-01,2027-03-01,1886.0,1886.0,809.55,66.0,April 2026,0,0,7.54274354536855,2017.0,5.0,118.0,6.697713029587582,0.42924178154825027,-23.07582184517497,169.0,180.0,-62.0,11.0,0.0,93.88888888888889,-27.888888888888886
634,Wardha - Yavatmal Nanded Railway Line Project,Central Railways,705497,-,6638,Maharashtra,2008-02-01,2013-04-01,2026-12-01,,3445.34,4030.69,3608.59,47.0,April 2026,1,-1,8.14506807733977,2008.0,2.0,226.0,8.191349471469776,1.0473828417514672,57.73828417514672,156.0,164.0,62.0,8.0,0.0,95.1219512195122,-48.1219512195122
635,3rd Line Kalyan - Kasara [67.35 Kilometres],Central Railway,705498,N22000233,1782,Maharashtra,2015-09-01,2015-09-01,2026-12-01,2026-12-01,792.89,1395.79,1077.37,73.0,April 2026,1,0,6.676944912606895,2015.0,9.0,135.0,6.983205920779989,1.358788734881257,62.87887348812572,127.0,135.0,0.0,8.0,0.0,94.07407407407408,-21.074074074074076
636,3rd Line Wardha - Sewagram - Nagpur,Central Railway [CR] - II,705500,N22000250,1784,Maharashtra,2015-09-01,2016-05-01,2025-12-01,2026-10-01,540.02,916.53,835.39,88.0,April 2026,1,1,6.29345624673987,2015.0,9.0,123.0,6.729095011481092,1.546961223658383,66.6961223658383,119.0,115.0,8.0,-4.0,1.0,103.47826086956522,-15.478260869565219
637,3rd Line Wardha - Ballarshah [132 Kilometres],Central Railway [CR] - II,705502,N22000356,1775,Maharashtra,2016-03-01,2016-12-01,2025-12-01,2026-02-01,1384.72,2033.59,1813.52,98.0,April 2026,1,1,7.233975139138999,2016.0,3.0,117.0,7.503576248912578,1.309665491940609,32.96654919406089,112.0,108.0,9.0,-4.0,1.0,103.7037037037037,-5.703703703703695
638,Doubling of Daund Manmad Line [247.6 km],Central Railway,705504,N22000360,2304,Maharashtra,2017-10-01,2017-03-01,2025-12-01,2026-03-01,2081.27,3267.06,3077.28,92.0,April 2026,1,1,7.641213923763919,2017.0,10.0,98.0,8.032126278422616,1.4785587646004603,55.855876460046034,109.0,105.0,-7.0,-4.0,1.0,103.80952380952382,-11.809523809523824
639,4th Line Wardha - Nagpur [78.7 Kilometres],Central Railway [CR] - II,705505,N22000362,1789,Maharashtra,2017-04-01,2018-05-01,2025-12-01,2026-10-01,637.95,1214.69,1047.02,88.0,April 2026,1,1,6.459826204054712,2017.0,4.0,104.0,6.954657948668356,1.6412258013950936,76.12258013950935,95.0,91.0,13.0,-4.0,1.0,104.39560439560441,-16.39560439560441
640,3rd Line Manmad - Jalgaon [160 Kilometres],Central Railway [CR] - II,705506,N22000361,1776,Maharashtra,2017-05-01,2018-04-01,2024-12-01,2025-08-01,1035.16,1870.0,1865.44,100.0,April 2026,1,1,6.943276851049216,2017.0,5.0,91.0,7.531788152110656,1.802078905676417,80.2078905676417,96.0,80.0,11.0,-16.0,1.0,120.0,-20.0
641,Solapur-tuljapur-Osmanabad,Central Railway,705735,N22000513,2256,Maharashtra,2018-08-01,2023-12-01,2027-03-01,2028-03-01,904.92,3295.74,1216.56,12.0,April 2026,1,1,6.808951001923535,2018.0,8.0,103.0,7.104604135056629,1.3443840339477522,122.43840339477521,28.0,39.0,64.0,11.0,0.0,71.7948717948718,-59.794871794871796
642,Nagpur- Nagbhir Railway Line Gauge Conversion Project,MRIDC,705799,N22000629,-,Maharashtra,2019-10-01,2020-04-01,2025-12-01,2025-12-01,1400.0,1400.0,1472.0,80.0,April 2026,0,0,7.244941546337007,2019.0,10.0,74.0,7.29505641646263,1.0514285714285714,25.14285714285714,72.0,68.0,6.0,-4.0,1.0,105.88235294117648,-25.882352941176478
643,Mumbai Urban Transport Project [MUTP] - PHASE II,Mumbai Rail Vikas Corporation Ltd.[MRVC],706779,N22000092,1681,Maharashtra,2008-05-01,2008-04-01,2014-03-01,2027-12-01,8087.0,8087.0,7504.75,90.0,April 2026,0,1,8.998136760700307,2008.0,5.0,70.0,8.923424672452303,0.9280017311734883,2.800173117348834,216.0,71.0,-1.0,-145.0,1.0,304.22535211267603,-214.22535211267603
644,Mumbai Urban Transport Project [MUTP] Phase-IIIA,Mumbai Rail Vikas Corporation Ltd.[MRVC],706780,N22000627,3407,Maharashtra,2019-04-01,2019-04-01,2027-12-01,2027-12-01,33690.0,33690.0,3577.36,22.0,April 2026,0,0,10.424986018358423,2019.0,4.0,104.0,8.18265987387597,0.10618462451766103,-11.381537548233897,84.0,104.0,0.0,20.0,0.0,80.76923076923077,-58.769230769230774
645,Mumbai Urban Transport Project Phase-III,Mumbai Rail Vikas Corporation Ltd.[MRVC],706781,-,3406,Maharashtra,2016-11-01,2016-12-01,2022-03-01,2026-12-01,10947.0,10947.0,6609.95,75.0,April 2026,0,1,9.30091207016057,2016.0,11.0,64.0,8.796482644152656,0.6038138302731342,-14.618616972686581,112.0,63.0,1.0,-49.0,1.0,177.77777777777777,-102.77777777777777
646,Jiribam-Imphal new line project,Northeast Frontier Railway [NFR],705391,220100288,653,Manipur,2013-03-01,2007-12-01,2026-12-01,2029-06-01,14323.0,21885.9,16020.78,72.1,April 2026,1,1,9.569691731118324,2013.0,3.0,165.0,9.681704325561078,1.1185352230677932,39.75352230677933,220.0,228.0,-63.0,8.0,0.0,96.49122807017544,-24.391228070175444
647,Byrnihat-Shillong New Rail Line- 108 km,Northeast Frontier Railway [NFR],705396,-,651,Meghalaya,2011-04-01,2010-03-01,2021-03-01,2027-03-01,8324.28,8342.28,266.12,2.04,April 2026,1,1,9.02705194791668,2011.0,4.0,119.0,5.587697995635399,0.03196913126420543,1.1569131264205432,193.0,132.0,-13.0,-61.0,1.0,146.21212121212122,-144.17212121212123
648,Marikuppam - Kuppam New Line Project [23.70 Km],South Western Railway [SWR] - II,705491,N22000308,-,"Multi-States (Andhra Pradesh, Karnataka)",2012-04-01,2018-10-01,2026-06-01,2026-06-01,297.0,297.0,145.78,21.0,April 2026,0,0,5.697093486505405,2012.0,4.0,170.0,4.9889348671169165,0.49084175084175086,28.084175084175087,90.0,92.0,78.0,2.0,0.0,97.82608695652173,-76.82608695652173
649,Rayadurg-Tumkur via Kalyandurg New Line [207 km],South Western Railway [SWR] - II,705494,N22000279,1555,"Multi-States (Andhra Pradesh, Karnataka)",2008-03-01,2010-07-01,2015-09-01,2028-02-01,2496.0,2496.0,1898.7,72.0,April 2026,0,1,7.822845290279774,2008.0,3.0,90.0,7.549451257951003,0.7606971153846154,4.069711538461533,189.0,62.0,28.0,-127.0,1.0,304.83870967741933,-232.83870967741933
650,"Renigunta, Wadi & Gooty Bypass Railway Project",South Central Railway [SCR] - II,705610,N22000587,9928,"Multi-States (Andhra Pradesh, Karnataka)",2016-04-01,2016-04-01,2025-12-01,2026-03-01,302.0,543.0,635.72,89.03,April 2026,1,1,5.713732805509369,2016.0,4.0,116.0,6.456329998497594,2.1050331125827815,121.47331125827816,120.0,116.0,0.0,-4.0,1.0,103.44827586206897,-14.418275862068967
651,Doubling between Mudkhed Medchal & Mahbubnagar Dhone section 417.88 Km,South Central Railway [SCR] - II,617212,-,7543,"Multi-States (Andhra Pradesh, Maharashtra, Telangana)",2023-08-01,2023-08-01,2029-03-01,,4686.09,4686.09,1938.02,2.08,April 2026,0,-1,8.452567199786568,2023.0,8.0,67.0,7.5699379697846085,0.41356866812203774,39.27686681220378,32.0,67.0,0.0,35.0,0.0,47.76119402985074,-45.681194029850744
652,Vizianagaram - Titlagarh 3rd line [272 Km including By - pass line of 7.68 KM],RVNL - II,400253,N22000409,1747,"Multi-States (Andhra Pradesh, Odisha)",2016-06-01,2016-11-01,2025-12-01,2026-12-01,4803.0,6669.91,6211.43,97.0,April 2026,1,1,8.477204183199873,2016.0,6.0,114.0,8.734307402735771,1.2932396418904852,32.323964189048525,113.0,109.0,5.0,-4.0,1.0,103.6697247706422,-6.669724770642205
653,Doubling of Kottavalasa-Koraput Rail Line [189 KM],East Coast Railway [ECoR] - II,705512,N22000377,1763,"Multi-States (Andhra Pradesh, Odisha)",2015-12-01,2016-01-01,2022-03-01,2028-03-01,2500.0,2500.0,2163.97,73.0,April 2026,0,1,7.824445930877619,2015.0,12.0,75.0,7.680161783527651,0.8655879999999999,13.55879999999999,123.0,74.0,1.0,-49.0,1.0,166.2162162162162,-93.2162162162162
654,Tindivanam-Nagari New Line Project [184.5 km],Ministry of Railways,400275,N22000085,1549,"Multi-States (Andhra Pradesh, Tamil Nadu)",2008-07-01,2008-10-01,2025-09-01,2028-03-01,3631.0,3631.0,1259.7,16.5,April 2026,0,1,8.197538739721184,2008.0,7.0,206.0,7.139422401237224,0.34692922060038556,18.192922060038555,210.0,203.0,3.0,-7.0,1.0,103.44827586206897,-86.94827586206897
655,Doubling between Motumari Vishnupuram - 88.81 Km and Rail over Rail - RoR at Motumari - 10.877 Km,South Central Railway [SCR] - II,616857,-,7099,"Multi-States (Andhra Pradesh, Telangana)",2024-02-01,2025-03-01,2029-03-01,,1595.55,1595.55,212.11,2.04,April 2026,0,-1,7.375600330173661,2024.0,2.0,61.0,5.3618084643292345,0.1329384851618564,11.253848516185641,13.0,48.0,13.0,35.0,0.0,27.083333333333332,-25.043333333333333
656,Doubling of Guntur Bibinagar 239 Km,South Central Railway [SCR] - II,617211,-,7584,"Multi-States (Andhra Pradesh, Telangana)",2023-08-01,2023-08-01,2029-03-01,,2853.23,2853.23,348.95,2.5,April 2026,0,-1,7.956557383437203,2023.0,8.0,67.0,5.857790287135549,0.12229998983608051,9.72999898360805,32.0,67.0,0.0,35.0,0.0,47.76119402985074,-45.26119402985074
657,Rail Connectivity to Errupalem Amravati Namburu 57 Km,South Central Railway [SCR] - II,617214,-,7544,"Multi-States (Andhra Pradesh, Telangana)",2024-11-01,2024-11-01,2027-03-01,,2047.4,2047.4,208.59,0.16,April 2026,0,-1,7.624814279588395,2024.0,11.0,28.0,5.345153241385068,0.10188043372081665,10.028043372081665,17.0,28.0,0.0,11.0,0.0,60.71428571428571,-60.55428571428571
658,Kazipet-Vijayawada 3rd line with electrification [220 km],South Central Railway [SCR] - II,705612,N22000261,2087,"Multi-States (Andhra Pradesh, Telangana)",2013-03-01,2014-08-01,2025-02-01,2025-12-01,1953.0,3363.0,5178.65,95.01,April 2026,1,1,7.577633832602728,2013.0,3.0,143.0,8.552492765403171,2.651638504864311,170.1538504864311,140.0,126.0,17.0,-14.0,1.0,111.11111111111111,-16.10111111111111
659,Vijayawada - Kazipet Byepass line,South Central Railway [SCR] - II,705632,N22000586,2000,"Multi-States (Andhra Pradesh, Telangana)",2016-04-01,2016-04-01,2025-01-01,2025-12-01,647.0,904.0,1242.64,95.01,April 2026,1,1,6.473890696352274,2016.0,4.0,105.0,7.125797842350504,1.9206182380216386,97.05182380216384,120.0,105.0,0.0,-15.0,1.0,114.28571428571428,-19.275714285714272
660,Murkongselek-Pasighat,Northeast Frontier Railway [NFR] - II,705401,N22000208,2273,"Multi-States (Arunachal Pradesh, Assam)",2011-02-01,2023-03-01,2025-03-01,2026-12-01,435.0,1250.0,853.0,68.0,April 2026,1,1,6.077642243349034,2011.0,2.0,169.0,6.74993119378857,1.9609195402298851,128.09195402298852,37.0,24.0,145.0,-13.0,1.0,154.16666666666669,-86.16666666666669
661,Tetlia-Byrnihat New Railway Line,Northeast Frontier Railway [NFR],705394,-,1521,"Multi-States (Assam, Meghalaya)",2010-08-01,2007-03-01,2011-11-01,2027-06-01,1304.62,1304.62,1254.47,86.16,April 2026,0,1,7.174433302719964,2010.0,8.0,15.0,7.135265283449549,0.9615596878784628,9.99596878784628,229.0,56.0,-41.0,-173.0,1.0,408.92857142857144,-322.7685714285715
662,Lumding Furkating Doubling Project 140 km,Northeast Frontier Railway [NFR],616701,-,7078,"Multi-States (Assam, Nagaland)",2024-02-01,2025-01-01,2028-02-01,,2123.7,2123.7,121.34,10.0,April 2026,0,-1,7.661385894921593,2024.0,2.0,48.0,4.806804053814419,0.05713613033856007,-4.2863869661439935,15.0,37.0,11.0,22.0,0.0,40.54054054054054,-30.54054054054054
663,Dimapur [Dhansiri]-Sukhobi Kohima [Zubza] NL [82.5 Km],Northeast Frontier Railway [NFR] - II,705392,N22000124,1680,"Multi-States (Assam, Nagaland)",2015-08-01,2016-02-01,2025-03-01,2029-12-01,6663.0,6663.0,6282.3,43.0,April 2026,0,1,8.804475183846678,2015.0,8.0,115.0,8.745650599154187,0.9428635749662314,51.28635749662314,122.0,109.0,6.0,-13.0,1.0,111.92660550458714,-68.92660550458714
664,New Delhi- Howrah Speed Booster[160Kmph] Project,PCE/NCR,705794,-,-,"Multi-States (Bihar, Delhi, Jharkhand, Uttar Pradesh, West Bengal)",2019-09-01,2019-09-01,2024-03-01,,6684.81,6684.81,127.03,0.0,April 2026,0,-1,8.807742648987265,2019.0,9.0,54.0,4.852264611458088,0.019002783923552053,1.9002783923552053,79.0,54.0,0.0,-25.0,1.0,146.2962962962963,-146.2962962962963
665,Multi tracking of Son Nagar-Andal 374.53 rkm & 814.38 tkm,East Central Railway [ECR] - I,616699,-,7077,"Multi-States (Bihar, Jharkhand)",2023-08-01,2023-08-01,2028-03-01,,12333.57,12333.6,816.82,17.5,April 2026,1,-1,9.420161168201794,2023.0,8.0,55.0,6.70664226348868,0.06622737779896656,-10.877262220103344,32.0,55.0,0.0,23.0,0.0,58.18181818181818,-40.68181818181818
666,Koderma-Tilaiya New Line,East Central Railway [ECR] - I,705375,220100305,2261,"Multi-States (Bihar, Jharkhand)",2004-11-01,2002-03-01,2025-02-01,2026-02-01,1626.0,2486.62,2215.44,95.5,April 2026,1,1,7.394493107219038,2004.0,11.0,243.0,7.703657584114228,1.362509225092251,40.75092250922509,289.0,275.0,-32.0,-14.0,1.0,105.09090909090911,-9.590909090909108
667,Pirpainti - Jasidih [100.52 Km] New BG line,Eastern Railway [ER] - I,705385,N22000219,1728,"Multi-States (Bihar, Jharkhand)",2014-03-01,2022-03-01,2028-03-01,2028-03-01,2555.0,2555.0,1113.67,61.8,April 2026,0,0,7.846198815497425,2014.0,3.0,168.0,7.016313675962634,0.43587866927592955,-18.212133072407042,49.0,72.0,96.0,23.0,0.0,68.05555555555556,-6.25555555555556
668,NER Provision of Automatic Block Signalling on Gorakhpur Cantt[Excl] Chhapra Gramin & Burhwal Jn [Excl] Sitapur Jn section of high density routes,North Eastern Railway [NER],611669,-,-,"Multi-States (Bihar, Uttar Pradesh)",2022-05-01,2023-06-01,2027-03-01,2028-03-01,380.47,380.47,256.53,20.0,April 2026,0,1,5.944032210673093,2022.0,5.0,58.0,5.5511362181719965,0.6742450127473912,47.42450127473913,34.0,45.0,13.0,11.0,0.0,75.55555555555556,-55.55555555555556
669,Gorakhpur-Valmikinagar Doubling project,NER,617224,-,7567,"Multi-States (Bihar, Uttar Pradesh)",2023-08-01,2024-03-01,2027-12-01,,1120.0,1120.0,401.82,26.4,April 2026,0,-1,7.02197642307216,2023.0,8.0,52.0,5.998489812044735,0.35876785714285714,9.476785714285718,25.0,45.0,7.0,20.0,0.0,55.55555555555556,-29.15555555555556
670,Chhapra-Ballia Patch Doubling,North Eastern Railway [NER],705562,N22000134,2325,"Multi-States (Bihar, Uttar Pradesh)",2013-03-01,2015-12-01,2025-02-01,2026-05-01,963.0,1046.0,917.1,95.9,April 2026,1,1,6.871091294610546,2013.0,3.0,143.0,6.822306317149654,0.9523364485981308,-0.6663551401869228,124.0,110.0,33.0,-14.0,1.0,112.72727272727272,-16.827272727272714
671,Katihar Kumedpur & Katihar Mukuria BG Doubling Project,Northeast Frontier Railway [NFR],617245,-,7607,"Multi-States (Bihar, West Bengal)",2022-08-01,2022-08-01,2026-08-01,2027-02-01,942.64,942.64,611.19,65.0,April 2026,0,1,6.849744737478631,2022.0,8.0,48.0,6.417042691846703,0.6483811423236867,-0.16188576763133256,44.0,48.0,0.0,4.0,0.0,91.66666666666666,-26.666666666666657
672,Gondia - Dongargarh 4th line [84 Km],South Eastern Central Railway,618978,-,10723,"Multi-States (Chhattisgarh, Maharashtra)",2025-10-01,2025-10-01,2030-10-01,,2222.53,2222.53,0.0,0.0,April 2026,0,-1,7.7068513021016924,2025.0,10.0,60.0,0.0,0.0,0.0,6.0,60.0,0.0,54.0,0.0,10.0,-10.0
673,Rajnandgaon - Nagpur [Kalumna] Third Railway Line [228.30 km],South East Central Railway [SECR] - II,705617,N22000420,1851,"Multi-States (Chhattisgarh, Maharashtra)",2016-09-01,2016-12-01,2024-12-01,2026-06-01,3545.0,3545.0,3639.58,96.0,April 2026,0,1,8.173575486634153,2016.0,9.0,99.0,8.199898288596753,1.0266798307475318,6.667983074753181,112.0,96.0,3.0,-16.0,1.0,116.66666666666667,-20.66666666666667
674,Sardega -Bhalumuda New Double line [37.24 Km],SECR,617390,-,9702,"Multi-States (Chhattisgarh, Odisha)",2024-09-01,2024-09-01,2028-03-01,,1281.81,1281.81,128.07,4.0,April 2026,0,-1,7.1568082632360746,2024.0,9.0,42.0,4.860354892847096,0.09991340370257683,5.991340370257683,19.0,42.0,0.0,23.0,0.0,45.23809523809524,-41.23809523809524
675,Jagdalpur-Koraput,East Coast Railway [ECoR] - II,705511,N22000376,2306,"Multi-States (Chhattisgarh, Odisha)",2015-12-01,2016-03-01,2024-03-01,2026-12-01,1547.0,1547.0,1379.69,94.46,April 2026,0,1,7.344719054149673,2015.0,12.0,99.0,7.230338653192901,0.8918487394957983,-5.275126050420155,121.0,96.0,3.0,-25.0,1.0,126.04166666666667,-31.581666666666678
676,Jharsuguda-Bilaspur Fourth Railway Line [206 km],SECR,705616,N22000484,2001,"Multi-States (Chhattisgarh, Odisha)",2016-09-01,2016-09-01,2024-10-01,2026-03-01,2140.0,2979.0,2260.48,97.0,April 2026,1,1,7.669028288589683,2016.0,9.0,97.0,7.723774745190974,1.0562990654205608,8.62990654205609,115.0,97.0,0.0,-18.0,1.0,118.55670103092784,-21.55670103092784
677,Mumbai-Ahmedabad High Speed Rail Project- 508 km,National High Speed Rail Corporation [NHSRC],705728,N22000463,1748,"Multi-States (Dadra & Nagar Haveli and Daman & Diu, Gujarat, Maharashtra)",2015-03-01,2017-09-01,2027-08-01,2029-12-01,108000.0,108000.0,90501.89,59.86,April 2026,0,1,11.58989576532275,2015.0,3.0,149.0,11.413137062879805,0.8379804629629629,23.938046296296292,103.0,119.0,30.0,16.0,0.0,86.5546218487395,-26.6946218487395
678,Raising of speed to 160 kmph/200 kmph on existing New Delhi-Mumbai route incl. Vadodara-Ahmedabad,PCE/WR,705793,-,-,"Multi-States (Delhi, Gujarat, Madhya Pradesh, Maharashtra, Rajasthan)",2019-09-01,2019-09-01,2024-03-01,2026-03-01,6806.44,8095.12,9480.86,66.32,April 2026,1,1,8.825771410700773,2019.0,9.0,54.0,9.157135778535514,1.392924935796099,72.97249357960993,79.0,54.0,0.0,-25.0,1.0,146.2962962962963,-79.97629629629631
679,Hospet - Tinaighat - Vasco Rail Doubling Project,RVNL - II,705650,N22000297,1470,"Multi-States (Goa, Karnataka)",2010-03-01,2012-07-01,2027-03-01,2027-12-01,5060.0,5060.0,5304.19,86.13,April 2026,0,1,8.529319371214077,2010.0,3.0,204.0,8.576440865675346,1.0482588932806323,18.69588932806323,165.0,176.0,28.0,11.0,0.0,93.75,-7.6200000000000045
680,Hospet-Hubli-Vasco da Gama Line Electrification Project,RVNL,706950,-,-,"Multi-States (Goa, Karnataka)",2015-07-01,2018-05-01,2023-03-01,2026-06-01,744.49,1122.62,1163.14,99.65,April 2026,1,1,6.614041720298596,2015.0,7.0,92.0,7.059737895973025,1.5623312603258608,56.58312603258608,95.0,58.0,34.0,-37.0,1.0,163.79310344827587,-64.14310344827587
681,Western Dedicated Freight Corridor,DFCCIL,705237,N22000464,961,"Multi-States (Gujarat, Haryana, Maharashtra, Rajasthan, Uttar Pradesh)",2008-02-01,2012-01-01,2022-03-01,2025-12-01,51101.0,124005.0,124623.0,96.0,April 2026,1,1,10.841578914369135,2008.0,2.0,169.0,11.73305648315973,2.438758537014931,147.87585370149313,171.0,122.0,47.0,-49.0,1.0,140.1639344262295,-44.1639344262295
682,"New line Dahod-Indore via Sardarpur, Jabuwa and Dhar",Western Railway [WR] - II,705453,N22000139,1547,"Multi-States (Gujarat, Madhya Pradesh)",2012-06-01,2012-06-01,2027-02-01,2027-02-01,456.07,3516.77,4157.76,55.0,April 2026,1,0,6.12483655203096,2012.0,6.0,176.0,8.332972231898475,9.11649527484816,856.6495274848161,166.0,176.0,0.0,10.0,0.0,94.31818181818183,-39.31818181818183
683,Chhota Udaipur - Dhar New Line Project [157 km],Western Railway [WR] - II,705454,N22000138,2230,"Multi-States (Gujarat, Madhya Pradesh)",2008-11-01,2014-01-01,2025-12-01,2025-12-01,1794.0,1794.0,1819.63,80.3,April 2026,0,0,7.492760300922379,2008.0,11.0,205.0,7.506937874019575,1.0142865105908585,21.128651059085854,147.0,143.0,62.0,-4.0,1.0,102.79720279720279,-22.49720279720279
684,MUMBAI CENTRAL VIRAR VADODARA AHMEDABAAD TRAIN PROTECTION SYSTEM 500 RKM,Western Railway,611452,N22000434,5039,"Multi-States (Gujarat, Maharashtra)",2019-09-01,2023-03-01,2025-12-01,2026-12-01,311.0,311.0,263.42,93.0,April 2026,0,1,5.7430031878094825,2019.0,9.0,75.0,5.577538748081951,0.8470096463022508,-8.299035369774913,37.0,33.0,42.0,-4.0,1.0,112.12121212121211,-19.12121212121211
685,Taranga Hill-Abu Road via Ambaji,North Western Railway [NWR],400022,N22000592,4458,"Multi-States (Gujarat, Rajasthan)",2022-07-01,2022-07-01,2030-07-01,2030-07-01,2798.0,2798.0,2439.32,37.0,April 2026,0,0,7.937017489515454,2022.0,7.0,96.0,7.799884457229144,0.8718084345961402,50.180843459614024,45.0,96.0,0.0,51.0,0.0,46.875,-9.875
686,LUNI- SAMDARI- BHILDI DOUBLING,North Western Railway [NWR],616842,-,7083,"Multi-States (Gujarat, Rajasthan)",2024-02-01,2024-02-01,2027-07-01,,3085.59,3085.59,778.73,30.0,April 2026,0,-1,8.034822200650687,2024.0,2.0,41.0,6.658947705912412,0.25237636886300513,-4.762363113699486,26.0,41.0,0.0,15.0,0.0,63.41463414634146,-33.41463414634146
687,Chandigarh-Baddi New Rail Line- 36 km,Northen Railway [NR],705424,N22000467,1611,"Multi-States (Haryana, Himachal Pradesh)",2018-02-01,2018-02-01,2026-12-01,2026-12-01,1540.0,1540.13,590.11,43.0,April 2026,1,0,7.340186835320115,2018.0,2.0,106.0,6.382002125298456,0.3831883116883117,-4.681168831168833,98.0,106.0,0.0,8.0,0.0,92.45283018867924,-49.45283018867924
688,Rewari - Kathuwas Doubling Project [27.72 Km],North Western Railway [NWR],611861,N22000606,-,"Multi-States (Haryana, Rajasthan)",2023-02-01,2022-12-01,2027-06-01,2027-06-01,352.0,352.0,315.28,73.0,April 2026,0,0,5.8664680569332965,2023.0,2.0,52.0,5.756627897202726,0.8956818181818181,16.568181818181813,40.0,54.0,-2.0,14.0,0.0,74.07407407407408,-1.0740740740740762
689,Nangal Dam-Talwara New Broad Gauge Line [84 KM] and Taking Over Siding Mukerian-Talwara [29 KM],Northen Railway [NR],705410,220100188,1525,"Multi-States (Himachal Pradesh, Punjab)",1983-03-01,1985-05-01,2025-12-01,2027-12-01,2018.0,2018.0,2384.29,84.0,April 2026,0,1,7.610357618312838,1983.0,3.0,513.0,7.777075989221981,1.1815113974231912,34.15113974231912,491.0,487.0,26.0,-4.0,1.0,100.82135523613962,-16.821355236139624
690,Bhanupalli-Bilaspur-Beri New Railway Line Project,RVNL - II,705428,N22000273,385,"Multi-States (Himachal Pradesh, Punjab)",2009-03-01,2015-04-01,2026-12-01,2027-12-01,13447.0,13447.0,7558.16,63.0,April 2026,0,1,9.506585675088452,2009.0,3.0,213.0,8.93051535188917,0.5620703502639994,-6.792964973600057,132.0,140.0,73.0,8.0,0.0,94.28571428571428,-31.285714285714278
691,Doubling of Hatia [Ranchi]-Bondamunda Rail Line - 159 km,South Eastern Railway - JH,705628,N22000396,1802,"Multi-States (Jharkhand, Odisha)",2016-03-01,2017-02-01,2025-06-01,2026-06-01,3029.0,3029.04,2629.17,92.0,April 2026,1,1,8.016317898503415,2016.0,3.0,111.0,7.874803761866084,0.8679993397160779,-5.200066028392214,110.0,100.0,11.0,-10.0,1.0,110.00000000000001,-18.000000000000014
692,Buramara-Chakulia new line [59.96 km],South Eastern Railway [SER] - I,616588,-,7027,"Multi-States (Jharkhand, Odisha, West Bengal)",2024-08-01,2024-12-01,2029-12-01,,1459.13,1459.13,7.58,0.0,April 2026,0,-1,7.286280751834349,2024.0,8.0,64.0,2.149433913499871,0.005194876398950059,0.5194876398950059,16.0,60.0,4.0,44.0,0.0,26.666666666666668,-26.666666666666668
693,Chandil - Anara - Damodar - 3rd line [121.26 km],CAO/C/SER,616227,-,7573,"Multi-States (Jharkhand, West Bengal)",2024-09-01,2025-07-01,2029-09-01,,1932.01,1932.01,4.51,0.0,April 2026,0,-1,7.566833652500692,2024.0,9.0,60.0,1.706564623164823,0.0023343564474303962,0.23343564474303963,9.0,50.0,10.0,41.0,0.0,18.0,-18.0
694,KHARAGPUR-ADITYAPUR THIRD RAIL LINE- 132 KM,RVNL - I,705668,N22000595,1862,"Multi-States (Jharkhand, West Bengal)",2016-09-01,2018-01-01,2025-03-01,2026-06-01,3250.0,3250.0,3287.18,97.5,April 2026,0,1,8.086717920303906,2016.0,9.0,102.0,8.09808949920319,1.01144,3.6439999999999912,99.0,86.0,16.0,-13.0,1.0,115.11627906976744,-17.616279069767444
695,Baiyyappanahalli - Hosur Doubling Project [48 km],Karnataka Rail Infrastructure Development Company Limited [K-RIDE],703586,N22000542,-,"Multi-States (Karnataka, Tamil Nadu)",2019-04-01,2019-02-01,2024-03-01,2026-01-01,498.7,748.7,698.51,88.0,April 2026,1,1,6.214007918350159,2019.0,4.0,59.0,6.550380089929011,1.4006617204732303,52.06617204732302,86.0,61.0,-2.0,-25.0,1.0,140.98360655737704,-52.983606557377044
696,Trivandrum- Kanyakumari,Southern Railway [SR] - I,705635,N22000399,2388,"Multi-States (Kerala, Tamil Nadu)",2017-08-01,2016-03-01,2025-03-01,2028-06-01,1432.0,3785.45,2909.77,56.0,April 2026,1,1,7.267525427828172,2017.0,8.0,91.0,7.976172929974856,2.0319622905027934,147.19622905027933,121.0,108.0,-17.0,-13.0,1.0,112.03703703703705,-56.03703703703705
697,Ratlam-Mhow-Khandwa-Akola Gauge Conversion,Western Railway [WR] - II,705457,N22000120,1544,"Multi-States (Madhya Pradesh, Maharashtra)",2008-04-01,2010-03-01,2027-03-01,2028-09-01,1656.25,6499.86,4606.71,83.0,April 2026,1,1,7.412914881121501,2008.0,4.0,227.0,8.435486266367521,2.7814098113207546,195.14098113207547,193.0,204.0,23.0,11.0,0.0,94.6078431372549,-11.607843137254903
698,Itarsi - Nagpur Third Railway Line [280 km],Central Railway [CR] - II,705507,N22000358,1772,"Multi-States (Madhya Pradesh, Maharashtra)",2016-09-01,2016-09-01,2027-03-01,2027-12-01,2449.91,2506.68,2155.76,55.0,April 2026,1,1,7.804214663147685,2016.0,9.0,126.0,7.676362374551943,0.879934364935855,32.99343649358549,115.0,126.0,0.0,11.0,0.0,91.26984126984127,-36.269841269841265
699,RATLAM- DUNGARPUR VIA BANSWARA NEW LINE PROJECT,North Western Railway [NWR],617406,-,9722,"Multi-States (Madhya Pradesh, Rajasthan)",2015-10-01,2023-05-01,2028-03-01,,2417.24,2417.24,7.19,8.0,April 2026,0,-1,7.790795281832355,2015.0,10.0,149.0,2.1029138978649784,0.0029744667471992858,-7.702553325280071,35.0,58.0,91.0,23.0,0.0,60.3448275862069,-52.3448275862069
700,Gwalior - Seopurkala with extension to Kota [Gauge Conversion],North Central Railway,705419,N22000148,1767,"Multi-States (Madhya Pradesh, Rajasthan)",2011-03-01,2018-07-01,2025-03-01,2026-02-01,2913.0,2913.0,2213.55,92.0,April 2026,0,1,7.97728198675515,2011.0,3.0,168.0,7.7028045015685125,0.7598867147270856,-16.01132852729144,93.0,80.0,88.0,-13.0,1.0,116.25000000000001,-24.250000000000014
701,Ramganjmandi-Bhopal New Line Project [276.50 km],West Central Railway [WCR] - II,705481,220100314,1542,"Multi-States (Madhya Pradesh, Rajasthan)",2001-03-01,2004-10-01,2025-12-01,2027-12-01,3032.0,5073.0,4139.87,81.0,April 2026,1,1,8.017307507688582,2001.0,3.0,297.0,8.328661189669544,1.3653924802110817,55.539248021108165,258.0,254.0,43.0,-4.0,1.0,101.5748031496063,-20.574803149606296
702,Nimach-Badi Sadri New Rail Line Project,Western Railway [WR] - II,705764,N22000503,9926,"Multi-States (Madhya Pradesh, Rajasthan)",2017-04-01,2021-09-01,2026-03-01,2026-06-01,495.0,825.0,261.69,60.0,April 2026,1,1,6.206575926724928,2017.0,4.0,107.0,5.570974629731707,0.5286666666666666,-7.13333333333334,55.0,54.0,53.0,-1.0,1.0,101.85185185185186,-41.85185185185186
703,Mathura-Jhansi Third Railway Line [274 Km],RVNL - II,705667,N22000501,2005,"Multi-States (Madhya Pradesh, Rajasthan, Uttar Pradesh)",2015-12-01,2018-03-01,2024-12-01,2026-12-01,5961.0,5961.0,5121.42,95.48,April 2026,0,1,8.693161274238017,2015.0,12.0,108.0,8.541382262616773,0.8591545042778057,-9.564549572219434,97.0,81.0,27.0,-16.0,1.0,119.75308641975309,-24.273086419753085
704,Jhansi - Bina Third Railway Line [153 Km],CAO/C/NCR,705598,N22000496,2083,"Multi-States (Madhya Pradesh, Uttar Pradesh)",2016-09-01,2018-03-01,2022-03-01,2026-03-01,2002.0,2002.0,1939.11,96.0,April 2026,0,1,7.602401335665818,2016.0,9.0,66.0,7.570499951480859,0.9685864135864135,0.8586413586413499,97.0,48.0,18.0,-49.0,1.0,202.08333333333334,-106.08333333333334
705,Jhansi-Khairar-Manikpur & Khirar-Bhimsen,North Central Railway,705608,N22000495,2319,"Multi-States (Madhya Pradesh, Uttar Pradesh)",2018-03-01,2019-04-01,2026-03-01,2026-03-01,4330.0,4330.0,2895.52,68.0,April 2026,0,0,8.373553741214627,2018.0,3.0,96.0,7.971265295398046,0.6687113163972286,-1.1288683602771385,84.0,83.0,13.0,-1.0,1.0,101.20481927710843,-33.20481927710843
706,Third Line [new] between Kazipet - Balharshah with electrification [201.04 Km],South Central Railway [SCR] - II,705613,N22000367,1773,"Multi-States (Maharashtra, Telangana)",2016-09-01,2016-10-01,2025-01-01,2025-11-01,2595.0,3071.0,4141.26,94.7,April 2026,1,1,7.86172707782398,2016.0,9.0,100.0,8.328996811593393,1.5958612716763008,64.88612716763008,114.0,99.0,1.0,-15.0,1.0,115.15151515151516,-20.451515151515153
707,Narayangarh-Bhadrak 3rd line,South Eastern Railway [SER] - I,705629,N22000506,2385,"Multi-States (Odisha, West Bengal)",2019-03-01,2017-03-01,2025-12-01,2027-01-01,2400.0,3425.32,2655.21,77.0,April 2026,1,1,7.783640596221253,2019.0,3.0,81.0,7.884655573735812,1.1063375,33.63374999999999,109.0,105.0,-24.0,-4.0,1.0,103.80952380952382,-26.809523809523824
708,Nagapattinam-Tiruturaipundi and Karaikal-Peralam New Line,Ministry of Railways,400223,N22000626,2081,"Multi-States (Puducherry, Tamil Nadu)",2008-07-01,2019-01-01,2027-03-01,2028-03-01,713.0,981.0,635.3,80.0,April 2026,1,1,6.570882962339584,2008.0,7.0,224.0,6.455670150238746,0.891023842917251,9.102384291725102,87.0,98.0,126.0,11.0,0.0,88.77551020408163,-8.775510204081627
709,Sivok-Rangpo New Rail Line,Indian Railway Construction International Limited [IRCON],705432,N22000102,650,"Multi-States (Sikkim, West Bengal)",2009-10-01,2010-05-01,2015-05-01,2027-12-01,7877.0,11775.0,10770.42,93.0,April 2026,1,1,8.971829343530851,2009.0,10.0,67.0,9.284651609184449,1.3673251237780881,43.7325123778088,191.0,60.0,7.0,-131.0,1.0,318.3333333333333,-225.33333333333331
710,"Sainthia, Sitarampur, Mughalsarai, Allahabad & Etawah - Bypass Line Project",Eastern Railway [ER] - I,602797,N22000631,-,"Multi-States (Uttar Pradesh, West Bengal)",2017-08-01,2017-12-01,2027-03-01,2027-03-01,461.64,461.64,291.24,31.85,April 2026,0,0,6.136949213849963,2017.0,8.0,115.0,5.677575382487027,0.6308812061346504,31.238120613465036,100.0,111.0,4.0,11.0,0.0,90.09009009009009,-58.240090090090085
711,Jharsuguda-Barpali-Sardega Ph II Works- Rail Connectivity for Coal Loading Bulb at Barpali.,South Eastern Railway [SER] - I,400006,-,4689,Odisha,2021-10-01,2021-10-01,2025-10-01,2026-12-01,808.99,808.99,701.15,38.0,April 2026,0,1,6.697021901911263,2021.0,10.0,48.0,6.554147056414189,0.8666979814336394,48.669798143363934,54.0,48.0,0.0,-6.0,1.0,112.5,-74.5
712,Proposed 6 nos Road Over Bridge [ROB] at different locations under MCL Talcher Under Deposit Scheme.,East Coast Railway [ECoR] - II,400045,-,4299,Odisha,2022-08-01,2022-07-01,2025-03-01,2025-01-01,168.32,168.32,69.85,82.0,April 2026,0,0,5.1317904156527225,2022.0,8.0,31.0,4.260564966136689,0.4149833650190114,-40.50166349809886,45.0,32.0,-1.0,-13.0,1.0,140.625,-58.625
713,Doubling of Lingaraj SILO connectivity of NTPC line and augmentation of NTPC exchange yard and NTPC Block Cabin.,East Coast Railway [ECoR] - II,400047,-,4292,Odisha,2022-08-01,2022-06-01,2024-12-01,2026-12-01,210.0,210.0,39.31,52.0,April 2026,0,1,5.351858133476067,2022.0,8.0,28.0,3.6965995771290743,0.1871904761904762,-33.28095238095238,46.0,30.0,-2.0,-16.0,1.0,153.33333333333334,-101.33333333333334
714,Doubling of lines connecting the loading spurs in Talcher Yard.,East Coast Railway [ECoR] - II,400048,-,4247,Odisha,2022-09-01,2022-06-01,2024-12-01,2027-06-01,186.21,186.21,100.97,88.0,April 2026,0,1,5.232230981420177,2022.0,9.0,27.0,4.624678652376135,0.5422372590086462,-33.776274099135385,46.0,30.0,-3.0,-16.0,1.0,153.33333333333334,-65.33333333333334
715,Brundamal-Jharsuguda- flyover connection for joining downline,East Coast Railway [ECoR] - II,400232,N22000521,2015,Odisha,2014-01-01,2014-01-01,2026-12-01,2026-12-01,297.0,297.0,232.73,56.0,April 2026,0,0,5.697093486505405,2014.0,1.0,155.0,5.454166603010877,0.7836026936026935,22.360269360269356,147.0,155.0,0.0,8.0,0.0,94.83870967741936,-38.83870967741936
716,3rd & 4th line between Sarla - Sason [8 km] [PB 73/2023-24/NR],East Coast Railway [ECoR] - II,612834,-,-,Odisha,2023-04-01,2023-04-01,2025-12-01,,252.0,252.0,117.3,86.0,April 2026,0,-1,5.53338948872752,2023.0,4.0,32.0,4.773223770984341,0.4654761904761905,-39.45238095238095,36.0,32.0,0.0,-4.0,1.0,112.5,-26.5
717,Rourkela-Bondamunda A-Cabin 5th line [9.6 km],CAO/C/SER,615915,-,-,Odisha,2022-09-01,2023-12-01,2026-03-01,,244.99,244.99,95.42,31.0,April 2026,0,-1,5.505290884699608,2022.0,9.0,42.0,4.568713648977476,0.3894852851136781,7.948528511367812,28.0,27.0,15.0,-1.0,1.0,103.7037037037037,-72.7037037037037
718,Bangriposi-Gorumahisani new line [ 85.60 km ],CAO/C/SER,616586,-,7025,Odisha,2024-08-01,2025-09-01,2029-12-01,,2269.49,2269.49,7.14,0.0,April 2026,0,-1,7.727750946212077,2024.0,8.0,64.0,2.096790180014449,0.0031460812781726293,0.31460812781726294,7.0,51.0,13.0,44.0,0.0,13.725490196078432,-13.725490196078432
719,Badampahar-Kendujhargarh new line [82.06 km],CAO/C/SER,616587,-,7026,Odisha,2024-08-01,2025-09-01,2029-12-01,,1875.72,1875.72,2.15,0.0,April 2026,0,-1,7.537280851244757,2024.0,8.0,64.0,1.1474024528375417,0.0011462265156846436,0.11462265156846436,7.0,51.0,13.0,44.0,0.0,13.725490196078432,-13.725490196078432
720,Flyover between Siju and Paradeep coaching Yard to avoid Surface crossing of trains,East Coast Railway [ECoR] - II,616694,-,-,Odisha,2023-04-01,2025-10-01,2028-07-01,,200.77,200.77,34.06,5.5,April 2026,0,-1,5.307128434826587,2023.0,4.0,63.0,3.5570608794930885,0.1696468595905763,11.464685959057629,6.0,33.0,30.0,27.0,0.0,18.181818181818183,-12.681818181818183
721,Paradeep - Badabandha 3rd & 4th Line / 18.51kms,East Coast Railway [ECoR] - II,616695,-,-,Odisha,2023-08-01,2025-04-01,2028-11-01,,300.15,300.15,0.89,10.5,April 2026,0,-1,5.70760847948973,2023.0,8.0,63.0,0.636576829071551,0.0029651840746293522,-10.203481592537065,12.0,43.0,20.0,31.0,0.0,27.906976744186046,-17.406976744186046
722,Naupada-Gunupur - New line upto Theruvali [73.62 km],Indian Railway,616839,-,7082,Odisha,2024-08-01,2026-04-01,2029-12-01,,1165.89,1165.89,0.0,0.0,April 2026,0,-1,7.062097369060713,2024.0,8.0,64.0,0.0,0.0,0.0,0.0,44.0,20.0,44.0,0.0,0.0,0.0
723,New Line between Junagarh - Nabarangpur [116.21 Km],Indian Railway,618995,-,10798,Odisha,2024-08-01,2025-08-01,2030-08-01,,2864.51,2864.51,0.0,0.0,April 2026,0,-1,7.96050162377806,2024.0,8.0,72.0,0.0,0.0,0.0,8.0,60.0,12.0,52.0,0.0,13.333333333333334,-13.333333333333334
724,Khurda-Bolangir New Broad Gauge Rail Link [301km],East Coast Railway [ECoR] - II,705358,220100284,1476,Odisha,1994-03-01,2001-03-01,2026-12-01,2026-12-01,3792.0,5089.0,5671.96,92.0,April 2026,1,0,8.2409125416889,1994.0,3.0,393.0,8.643466306358645,1.495770042194093,57.577004219409304,301.0,309.0,84.0,8.0,0.0,97.41100323624595,-5.411003236245946
725,Talcher-Bimlagarh New Railway Line,East Coast Railway [ECoR] - II,705359,220100328,423,Odisha,2004-03-01,2004-12-01,2025-03-01,2029-03-01,1928.0,1928.0,2120.08,56.0,April 2026,0,1,7.564757012905729,2004.0,3.0,252.0,7.659680671910895,1.0996265560165974,53.96265560165975,256.0,243.0,9.0,-13.0,1.0,105.34979423868313,-49.34979423868313
726,Bhadrak-Nergundi Third Line,East Coast Railway [ECoR] - II,705510,N22000316,1854,Odisha,2015-10-01,2015-04-01,2024-11-01,2026-01-01,1284.0,1284.0,1352.81,95.0,April 2026,0,1,7.158513997329321,2015.0,10.0,109.0,7.210678118662679,1.0535903426791278,10.359034267912776,132.0,115.0,-6.0,-17.0,1.0,114.78260869565217,-19.782608695652172
727,Koraput - Singapur Railway Doubling,East Coast Railway [ECoR] - II,705513,N22000379,1857,Odisha,2015-12-01,2015-12-01,2027-12-01,2028-03-01,2362.0,2362.0,1962.43,74.6,April 2026,0,1,7.767687277186908,2015.0,12.0,144.0,7.58244822275868,0.8308340389500424,8.483403895004244,124.0,144.0,0.0,20.0,0.0,86.11111111111111,-11.51111111111112
728,Jarapada- Budhapank with flyover at Talcher road 3rd and 4th Line,East Coast Railway [ECoR] - II,705514,N22000380,1855,Odisha,2015-11-01,2015-12-01,2018-11-01,2028-03-01,1000.0,810.02,455.8,59.0,April 2026,0,1,6.90875477931522,2015.0,11.0,36.0,6.124245658341801,0.45580000000000004,-13.419999999999995,124.0,35.0,1.0,-89.0,1.0,354.2857142857143,-295.2857142857143
729,3rd & 4th Railway Line Project from Salegaon to Budhapank via Rajathgarh.,East Coast Railway [ECoR] - II,705515,N22000381,1752,Odisha,2013-07-01,2015-12-01,2026-03-01,2026-03-01,1173.0,2092.0,2120.58,89.0,April 2026,1,0,7.068172000388042,2013.0,7.0,152.0,7.659916373099448,1.8078260869565217,91.78260869565216,124.0,123.0,29.0,-1.0,1.0,100.8130081300813,-11.8130081300813
730,Jeypore-Navarangpur New Rail Line Project,East Coast Railway [ECoR] - II,705741,N22000517,3436,Odisha,2017-07-01,2023-04-01,2028-07-01,2029-12-01,748.0,748.0,15.91,1.97,April 2026,0,1,6.618738983517219,2017.0,7.0,132.0,2.827905162910489,0.02127005347593583,0.15700534759358287,36.0,63.0,69.0,27.0,0.0,57.14285714285714,-55.17285714285714
731,Jeypore-Malkanagiri New Railway Line Project,East Coast Railway [ECoR] - II,705742,N22000516,3458,Odisha,2018-02-01,2023-12-01,2033-07-01,2033-07-01,2344.0,2344.0,549.72,23.1,April 2026,0,0,7.76004068088038,2018.0,2.0,185.0,6.311226513023175,0.2345221843003413,0.352218430034128,28.0,115.0,70.0,87.0,0.0,24.347826086956523,-1.2478260869565219
732,Khurda Road - Balangir Electrification of Railway Track Project,Ministry of Railways,706898,-,-,Odisha,2018-09-01,2019-09-01,2021-03-01,,267.61,267.61,0.0,0.0,April 2026,0,-1,5.593260513478021,2018.0,9.0,30.0,0.0,0.0,0.0,79.0,18.0,12.0,-61.0,1.0,438.8888888888889,-438.8888888888889
733,GANDHAMARDAN IRON ORE MINES TO GOALDIH STATION/12.76kms,East Coast Railway [ECoR] - II,709811,N22000520,-,Odisha,2022-09-01,2025-05-01,2027-09-01,2027-09-01,190.0,189.93,3.4,5.0,April 2026,0,0,5.25227342804663,2022.0,9.0,60.0,1.4816045409242156,0.017894736842105262,-3.210526315789474,11.0,28.0,32.0,17.0,0.0,39.285714285714285,-34.285714285714285
734,"Jaynagar-Bijalpura, incl. extn. Bet, Bijalpura-Bardibas [Nepal]",East Central Railway [ECR] - I,705362,N22000181,2290,Offshore,2015-08-01,2011-03-01,2022-03-01,2026-03-01,819.0,819.0,580.51,75.0,April 2026,0,1,6.709304340258298,2015.0,8.0,79.0,6.3656281687154115,0.7088034188034188,-4.119658119658126,181.0,132.0,-53.0,-49.0,1.0,137.12121212121212,-62.121212121212125
735,North Region Video Surveillance Project,RCIL,705298,-,-,PAN India,2020-06-01,2023-04-01,2024-03-01,,274.39,274.39,0.0,48.0,April 2026,0,-1,5.618188274814676,2020.0,6.0,45.0,0.0,0.0,-48.0,36.0,11.0,34.0,-25.0,1.0,327.2727272727273,-279.2727272727273
736,Ludhiana Mullanpur 21Km Doubling Railway project,CAO/C/NR,607653,-,-,Punjab,,2022-10-01,2024-06-01,,234.78,234.78,10.0,0.0,April 2026,0,-1,5.4628991668639815,,,,2.3978952727983707,0.0425930658488798,4.25930658488798,42.0,20.0,,-22.0,1.0,210.0,-210.0
737,Ludhiana- Killa Raipur Railway Doubling Project,Railway,705783,N22000584,-,Punjab,2019-03-01,2022-12-01,2025-03-01,2027-02-01,237.64,238.0,137.05,57.0,April 2026,1,1,5.474956140206493,2019.0,3.0,72.0,4.927615938376164,0.5767126746339001,0.6712674633900093,40.0,27.0,45.0,-13.0,1.0,148.14814814814815,-91.14814814814815
738,Devgarh Madariya - Nathdwara Gauge Conversion [82.54 Km] part of Marwar - Mavli Gauge Conversion [152 Km],North Western Railway [NWR],611855,-,9756,Rajasthan,2023-01-01,2023-01-01,2027-01-01,,968.92,968.92,708.25,73.0,April 2026,0,-1,6.877213593869438,2023.0,1.0,48.0,6.5642080736889605,0.7309685010114354,0.09685010114354498,39.0,48.0,0.0,9.0,0.0,81.25,-8.25
739,Maintenance cum workshop depot for Vande Bharat Sleeper Trains as per conditions under WTA 527,WPO/Patna,611929,-,-,Rajasthan,2022-09-01,2023-06-01,2024-12-01,,166.86,166.86,0.0,0.0,April 2026,0,-1,5.123130298654681,2022.0,9.0,27.0,0.0,0.0,0.0,34.0,18.0,9.0,-16.0,1.0,188.88888888888889,-188.88888888888889
740,PUSHKAR- MERTA CITY NEW LINE,North Western Railway [NWR],616841,-,7086,Rajasthan,2024-02-01,2024-02-01,2026-12-01,,799.64,799.64,131.75,8.0,April 2026,0,-1,6.685411407838491,2024.0,2.0,34.0,4.888467660122048,0.16476164273923266,8.476164273923267,26.0,34.0,0.0,8.0,0.0,76.47058823529412,-68.47058823529412
741,AJMER- CHANDERIYA DOUBLING,North Western Railway [NWR],616843,-,7084,Rajasthan,2024-02-01,2024-02-01,2027-06-01,,1634.79,1634.79,377.37,12.0,April 2026,0,-1,7.399881147065413,2024.0,2.0,40.0,5.935872552850872,0.23083698823702128,11.083698823702129,26.0,40.0,0.0,14.0,0.0,65.0,-53.0
742,SADULPUR - CHURU DOUBLING PROJECT,North Western Railway [NWR],617403,-,-,Rajasthan,2024-01-01,2024-01-01,2026-06-01,,468.64,468.64,188.7,90.0,April 2026,0,-1,6.151966443762011,2024.0,1.0,29.0,5.245443876940969,0.4026544895868897,-49.73455104131103,27.0,29.0,0.0,2.0,0.0,93.10344827586206,-3.103448275862064
743,POKHRAN - RAMDEVRA New Line,North Western Railway [NWR],617404,-,-,Rajasthan,2025-04-01,2025-04-01,2028-03-01,,189.21,189.21,0.0,0.0,April 2026,0,-1,5.24812872496475,2025.0,4.0,35.0,0.0,0.0,0.0,12.0,35.0,0.0,23.0,0.0,34.285714285714285,-34.285714285714285
744,NATHDWARA- NATHDWARA TOWN NL,North Western Railway [NWR],617408,-,-,Rajasthan,2019-03-01,2024-04-01,2027-03-01,,166.33,166.33,109.96,15.0,April 2026,0,-1,5.119967910506483,2019.0,3.0,96.0,4.7091697760065765,0.6610954127337221,51.1095412733722,24.0,35.0,61.0,11.0,0.0,68.57142857142857,-53.57142857142857
745,Dholpur - Sirmuttra Gauge Conversion,North Central Railway,705482,N22000158,1692,Rajasthan,2022-03-01,2020-04-01,2019-02-01,2027-02-01,747.0,747.0,491.95,49.5,April 2026,0,1,6.617402977974478,2022.0,3.0,-37.0,6.200407749021051,0.6585676037483267,16.356760374832675,72.0,-14.0,-23.0,-86.0,1.0,,
746,Gudha-Thatha Mithri Construction of Railway Track Project,North Western Railway [NWR],705752,N22000593,7072,Rajasthan,2019-04-01,2019-04-01,2026-11-01,2026-11-01,819.48,967.06,400.92,94.0,April 2026,1,0,6.709889534852196,2019.0,4.0,91.0,5.996253063839779,0.4892370771708889,-45.07629228291111,84.0,91.0,0.0,7.0,0.0,92.3076923076923,1.6923076923076934
747,Sawai Madhopur-Jaipur Railway Line Project,North Western Railway [NWR],705912,-,-,Rajasthan,2024-02-01,2023-04-01,2027-03-01,,1203.89,1203.89,207.11,19.0,April 2026,0,-1,7.094143555450853,2024.0,2.0,37.0,5.33806678606532,0.17203398981634535,-1.7966010183654646,36.0,47.0,-10.0,11.0,0.0,76.59574468085107,-57.59574468085107
748,Agra Fort-Bandikui Doubling Line Project,CAO/C/NCR,705919,N22000553,-,Rajasthan,2022-06-01,2021-02-01,2027-06-01,2027-06-01,1390.0,1390.0,477.04,54.0,April 2026,0,0,7.237778191923443,2022.0,6.0,60.0,6.16969441099868,0.3431942446043166,-19.680575539568345,62.0,76.0,-16.0,14.0,0.0,81.57894736842105,-27.578947368421055
749,Dedicated Test Track for RDSO /Phase-II Project,North Western Railway [NWR],706836,-,-,Rajasthan,2021-11-01,2022-01-01,2026-03-01,,466.42,466.42,533.9,98.0,April 2026,0,-1,6.147228211090879,2021.0,11.0,52.0,6.282079813537204,1.144676471849406,16.467647184940603,51.0,50.0,2.0,-1.0,1.0,102.0,-4.0
750,Sawaimadhopur Bye Pass Line Project,North Western Railway [NWR],706866,N22000607,-,Rajasthan,2022-12-01,2023-01-01,2026-03-01,2027-05-01,304.0,304.0,83.03,72.0,April 2026,0,1,5.720311776607412,2022.0,12.0,39.0,4.431173877940127,0.273125,-44.6875,39.0,38.0,1.0,-1.0,1.0,102.63157894736842,-30.631578947368425
751,Phase II extension of MRTS from Velachery to St Thomas Mount,Ministry of Railways,400280,N22000028,1509,Tamil Nadu,2007-11-01,2008-11-01,2025-07-01,2025-09-01,734.0,734.01,486.53,99.9,April 2026,1,1,6.5998704992128365,2007.0,11.0,212.0,6.189351827006027,0.6628474114441416,-33.61525885558585,209.0,200.0,12.0,-9.0,1.0,104.5,-4.599999999999994
752,Redevelopment of Chennai Egmore Station,Ministry of Railways,613002,-,5830,Tamil Nadu,2022-05-01,2022-10-01,2026-03-01,,842.0,842.0,340.0,0.0,April 2026,0,-1,6.736966958001855,2022.0,5.0,46.0,5.831882477283517,0.40380047505938244,40.38004750593824,42.0,41.0,5.0,-1.0,1.0,102.4390243902439,-102.4390243902439
753,Coach Production Factory Upgradation Project,CPM/ICF,705244,-,-,Tamil Nadu,2017-12-01,2018-07-01,2021-12-01,,520.0,520.0,192.25,0.0,April 2026,0,-1,6.255750041753367,2017.0,12.0,48.0,5.263984687467532,0.3697115384615385,36.97115384615385,93.0,41.0,7.0,-52.0,1.0,226.8292682926829,-226.8292682926829
754,Madurai- Tuticorin New Line,Ministry of Railways,705489,-,1508,Tamil Nadu,2011-04-01,2016-09-01,2021-07-01,2027-12-01,601.43,2084.48,641.26,0.0,April 2026,1,1,6.400971476042478,2011.0,4.0,123.0,6.46499320612958,1.066225495901435,106.6225495901435,115.0,58.0,65.0,-57.0,1.0,198.27586206896552,-198.27586206896552
755,Doubling between Bhadrachalam Road and Dornakal,South Central Railway [SCR] - II,616856,-,7098,Telangana,2023-08-01,2025-04-01,2029-04-01,,770.12,770.12,87.93,0.05,April 2026,0,-1,6.647844003475713,2023.0,8.0,68.0,4.487849543411548,0.11417701137485069,11.367701137485067,12.0,48.0,20.0,36.0,0.0,25.0,-24.95
756,Railway Manufacturing Unit,RVNL - II,617409,-,9725,Telangana,2016-07-01,2023-02-01,2026-12-01,2026-03-01,521.36,521.36,491.87,90.0,April 2026,0,0,6.258357005352207,2016.0,7.0,125.0,6.200245447586355,0.9434363971152371,4.343639711523707,38.0,46.0,79.0,8.0,0.0,82.6086956521739,7.391304347826093
757,Kazipet Wagon Overhauling Project,RVNL,705252,-,-,Telangana,2017-09-01,2017-07-01,2023-12-01,,385.0,385.0,0.0,0.0,April 2026,0,-1,5.955837369464831,2017.0,9.0,75.0,0.0,0.0,0.0,105.0,77.0,-2.0,-28.0,1.0,136.36363636363635,-136.36363636363635
758,Manoharabad-Kothapalli New Rail Line [151 km],South Central Railway [SCR] - II,705437,N22000032,1664,Telangana,2016-07-01,2017-01-01,2027-03-01,2027-12-01,1160.0,2781.0,3040.86,72.01,April 2026,1,1,7.057036981697891,2016.0,7.0,128.0,8.020224449406463,2.6214310344827587,190.1331034482759,111.0,122.0,6.0,11.0,0.0,90.98360655737704,-18.97360655737704
759,Bahraich-Shravasti-Balrampur-Siddharthnagar -Santkabir nagar,North Eastern Railway [NER],400204,N22000569,2271,Uttar Pradesh,2018-10-01,2017-03-01,2030-10-01,2030-10-01,4939.78,4939.78,1055.82,8.9,April 2026,0,0,8.505278492454748,2018.0,10.0,144.0,6.963019678085814,0.21373826364736892,12.473826364736892,109.0,163.0,-19.0,54.0,0.0,66.87116564417178,-57.97116564417178
760,Sahjanwa-Dohrighat,North Eastern Railway [NER],400205,N22000565,2270,Uttar Pradesh,2019-08-01,2017-03-01,2029-03-01,2029-03-01,1319.75,1319.75,492.3,4.0,April 2026,0,0,7.185955036044425,2019.0,8.0,115.0,6.201117508239693,0.3730251941655617,33.302519416556166,109.0,144.0,-29.0,35.0,0.0,75.69444444444444,-71.69444444444444
761,Varanasi-Pt. Deen Dayal Upadhyaya multitracking 15km including construction of new Rail-cum-Road Bridge across Ganga River.,Northern Railways,617213,-,9911,Uttar Pradesh,2024-10-01,2025-10-01,2029-10-01,,2464.46,2464.46,59.82,2.42,April 2026,0,-1,7.810133681642895,2024.0,10.0,60.0,4.107918682249219,0.024273065904904117,0.007306590490411935,6.0,48.0,12.0,42.0,0.0,12.5,-10.08
762,Anandnagar - Ghugli via Maharajganj New line 52.7 km,Construction NER,617252,-,7619,Uttar Pradesh,2023-10-01,2023-11-01,2028-03-01,,958.27,958.27,635.41,23.8,April 2026,0,-1,6.866172578531812,2023.0,10.0,53.0,6.455843009727984,0.6630803427009089,42.50803427009089,29.0,52.0,1.0,23.0,0.0,55.769230769230774,-31.969230769230773
763,Chunar-Chopan doubling project,North Central Railway,617284,-,7648,Uttar Pradesh,2023-08-01,2025-01-01,2028-03-01,,1423.96,1423.96,123.09,17.0,April 2026,0,-1,7.2618990221333375,2023.0,8.0,55.0,4.821007108786528,0.08644203488862047,-8.355796511137953,15.0,38.0,17.0,23.0,0.0,39.473684210526315,-22.473684210526315
764,Surface triangle line bet. Bhadura stn and new crossing stn Karma,East Central Railway [ECR] - I,617333,-,-,Uttar Pradesh,2022-10-01,2024-05-01,2027-02-01,,199.96,199.96,5.19,0.5,April 2026,0,-1,5.303105883279834,2022.0,10.0,52.0,1.8229350866965048,0.02595519103820764,2.095519103820764,23.0,33.0,19.0,10.0,0.0,69.6969696969697,-69.1969696969697
765,Doubling between Jaunpur Jn - Zaffarabad 6.28 km,M/S SRC company Infra Private Limited,617370,-,-,Uttar Pradesh,2023-03-01,2025-02-01,2027-01-01,,180.66,180.66,43.65,10.5,April 2026,0,-1,5.2021368080740675,2023.0,3.0,46.0,3.798854307322508,0.24161408170043175,13.661408170043174,14.0,23.0,23.0,9.0,0.0,60.86956521739131,-50.36956521739131
766,Burhwal Gonda 3rd line,North Eastern Railway [NER],705567,N22000468,2328,Uttar Pradesh,2017-11-01,2019-07-01,2025-03-01,2026-05-01,1016.0,1118.0,1050.11,88.4,April 2026,1,1,6.92461239604856,2017.0,11.0,88.0,6.957602027626693,1.0335728346456692,14.957283464566913,81.0,68.0,20.0,-13.0,1.0,119.11764705882352,-30.717647058823516
767,Janghai-Pratapgarh- Amethi,CAO/C/II/NR,705588,N22000583,2339,Uttar Pradesh,2017-11-01,2017-03-01,2025-03-01,2026-03-01,722.0,1194.0,1691.52,70.0,April 2026,1,1,6.583409222158765,2017.0,11.0,88.0,7.4339738215556075,2.342825484764543,164.2825484764543,109.0,96.0,-8.0,-13.0,1.0,113.54166666666667,-43.54166666666667
768,Lalitpur-Birari with flyover at Lalitpur- 16 Km,North Central Railway,705766,N22000546,2084,Uttar Pradesh,2017-03-01,2017-11-01,2024-12-01,2026-01-01,304.44,356.0,255.32,86.0,April 2026,1,1,5.721753359977438,2017.0,3.0,93.0,5.546426663879994,0.838654578898962,-2.1345421101037942,101.0,85.0,8.0,-16.0,1.0,118.82352941176471,-32.82352941176471
769,Allahabad-Bamhrauli Flyover Construction & 4th Railway Line Project,North Central Railway,705771,N22000563,-,Uttar Pradesh,2019-04-01,2020-10-01,2026-03-01,2026-03-01,494.0,494.0,397.57,78.0,April 2026,0,0,6.20455776256869,2019.0,4.0,83.0,5.987883141524284,0.8047975708502024,2.479757085020239,66.0,65.0,18.0,-1.0,1.0,101.53846153846153,-23.538461538461533
770,"Mughalsarai-Allahabad, 3rd line",North Central Railway,705772,N22000544,2317,Uttar Pradesh,2015-12-01,2016-03-01,2026-12-01,2027-03-01,2649.0,2649.44,1930.12,71.0,April 2026,1,1,7.882314918980268,2015.0,12.0,132.0,7.565855424464514,0.7286221215553038,1.8622121555303863,121.0,129.0,3.0,8.0,0.0,93.7984496124031,-22.798449612403104
771,Aligarh -Daud Khan Flyover Construction & 3rd Railway Line Project,CAO/C/NCR,705774,N22000562,6129,Uttar Pradesh,2019-04-01,2020-09-01,2025-01-01,2027-03-01,758.0,779.49,484.51,83.0,April 2026,1,1,6.63200177739563,2019.0,4.0,69.0,6.185199884841606,0.6391952506596306,-19.080474934036943,67.0,52.0,17.0,-15.0,1.0,128.84615384615387,-45.84615384615387
772,Bhandai - Flyover for Etawah bound down train- 10 Km,North Central Railway [NCR] - II,705777,N22000564,10080,Uttar Pradesh,2020-07-01,2021-04-01,2026-02-01,2027-02-01,250.18,250.18,139.49,9.0,April 2026,0,1,5.526169813589981,2020.0,7.0,67.0,4.9451363118635605,0.5575585578383564,46.75585578383564,60.0,58.0,9.0,-2.0,1.0,103.44827586206897,-94.44827586206897
773,Bhatni-Aurnihar with electrification excluding Indara-Mau,RVNL - I,705780,N22000598,2330,Uttar Pradesh,2018-03-01,2017-03-01,2024-12-01,2026-06-01,2529.0,2529.46,2164.72,96.5,April 2026,1,1,7.835974581721566,2018.0,3.0,81.0,7.680508148659996,0.8559588770264926,-10.904112297350736,109.0,93.0,-12.0,-16.0,1.0,117.20430107526883,-20.70430107526883
774,Barabanki-Malhaur 3rd & 4th Railway Line Project,Ministry of Railways,705782,N22000590,-,Uttar Pradesh,2019-01-01,2017-04-01,2025-03-01,2026-08-01,407.0,407.0,409.54,77.0,April 2026,0,1,6.0112671744041615,2019.0,1.0,74.0,6.017473366289033,1.0062407862407863,23.624078624078635,108.0,95.0,-21.0,-13.0,1.0,113.68421052631578,-36.68421052631578
775,Allahabad division - Aligarh - Harduaganj Flyover,North Central Railway,705918,N22000545,3451,Uttar Pradesh,2020-04-01,2021-02-01,2026-10-01,2027-03-01,1457.0,1457.0,400.19,36.0,April 2026,0,1,7.284820912568604,2020.0,4.0,78.0,5.994435130552815,0.2746671242278655,-8.53328757721345,62.0,68.0,10.0,6.0,0.0,91.17647058823529,-55.17647058823529
776,Rishikesh-Karnaprayag New Rail Line- 125 km,RVNL - II,705429,N22000406,1764,Uttarakhand,2016-11-01,2018-08-01,2025-12-01,2028-12-01,38953.0,38953.0,28286.15,74.0,April 2026,0,1,10.570136741789845,2016.0,11.0,109.0,10.250162916908995,0.7261610145560035,-1.3838985443996563,92.0,88.0,21.0,-4.0,1.0,104.54545454545455,-30.545454545454547
777,Kalinarayanpur-Krishnanagar Doubling Alongwith Krishnanagar - Chapra New Line And Naihati-Ranaghat 3rd Line.,Eastern Railway [ER] - I,400247,N22000624,1852,West Bengal,2015-07-01,2005-11-01,2027-02-01,2028-03-01,1000.0,1000.0,1065.08,74.5,April 2026,0,1,6.90875477931522,2015.0,7.0,139.0,6.971743648814227,1.06508,32.00800000000001,245.0,255.0,-116.0,10.0,0.0,96.07843137254902,-21.57843137254902
778,Tarakeshwar-Bishnupur New Line [82.47 km],Eastern Railway [ER] - I,400273,220100272,1552,West Bengal,2001-03-01,2008-02-01,2019-03-01,2026-02-01,1189.0,1542.0,1390.59,96.9,April 2026,1,1,7.081708586105575,2001.0,3.0,216.0,7.238202257278987,1.1695458368376785,20.054583683767845,218.0,133.0,83.0,-85.0,1.0,163.90977443609023,-67.00977443609023
779,Dum Dum Airport-New Garia via Rajarhat-Construction of Metro Railway,RVNL - II,400277,N22000110,1539,West Bengal,2010-03-01,2011-10-01,2025-12-01,2027-12-01,8964.0,8964.0,8621.5,86.6,April 2026,0,1,9.101083386039234,2010.0,3.0,189.0,9.062130344810996,0.9617916108879965,9.579161088799651,174.0,170.0,19.0,-4.0,1.0,102.35294117647058,-15.752941176470586
780,Construction of Balurghat-Hilli new BG Line,Northeast Frontier Railway [NFR],612096,N22000206,5478,West Bengal,2010-12-01,2010-12-01,2027-03-01,2027-03-01,1209.0,1181.57,491.05,16.0,April 2026,0,0,7.098375638590786,2010.0,12.0,195.0,6.198580337344994,0.40616211745244,24.616211745244,184.0,195.0,0.0,11.0,0.0,94.35897435897435,-78.35897435897435
781,SER Upgradation of maintenance infrastructure at Shalimar into Vande Bharat Chair Car maintenance cum workshop depot.,South Eastern Railway - JH,617345,-,-,West Bengal,2024-03-01,2024-12-01,2026-10-01,,226.87,226.87,86.69,50.0,April 2026,0,-1,5.428775290904015,2024.0,3.0,31.0,4.4738078677912645,0.3821131044210341,-11.78868955789659,16.0,22.0,9.0,6.0,0.0,72.72727272727273,-22.727272727272734
782,Joka-BBD Bag new metro project,RVNL - II,705730,N22000111,648,West Bengal,2010-03-01,2010-04-01,2026-12-01,2029-12-01,4835.0,10362.0,4932.47,51.0,April 2026,1,1,8.483843211734683,2010.0,3.0,201.0,8.503797873403087,1.0201592554291623,51.015925542916236,192.0,200.0,1.0,8.0,0.0,96.0,-45.0
783,Noapara-Barasat via Bimanbandar - Construction of Metro railway [18 km],"Metro Railway, Kolkata",706776,N22000108,3398,West Bengal,2010-11-01,2010-03-01,2026-08-01,2029-03-01,4830.0,4830.0,3258.95,32.0,April 2026,0,1,8.482808764554406,2010.0,11.0,189.0,8.08946713681982,0.6747308488612836,35.47308488612836,193.0,197.0,-8.0,4.0,0.0,97.96954314720813,-65.96954314720813
784,Baranagar-Barrackpore and Dakshineshwar- Construction of Metro Railway,RVNL - II,706777,N22000109,3400,West Bengal,2010-03-01,2010-03-01,2026-12-01,2030-12-01,2298.0,2734.0,393.02,17.0,April 2026,1,1,7.740229524763182,2010.0,3.0,201.0,5.9764016694309365,0.17102697998259356,0.10269799825935522,193.0,201.0,0.0,8.0,0.0,96.01990049751244,-79.01990049751244
785,"Rehabilitation and up-gradation of section to Intermediate/2-Lane with hard shoulder from Km 107.760 to Km 129.445 After Middle strait to Humphrey, Km 130.600 to Km 138.00 After Humphrey to Kadamtala & Km 155.00 to Km 181.0 End of Jarwa to Rangat of NH-04 in UT of A&N on EPC Package-IIIA",NHIDCL,619184,-,-,Andaman & Nicobar,2018-02-01,2024-03-01,2025-09-01,2026-05-01,207.45,376.48,0.0,78.01,April 2026,1,1,5.339699204326806,2018.0,2.0,91.0,0.0,0.0,-78.01,25.0,18.0,73.0,-7.0,1.0,138.88888888888889,-60.87888888888888
786,Rehabilitation and up-gradation and completion of balance work of section from Km 155.00 to Km 181.00 End of Jarwa to Rangat of NH -4 Total length 26 Km to Intermediate Lane/2-lane with hard shoulders in the UT of A&N Islands on EPC basis - Package-III.B Balance work,NHIDCL,619185,-,-,Andaman & Nicobar,2018-02-01,2024-05-01,2025-10-01,2026-05-01,183.56,333.12,0.0,47.28,April 2026,1,1,5.217974613865498,2018.0,2.0,92.0,0.0,0.0,-47.28,23.0,17.0,75.0,-6.0,1.0,135.29411764705884,-88.01411764705884
787,Construction of Balance works of Major Bridge over Middle Strait Creek between Km.106.590 to km108.553 of NH-04 connecting South Andaman & Baratang Island in the Union Territory of Andaman & Nicobar Islands on EPC basis,NHIDCL,619186,-,-,Andaman & Nicobar,2015-03-01,2024-05-01,2026-02-01,2026-12-01,262.96,371.88,0.0,12.64,April 2026,1,1,5.575797576515221,2015.0,3.0,131.0,0.0,0.0,-12.64,23.0,21.0,110.0,-2.0,1.0,109.52380952380953,-96.88380952380953
788,Rehabilitation and Up-gradation from Km 170700 Bhadrachalam to Km 234567 Konta on NH-30 to Two lane with Paved Shoulder in the State of Andra Pradesh on EPC mode.,MoRTH,617907,N24001953,-,Andhra Pradesh,2021-12-01,2022-09-01,2024-09-01,2026-04-01,436.09,436.09,221.22,100.0,April 2026,0,1,6.080139123547622,2021.0,12.0,33.0,5.403667882155863,0.5072806072141072,-49.27193927858929,43.0,24.0,9.0,-19.0,1.0,179.16666666666669,-79.16666666666669
789,Tadipatri Bypass Km 0000 to Km 6285 of 4-Lane on NH-67 in Anantapuramu district of AP state under NHO on EPC Mode under Annual Plan 2022-23,MoRTH,617949,N24002145,-,Andhra Pradesh,2023-03-01,2024-03-01,2026-03-01,2026-03-01,159.66,159.66,59.26,100.0,April 2026,0,0,5.079290330745667,2023.0,3.0,36.0,4.098668533702155,0.37116372291118627,-62.88362770888137,25.0,24.0,12.0,-1.0,1.0,104.16666666666667,-4.166666666666671
790,"Gudivada Town 2 RoB, and Road improvement NH-165",MoRTH,617984,N24000989,-,Andhra Pradesh,2022-03-01,2023-05-01,2025-05-01,2026-11-01,317.22,317.22,0.0,73.46,April 2026,0,1,5.762742967479711,2022.0,3.0,38.0,0.0,0.0,-73.46,35.0,24.0,14.0,-11.0,1.0,145.83333333333331,-72.37333333333332
791,Widening to two lane with paved shoulders from Km 0/0 to 64/020 Pamarru to Akiveedu,MoRTH,617985,N24000983,10158,Andhra Pradesh,2020-03-01,2021-11-01,2023-11-01,2027-05-01,529.54,588.65,0.0,69.62,April 2026,1,1,6.2738953557770625,2020.0,3.0,44.0,0.0,0.0,-69.62,53.0,24.0,20.0,-29.0,1.0,220.83333333333334,-151.21333333333334
792,Kurnool/Kadapa Border-Jammalamadugu section of NH-167K i.e. Design Ch. Km 248010 to km 269900 to 2,MoRTH,617986,N24001537,-,Andhra Pradesh,2023-03-01,2024-12-01,2026-12-01,2026-12-01,292.63,292.63,0.0,82.57,April 2026,0,0,5.682320471356869,2023.0,3.0,45.0,0.0,0.0,-82.57,16.0,24.0,21.0,8.0,0.0,66.66666666666666,15.903333333333336
793,Nandyala-Kurnool/Kadapa Border section of NH-167K i.e. Km 186/000 to Km 250/000Design Ch.186000 to 248010 to 2LPS,MoRTH,617987,-,10159,Andhra Pradesh,2024-10-01,2025-09-01,2027-09-01,2027-09-01,691.81,691.81,0.0,40.49,April 2026,0,0,6.540755791324192,2024.0,10.0,35.0,0.0,0.0,-40.49,7.0,24.0,11.0,17.0,0.0,29.166666666666668,11.323333333333334
794,Sangameswaram - Atmakuru section from Km 96 to Km 124 & Velegodu- Nandyal section including Nandyal Bypass from Km 143/6 to 185/9 NH-167K,MoRTH,617988,-,10160,Andhra Pradesh,2024-10-01,2025-07-01,2027-07-01,2027-07-01,776.17,644.14,0.0,20.94,April 2026,0,0,6.6556591166553485,2024.0,10.0,33.0,0.0,0.0,-20.94,9.0,24.0,9.0,15.0,0.0,37.5,-16.56
795,Construction of bypass road to Adoni town connecting NH-167 Hagari - Jadcharla road from km.62/700 to 71/400 in Kurnool District in the State of Andhra Pradesh.,MoRTH,617990,N24002025,-,Andhra Pradesh,2023-03-01,2024-02-01,2025-11-01,,242.0,242.0,78.49,95.94,April 2026,0,-1,5.493061443340548,2023.0,3.0,32.0,4.375631227585021,0.3243388429752066,-63.506115702479335,26.0,21.0,11.0,-5.0,1.0,123.80952380952381,-27.869523809523812
796,"Rehabilitation and up-gradation of NH-167 from Km 14/900 to Km70/000 Design Ch. 14/900 to 69/700 Chintakunta to Adoni section to two lane with paved shoulders in the State of Andhra Pradesh under Corridor Approach through Engineering, Procurement",MoRTH,617991,N24001278,-,Andhra Pradesh,2016-11-01,2017-05-01,2019-05-01,2026-10-01,290.15,290.15,140.23,91.9,April 2026,0,1,5.673838598283129,2016.0,11.0,30.0,4.9503897670809724,0.48330174047906255,-43.56982595209375,107.0,24.0,6.0,-83.0,1.0,445.8333333333333,-353.9333333333333
797,4-laning of Puttaparthi-Koduru Section of NH-342,MoRTH,618013,-,10164,Andhra Pradesh,2022-10-01,2023-11-01,2025-11-01,2026-06-01,1318.59,909.19,341.52,79.5,April 2026,0,1,7.185076361271757,2022.0,10.0,37.0,5.836330050157991,0.25900393602256955,-53.599606397743045,29.0,24.0,13.0,-5.0,1.0,120.83333333333333,-41.33333333333333
798,Rehabilitation and Up-gradation of existin of road from 2-lane to 2-lane with paved shoulders from km. 0.00 to km 53.590 total length-53.590 km of Raychoti to Vempalli section of NH-440 in the State of Andhra Pradesh on EPC mode.,MoRTH,618037,N24001934,-,Andhra Pradesh,2021-12-01,2022-05-01,2024-05-01,2026-06-01,439.82,359.52,178.83,82.0,April 2026,0,1,6.088636628860241,2021.0,12.0,29.0,5.192011960177106,0.40659815379018693,-41.340184620981304,47.0,24.0,5.0,-23.0,1.0,195.83333333333331,-113.83333333333331
799,Gorantla - Hindupur section from Km 120/300 to 165/000 of NH716G in the State of Andhra Pradesh,MoRTH,618052,-,10169,Andhra Pradesh,2024-10-01,2025-08-01,2027-08-01,2027-08-01,808.7,808.7,0.0,18.72,April 2026,0,0,6.696663808692069,2024.0,10.0,34.0,0.0,0.0,-18.72,8.0,24.0,10.0,16.0,0.0,33.33333333333333,-14.61333333333333
800,Muddanur to B. Kothapalli section of NH-716G from Km. 0/000 to Km. 56/500 56.500 Km in the State of Andhra Pradesh on EPC mode Job no. 741,MoRTH,618053,-,10170,Andhra Pradesh,2024-10-01,2025-08-01,2027-08-01,2027-08-01,1019.97,1019.97,0.0,20.63,April 2026,0,0,6.928508434775093,2024.0,10.0,34.0,0.0,0.0,-20.63,8.0,24.0,10.0,16.0,0.0,33.33333333333333,-12.70333333333333
801,Dornala to Kunta Junction from Design Chainage Km 244000 to 267990 section of NH-765 Package-2,MoRTH,618062,N24002147,-,Andhra Pradesh,2022-12-01,2024-03-01,2025-09-01,2026-01-01,244.83,244.83,0.0,99.64,April 2026,0,1,5.504640240131903,2022.0,12.0,33.0,0.0,0.0,-99.64,25.0,18.0,15.0,-7.0,1.0,138.88888888888889,-39.248888888888885
802,Kondamodu to Perecherla Section Design Ch. Km 000 to Km 49917 of NH-167AG to to 4LPS,MoRTH,618101,-,10181,Andhra Pradesh,2024-10-01,2025-04-01,2027-04-01,2027-04-01,881.61,881.61,0.0,36.82,April 2026,0,0,6.782883426932149,2024.0,10.0,30.0,0.0,0.0,-36.82,12.0,24.0,6.0,12.0,0.0,50.0,-13.18
803,Rehabilitation and upgradation from Km 22300 to 58635 of MudireddyPalle to Kadapa/Nellore Border via porumamilla Section of NH 167 Two Lane with paved Shoulder in,MoRTH,618103,-,-,Andhra Pradesh,2022-03-01,2024-10-01,2026-04-01,2026-06-01,279.29,279.29,155.02,88.25,April 2026,0,1,5.635824781472974,2022.0,3.0,49.0,5.049984204160167,0.5550503061334097,-32.74496938665904,18.0,18.0,31.0,0.0,0.0,100.0,-11.75
804,Rehabilitation and upgradation of NH 326A from km 0/0 to 41/979 excluding km 2/255 to 3/372 and km 36/820 to 38/275 Odisha border to Narasamapeta to two lane with paved Shoulders in the State of Andhra Pradesh under NHO on EPC Mode,MoRTH,618125,-,-,Andhra Pradesh,2018-03-01,2018-09-01,2020-03-01,2025-10-01,228.32,228.32,44.45,100.0,April 2026,0,1,5.435118408040182,2018.0,3.0,24.0,3.816612820623488,0.19468290119131046,-80.53170988086896,91.0,18.0,6.0,-73.0,1.0,505.55555555555554,-405.55555555555554
805,Widening to two lane with paved shoulder of Rampachodavaram - Koyyuru section of NH 516E from Km 43700 to Km 113820 in the State of Andhra Pradesh on EPC mode Job No. 737,MoRTH,618145,N24001263,10190,Andhra Pradesh,2022-03-01,2023-01-01,2025-01-01,2026-04-01,568.12,568.12,303.13,98.63,April 2026,0,1,6.344091308200145,2022.0,3.0,34.0,5.717455241576844,0.5335668520735056,-45.27331479264943,39.0,24.0,10.0,-15.0,1.0,162.5,-63.870000000000005
806,Widening and Reconstruction of existing road to four lane from Km.56400 to Km 120300 i.e. from B.Kothapalli Junction to Gorantla excluding Kadiri Bypass from Km 70200 to Km 77105 of NH 716G in the State of Andhra Pradesh on EPC mode Job no. 742,MoRTH,618161,N24001416,10194,Andhra Pradesh,2022-03-01,2023-09-01,2025-12-01,2026-04-01,839.98,839.98,355.56,99.45,April 2026,0,1,6.734567878477328,2022.0,3.0,45.0,5.876502528638301,0.4232957927569704,-57.12042072430297,31.0,27.0,18.0,-4.0,1.0,114.81481481481481,-15.364814814814807
807,"Rehabilitation and upgradation of NH-167AD from Macherla to Dachepalli via Paluvai Junction, Rentachinthala, Gurazala from Km.0.000 to 43.659 to two lane with paved shoulders in the state of Andhra Pradesh job-729",MoRTH,618191,N24001951,-,Andhra Pradesh,2022-01-01,2023-01-01,2025-01-01,2026-03-01,403.22,403.22,227.13,99.06,April 2026,0,1,6.001959284200623,2022.0,1.0,36.0,5.429915641904784,0.5632905113833638,-42.73094886166362,39.0,24.0,12.0,-15.0,1.0,162.5,-63.44
808,Duttalur at NH-565 Junction to Kavali Joining on NH-16 Chainage Km. 36/400 to Km. 107/224 excluding the stretch from Km 101.880 to 105.300 67.404 Km of NH-167BG from in the State of Andhra Pradesh on EPC mode,MoRTH,618192,N24001942,-,Andhra Pradesh,2021-03-01,2022-07-01,2024-07-01,2026-04-01,423.67,423.67,0.0,94.65,April 2026,0,1,6.0513123967267575,2021.0,3.0,40.0,0.0,0.0,-94.65,45.0,24.0,16.0,-21.0,1.0,187.5,-92.85
809,Widening of Existing Road to Two Lane with Paved Shoulder Configuration from Km 0.00 to 26.000 & Km 45.200 To 59.622 Of NH 365BB in the State of Andhra Pradesh Under Annual Plan 2023-24 through EPC Mode,MoRTH,618193,-,-,Andhra Pradesh,2024-01-01,2025-04-01,2026-12-01,2026-12-01,368.63,368.63,37.37,22.55,April 2026,0,0,5.912502505304687,2024.0,1.0,35.0,3.647275904258861,0.10137536282993788,-12.412463717006213,12.0,20.0,15.0,8.0,0.0,60.0,-37.45
810,Rehabilitation and upgradation of New NH 544DD from design Chainage Km. 56/000 to 102/20 of Kalyandrg - Molakalmuru Section,MoRTH,618194,N24000937,-,Andhra Pradesh,2018-03-01,2018-08-01,2020-02-01,2025-09-01,294.13,285.29,312.39,98.52,April 2026,0,1,5.687415937235904,2018.0,3.0,23.0,5.747448421308188,1.0620813925815116,7.688139258151168,92.0,18.0,5.0,-74.0,1.0,511.1111111111111,-412.5911111111111
811,Rehabilitation and Up-gradation of Dhindi - Digamarru section from Km 126/510 to Km 135/740 of NH -214New NH -216 and digamarru -Losari section from Km 0/000 tp Km 34/230 of NH-214 ANew Nh-216 to two lane with paved shoulder in the state of AP- NH,MoRTH,618236,-,-,Andhra Pradesh,2016-02-01,2016-05-01,2018-05-01,2023-11-01,316.06,288.76,220.75,100.0,April 2026,0,1,5.759091030415082,2016.0,2.0,27.0,5.401550621189688,0.6984433335442637,-30.155666645573632,119.0,24.0,3.0,-95.0,1.0,495.8333333333333,-395.8333333333333
812,Rehabilitation and Up-gradation of Pasarlapudi to Dhindi section from Km 105/170 to Km 126/510 of NH -214 New NH -216 to two lane with paved shoulder in the state of Andhra Pradesh under NHDP-IV,MoRTH,618237,N24000969,-,Andhra Pradesh,2017-03-01,2017-09-01,2019-09-01,2025-09-01,263.45,263.45,151.56,98.4,April 2026,0,1,5.577652197511989,2017.0,3.0,30.0,5.027557961292164,0.5752894287341052,-40.87105712658949,103.0,24.0,6.0,-79.0,1.0,429.1666666666667,-330.76666666666665
813,Rehabilitation and Up-gradation of Thimmapuram to Gurajanapalli section from Km 26/150 to Km 41/161 of NH - 214 New NH - 216 to two lane with paved shoulder in the state of Andhra Pradesh under NHDP-IV,MoRTH,618238,N24000964,-,Andhra Pradesh,2016-08-01,2017-01-01,2018-07-01,2026-07-01,350.61,432.91,233.92,98.2,April 2026,1,1,5.862522606817267,2016.0,8.0,23.0,5.459245030654318,0.6671800576138729,-31.481994238612714,111.0,18.0,5.0,-93.0,1.0,616.6666666666667,-518.4666666666667
814,"Rehabilitation & Upgradation of NH214New NH-216 from Km 34/230 to Km 84/550 Losari to Machavaram Section to two lane with paved shoulder in the state of Andhrapradesh under NHDP-IV through Engineering, Procurement& Construction EPC mode.",MoRTH,618239,-,-,Andhra Pradesh,2016-03-01,2016-09-01,2018-09-01,2025-07-01,445.22,459.37,0.0,98.6,April 2026,1,1,6.100812103943264,2016.0,3.0,30.0,0.0,0.0,-98.6,115.0,24.0,6.0,-91.0,1.0,479.1666666666667,-380.5666666666667
815,Construction of Paderu bypass Km 0000 to Km 13000 of 2- lane with paved shoulder on NH-516E,MoRTH,618254,N24002148,-,Andhra Pradesh,2023-03-01,2025-01-01,2026-07-01,2026-12-01,244.43,244.43,11.67,13.0,April 2026,0,1,5.503011774193717,2023.0,3.0,40.0,2.5392369943330477,0.04774373031133658,-8.225626968866342,15.0,18.0,22.0,3.0,0.0,83.33333333333334,-70.33333333333334
816,Two laning with paved shoulders of Lambasingi to Paderusection of NH 516E,MoRTH,618255,N24002142,-,Andhra Pradesh,2020-04-01,2023-11-01,2025-11-01,2026-11-01,361.24,358.05,109.5,43.22,April 2026,0,1,5.892306975574764,2020.0,4.0,67.0,4.705015520957808,0.3031225777876204,-12.907742221237957,29.0,24.0,43.0,-5.0,1.0,120.83333333333333,-77.61333333333333
817,"Rehabilitation and Upgradation to 2-lane with paved should ders Sir, configuration of Chaprathipalem to Lambasingi section Km 165500 to Km 205000 of NH-516E in the State of Andhra Pradesh under Green National Highways Corridor Project GNHCP with the loan assistance of World Bank on EPC mode",MoRTH,618256,N24001958,-,Andhra Pradesh,2020-08-01,2022-10-01,2024-10-01,2026-05-01,311.22,311.22,195.13,91.25,April 2026,0,1,5.74370806752852,2020.0,8.0,50.0,5.27877770467342,0.6269841269841269,-28.55158730158731,42.0,24.0,26.0,-18.0,1.0,175.0,-83.75
818,Rehabilitation and Upgradation to 2-lane with paved shoulders configuration of Koyyuru to Chaprathipalem section Km 120000 to Km 165500 of NH-516E in the State of Andhra Pradesh under Green National Highways Corridor Project GNHCP with the loan assistance of World Bank on EPC mode,MoRTH,618257,N24001957,-,Andhra Pradesh,2020-08-01,2022-07-01,2024-07-01,2026-03-01,349.29,349.29,242.02,100.0,April 2026,0,1,5.85876138283622,2020.0,8.0,47.0,5.493143744480466,0.6928912937673566,-30.71087062326434,45.0,24.0,23.0,-21.0,1.0,187.5,-87.5
819,Two laning with paved shoulders of Gondiguda to Araku uptoBhallaguda section of NH 516E,MoRTH,618258,N24001956,-,Andhra Pradesh,2020-08-01,2021-09-01,2023-09-01,2024-04-01,296.66,289.11,237.52,91.5,April 2026,0,1,5.695951895541013,2020.0,8.0,37.0,5.474453164254905,0.800647205555181,-11.435279444481907,55.0,24.0,13.0,-31.0,1.0,229.16666666666666,-137.66666666666666
820,Two laning with paved shoulders of Paderu to GundigudaSection of NH 516E,MoRTH,618259,N24001386,-,Andhra Pradesh,2020-08-01,2021-03-01,2023-03-01,2024-03-01,222.61,222.61,122.52,100.0,April 2026,0,1,5.409903463000054,2020.0,8.0,31.0,4.816403086276466,0.5503795876196037,-44.96204123803963,61.0,24.0,7.0,-37.0,1.0,254.16666666666666,-154.16666666666666
821,Construction of i Connecting Road from Z-Morh Tunnel to Zojila Tunnel Road Length 18.475km and ii 14.150 Km long 2-L Bi-directional single tube Zoji-la Tunnel across Zojila Pass on Sonamarg - Kargil section from Km 82 to Km 118 of NH-01 under PMDP,NHIDCL,618412,N24001256,10304,Andhra Pradesh,2018-01-01,2020-10-01,2026-09-01,2028-02-01,6808.69,6808.69,3214.27,66.05,April 2026,0,1,8.826101876815216,2018.0,1.0,104.0,8.075666614482966,0.47208346980109245,-18.84165301989075,66.0,71.0,33.0,5.0,0.0,92.95774647887323,-26.907746478873236
822,Bangalore Chennai Expressway Phase-II Pkg-II from km.96.000 to Km 127.000 Baireddypalle to Bangarupalem section,National Highways Authority of India [NHAI],618475,N24001985,10334,Andhra Pradesh,2021-02-01,2023-06-01,2025-06-01,2026-09-01,2548.04,2548.04,1226.85,92.14,April 2026,0,1,7.843472096681394,2021.0,2.0,52.0,7.113019951409055,0.48148773174675435,-43.99122682532457,34.0,24.0,28.0,-10.0,1.0,141.66666666666669,-49.526666666666685
823,Bangalore Chennai Expressway Phase-II Pkg-III from km.127.000 to Km 156.000 Bangarupalem to Gudipala section,National Highways Authority of India [NHAI],618476,N24001821,10335,Andhra Pradesh,2020-11-01,2022-10-01,2024-10-01,2026-05-01,1407.33,1407.33,689.49,99.46,April 2026,0,1,7.250159884256458,2020.0,11.0,47.0,6.537401490485245,0.4899277354991367,-50.46722645008632,42.0,24.0,23.0,-18.0,1.0,175.0,-75.54
824,Construction of 6 lane elevated corridor including its approaches from Km. 629880 to Km. 634470 Design Chainage of NH-16 in Ranasthalam Town portion in the state of Andhra Pradesh on EPC Mode under NHO.,National Highways Authority of India [NHAI],618524,-,-,Andhra Pradesh,2024-07-01,2025-03-01,2027-03-01,2027-03-01,257.98,192.85,46.41,34.5,April 2026,0,0,5.556750838640694,2024.0,7.0,32.0,3.8588331769140267,0.17989766648577407,-16.510233351422592,13.0,24.0,8.0,11.0,0.0,54.166666666666664,-19.666666666666664
825,Construction of flyover at Gammon Junction at Km.903.265 on NH16 including vent at Diwancheruvu junction at Km.902.308 Blackspot ID No.AP03299 in Andhra Pradesh on EPC mode under NHO,National Highways Authority of India [NHAI],618525,-,-,Andhra Pradesh,2025-03-01,2025-10-01,2027-10-01,2027-10-01,326.61,223.29,13.18,8.8,April 2026,0,0,5.79182387654356,2025.0,3.0,31.0,2.6518325211039815,0.04035393894859312,-4.764606105140689,6.0,24.0,7.0,18.0,0.0,25.0,-16.2
826,6L of Gundugolanu Design km 1023.280 to Kalaparru Design km 1050.680 of NH-5 New NH-16,National Highways Authority of India [NHAI],618526,-,10377,Andhra Pradesh,2018-10-01,2020-01-01,2021-07-01,2026-05-01,665.59,665.59,512.09,95.73,April 2026,0,1,6.502175164260966,2018.0,10.0,33.0,6.24045126837971,0.7693775447347466,-18.79224552652535,75.0,18.0,15.0,-57.0,1.0,416.6666666666667,-320.93666666666667
827,Six Laning of Vijayawada Bypass from Gollapudi to Chinnakakani in Vijayawada - Gundugolanu Section from km. 30.00 to km. 47.881 Pkg-IV,National Highways Authority of India [NHAI],618527,N24001301,10378,Andhra Pradesh,2020-01-01,2021-07-01,2024-01-01,2026-05-01,1194.57,1757.82,853.14,99.92,April 2026,1,1,7.086378338090959,2020.0,1.0,48.0,6.75009511477902,0.7141816720660992,-28.50183279339008,57.0,30.0,18.0,-27.0,1.0,190.0,-90.08
828,6L of Anandapuram Pendurthi Anakapalli Section from km. 681.000 to km. 731.780 of NH-16,National Highways Authority of India [NHAI],618579,-,10415,Andhra Pradesh,2018-01-01,2019-01-01,2021-07-01,2026-05-01,2527.0,2957.25,994.53,100.0,April 2026,1,1,7.8351837552667485,2018.0,1.0,42.0,6.903275258660429,0.39356153541749106,-60.64384645825089,87.0,30.0,12.0,-57.0,1.0,290.0,-190.0
829,Nandigama Bypass and Kanchikacherla bypass,National Highways Authority of India [NHAI],618629,-,-,Andhra Pradesh,2017-11-01,2018-03-01,2019-06-01,2026-05-01,416.07,444.58,110.65,98.47,April 2026,1,1,6.033254073418364,2017.0,11.0,19.0,4.7153689782861665,0.26594082726464296,-71.8759172735357,97.0,15.0,4.0,-82.0,1.0,646.6666666666666,-548.1966666666666
830,4L of Kadapa China Orampadu section of NH-716 Package I of Kadapa-Renigunta section,National Highways Authority of India [NHAI],618633,-,12088,Andhra Pradesh,2022-12-01,2026-03-01,2028-03-01,2028-03-01,1732.66,1732.66,0.03,0.0,April 2026,0,0,7.457990059683226,2022.0,12.0,63.0,0.0295588022415444,1.7314418293260073e-05,0.0017314418293260074,1.0,24.0,39.0,23.0,0.0,4.166666666666666,-4.166666666666666
831,6L Korlam-Kantakapalle Section of NH-130CD Road from Km 421.100 to Km 445.100 Pkg-3,National Highways Authority of India [NHAI],618682,-,10485,Andhra Pradesh,2021-02-01,2022-02-01,2024-02-01,2026-07-01,1112.7,1127.63,822.68,99.26,April 2026,1,1,7.015443084399054,2021.0,2.0,36.0,6.713782104967707,0.7393547227464725,-25.324527725352752,50.0,24.0,12.0,-26.0,1.0,208.33333333333334,-109.07333333333334
832,Renigunta - Poyya - Naidupeta km 124.60 to km 183.4 of NH 71,National Highways Authority of India [NHAI],618700,N24001824,10500,Andhra Pradesh,2020-03-01,2022-01-01,2024-01-01,2026-05-01,1863.09,2510.14,1488.04,98.6,April 2026,1,1,7.53052827734174,2020.0,3.0,46.0,7.305886895990078,0.7986946416973952,-18.730535830260465,51.0,24.0,22.0,-27.0,1.0,212.5,-113.9
833,6L Access Controlled Greenfield Highway from Kodur Ch. 0000 to Vanavolu Ch. 24300 of [NH-544G] Package-1,National Highways Authority of India [NHAI],618712,N24001841,10507,Andhra Pradesh,2023-01-01,2024-02-01,2026-02-01,2026-12-01,912.94,798.25,333.15,85.01,April 2026,0,1,6.817764923785166,2023.0,1.0,37.0,5.811589993957079,0.36491992902052706,-48.5180070979473,26.0,24.0,13.0,-2.0,1.0,108.33333333333333,-23.323333333333323
834,6L Access Controlled Greenfield Highway from Yerragudipadu Ch. 129000 to Audireddipalle Ch. 160000 of [NH 544G] Package-6,National Highways Authority of India [NHAI],618713,N24001846,10508,Andhra Pradesh,2023-02-01,2024-02-01,2026-02-01,2027-04-01,1200.42,1019.69,218.52,38.41,April 2026,0,1,7.091259469522378,2023.0,2.0,36.0,5.39144334453752,0.18203628729944518,-20.206371270055477,26.0,24.0,12.0,-2.0,1.0,108.33333333333333,-69.92333333333333
835,6L Access Controlled Greenfield Highway from Nallacheruvu palli Ch. 96300 to Yerragudipadu Ch. 129000 of [NH-544G] Package-5,National Highways Authority of India [NHAI],618714,N24001845,10509,Andhra Pradesh,2022-02-01,2024-02-01,2026-02-01,2026-12-01,1253.26,1095.78,339.28,62.02,April 2026,0,1,7.134301036224746,2022.0,2.0,48.0,5.8297688081076835,0.27071796754065397,-34.94820324593461,26.0,24.0,24.0,-2.0,1.0,108.33333333333333,-46.313333333333325
836,6L Access Controlled Greenfield Highway from Odulapalle Ch. 72000 to Nallacheruvu- palli Ch. 96300 of [NH-544G]Package-4,National Highways Authority of India [NHAI],618715,N24001844,10510,Andhra Pradesh,2023-01-01,2024-02-01,2026-02-01,2027-02-01,1058.9,946.1,377.77,73.93,April 2026,0,1,6.9659298430332095,2023.0,1.0,37.0,5.9369291607099575,0.3567570119935782,-38.25429880064219,26.0,24.0,13.0,-2.0,1.0,108.33333333333333,-34.40333333333332
837,6L Access Controlled Greenfield Highway from Vankarakunta Ch. 45700 to Odulapalle Ch. 72000 of [NH-544G]Package-3,National Highways Authority of India [NHAI],618716,N24001843,10511,Andhra Pradesh,2022-12-01,2024-03-01,2026-03-01,2026-12-01,992.91,888.07,319.82,73.1,April 2026,0,1,6.901646659297728,2022.0,12.0,39.0,5.770880218188696,0.3221037153417732,-40.889628465822675,25.0,24.0,15.0,-1.0,1.0,104.16666666666667,-31.066666666666677
838,6L Access Controlled Greenfield Highway from Vanavolu Ch. 24300 to Vankarakunta Ch. 45700 of [NH-544G] Package-2,National Highways Authority of India [NHAI],618717,N24001842,10512,Andhra Pradesh,2023-01-01,2024-03-01,2026-03-01,2026-11-01,750.81,626.91,226.46,82.18,April 2026,0,1,6.622483632451564,2023.0,1.0,38.0,5.426974398756299,0.30162091607730324,-52.01790839226968,25.0,24.0,14.0,-1.0,1.0,104.16666666666667,-21.986666666666665
839,6L Access Controlled Greenfield Highway from Kavulakuntla Ch. 196000 to Narayanmpet Ch. 203500Package-09,National Highways Authority of India [NHAI],618718,-,10513,Andhra Pradesh,2023-02-01,2025-02-01,2027-02-01,2027-04-01,1092.18,956.4,178.93,36.0,April 2026,0,1,6.996846158972545,2023.0,2.0,48.0,5.192567886364428,0.16382830668937354,-19.617169331062648,14.0,24.0,24.0,10.0,0.0,58.333333333333336,-22.333333333333336
840,6L Access Controlled Greenfield Highway from Mallapalle Ch. 176000 to Kavulakuntla Ch. 196000 Package-08,National Highways Authority of India [NHAI],618719,N24001848,10514,Andhra Pradesh,2023-02-01,2024-02-01,2026-02-01,2027-01-01,909.02,751.81,257.58,56.01,April 2026,0,1,6.8134665772913605,2023.0,2.0,36.0,5.555205123826407,0.28336010208796286,-27.673989791203713,26.0,24.0,12.0,-2.0,1.0,108.33333333333333,-52.32333333333333
841,6L Access Controlled Greenfield Highway from Audireddipalle Ch. 160000 to Mallapalle Ch. 176000Package-07,National Highways Authority of India [NHAI],618720,N24001847,10515,Andhra Pradesh,2023-02-01,2024-03-01,2026-03-01,2027-02-01,987.1,848.06,297.0,65.77,April 2026,0,1,6.895783907200917,2023.0,2.0,37.0,5.697093486505405,0.3008813696687266,-35.68186303312734,25.0,24.0,13.0,-1.0,1.0,104.16666666666667,-38.396666666666675
842,6L Access Controlled Greenfield Highway from Chandrasekharapuram Ch. 228000 to Polavaram Ch. 260000of [NH-544G] Package-11,National Highways Authority of India [NHAI],618721,N24002123,10516,Andhra Pradesh,2023-02-01,2024-02-01,2026-02-01,2027-01-01,1292.65,1110.33,319.82,58.42,April 2026,0,1,7.1652229593403005,2023.0,2.0,36.0,5.770880218188696,0.24741422658879045,-33.678577341120956,26.0,24.0,12.0,-2.0,1.0,108.33333333333333,-49.91333333333333
843,Khammam-Devarapalle Pkg IV [4L Access Controlled Greenfield from Recherla village to Gurvaygudem village Design Chainage 105236 to 132664],National Highways Authority of India [NHAI],618748,N24001476,10535,Andhra Pradesh,2020-11-01,2022-09-01,2024-09-01,2025-05-01,569.37,752.02,355.88,100.0,April 2026,1,1,6.346285273046531,2020.0,11.0,46.0,5.877399590820009,0.6250417127702548,-37.49582872297452,43.0,24.0,22.0,-19.0,1.0,179.16666666666669,-79.16666666666669
844,Khammam-Devarapalle Pkg V [4L Access Controlled Greenfield from Gurvaygudem village to Devarapalle village Design Chainage 132664 to 162126,National Highways Authority of India [NHAI],618749,N24001477,10536,Andhra Pradesh,2020-12-01,2022-09-01,2024-09-01,2026-06-01,711.94,926.48,422.97,99.66,April 2026,1,1,6.569397265400712,2020.0,12.0,45.0,6.049662698011744,0.5941090541337753,-40.24909458662246,43.0,24.0,21.0,-19.0,1.0,179.16666666666669,-79.50666666666669
845,4L PS Mydukur - Badvel from Km 585.820 to Km 630.960 of NH-67,National Highways Authority of India [NHAI],618759,N24001849,10541,Andhra Pradesh,2022-05-01,2023-09-01,2025-09-01,2026-05-01,1063.57,1103.87,502.6,90.4,April 2026,1,1,6.970326240743634,2022.0,5.0,40.0,6.221782302170192,0.47255939900523714,-43.14406009947629,31.0,24.0,16.0,-7.0,1.0,129.16666666666669,-38.76666666666668
846,4L of Pileru to Kalur Section from Km 55.900 to Km 92.800 & Km 94.500 to Km 95.717 of NH-71Package-II,National Highways Authority of India [NHAI],618777,N24001986,10553,Andhra Pradesh,2022-03-01,2023-10-01,2025-11-01,2026-06-01,1877.47,592.85,246.22,98.84,April 2026,0,1,7.538212894697518,2022.0,3.0,44.0,5.510278628459677,0.13114457221686632,-85.72554277831337,30.0,25.0,19.0,-5.0,1.0,120.0,-21.159999999999997
847,4L of Madanapalle to Pileru Section from Km 0.000 to Km 55.900 of NH-71Package-I,National Highways Authority of India [NHAI],618778,N24001823,10554,Andhra Pradesh,2022-02-01,2023-01-01,2025-01-01,2026-06-01,1877.47,1994.1,1145.97,94.9,April 2026,1,1,7.538212894697518,2022.0,2.0,35.0,7.044878961599872,0.6103799261772491,-33.862007382275095,39.0,24.0,11.0,-15.0,1.0,162.5,-67.6
848,Development of 4L Road from Samarlakota to Achampeta Junction as part of Kakinada Port Connectivity to NH-16 Rajanagaram Junction in East Godavari District,National Highways Authority of India [NHAI],618803,N24001856,10572,Andhra Pradesh,2022-09-01,2023-08-01,2025-08-01,2026-05-01,645.63,750.2,595.09,90.5,April 2026,1,1,6.471774260750772,2022.0,9.0,35.0,6.390391662376393,0.9217198705140716,1.6719870514071573,32.0,24.0,11.0,-8.0,1.0,133.33333333333331,-42.833333333333314
849,Dedicated Port road to Krishnapatnam Port Package-I from Km. 0.000 to Km. 18.000,National Highways Authority of India [NHAI],618804,N24000811,-,Andhra Pradesh,2018-03-01,2018-12-01,2020-12-01,2026-08-01,348.72,341.36,184.68,77.93,April 2026,0,1,5.85713283431269,2018.0,3.0,33.0,5.224024761966182,0.5295939435650379,-24.97060564349622,88.0,24.0,9.0,-64.0,1.0,366.66666666666663,-288.7366666666666
850,6L Connectivity to Port Road from Sabbavaram Sheelanagar-NH516C,National Highways Authority of India [NHAI],618805,-,11880,Andhra Pradesh,2024-12-01,2026-02-01,2028-02-01,2028-02-01,977.33,977.33,64.7,4.0,April 2026,0,0,6.885847036433257,2024.0,12.0,38.0,4.185098925490565,0.06620077148967084,2.6200771489670833,2.0,24.0,14.0,22.0,0.0,8.333333333333332,-4.333333333333332
851,Improvement of 4L road to 6L road and 4L dedicated Port Roads for the Port connectivity road from Convent junction to Sheelanagar Junction,National Highways Authority of India [NHAI],618806,-,10573,Andhra Pradesh,2023-01-01,2024-02-01,2026-02-01,2026-06-01,685.99,680.21,460.16,79.0,April 2026,0,1,6.532319736075652,2023.0,1.0,37.0,6.133745054364753,0.6707969503928629,-11.920304960713707,26.0,24.0,13.0,-2.0,1.0,108.33333333333333,-29.33333333333333
852,"4L Greenfield Road connecting North and South industrial cluster of Khandaleru Creek near Krishnapatnam port at Thamminapatnam to Mollur from Km 0.0 to Km 16.046, Part I & 6L extension of dedicated port road of NH-67 Km 18.0 to Km 19.3, Part II",National Highways Authority of India [NHAI],618807,N24001979,10574,Andhra Pradesh,2022-08-01,2023-09-01,2025-09-01,2026-06-01,609.43,559.98,505.16,78.62,April 2026,0,1,6.414163626862126,2022.0,8.0,37.0,6.226852824838629,0.828905698767701,4.270569876770097,31.0,24.0,13.0,-7.0,1.0,129.16666666666669,-50.54666666666668
853,4 Laning of NH-544D from Km 0.000 to km 37.000 of Anantapur- Muchukota section Pkg-1,National Highways Authority of India [NHAI],618826,N24001980,10590,Andhra Pradesh,2022-10-01,2023-07-01,2025-07-01,2026-05-01,907.76,905.98,448.53,91.4,April 2026,0,1,6.812081032913731,2022.0,10.0,33.0,6.108202592507742,0.4941063717282101,-41.989362827178994,33.0,24.0,9.0,-9.0,1.0,137.5,-46.099999999999994
854,4 Laning of NH-544D from Km 37.000 to km 69.000 of Muchukota- Bugga section Pkg-2,National Highways Authority of India [NHAI],618827,N24001983,10591,Andhra Pradesh,2022-10-01,2023-08-01,2025-08-01,2026-07-01,1097.57,1055.23,356.89,70.68,April 2026,0,1,7.001764613053414,2022.0,10.0,34.0,5.880225676616052,0.3251637708756617,-38.16362291243384,32.0,24.0,10.0,-8.0,1.0,133.33333333333331,-62.65333333333331
855,4L PS from Mandlem Existing Km. 38.000/Design Km.30.600 to Atmakur Existing Km.73.000/Design Km 66.115 of NH340C Package2,National Highways Authority of India [NHAI],618919,N24001984,10665,Andhra Pradesh,2023-03-01,2023-11-01,2025-11-01,,887.28,913.03,374.39,99.94,April 2026,1,-1,6.789287008606059,2023.0,3.0,32.0,5.927965485545073,0.4219524839960328,-57.74475160039672,29.0,24.0,8.0,-5.0,1.0,120.83333333333333,-20.89333333333333
856,Access Controlled Highway of 4 Lane with Paved Shoulders from TN/AP Border Design Chainage Km 6151 to Puttur Design Chainage Km 81540 of NH-716 & 6 Lane with Paved Shoulders from Mallavaram to Renigunta,National Highways Authority of India [NHAI],618920,-,10666,Andhra Pradesh,2024-03-01,2024-12-01,2026-12-01,2027-02-01,1346.82,1260.37,171.16,34.98,April 2026,0,1,7.206243751398904,2024.0,3.0,33.0,5.14842427697342,0.1270845398791227,-22.27154601208773,16.0,24.0,9.0,8.0,0.0,66.66666666666666,-31.68666666666666
857,Six Laning of Vijayawada Bypass from Chinna Avutapalli to Gollapudi in Vijayawada - Gundugolanu Section from km. 0.00 to km. 30.00 Pkg-III,National Highways Authority of India [NHAI],619076,-,11766,Andhra Pradesh,2020-01-01,2021-02-01,2023-02-01,2026-05-01,1581.24,1883.71,934.99,98.2,April 2026,1,1,7.36659684352168,2020.0,1.0,37.0,6.841604792659837,0.5913017631732058,-39.06982368267942,62.0,24.0,13.0,-38.0,1.0,258.33333333333337,-160.13333333333338
858,4 L of China Orampadu-Renigunta section of NH-716 Package-II of Kadapa- Renigunta section,National Highways Authority of India [NHAI],619102,-,12087,Andhra Pradesh,2022-12-01,2026-03-01,2028-03-01,2028-03-01,1500.11,1500.11,0.17,0.0,April 2026,0,0,7.313960113425301,2022.0,12.0,63.0,0.15700374880966478,0.00011332502283165903,0.011332502283165902,1.0,24.0,39.0,23.0,0.0,4.166666666666666,-4.166666666666666
859,6L Jakkuva Korlam Section of NH-130CD Road from km 396.800 to km 421.100 Pkg 2,National Highways Authority of India [NHAI],619111,N24001837,11785,Andhra Pradesh,2021-02-01,2022-03-01,2024-03-01,2026-05-01,840.51,840.51,549.56,99.32,April 2026,0,1,6.735197897101547,2021.0,2.0,37.0,6.31093594204917,0.6538411202722156,-33.93588797277843,49.0,24.0,13.0,-25.0,1.0,204.16666666666666,-104.84666666666666
860,6L Kantakapalle Sabbavaram Section of NH-130CD Road from Km 445.100 to Km 464.662 Pkg-4,National Highways Authority of India [NHAI],619112,N24001836,11786,Andhra Pradesh,2021-02-01,2022-10-01,2024-10-01,2026-12-01,1012.57,1012.57,568.13,81.06,April 2026,0,1,6.921234031094567,2021.0,2.0,44.0,6.3441088790325635,0.5610772588561778,-24.952274114382227,42.0,24.0,20.0,-18.0,1.0,175.0,-93.94
861,6L Access Controlled Greenfield Highway from Narayanmpet Ch. 203500 to Chandrasekharpuram Ch. 228000Package-10,National Highways Authority of India [NHAI],619123,N24002122,11792,Andhra Pradesh,2023-02-01,2024-02-01,2026-02-01,2026-12-01,813.66,678.21,196.59,61.5,April 2026,0,1,6.702770848283837,2023.0,2.0,36.0,5.286194176745726,0.24161197551802965,-37.338802448197036,26.0,24.0,12.0,-2.0,1.0,108.33333333333333,-46.83333333333333
862,6L Access Controlled Greenfield Highway from Polavaram Ch. 260000 to Marripudi Ch. 285500 of [NH-544G]Package-12,National Highways Authority of India [NHAI],619124,N24002124,11793,Andhra Pradesh,2023-02-01,2024-02-01,2026-02-01,2026-11-01,747.29,626.83,227.96,69.6,April 2026,0,1,6.617790603372804,2023.0,2.0,36.0,5.43354731580814,0.3050489100616896,-39.09510899383103,26.0,24.0,12.0,-2.0,1.0,108.33333333333333,-38.733333333333334
863,6L Access Controlled Greenfield Highway from Somavarappadu Ch.314.600 to Muppavaram Ch.343240 of [NH-544G] Package-14,National Highways Authority of India [NHAI],619125,N24002126,11794,Andhra Pradesh,2023-02-01,2024-02-01,2026-02-01,2027-03-01,1103.9,943.66,197.36,43.16,April 2026,0,1,7.007510112119129,2023.0,2.0,36.0,5.290083561620933,0.1787843101730229,-25.281568982697706,26.0,24.0,12.0,-2.0,1.0,108.33333333333333,-65.17333333333333
864,6L Access Controlled Greenfield Highway from Marripudi Ch. 285500 to Somavarappadu Ch. 314600 of [NH-544G] Package-13,National Highways Authority of India [NHAI],619126,N24002125,11795,Andhra Pradesh,2023-02-01,2024-02-01,2026-02-01,2026-09-01,976.41,798.71,293.33,73.0,April 2026,0,1,6.8849062160094165,2023.0,2.0,36.0,5.684701586843409,0.30041683309265577,-42.95831669073442,26.0,24.0,12.0,-2.0,1.0,108.33333333333333,-35.33333333333333
865,6L of Naidupeta Junction - Turpukanupur Section from km 57.046 to km 91.927,National Highways Authority of India [NHAI],619140,N24001981,11806,Andhra Pradesh,2022-08-01,2023-10-01,2025-10-01,2027-02-01,1398.84,965.58,297.06,43.4,April 2026,0,1,7.244113223357954,2022.0,8.0,38.0,5.697294808520646,0.21236167109891055,-22.163832890108942,30.0,24.0,14.0,-6.0,1.0,125.0,-81.6
866,Construction of four lane access controlled highway from Chillakuru cross road to Turpu KanupurPart 1 of Package - II km 0.000 131.500 of NH - 16 to km 23.770 on New NH-516W including sixlane flyover and approaches on NH-16 length km 1.050 and six lane access controlled from TurpuKanupur to Port South Gate Part 2 of Package - II km 23.770 to km 35.015 on New NH-516W inthe state of Andhra Pradesh on HAM Mode under Bharatmala Pariyojana Phase I,National Highways Authority of India [NHAI],619141,N24002033,11807,Andhra Pradesh,2022-08-01,2023-12-01,2025-12-01,2026-11-01,864.2,844.39,305.43,50.17,April 2026,0,1,6.762960694078903,2022.0,8.0,40.0,5.724989344300599,0.35342513307104834,-14.827486692895171,28.0,24.0,16.0,-4.0,1.0,116.66666666666667,-66.49666666666667
867,Balance works in AP Portion and punch list items in TN & AP portion of NH-205,National Highways Authority of India [NHAI],619160,-,-,Andhra Pradesh,2022-10-01,2023-07-01,2025-01-01,2026-01-01,166.52,113.46,98.26,100.0,April 2026,0,1,5.121102747122227,2022.0,10.0,27.0,4.5977426701592945,0.5900792697573864,-40.99207302426136,33.0,18.0,9.0,-15.0,1.0,183.33333333333331,-83.33333333333331
868,Construction of 2-lane road of Potin to Pangin section of NH-13 from Km 163.59 to Km 206.66 Package-5 on EPC Mode in the State of Arunachal Pradesh under Arunachal Pradesh Package of Roads and Highways of SARDP-NE [Job No SARDP-NE/P- P/Pkg-A/NH-13/Ar.Pr./PWD/2018-19/116],MoRTH,617892,N24001297,-,Arunachal Pradesh,2019-03-01,2020-11-01,2023-11-01,2026-05-01,450.65,450.65,308.61,96.61,April 2026,0,1,6.112907543595853,2019.0,3.0,56.0,5.735313440935549,0.6848108288028404,-28.128917119715965,65.0,36.0,20.0,-29.0,1.0,180.55555555555557,-83.94555555555557
869,4-Laning of Itanagar to Bandardewa section of NH-415from km 40430 to km 51735 Package-Bon EPC Mode in the state of Arunachal Pradesh Job NO. 415/Ar. P/2020- 21/031,MoRTH,618033,N24001375,-,Arunachal Pradesh,2020-06-01,2021-12-01,2024-12-01,2026-07-01,496.47,496.47,165.43,51.37,April 2026,0,1,6.209535253272901,2020.0,6.0,54.0,5.114574800598636,0.3332124801095736,-18.048751989042636,52.0,36.0,18.0,-16.0,1.0,144.44444444444443,-93.07444444444442
870,"Construction of Intermediate Lane with Hard Shoulder of Hunli to Hayuliang Package- III from design Km 60.000 to Km 121.500 Design Length 61.500 km, Greenfield Section of Frontier Highway NH-913 in the State of Arunachal Pradesh on EPC Mode Pkg-3",NHIDCL,618401,-,10300,Arunachal Pradesh,2024-02-01,2025-07-01,2028-07-01,2028-07-01,1418.67,1418.67,0.0,1.7,April 2026,0,0,7.258179729221355,2024.0,2.0,53.0,0.0,0.0,-1.7,9.0,36.0,17.0,27.0,0.0,25.0,-23.3
871,"Construction of Intermediate Lane with Hard Shoulder of Hunli to Hayuliang from Design Km 0.000 to Km 53.000 Design Length 53.000 km, Greenfield Section of Frontier Highway NH-913 in the State of Arunachal Pradesh on EPC Mode Package-I",NHIDCL,618402,N24002222,10301,Arunachal Pradesh,2024-02-01,2025-03-01,2028-02-01,2028-03-01,1262.43,1262.43,233.81,16.75,April 2026,0,1,7.141585523631471,2024.0,2.0,48.0,5.458776676484857,0.18520630846858835,1.770630846858836,13.0,35.0,13.0,22.0,0.0,37.142857142857146,-20.392857142857146
872,Construction of Intermediate Lane Road with hard shoulder from design Km 0.000 to Km 17.387 Total length 17.387 km of Hunli to Ithun Bridge section on NH-913 Frontier Highway in State of Arunachal Pradesh on EPC mode under NHO-NE,NHIDCL,618403,N24002223,-,Arunachal Pradesh,2024-02-01,2025-01-01,2027-01-01,2027-01-01,275.5,275.5,0.0,49.23,April 2026,0,0,5.6222108209623896,2024.0,2.0,35.0,0.0,0.0,-49.23,15.0,24.0,11.0,9.0,0.0,62.5,-13.270000000000003
873,Construction of lntermediate Lane Road with hard shoulder from design chainage Km 0.000 to Km 53.040 Existing Length68.500 Km & Total Design length 53.04 km of Tato to Monigong section of NH-913 Frontier Highway on Nafra Bomdila to Vijaynagar along China border in state of Arunachal pradesh on EPC mode,NHIDCL,618404,-,10302,Arunachal Pradesh,2023-12-01,2025-05-01,2027-11-01,2027-11-01,625.61,625.61,0.0,21.37,April 2026,0,0,6.440324337535335,2023.0,12.0,47.0,0.0,0.0,-21.37,11.0,30.0,17.0,19.0,0.0,36.666666666666664,-15.296666666666663
874,"Construction of Intermediate Lane of Pango to Jorging Road from 0000 to Design Km Design Km 40000 Design Length 40.00 Km, Pkg-l, Greenfield Alignment in the State of Arunachal Pradesh on EPC mode Pkg-1",NHIDCL,618405,N24002224,10303,Arunachal Pradesh,2024-01-01,2025-01-01,2027-07-01,2027-07-01,898.19,898.19,0.0,39.1,April 2026,0,0,6.801494358081147,2024.0,1.0,42.0,0.0,0.0,-39.1,15.0,30.0,12.0,15.0,0.0,50.0,-10.899999999999999
875,Construction of Balance work of 2-Lane with PS of Joram-Koloriang Road NH-713 on EPC basis from Design Km 44.989 to Km 61.547 Existing Km 50.050 to Km 70.000 in the state of Arunachal Pradesh under SARDP-NE Pkg-3,NHIDCL,618432,N24001390,-,Arunachal Pradesh,2017-02-01,2020-10-01,2022-04-01,2023-07-01,228.72,228.72,0.0,99.52,April 2026,0,1,5.436861175996095,2017.0,2.0,62.0,0.0,0.0,-99.52,66.0,18.0,44.0,-48.0,1.0,366.66666666666663,-267.14666666666665
876,Construction of Balance work of 2-Lane with PS of Joram Koloriang Road from existing Km122.600 to km138.00 [Design Km108.724 to Km123.714] in Arunachal Pradesh on EPC Mode under SARDP-NE Pkg-7,NHIDCL,618433,N24001393,-,Arunachal Pradesh,2017-02-01,2020-10-01,2022-04-01,2026-04-01,184.89,184.89,0.0,99.69,April 2026,0,1,5.225155100919053,2017.0,2.0,62.0,0.0,0.0,-99.69,66.0,18.0,44.0,-48.0,1.0,366.66666666666663,-266.97666666666663
877,Roing-Hunli Road Greenfield Alignment Project,NHIDCL,618434,N24000946,10309,Arunachal Pradesh,2017-02-01,2018-03-01,2022-03-01,2026-06-01,1718.59,1718.59,178.83,82.04,April 2026,0,1,7.449841169299332,2017.0,2.0,61.0,5.192011960177106,0.10405623214379231,-71.63437678562077,97.0,48.0,13.0,-49.0,1.0,202.08333333333334,-120.04333333333334
878,Construction of 2-Laning with hard shoulders of Demwe-Brahmakund section of NH- 13 from Ch.0.00 km to 18.464 km on EPC under SARDP-NE NHO-NE -Balance Work,NHIDCL,618445,-,-,Arunachal Pradesh,2020-08-01,2025-06-01,2027-12-01,2027-12-01,353.9,353.9,0.0,17.91,April 2026,0,0,5.871836059652451,2020.0,8.0,88.0,0.0,0.0,-17.91,10.0,30.0,58.0,20.0,0.0,33.33333333333333,-15.423333333333328
879,"lmprovement and Widening to 2 lane with paved Shoulder of NH-15 old NH-52 from Existing Km 770.600 Design Km 24.819 to Existing km 805.750 Design Km 59.885 Kamlang T-Junction to Chowkham, Existing Length 35.150 Km, Design Length-35.066 Km in the state of Arunachal Pradesh on EPC mode Pkg-2",NHIDCL,619014,-,-,Arunachal Pradesh,2023-12-01,2026-02-01,2028-02-01,,316.73,316.73,0.0,0.0,April 2026,0,-1,5.7612019655236875,2023.0,12.0,50.0,0.0,0.0,0.0,2.0,24.0,26.0,22.0,0.0,8.333333333333332,-8.333333333333332
880,Construction of Mangaldoi Bypass NH-15 starting at Ch 26400 and terminating at Ch 41505 under Rangia NH Division L 15.105 Km in the State of Assam. Job No. 15/AS/2021-22/234,MoRTH,617895,N24001840,10132,Assam,2022-03-01,2023-04-01,2025-04-01,2026-12-01,535.03,535.03,161.56,70.71,April 2026,0,1,6.284190129653785,2022.0,3.0,37.0,5.091047164390117,0.3019643758293928,-40.51356241706071,36.0,24.0,13.0,-12.0,1.0,150.0,-79.29
881,"Construction of 4 lane Gauripur Bypass Starting bfrom Km 852.56 of NH- 31Dumardoha Pt-II and Terminating at Km 862.17 Baladmara via. Khudimari Pt.- II, Fulkumari, Charaldanga, Sajuakuti,Geramari Pt.-III and finally meeting at km 862.17 of NH-17New/ NH-31Old in the State of Assam under EPC Mode Job no. 31/AS/ 2023- 24/265",MoRTH,617896,N24002237,-,Assam,2024-03-01,2025-04-01,2026-10-01,2026-10-01,421.15,421.15,0.0,17.9,April 2026,0,0,6.045360701115509,2024.0,3.0,31.0,0.0,0.0,-17.9,12.0,18.0,13.0,6.0,0.0,66.66666666666666,-48.76666666666666
882,Construction of 2 lane Barpeta Bypass from Km 77900Baradi to Km 86150 Deurikuchi Length8.25Km on NH-427 in the state of Assam under EPC ModeJob No.427/AS/2022-23/245,MoRTH,618034,N24002238,-,Assam,2023-03-01,2025-02-01,2026-08-01,2026-08-01,173.65,173.65,8.07,20.0,April 2026,0,0,5.162783971252841,2023.0,3.0,41.0,2.2049722641270453,0.046472790095018715,-15.352720990498128,14.0,18.0,23.0,4.0,0.0,77.77777777777779,-57.777777777777786
883,"Construction of new 2 Lane with paved shoulders of NH Standards from km 0.080 to km 11.690 L11.610 km in Majuli and from km 19.715 to km 27.484 L 7.769 km in Jorhat on the newly declared NH 715K and construction of 1.10 km flyover on NH-715 with its approaches and service roads L1.10 km, Total Length 20.479 km in the State of Assam Job No. 715K/AS/2023-24/256",MoRTH,618159,-,-,Assam,2024-02-01,2025-09-01,2027-03-01,2027-03-01,382.1,382.1,25.58,0.0,April 2026,0,0,5.9482960517066035,2024.0,2.0,37.0,3.2801590532850993,0.06694582570007851,6.694582570007851,7.0,18.0,19.0,11.0,0.0,38.88888888888889,-38.88888888888889
884,"Construction of 2 lane Major Bridge including approaches over Brahmaputra between Majuli on North Bank and Jorhat on South Bank from km. 11.690 to km. 19.715 length of bridge 6,812.5m Package - II on NH-715K in the state of Assam Job no. 715/AS/2020-21/213",MoRTH,618160,-,-,Assam,2025-03-01,2025-12-01,2027-12-01,2027-12-01,1019.17,1019.17,0.0,1.82,April 2026,0,0,6.927724559057638,2025.0,3.0,33.0,0.0,0.0,-1.82,4.0,24.0,9.0,20.0,0.0,16.666666666666664,-14.846666666666664
885,4-L Bilasipara-Guwahati Package-10,NHIDCL,618282,N24002023,10237,Assam,2023-03-01,2023-12-01,2026-06-01,2027-03-01,1264.9,1264.9,469.24,56.91,April 2026,0,1,7.143538610642783,2023.0,3.0,39.0,6.153243202670607,0.3709700371570875,-19.812996284291245,28.0,30.0,9.0,2.0,0.0,93.33333333333333,-36.42333333333333
886,4-L Bilasipara-Guwahati Package-9,NHIDCL,618283,N24002022,10238,Assam,2023-03-01,2023-12-01,2026-06-01,2027-03-01,1000.27,1000.27,416.11,50.92,April 2026,0,1,6.909024473214282,2023.0,3.0,39.0,6.033349975981434,0.41599768062623094,-9.32023193737691,28.0,30.0,9.0,2.0,0.0,93.33333333333333,-42.41333333333333
887,Widening/Improvement to 4-Lane with paved shoulder from Km 99930 to Km 143680 Design Chainage 96000 to 139750 of Paikan to Dhupdhara Sahar of Bilasipura- Guwahati Road on NH-17 in the state of Assam on EPC mode under Bharatmala Pariyojana in Economic Corridors Project Length 43.750km under NHO-NE Package- 8,NHIDCL,618284,N24002021,10239,Assam,2023-03-01,2023-12-01,2026-12-01,2026-12-01,1457.59,1457.59,793.68,79.46,April 2026,0,0,7.285225494637422,2023.0,3.0,45.0,6.677939517899863,0.5445152614932869,-25.008473850671308,28.0,36.0,9.0,8.0,0.0,77.77777777777779,1.682222222222208
888,Widening/Improvement to 4 -Lane with Paved Shoulder from Ch. 88.000km to Ch.99.930 km Design Ch.84.100km to Ch.96.000 km of Sagunbashi forest near Nichinta to starting of Krishnai Bypass Section of Bilasipura Guwahati road NH 17 on EPC Package-7,NHIDCL,618285,N24001368,-,Assam,2021-03-01,2023-10-01,2025-10-01,2026-01-01,286.72,286.72,186.64,100.0,April 2026,0,1,5.661987784999155,2021.0,3.0,55.0,5.234525233460257,0.6509486607142856,-34.905133928571445,30.0,24.0,31.0,-6.0,1.0,125.0,-25.0
889,Construction of New 2-Lane Bridge with its approaches from km 0000 to Km 4385 across River Brahmaputra on NH-17 at Jogighopa in Assam on EPC mode,NHIDCL,618286,N24001434,10240,Assam,2021-09-01,2021-11-01,2024-11-01,2026-12-01,746.76,746.76,410.28,76.47,April 2026,0,1,6.617082070874328,2021.0,9.0,38.0,6.019274247747249,0.5494134661738711,-21.528653382612887,53.0,36.0,2.0,-17.0,1.0,147.22222222222223,-70.75222222222223
890,"Widening/Improvement to 4-Lane with paved Shoulder from Ch. 25.633 Km to Ch. 52.470 Km Design Ch. 21.850 Km to Ch.48.670 Km for Package-2 of Bilasipura- Guwahati road NH-17 Section Near Mowatari, before Chapar Bypass to Tulungia junction with NH-17 in the state of Assam on HAM mode under NHO-NE Package-2",NHIDCL,618287,N24002229,10241,Assam,2023-11-01,2024-12-01,2027-06-01,2027-06-01,1338.61,1338.61,0.0,12.45,April 2026,0,0,7.200133805807087,2023.0,11.0,43.0,0.0,0.0,-12.45,16.0,30.0,13.0,14.0,0.0,53.333333333333336,-40.88333333333334
891,"Widening/lmprovement to 4-Lane with Paved Shoulder from Ch.5.580 Km to Ch.25.633 Km Design Ch.0.000 Km to Ch.17.737km Km 901.100 to Km 921.145 of old NH-31 of Bilasipara- Guwahati road NH-17 Section Near Chirakuta to near Mowatari, before Chapar Bypass in the state ol Assam on HAM mode Package-1",NHIDCL,618288,N24002225,10242,Assam,2024-02-01,2025-02-01,2027-08-01,2027-08-01,1081.15,1081.15,0.0,28.74,April 2026,0,0,6.9867050819605385,2024.0,2.0,42.0,0.0,0.0,-28.74,14.0,30.0,12.0,16.0,0.0,46.666666666666664,-17.926666666666666
892,Construction and up gradation to 4-Lane of existing two lane with paved shoulder from Hapachara to Tulungia road of NH-117 of existing Km 0.00 to km 14.050 and Design Km 0.000 to km 14.660 under BMP on EPC mode,NHIDCL,618289,N24001246,-,Assam,2020-03-01,2020-06-01,2022-12-01,2026-03-01,224.85,224.85,204.31,97.76,April 2026,0,1,5.419871062100613,2020.0,3.0,33.0,5.324521032044673,0.9086502112519458,-6.894978874805432,70.0,30.0,3.0,-40.0,1.0,233.33333333333334,-135.57333333333332
893,Construction of 4-Lane Panchgram Bypass from Design Chainage km 15500 on NH- 37 Old NH-53 at Kalinagar Pt.-I Village to Design Chainage km 27300 at crossing with NH-6 Old NH-44 Near Siddeswar Pt.-I Village on Silchar - Churaibari stretch in the State of Assam on EPC Mode under Bharatmala Pariyojana in Economic Corridors Silchar- Churaibari Package-2,NHIDCL,618308,N24002154,10247,Assam,2023-03-01,2024-08-01,2027-02-01,2027-02-01,676.18,728.97,0.0,57.17,April 2026,1,0,6.517937116450151,2023.0,3.0,47.0,0.0,0.0,-57.17,20.0,30.0,17.0,10.0,0.0,66.66666666666666,-9.496666666666655
894,Widening/lmprovement to 4-Laning and Greenfield alignment with Paved shoulder of Silchar-Badarpur Churaibari section of NH-37 & NH-8 from Design chainage 38.600 End point of proposed Badarpur Bypass to Km. 62.800 Start point of proposed Nilambazar/Cheragi Bypass in the state of Assam on HAM Mode Package-4,NHIDCL,618309,-,10248,Assam,2024-02-01,2025-08-01,2027-08-01,2027-08-01,1319.55,1319.55,0.0,14.6,April 2026,0,0,7.185803595465632,2024.0,2.0,42.0,0.0,0.0,-14.6,8.0,24.0,18.0,16.0,0.0,33.33333333333333,-18.733333333333327
895,Widening/lmprovement to 4-L of Karimgani - sutarkandi section of NH 37 from design Ch 0020 Start of proposed Karimganj Bypass from NH -8 to design Chainage Km 14380 near Sutarkandi Spur Connectivity to Indo/Bangladesh Border on Silchar- Churaibari in the State of Assam on HAM Mode Package-7,NHIDCL,618310,N24002231,10249,Assam,2024-02-01,2025-02-01,2027-02-01,2027-02-01,791.79,791.79,0.06,40.4,April 2026,0,0,6.6755583694145315,2024.0,2.0,36.0,0.05826890812397577,7.577766832114576e-05,-40.392422233167885,14.0,24.0,12.0,10.0,0.0,58.333333333333336,-17.933333333333337
896,Widening/lmprovement to 4-Lane with Paved shoulder for existing as well as Greenfield alignment of Badarpur Churaibari section of NH-8 from Design chainage 87.700 Chandkhira to Km. 106.500 Churaibari section Assam-Tripura border in the state of Assam on HAM Mode Package-6,NHIDCL,618311,N24002230,10250,Assam,2024-03-01,2025-03-01,2027-03-01,2027-03-01,870.0,870.0,0.0,31.83,April 2026,0,0,6.769641976852503,2024.0,3.0,36.0,0.0,0.0,-31.83,13.0,24.0,12.0,11.0,0.0,54.166666666666664,-22.336666666666666
897,Widening/lmprovement to 4-Lane with Paved Shoulder from existing road and Greenfield alignment form Design Ch. 62.800 start of proposed Nilambazar/Cheragi Bypass to Design Ch. 87.700 near Chandkhira Village of NH-8 on Silchar-Churaibari in the state of Assam on HAM Mode Package-5,NHIDCL,618312,N24002243,10251,Assam,2024-02-01,2025-04-01,2027-10-01,2027-10-01,1258.13,1258.13,0.0,11.0,April 2026,0,0,7.138176285266576,2024.0,2.0,44.0,0.0,0.0,-11.0,12.0,30.0,14.0,18.0,0.0,40.0,-29.0
898,Widening/lmprovement of Existing 2 lane to 4-Laning of Karimganj-Silchar section of NH-37 from Design Ch 0.000 near Silchar ISBT to Design Ch 15.970 near Kalinagar Pt I on NH-37 in Assam on HAM Mode Pkg-1,NHIDCL,618313,-,10252,Assam,2024-03-01,2025-09-01,2027-09-01,2027-09-01,1181.55,1181.55,0.0,0.0,April 2026,0,0,7.075428402770272,2024.0,3.0,42.0,0.0,0.0,0.0,7.0,24.0,18.0,17.0,0.0,29.166666666666668,-29.166666666666668
899,4-Laning of Dhanehari Lailapur / Vairengte section from Existing Chainage km 12920 to km 43000 of NH 306 Design Chainage km 20000 to km 49360 on Silchar - Vairengte Sairang road in the State of Assam under Bharatmala Pariyojna on EPC mode. Project Length 29.360 km under NHO-NE Package-2,NHIDCL,618314,N24002128,10253,Assam,2023-03-01,2024-02-01,2026-08-01,2026-08-01,1716.21,1716.21,918.32,79.34,April 2026,0,0,7.448456159766946,2023.0,3.0,41.0,6.82363426631673,0.5350860325950787,-25.83139674049213,26.0,30.0,11.0,4.0,0.0,86.66666666666667,-7.326666666666668
900,4-Laning of Silchar - Dhanehari section from Existing Chainage km 263800 of NH 37 to km 12920 of NH 306 Design Chainage km 0000 to km 20000 on Silchar - Vairengte - Sairang road in the State of Assam under Bharatmala Pariyojna on EPC mode Package-1,NHIDCL,618315,N24002127,10254,Assam,2023-02-01,2024-01-01,2026-07-01,2026-07-01,1256.9,1256.9,550.91,55.46,April 2026,0,0,7.137198942844827,2023.0,2.0,41.0,6.313384989505802,0.438308536876442,-11.6291463123558,27.0,30.0,11.0,3.0,0.0,90.0,-34.54
901,Dillai to Lahorijan Package-7,NHIDCL,618325,N24001537,-,Assam,2021-11-01,2023-01-01,2024-07-01,2025-12-01,204.1,204.1,0.0,0.0,April 2026,0,1,5.323497665078335,2021.0,11.0,32.0,0.0,0.0,0.0,39.0,18.0,14.0,-21.0,1.0,216.66666666666666,-216.66666666666666
902,Widening/Improvement to 4-Lane with Paved Shoulder from KM 38500 to Km 51246 Design Chainage 38500 to 50959 with proposed Daboka Bypass of Daboka- Parokhaowa of NH 29 on EPC under NHO-NE Package-1,NHIDCL,618326,N24001450,10261,Assam,2023-01-01,2023-11-01,2025-11-01,2026-05-01,516.88,516.88,0.0,97.96,April 2026,0,1,6.249743555190446,2023.0,1.0,34.0,0.0,0.0,-97.96,29.0,24.0,10.0,-5.0,1.0,120.83333333333333,-22.873333333333335
903,Widening/Improvement to 4-Lane with Paved Shoulder from KM 113300 to Km 146230 Design Chainage 113830 to 145712 of Kwaram Taro Village - Dillai Section in Assam on EPC Package-6,NHIDCL,618327,N24001450,10262,Assam,2021-09-01,2022-07-01,2024-07-01,2025-03-01,625.64,625.64,0.0,0.0,April 2026,0,1,6.440372213058983,2021.0,9.0,34.0,0.0,0.0,0.0,45.0,24.0,10.0,-21.0,1.0,187.5,-187.5
904,Construction of 4/6 Laning from existing Km 159.400 of NH-36 to existing Km 102.500 of NH-39 and upto end point of Assam portion [Design Km 118.050 to design Km 132.375] Total New Alignment length of 14.325 Km of Daboka -Dimapur Section Dimapur Bypass in the state of Assam under SARDP-NE 'Phase-A' on EPC mode Assam Portion,NHIDCL,618330,N24001263,10265,Assam,2018-03-01,2019-11-01,2022-11-01,2025-09-01,511.02,511.02,647.21,100.0,April 2026,0,1,6.238363686776588,2018.0,3.0,56.0,6.474214717925689,1.2665062032797152,26.650620327971524,77.0,36.0,20.0,-41.0,1.0,213.88888888888889,-113.88888888888889
905,lmprovement to 4-Lane with Paved Shoulder from existing km 260000 Design Ch.4560 km to existing km Ch.233000 D. Ch.24560 of Silchar near Nutan Dayapur village - Budha Nagar Section Length-20.00 Km of NH-37 under Package Silchar- Jiribam Pkg-1 in the state of Assam on HAM Mode,NHIDCL,618331,N24002226,10266,Assam,2024-01-01,2025-01-01,2028-01-01,2028-01-01,957.95,957.95,149.51,36.56,April 2026,0,0,6.865838935880846,2024.0,1.0,48.0,5.014029527164271,0.15607286392817996,-20.952713607182005,15.0,36.0,12.0,21.0,0.0,41.66666666666667,-5.106666666666669
906,Widening/Improvement to 2-Lane Lane with Paved Shoulder from km 16900 Bogapani to km 27150 Golai Goan on existing Dibrugarh to Ledo section with proposed Digboi Bypass Green Field and Brownfield 2-LanePS of NH-315 OLD NH-38 in Tinsukia District under NHO- NE Package-4,NHIDCL,618339,N24002025,-,Assam,2023-01-01,2023-12-01,2026-12-01,,356.65,356.65,0.0,20.45,April 2026,0,-1,5.879554854554393,2023.0,1.0,47.0,0.0,0.0,-20.45,28.0,36.0,11.0,8.0,0.0,77.77777777777779,-57.32777777777778
907,Widening/Improvement to 4-Lane with Paved Shoulder from km 626030 Nalani hulla Gaon to km 650450 Chotahapjan on existing Tinsukhia -Makum Bypass of NH-15 OLD NH-37 and Strengthening of existing NH-315 OLD NH-38 from Km 0000 Chotahapjan to Km 16900 Bogapani section 2-Lane PS in Assam on EPCMode under NHO-NE Package-3,NHIDCL,618340,N24001419,-,Assam,2023-01-01,2023-05-01,2025-05-01,2026-07-01,458.59,458.59,217.2,83.39,April 2026,0,1,6.130334787687412,2023.0,1.0,28.0,5.38541207339897,0.473625678710831,-36.0274321289169,35.0,24.0,4.0,-11.0,1.0,145.83333333333331,-62.443333333333314
908,Widening & Upgradation to 2 lanes with paved shoulders road from Tamenglong to Mahur NH-137 in the State of Assam starting from km 156.489 near P. Leikul to km 176.410 near Borowapu on EPC mode under NHO-NE Assam portion Package-10,NHIDCL,618351,N24001971,10273,Assam,2023-03-01,2023-08-01,2025-08-01,2026-06-01,890.33,693.15,569.61,81.9,April 2026,0,1,6.792714729271005,2023.0,3.0,29.0,6.346705964037678,0.6397740163759504,-17.922598362404962,32.0,24.0,5.0,-8.0,1.0,133.33333333333331,-51.43333333333331
909,Widening & Upgradation to 2 lanes with paved shoulders road from Tamenglong to Mahur NH-137 in the State of Assam starting from km 136.500 near Hejaichak to km 156.489 near P. Leikul Package-9 on EPC mode under NHO-NE Package-9,NHIDCL,618352,N24001970,10274,Assam,2023-03-01,2023-08-01,2025-08-01,2026-06-01,860.37,614.43,528.46,87.5,April 2026,0,1,6.7585241449877635,2023.0,3.0,29.0,6.271857619222886,0.6142241128816672,-26.07758871183328,32.0,24.0,5.0,-8.0,1.0,133.33333333333331,-45.833333333333314
910,Widening & Upgradation to 2-lanes with paved shoulders road from Tamenglong to Mahur NH-137 in the State of Assam starting from km 116.480 near Hangrum to km 136.500 near Hejaichak Package-8 on EPC mode under NHO-NE Package 8,NHIDCL,618353,N24001969,10275,Assam,2023-03-01,2023-08-01,2025-08-01,2026-06-01,904.04,904.04,520.05,85.2,April 2026,0,1,6.807979141618211,2023.0,3.0,29.0,6.2558460064384365,0.5752510950842883,-27.674890491571176,32.0,24.0,5.0,-8.0,1.0,133.33333333333331,-48.13333333333331
911,Wideinig & Upgradation to 2-lanes with paved shoulders road from Tamenglong to Mahur NH-137 in the State of Assam starting from km 96.870 near Jiri River to km 116.550 near Hangrum Package-7 on EPC mode Package7,NHIDCL,618354,N24002130,10276,Assam,2023-12-01,2024-03-01,2026-03-01,2026-06-01,846.82,846.82,0.0,85.29,April 2026,0,1,6.742668349109737,2023.0,12.0,27.0,0.0,0.0,-85.29,25.0,24.0,3.0,-1.0,1.0,104.16666666666667,-18.876666666666665
912,"Widening/Improvement to 4-Lane with Paved Shoulder configuration of existing single lane road from Srirampur near Bhairiguri Village to Kachukhana Harichara Paglagaunj Package-I of Srirampur - Dhubri Section of NH-127B from existing Km 0.000 to Km 28.050 Design Km 0.000 to Km 27.650, Design Length27.650 Km under JICA ODA Loan assistance Phase-V -Balance work",NHIDCL,618371,N24001831,10285,Assam,2022-03-01,2024-11-01,2026-11-01,2026-11-01,613.89,613.89,260.02,78.09,April 2026,0,0,6.421443390020222,2022.0,3.0,56.0,5.564597032739382,0.42356122432357585,-35.733877567642416,17.0,24.0,32.0,7.0,0.0,70.83333333333334,7.256666666666661
913,"Widening / Improvement to 4-Lane with Paved Shoulder configuration of existing single lane road from Kachukhana Harichara Paglagaunj to Dhubri - Phulbari Bridge approach Package-II of Srirampur - Dhubri Section of NH-127B from existing Km 28.050 to Km 55.060 Design Km 27.650 to Km 54.154, Design Length26.504 Km under JICA ODA Loan assistance Phase-V [Srirampur - Dhubri Pkg-2]",NHIDCL,618372,N24001544,10286,Assam,2022-03-01,2023-01-01,2025-01-01,2025-06-01,909.02,909.02,638.5,100.0,April 2026,0,1,6.8134665772913605,2022.0,3.0,34.0,6.460686621018898,0.7024047875734307,-29.75952124265693,39.0,24.0,10.0,-15.0,1.0,162.5,-62.5
914,"Construction of 4-Lane Bridge including approaches over River Brahmaputra between Dhubri on North Bank,Assam and Phulbari on south Bank,Meghalaya on NH-127B under JICA ODA Loan assistance Phase-III",NHIDCL,618373,N24001326,10287,Assam,2019-05-01,2020-12-01,2028-09-01,2028-09-01,4997.04,4997.04,2808.4,74.36,April 2026,0,0,8.516801114564153,2019.0,5.0,112.0,7.9407262163968095,0.5620127115252229,-18.158728847477704,64.0,93.0,19.0,29.0,0.0,68.81720430107528,5.542795698924721
915,4-Laning from Rangagara to Kaliabor Tiniali from km 297.00 to km 315.315 of NH-37 on EPC basis under SARDP-NE in state of Assam,NHIDCL,618435,N24000438,-,Assam,2016-01-01,2017-10-01,2020-04-01,2026-06-01,386.51,386.51,352.16,97.13,April 2026,0,1,5.959741654912034,2016.0,1.0,51.0,5.866921212033382,0.9111277845333886,-6.017221546661133,102.0,30.0,21.0,-72.0,1.0,340.0,-242.87
916,4-Laning of Jamugurihat to end of Biswanath Chariali By-Pass from Km 182.000 to Km 208.000 of NH-52 on EPC mode in state of Assam under SARDP-NE,NHIDCL,618436,N24000431,10310,Assam,2015-03-01,2016-12-01,2019-06-01,2025-07-01,599.0,599.0,405.02,100.0,April 2026,0,1,6.396929655216146,2015.0,3.0,51.0,6.006402419472189,0.6761602671118531,-32.38397328881469,112.0,30.0,21.0,-82.0,1.0,373.3333333333333,-273.3333333333333
917,"Construction of Balance Work of 4-Laning of NH-37 Section between End of Moran Bypass to Bogibeel junction near Lapetketa Km. 561.700-Km. 580.875 under SARDP- NE, Phase 'A' in the State of Assam on EPC mode Pkg-I Road works & Toll Plaza",NHIDCL,618437,N24000583,-,Assam,2016-01-01,2024-09-01,2025-03-01,2025-08-01,274.34,274.34,90.6,100.0,April 2026,0,1,5.618006697634797,2016.0,1.0,110.0,4.517431271680085,0.33024713858715465,-66.97528614128453,19.0,6.0,104.0,-13.0,1.0,316.66666666666663,-216.66666666666663
918,"4-Laning of NH-37 Section between Demow to End of Moran Bypass From Km. 534.800 to Km. 561.700 including Emergency Landing Facility ELF under SARDP-NE, Phase 'A' in the State of Assam on EPC mode",NHIDCL,618438,N24000582,-,Assam,2016-01-01,2023-01-01,2024-07-01,2025-08-01,385.57,385.57,145.89,100.0,April 2026,0,1,5.957312964177091,2016.0,1.0,102.0,4.989684007343324,0.3783748735638146,-62.16251264361854,39.0,18.0,84.0,-21.0,1.0,216.66666666666666,-116.66666666666666
919,"Construction of Balance Work of 4-Laning of the Section from Jorhat to Jhanji of NH- 37 Old from Km 453000 to Km 463000 10.000 Km, under SARDP- NE under EPC Mode in the state of Assam Pkg-I Road Works",NHIDCL,618439,N24000319,-,Assam,2024-01-01,2024-02-01,2024-08-01,,478.3,478.3,0.0,96.79,April 2026,0,-1,6.1723267061655855,2024.0,1.0,7.0,0.0,0.0,-96.79,26.0,6.0,1.0,-20.0,1.0,433.3333333333333,-336.5433333333333
920,"Construction of Balance Work of 4-Laning of the Section from Jhanji to Demow of NH- 37 Old from Km 490.800 to Km 534.800, under SARDP- NE on EPC Mode in the state of Assam Pkg- IV Structures & Toll Plaza",NHIDCL,618440,N24000320,-,Assam,2016-01-01,2024-10-01,2025-10-01,,187.09,100.22,0.0,0.0,April 2026,0,-1,5.236920571682713,2016.0,1.0,117.0,0.0,0.0,0.0,18.0,12.0,105.0,-6.0,1.0,150.0,-150.0
921,"Construction of Balance Work of 4-Laning of the Section from Jhanji to Demow of NH- 37 Old from Km 490.800 to Km 501.800 11.000 Km, under SARDP- NE under EPC Mode in the state of Assam Pkg-I Road Works",NHIDCL,618441,N24000320,-,Assam,2016-01-01,2024-10-01,2025-09-01,,467.79,476.5,72.13,0.0,April 2026,1,-1,6.1501549069772725,2016.0,1.0,116.0,4.2922386792828595,0.1541931208448235,15.41931208448235,18.0,11.0,105.0,-7.0,1.0,163.63636363636365,-163.63636363636365
922,"Construction of Balance Work of the 4-Laning of the Section from Jorhat to Jhanji of NH-37 Old from Km 477.000 to Km 490800 13.800 Km, under SARDP- NE under EPC Mode in the state of Assam Pkg-III Road Works",NHIDCL,618442,N24000319,-,Assam,2024-01-01,2024-02-01,2024-08-01,,358.72,358.72,0.07,99.05,April 2026,0,-1,5.8853259510463145,2024.0,1.0,7.0,0.06765864847381481,0.00019513826940231936,-99.03048617305977,26.0,6.0,1.0,-20.0,1.0,433.3333333333333,-334.2833333333333
923,"Construction of Balance Work of the 4-Laning of the Section from Jorhat to Jhanji of NH-37 Old from Km 463.00 to Km 477.000 14.000 Km, under SARDP- NE under EPC Mode in the state of Assam Pkg-II Road Works",NHIDCL,618443,N24000319,-,Assam,2024-01-01,2024-02-01,2024-08-01,,438.44,438.44,0.0,95.86,April 2026,0,-1,6.085501189034365,2024.0,1.0,7.0,0.0,0.0,-95.86,26.0,6.0,1.0,-20.0,1.0,433.3333333333333,-337.4733333333333
924,"Construction of Balance Work of the 4-Laning of the Section from Jorhat to Jhanji of NH-37 Old from Km 453.000 to Km 490.800, under SARDP- NE , under EPC Mode in the state of Assam Pkg-IV Structures & Toll Plaza",NHIDCL,618444,N24000319,-,Assam,2024-01-01,2024-02-01,2024-08-01,,279.01,279.01,0.0,94.73,April 2026,0,-1,5.634825316817224,2024.0,1.0,7.0,0.0,0.0,-94.73,26.0,6.0,1.0,-20.0,1.0,433.3333333333333,-338.6033333333333
925,"Earthwork in Formation, Road Work, Construction of Bridges, Blanketing, P. Way Linking works including Supply of P. Way Fittings and Track Ballast in connection with Construction of Railway Siding from Jogighopa Railway Station to MMLP at Jogighopa from Ch. 00 to 3760 on Item Rate basis Package -3, Railway Siding from Jogighopa Railway Station to MMLP",NHIDCL,618454,N24002030,10313,Assam,2020-02-01,2020-12-01,2022-06-01,2024-09-01,693.97,693.97,37.6,93.23,April 2026,0,1,6.54386867916551,2020.0,2.0,28.0,3.653252276470785,0.05418101647045261,-87.81189835295474,64.0,18.0,10.0,-46.0,1.0,355.55555555555554,-262.3255555555555
926,Development of External Trunk Connectivity and Internal Infrastructure Works at Multi Model Logistics ParkMMLP at Jogighopa in the State of Assam on EPC Mode Package-I Road and Utility Works,NHIDCL,618455,N24002030,10314,Assam,2020-02-01,2020-09-01,2022-04-01,2024-09-01,693.97,693.97,296.96,100.0,April 2026,0,1,6.54386867916551,2020.0,2.0,26.0,5.696959249308075,0.42791475135812784,-57.20852486418722,67.0,19.0,7.0,-48.0,1.0,352.6315789473684,-252.63157894736838
927,"6L Standalone Flyovers at Raha, Demow, Borghat, Kathiatali junctions and ROB at Jagiroad on stretches of NH 36 and NH 27",National Highways Authority of India [NHAI],618576,N24001545,-,Assam,2022-03-01,2022-12-01,2024-06-01,,280.75,255.53,211.79,99.04,April 2026,0,-1,5.641020152919886,2022.0,3.0,27.0,5.3603057638821054,0.7543722172751558,-23.60277827248443,40.0,18.0,9.0,-22.0,1.0,222.22222222222223,-123.18222222222222
928,Guwahati Ring Road in the State of Assam,National Highways Authority of India [NHAI],618934,-,-,Assam,2024-08-01,2026-01-01,2030-01-01,2030-01-01,5729.47,5729.47,3.15,0.0,April 2026,0,0,8.653552830777775,2024.0,8.0,65.0,1.423108334242607,0.0005497890729858084,0.05497890729858084,3.0,48.0,17.0,45.0,0.0,6.25,-6.25
929,2L with ES of Yagyi - Kalewa section from Milepost 40/0 to Milepost 115/5 in Myanmar,National Highways Authority of India [NHAI],618958,-,10693,Assam,2017-12-01,2018-05-01,2023-06-01,2027-07-01,1200.14,1200.14,0.0,52.0,April 2026,0,1,7.09102638481168,2017.0,12.0,66.0,0.0,0.0,-52.0,95.0,61.0,5.0,-34.0,1.0,155.7377049180328,-103.73770491803279
930,"Construction of Balance Work of 4-Laning of the Section from Jhanji to Demow of NH- 37 Old from Km 501.800 to Km 514.800 13.000 Km, under SARDP- NE under EPC Mode in the state of Assam Pkg-II Road Works",NHIDCL,619013,N24000320,10807,Assam,2014-10-01,2024-10-01,2026-01-01,,508.76,542.87,58.12,47.34,April 2026,1,-1,6.233940026721684,2014.0,10.0,135.0,4.079569276639947,0.11423854076578346,-35.91614592342166,18.0,15.0,120.0,-3.0,1.0,120.0,-72.66
931,Construction of 4-Lane Badarpur Bypass from Design Chainage km 27300 at crossing with NH-6 Old NH-44 Near Siddeswar Pt.-I Village to Design Chainage km 38600 on NH-37 Old NH-44 at Kandigram Chaita Village on Silchar - Churaibari stretch in the State of Assam on EPC Mode under Bharatmala Pariyojana in Economic Corridors Silchar- Churaibari Pkg-3,NHIDCL,619057,N24002129,11755,Assam,2023-02-01,2024-02-01,2026-08-01,2026-08-01,574.26,574.26,316.32,71.09,April 2026,0,0,6.354822112510577,2023.0,2.0,42.0,5.759910728433802,0.5508306342075018,-16.006936579249825,26.0,30.0,12.0,4.0,0.0,86.66666666666667,-15.576666666666668
932,"Construction of Balance Work of 4-Laning of the Section from Jhanji to Demow of NH- 37 Old from Km 514.800 to Km 534.800 20.000 Km, under SARDP- NE under EPC Mode in the state of Assam Pkg-III Road Works",NHIDCL,619060,N24000320,11756,Assam,2014-10-01,2024-10-01,2025-09-01,,344.71,619.7,46.37,62.9,April 2026,1,-1,5.845600273324364,2014.0,10.0,131.0,3.85798911693566,0.13451887093498882,-49.448112906501116,18.0,11.0,120.0,-7.0,1.0,163.63636363636365,-100.73636363636365
933,Balance work of 4L of NarimbangloJatinga Junction- Harangajoroad section from Km 0.000 to Km 49.230 of NH-27,National Highways Authority of India [NHAI],619089,N24001547,11770,Assam,2022-03-01,2023-01-01,2026-01-01,2026-06-01,1909.98,2745.74,1307.33,93.08,April 2026,1,1,7.5553714784607555,2022.0,3.0,46.0,7.176506793774453,0.6844731358443543,-24.632686415564564,39.0,36.0,10.0,-3.0,1.0,108.33333333333333,-15.25333333333333
934,Construction of proposed 4Lane Revelgunj bypass NH-19 in the State of Bihar on EPC mode connecting NH 19 to 85 origin,MoRTH,617897,N24001879,-,Bihar,2022-03-01,2023-07-01,2025-07-01,2026-06-01,295.24,295.24,33.07,81.7,April 2026,0,1,5.691169936605357,2022.0,3.0,40.0,3.5284172316728752,0.11201056767375694,-70.49894323262431,33.0,24.0,16.0,-9.0,1.0,137.5,-55.8
935,Widening & Strenthening from km132.895 to km 190.15 NH-80,MoRTH,617958,N24001876,10151,Bihar,2021-03-01,2022-11-01,2024-11-01,2026-07-01,566.1,566.1,251.12,95.0,April 2026,0,1,6.340535655019982,2021.0,3.0,44.0,5.5299051646449096,0.4435965377141848,-50.64034622858152,41.0,24.0,20.0,-17.0,1.0,170.83333333333331,-75.83333333333331
936,Rehabilitation & Widening work for 2 Lane with Paved Shoulder of Existing NH-80 from km 70.15 to Km 121.025 of Munger-Suttanganj -BhagatpurMirzachowki section on EPC Mode in the State of Bihar.,MoRTH,617959,N24001875,-,Bihar,2021-03-01,2023-02-01,2025-01-01,,477.54,477.54,311.39,95.66,April 2026,0,-1,6.1707398019655315,2021.0,3.0,46.0,5.744252407209914,0.652071030698999,-30.452896930100096,38.0,23.0,23.0,-15.0,1.0,165.2173913043478,-69.55739130434782
937,Gaya-Hisua-Rajgir-Nalanda-Biharsharif section km0.00 to 92.935 NH-82,MoRTH,617961,N24000579,10152,Bihar,2014-01-01,2016-11-01,2019-11-01,2026-07-01,1408.85,2138.16,0.0,97.0,April 2026,1,1,7.25123859473442,2014.0,1.0,70.0,0.0,0.0,-97.0,113.0,36.0,34.0,-77.0,1.0,313.88888888888886,-216.88888888888886
938,Rehabilitation and Upgrading to 2 lanes/2-lane with paved shoulders configuration and strengthening of of Birpur and Bihpur Section from km 0.0 to Km 106 of NH 106 under phase I of National Highways Interconnectivity Improvement Projects NHIIP ICB No. NHIIP-BR-106-7 [NHIIP-BR-106-7],MoRTH,617966,N24000382,10153,Bihar,2014-01-01,2016-10-01,2019-10-01,2026-05-01,780.77,961.33,0.04,99.74,April 2026,1,1,6.661560579637174,2014.0,1.0,69.0,0.039220713153281295,5.123147661923486e-05,-99.73487685233808,114.0,36.0,33.0,-78.0,1.0,316.66666666666663,-216.92666666666662
939,Construction of 4 Lane ROB and its approaches at the level crossing LC No 29 B of Km 29 Ekangarsarai at NH 110 New NH 33 & Railway Km 32.63 at Fatwa FUT Islampur IPR section in the state of Bihar on EPC mode.,MoRTH,617969,N24002193,-,Bihar,2023-03-01,2024-07-01,2026-07-01,2026-07-01,201.08,201.08,0.01,58.0,April 2026,0,0,5.308663658602181,2023.0,3.0,40.0,0.009950330853168083,4.9731450169086926e-05,-57.99502685498309,21.0,24.0,16.0,3.0,0.0,87.5,-29.5
940,Construction of Bhabhua Bypass from Ch. 10800Design Ch. 10800 to Ch. 19860 Design Ch. 18150 and Chand Bypass from Ch. 38060 Design Ch. 36250 to Ch. 40460 Design Ch. 38650 and widening of existing road to 2 - lane with Paved shoulder from Ch. 40460 Design Ch. 38650 to Ch. 46860 Design Ch. 45050 of NH-219 Total length- 16.150 Kmunder EPC mode in the state of Bihar,MoRTH,618004,N24001545,-,Bihar,2022-02-01,2025-01-01,2026-07-01,2027-04-01,179.86,179.86,0.0,0.05,April 2026,0,1,5.197723251312334,2022.0,2.0,53.0,0.0,0.0,-0.05,15.0,18.0,35.0,3.0,0.0,83.33333333333334,-83.28333333333335
941,Sheohar-Sitamarhi Section km 40.000 to 79.400 km Lot-I,MoRTH,618005,N24001647,-,Bihar,2016-02-01,2016-05-01,2018-05-01,2026-06-01,178.85,278.53,0.0,98.65,April 2026,1,1,5.192123170141633,2016.0,2.0,27.0,0.0,0.0,-98.65,119.0,24.0,3.0,-95.0,1.0,495.8333333333333,-397.1833333333333
942,Sitamarhi-Jaynagar Section km 79.400 to km 156.500 Lot-II,MoRTH,618006,N24001590,10161,Bihar,2016-02-01,2016-06-01,2018-12-01,2026-06-01,369.77,503.28,0.0,98.78,April 2026,1,1,5.915581924269754,2016.0,2.0,34.0,0.0,0.0,-98.78,118.0,30.0,4.0,-88.0,1.0,393.3333333333333,-294.5533333333333
943,Jaynagar-Narahia Section km 156.500 to km 219.945 Lot-III,MoRTH,618007,N24001792,10162,Bihar,2016-02-01,2016-05-01,2018-11-01,2026-06-01,553.3,706.39,0.0,99.0,April 2026,1,1,6.3177060564257586,2016.0,2.0,33.0,0.0,0.0,-99.0,119.0,30.0,3.0,-89.0,1.0,396.6666666666667,-297.6666666666667
944,Improvement to Two lane with Paved Shoulder from Junction of NH22 near Hajipur to Junction of NH -122 at Bachhwara via Mahnar and Mohiuddin Nagar from Km 0.00 to Km 29.730 of NH 122 B in the State of Bihar.,MoRTH,618073,N24002197,-,Bihar,2024-02-01,2024-08-01,2026-02-01,2026-12-01,226.16,226.16,0.0,44.0,April 2026,0,1,5.425654615009232,2024.0,2.0,24.0,0.0,0.0,-44.0,20.0,18.0,6.0,-2.0,1.0,111.11111111111111,-67.11111111111111
945,Pre construction activity of NH 122B from km 0 to 72.348 and Improvement to two lane with paved shoulders of NH 122B from km 29.730 to km 72.348 in state of Bihar under EPC mode,MoRTH,618074,N24001870,10173,Bihar,2022-02-01,2023-05-01,2024-11-01,2026-06-01,624.43,624.43,153.21,91.0,April 2026,0,1,6.438439413172899,2022.0,2.0,33.0,5.038315309869565,0.245359768108515,-66.46402318914849,35.0,18.0,15.0,-17.0,1.0,194.44444444444443,-103.44444444444443
946,Improvement to two lane with paved shoulders of BH WB Border Amdabad Manihari section from design Km 0.000 to Km 23.945 of NH 131 A Total length 23.945 Km under EPC mode in the state of Bihar,MoRTH,618080,N24002198,-,Bihar,2022-01-01,2024-09-01,2026-03-01,,353.27,353.27,0.0,3.1,April 2026,0,-1,5.8700593342813,2022.0,1.0,50.0,0.0,0.0,-3.1,19.0,18.0,32.0,-1.0,1.0,105.55555555555556,-102.45555555555556
947,construction of Four-Lane of chausa-Buxar Bypass from Km 45.000 to Km 65.915 Package - 2 in the State of Bihar on EPC Mode.,MoRTH,618120,-,-,Bihar,2022-09-01,2026-01-01,2028-01-01,2028-01-01,1060.16,1060.16,0.0,0.0,April 2026,0,0,6.967117928375644,2022.0,9.0,64.0,0.0,0.0,0.0,3.0,24.0,40.0,21.0,0.0,12.5,-12.5
948,Improvement to two lane with paved shoulders of NH-319A from km 0 to km 45 in state of Bihar under EPC mode,MoRTH,618121,N24001878,-,Bihar,2022-02-01,2023-06-01,2024-12-01,2026-07-01,427.29,427.29,178.43,93.0,April 2026,0,1,6.059800536228278,2022.0,2.0,34.0,5.189785159724575,0.4175852465538627,-51.24147534461373,34.0,18.0,16.0,-16.0,1.0,188.88888888888889,-95.88888888888889
949,"Pre-Construction activities from Km 134.000 to Km 190.233 of NH-333A and Construction of 4 no. of Bypasses at Katoria, Lakhpura, Banka & Panjwara total length-14.359 Km to two lane with paved shoulders standard in State of Bihar.",MoRTH,618126,-,-,Bihar,2022-11-01,2024-12-01,2026-12-01,2026-12-01,479.37,479.37,0.0,58.0,April 2026,0,0,6.17455664029584,2022.0,11.0,49.0,0.0,0.0,-58.0,16.0,24.0,25.0,8.0,0.0,66.66666666666666,-8.666666666666657
950,Estimate for Improvement to two lane with paved shoulder from Ramnagar to Roseda from km 3.500 to 43.000 of NH 527 E on EPC mode in State of Bihar,MoRTH,618146,N24001323,-,Bihar,2022-01-01,2024-10-01,2026-04-01,2027-04-01,495.16,495.16,0.0,33.0,April 2026,0,1,6.206898455352139,2022.0,1.0,51.0,0.0,0.0,-33.0,18.0,18.0,33.0,0.0,0.0,100.0,-67.0
951,construction of a new 4 lane Parallel to existing MG Setu with its approaces from km 0.00 to km 14.500 across river Ganga on NH-19 at Patna in the state of Bihar.,MoRTH,618228,N24001201,10221,Bihar,2019-02-01,2021-03-01,2024-09-01,2027-06-01,2926.42,2926.42,0.0,72.51,April 2026,0,1,7.981876768027601,2019.0,2.0,67.0,0.0,0.0,-72.51,61.0,42.0,25.0,-19.0,1.0,145.23809523809524,-72.72809523809524
952,Construction of a new 4-lane major bridge across river Kosi at Phulaut including Rehabilitation and upgradation of existing Birpur and Bihpur section of NH-106 from km 106.000 to km 136.000 to 2-lane with paved shoulders in the State of Bihar on EPC mode,MoRTH,618234,N24000943,10223,Bihar,2018-09-01,2021-06-01,2024-06-01,2027-02-01,1478.4,1478.4,823.93,94.2,April 2026,0,1,7.2993918791537675,2018.0,9.0,69.0,6.715298534249996,0.5573119588744588,-38.46880411255412,58.0,36.0,33.0,-22.0,1.0,161.11111111111111,-66.91111111111111
953,Construction of New 4-Lane Bridge Parallel to existing Vikramashila Setufrom km 8920 to Km 13375including approach road 35m Naugachhia side &53 m Bhagalpur sideacross River Ganga on newly declared NH-131B at Bhagalpur in the State of Bihar,MoRTH,618246,N24001877,10226,Bihar,2020-07-01,2023-05-01,2027-05-01,2027-05-01,1110.23,1110.23,0.0,49.78,April 2026,0,0,7.013222788915872,2020.0,7.0,82.0,0.0,0.0,-49.78,35.0,48.0,34.0,13.0,0.0,72.91666666666666,-23.136666666666656
954,Construction of 6-Lane Elevated / Extra Dose Cable Bridge on River Ganga parallel to & Western side of Digha-Sonepur Rail cum-Road Bridge of NH 139W in the State of Bihar,MoRTH,618250,N24002194,10228,Bihar,2024-01-01,2024-05-01,2027-11-01,2028-12-01,3064.45,3064.45,0.0,10.69,April 2026,0,1,8.027949656516796,2024.0,1.0,46.0,0.0,0.0,-10.69,23.0,42.0,4.0,19.0,0.0,54.761904761904766,-44.07190476190477
955,"Improvement and Up gradation to four lane with Paved shoulder configuration from Existing Km 0000 to Km 39500 design km 0500 to Km 40342, Design length km of NH 227A near Mehrauna GhatUP Bihar Border to Siwan on the state of Bihar on Hybrid Annuity Model HAM basis",MoRTH,618251,-,10229,Bihar,2023-03-01,2025-09-01,2028-03-01,2028-03-01,1661.25,1661.25,0.0,5.52,April 2026,0,0,7.415927385282564,2023.0,3.0,60.0,0.0,0.0,-5.52,7.0,30.0,30.0,23.0,0.0,23.333333333333332,-17.813333333333333
956,Balance work - WB-10 Gandak Bridge Km 402.00 to Km 440.00 Devanpur - Kotwa,National Highways Authority of India [NHAI],618569,N24002063,-,Bihar,2021-11-01,2022-07-01,2024-01-01,2026-12-01,210.05,358.3,116.29,64.05,April 2026,1,1,5.352095072228508,2021.0,11.0,26.0,4.764649500533414,0.5536300880742681,-8.686991192573188,45.0,18.0,8.0,-27.0,1.0,250.0,-185.95
957,4L Elevated Highway and at grade improvements at Gopalganj Town from Km. 384.000 to Km. 386.750 on NH-27,National Highways Authority of India [NHAI],618570,N24001702,-,Bihar,2021-10-01,2022-03-01,2024-08-01,2026-04-01,325.57,248.92,225.44,99.78,April 2026,0,1,5.788644320836681,2021.0,10.0,34.0,5.422480009168459,0.6924470927911048,-30.53529072088952,49.0,29.0,5.0,-20.0,1.0,168.9655172413793,-69.1855172413793
958,Permanent rectification of 3 nos. of black spots in project Highway NH-27 of U.P border - Dewapur - Kotwa section from Km.360.915 to km.440.000 Total Length of 79.085 Km of NH-27& Permanent rectification of 5 nos. of black spots of project Highway NH-27 of Kotwa - Mehsi - Muzaffarpur Section from km.440.000 to km.520.000 Total length 80.00Km,National Highways Authority of India [NHAI],618571,N24002064,-,Bihar,2022-04-01,2023-12-01,2025-12-01,2026-07-01,227.25,321.23,224.1,80.46,April 2026,1,1,5.430441519475078,2022.0,4.0,44.0,5.4165447479126865,0.9861386138613861,18.153861386138615,28.0,24.0,20.0,-4.0,1.0,116.66666666666667,-36.20666666666668
959,4L of Galgalia - Bahadurganj section from Km 0.000 to Km 49.000 Package-I of NH327E,National Highways Authority of India [NHAI],618582,-,10418,Bihar,2021-01-01,2022-01-01,2024-01-01,,1282.97,1282.97,599.36,100.0,April 2026,0,-1,7.157712119490971,2021.0,1.0,36.0,6.397529475288114,0.4671660288237449,-53.28339711762551,51.0,24.0,12.0,-27.0,1.0,212.5,-112.5
960,4L of Bahadurganj Araria section from Km 49.000 to Km 94.000 Package-II of NH- 327E,National Highways Authority of India [NHAI],618583,-,10419,Bihar,2021-01-01,2022-01-01,2024-01-01,2024-05-01,1358.77,1358.77,713.95,100.0,April 2026,0,1,7.215070846781037,2021.0,1.0,36.0,6.572212610178856,0.525438448008125,-47.4561551991875,51.0,24.0,12.0,-27.0,1.0,212.5,-112.5
961,6L Greenfield Varanasi-Ranchi-Kolkata Highway from Pachmon village to Anarbansalea village From KM. 116000 to KM. 151200 Package-6,National Highways Authority of India [NHAI],618725,-,10520,Bihar,2023-03-01,2025-09-01,2027-09-01,2027-09-01,1915.99,1920.21,64.59,10.38,April 2026,1,0,7.5585115265479486,2023.0,3.0,54.0,4.183423245305645,0.033711031894738494,-7.008896810526151,7.0,24.0,30.0,17.0,0.0,29.166666666666668,-18.78666666666667
962,6L Greenfield Varanasi-Ranchi-Kolkata Highway from junction with Chandauli- Chainpur Road near Khainti village to junction with Bhabhua-Adhaura road near Palka village from Km. 27.000 to Km. 54.000 Pkg-2,National Highways Authority of India [NHAI],618726,-,10521,Bihar,2023-03-01,2025-10-01,2027-10-01,2027-10-01,1240.93,1341.52,103.25,14.08,April 2026,1,0,7.124421900196565,2023.0,3.0,55.0,4.646791860678911,0.08320372623757988,-5.759627376242012,6.0,24.0,31.0,18.0,0.0,25.0,-10.92
963,6L Greenfield Varanasi-Ranchi-Kolkata Highway from junction with Bhabhua-Adhaura road in Bhairopur village to Konki village From KM. 54.000 to KM. 90.000Pkg-3,National Highways Authority of India [NHAI],618727,-,10522,Bihar,2023-03-01,2025-10-01,2027-10-01,2027-10-01,1576.94,1711.44,123.3,16.0,April 2026,1,0,7.363875477869246,2023.0,3.0,55.0,4.822697998516666,0.07818940479663145,-8.181059520336856,6.0,24.0,31.0,18.0,0.0,25.0,-9.0
964,6L Bridge and its approaches across River Ganga as Part of Patna Ring Road NH- 131G starting from Km 8.480 near Sherpur to Km 23.000 near Dighwara,National Highways Authority of India [NHAI],618738,N24002062,10527,Bihar,2022-09-01,2023-09-01,2027-09-01,2029-03-01,6291.69,3351.62,581.87,19.02,April 2026,0,1,8.747143921229823,2022.0,9.0,60.0,6.367964176923131,0.09248230602588495,-9.771769397411505,31.0,48.0,12.0,17.0,0.0,64.58333333333334,-45.56333333333335
965,4L Greenfield Alignment of Amas to Shivrampur from 0.000 Km. to 55.002 Km. of NH 119 D Pkg-I,National Highways Authority of India [NHAI],618739,N24002065,10528,Bihar,2022-02-01,2023-03-01,2025-03-01,2026-09-01,1390.92,1427.43,341.86,45.35,April 2026,1,1,7.238439367978461,2022.0,2.0,37.0,5.837322200579335,0.2457797716619216,-20.772022833807842,37.0,24.0,13.0,-13.0,1.0,154.16666666666669,-108.81666666666669
966,4L Greenfield Alignment of Shivrampur to Ramnagar from Km. 55.002 to Km. 109.300 of NH 119 D Pkg-II,National Highways Authority of India [NHAI],618740,N24002066,10529,Bihar,2022-02-01,2023-07-01,2025-07-01,2027-06-01,1494.31,1546.07,264.72,43.6,April 2026,1,1,7.310088822188649,2022.0,2.0,41.0,5.582443122797041,0.17715199657366948,-25.884800342633053,33.0,24.0,17.0,-9.0,1.0,137.5,-93.9
967,4L Greenfield Alignment from Kalyanapur to Tal Dashraha of NH-119D Pkg-III,National Highways Authority of India [NHAI],618741,N24001697,10530,Bihar,2022-03-01,2023-02-01,2025-02-01,2027-06-01,1857.58,1969.3,416.74,32.17,April 2026,1,1,7.527568034277651,2022.0,3.0,35.0,6.0348592294271715,0.22434565402297615,-9.735434597702387,38.0,24.0,11.0,-14.0,1.0,158.33333333333331,-126.16333333333331
968,"Construction of 6-lane Greenfield corridor from Ramnagar to Kacchi Dargah NH-119D from Km 109700 to Km 122300, including widening of the existing NH-31 from Km 196700 to Km 198600, as part of the Amas-Darbhanga.",National Highways Authority of India [NHAI],618742,-,12151,Bihar,2025-01-01,2026-04-01,2028-04-01,2028-04-01,1113.46,1113.46,1.31,0.0,April 2026,0,0,7.0161252616479715,2025.0,1.0,39.0,0.8372475245337022,0.0011765128518312288,0.11765128518312289,0.0,24.0,15.0,24.0,0.0,0.0,0.0
969,Ara - Mohania Pkg-II,National Highways Authority of India [NHAI],618774,N24001712,10551,Bihar,2020-08-01,2021-01-01,2023-07-01,2025-11-01,984.63,827.51,798.12,100.0,April 2026,0,1,6.8932810306277075,2020.0,8.0,35.0,6.683511122223894,0.8105785929740106,-18.942140702598948,63.0,30.0,5.0,-33.0,1.0,210.0,-110.0
970,Ara Bypass,National Highways Authority of India [NHAI],618775,-,-,Bihar,2025-03-01,2025-10-01,2027-04-01,2027-04-01,226.32,226.32,1.94,15.93,April 2026,0,0,5.426358716428921,2025.0,3.0,25.0,1.0784095813505903,0.00857193354542241,-15.072806645457758,6.0,18.0,7.0,12.0,0.0,33.33333333333333,-17.40333333333333
971,4L of Aurangabad-Paithan,National Highways Authority of India [NHAI],618779,N24001795,-,Bihar,2022-09-01,2023-01-01,2024-07-01,2026-05-01,1505.0,349.96,305.59,96.5,April 2026,0,1,7.317212408359839,2022.0,9.0,22.0,5.725511350119767,0.20304983388704317,-76.19501661129569,39.0,18.0,4.0,-21.0,1.0,216.66666666666666,-120.16666666666666
972,Construction of four laning of Bakarpur- Manikpur road section starting from village Chitarsenpur km 0000 and terminating at SH-74 near Manikpur 38814 at NH-139W under Bharatmalapariyona,National Highways Authority of India [NHAI],618790,-,10564,Bihar,2023-03-01,2024-10-01,2027-04-01,2027-09-01,1422.37,1537.99,273.52,41.0,April 2026,1,1,7.26078257834687,2023.0,3.0,49.0,5.615024118040433,0.19229876895603817,-21.770123104396184,18.0,30.0,19.0,12.0,0.0,60.0,-19.0
973,4L PS under NH configuration of Manikpur-Sahebganj of NH-139W,National Highways Authority of India [NHAI],618791,-,-,Bihar,2024-10-01,2026-01-01,2027-12-01,2027-12-01,1538.76,1538.76,95.18,17.16,April 2026,0,0,7.339381839106869,2024.0,10.0,38.0,4.566221435849517,0.06185500012997479,-10.97449998700252,3.0,23.0,15.0,20.0,0.0,13.043478260869565,4.116521739130436
974,Aunta - Simaria including Ganga Bridge,National Highways Authority of India [NHAI],618839,N24000696,10601,Bihar,2017-01-01,2018-08-01,2022-02-01,2026-04-01,1309.47,2107.68,812.81,100.0,April 2026,1,1,7.17814113047549,2017.0,1.0,61.0,6.70172692352355,0.620716778543991,-37.9283221456009,92.0,42.0,19.0,-50.0,1.0,219.04761904761907,-119.04761904761907
975,Simaria Km. 206.050 to Khagaria Km. 266.282,National Highways Authority of India [NHAI],618840,N24000480,10602,Bihar,2015-12-01,2016-10-01,2019-04-01,2026-07-01,664.02,891.64,351.77,97.67,April 2026,1,1,6.499817115391575,2015.0,12.0,40.0,5.865816286503434,0.5297581398150658,-44.69418601849342,114.0,30.0,10.0,-84.0,1.0,380.0,-282.33
976,4L Elevated Section and at-grade improvements at Begusarai town Simaria - Khagaria section from Km. 221.047 to Km. 225.302 of NH-31,National Highways Authority of India [NHAI],618841,N24001699,-,Bihar,2021-10-01,2022-06-01,2024-12-01,2026-06-01,491.04,348.38,342.96,93.88,April 2026,0,1,6.198560014000584,2021.0,10.0,38.0,5.840525371542696,0.698435972629521,-24.036402737047894,46.0,30.0,8.0,-16.0,1.0,153.33333333333334,-59.45333333333335
977,Bakhtiyarpur-Rajauli Pkg-II from km. 54.405 to km.101.630,National Highways Authority of India [NHAI],618861,N24001709,10616,Bihar,2020-09-01,2021-04-01,2023-07-01,2026-05-01,897.45,1397.47,897.09,97.85,April 2026,1,1,6.800671056372463,2020.0,9.0,34.0,6.800270285997388,0.9995988634464316,2.109886344643158,60.0,27.0,7.0,-33.0,1.0,222.22222222222223,-124.37222222222223
978,Bakhtiyarpur-Rajauli Pkg-III from km. 101.630 to km.152.520,National Highways Authority of India [NHAI],618862,-,10617,Bihar,2020-09-01,2021-12-01,2024-06-01,2026-05-01,2156.22,3046.61,1668.28,99.14,April 2026,1,1,7.6765756346976755,2020.0,9.0,45.0,7.420147674719659,0.7737058370667187,-21.769416293328135,52.0,30.0,15.0,-22.0,1.0,173.33333333333334,-74.19333333333334
979,Maheshkunt-Saharsa-Purnea Pkg I km 0.00 to km. 90.00 of NH-107,National Highways Authority of India [NHAI],618902,N24000723,10651,Bihar,2017-02-01,2019-12-01,2021-12-01,2026-09-01,662.44,1311.22,933.08,85.25,April 2026,1,1,6.497438420142949,2017.0,2.0,58.0,6.83956208766575,1.4085502083207535,55.605020832075354,76.0,24.0,34.0,-52.0,1.0,316.66666666666663,-231.41666666666663
980,Maheshkunt -Saharsa-Purnea Pkg II,National Highways Authority of India [NHAI],618903,N24000665,10652,Bihar,2017-03-01,2018-12-01,2020-12-01,2026-09-01,1028.28,1244.09,831.69,91.03,April 2026,1,1,6.93661480766269,2017.0,3.0,45.0,6.724661424042727,0.8088166647216712,-10.148333527832875,88.0,24.0,21.0,-64.0,1.0,366.66666666666663,-275.63666666666666
981,Chhapra - Hajipur from km. 143.200 to km. 209.200,National Highways Authority of India [NHAI],618904,N24000187,10653,Bihar,2010-07-01,2011-01-01,2013-07-01,2026-04-01,2127.86,2171.6,98.07,89.81,April 2026,1,1,7.66334190415919,2010.0,7.0,36.0,4.5958266709849385,0.04608855845779327,-85.20114415422067,183.0,30.0,6.0,-153.0,1.0,610.0,-520.19
982,Widening with additional 3L abetting Chhapra Bypass Section of NH-19 from Km. 143.200 to Km. 159.255 Pkg-1,National Highways Authority of India [NHAI],618905,-,10654,Bihar,2024-02-01,2024-08-01,2026-08-01,2026-08-01,470.5,528.48,243.02,68.87,April 2026,1,0,6.155919102073512,2024.0,2.0,30.0,5.497250189147188,0.5165143464399575,-17.218565356004248,20.0,24.0,6.0,4.0,0.0,83.33333333333334,-14.463333333333338
983,"4L Elevated Corridor and at-grade improvements from Design Ch0000 to Design Ch 19870 of Danapur Bihta Section, Design Ch0000 to Design Ch0231 connecting the existing RoB near Danapur station ,1.35 Km ramps and at-grade improvements to 4- lane section on Danapur side and Upgradation of existing Two lane carriageway to Four Lane carriageway from Design Ch19870 to Design Ch23500 of Bihta - Koilwar section",National Highways Authority of India [NHAI],618914,-,10661,Bihar,2022-10-01,2024-03-01,2026-09-01,2027-08-01,4432.97,2625.4,1371.21,54.99,April 2026,0,1,8.397050624253504,2022.0,10.0,47.0,7.224177857797646,0.3093208390762852,-24.05791609237148,25.0,30.0,17.0,5.0,0.0,83.33333333333334,-28.34333333333334
984,4L of Bal. works of Patna - Gaya -Dobhi Pkg-II from km. 39.00 to km. 83.00 of Old NH- 83,National Highways Authority of India [NHAI],618915,N24001304,10662,Bihar,2019-09-01,2020-11-01,2022-11-01,2025-05-01,1637.29,777.2,728.91,89.01,April 2026,0,1,7.401408293919412,2019.0,9.0,38.0,6.592921238870654,0.44519297131235147,-44.490702868764856,65.0,24.0,14.0,-41.0,1.0,270.83333333333337,-181.82333333333338
985,4L of Bal. works of Patna - Gaya -Dobhi Pkg-III from km. 83.00 to km. 127.217 of Old NH-83,National Highways Authority of India [NHAI],618916,N24001305,10663,Bihar,2019-09-01,2020-11-01,2022-11-01,2025-05-01,1077.46,799.7,774.78,92.0,April 2026,0,1,6.983289376592503,2019.0,9.0,38.0,6.653868974833396,0.7190800586564698,-20.091994134353016,65.0,24.0,14.0,-41.0,1.0,270.83333333333337,-178.83333333333337
986,4L Greenfield starting from NH-30 near Saristabad Patna to Nathupur Project end point of Patna-Gaya-Dobhi Section of NH-83,National Highways Authority of India [NHAI],618917,-,-,Bihar,2023-07-01,2024-03-01,2025-08-01,2026-06-01,488.24,419.66,82.7,80.83,April 2026,0,1,6.192853166619162,2023.0,7.0,25.0,4.4272389774954295,0.169383909552679,-63.89160904473209,25.0,17.0,8.0,-8.0,1.0,147.05882352941177,-66.22882352941177
987,4L of Siwan- Masrakh section of Ram Janki Marg from Km 230.385 to Km 281.391 of NH-227A,National Highways Authority of India [NHAI],618926,-,10670,Bihar,2022-08-01,2024-11-01,2026-11-01,2028-11-01,1431.36,1927.04,190.58,10.07,April 2026,1,1,7.2670787125737935,2022.0,8.0,51.0,5.255305475954746,0.1331460988151129,3.244609881511291,17.0,24.0,27.0,7.0,0.0,70.83333333333334,-60.76333333333334
988,Umagaon-Saharsa Package-IV Koshi Bridge & approach Road - Bheja-Bakaur,National Highways Authority of India [NHAI],618953,N24001371,10689,Bihar,2019-02-01,2020-02-01,2023-08-01,2027-03-01,1199.58,1223.94,1120.87,89.23,April 2026,1,1,7.090560052341493,2019.0,2.0,54.0,7.0227522148422,0.9343853682122075,4.208536821220747,74.0,42.0,12.0,-32.0,1.0,176.19047619047618,-86.96047619047617
989,Umagaon - Saharsa Package - I Combined Umagaon-Kaluahi0.000KM to 21.609Km of NH227LSaharghat-Rahika0.000 Km to 26.130KM of NH227JRahika-Rampatti 0.00 KM to 15.00KM of NH527ABideshwarsthan-Bheja0.000KM to 25.915KM of NH527A.,National Highways Authority of India [NHAI],618954,-,10690,Bihar,2022-08-01,2025-01-01,2027-07-01,2027-07-01,1473.2,1703.02,586.95,16.41,April 2026,1,0,7.295870748755188,2022.0,8.0,59.0,6.3766419102694245,0.39841840890578334,23.431840890578332,15.0,30.0,29.0,15.0,0.0,50.0,-33.59
990,2L PS of Majhauli to Charout section from km. 0.00 to km. 63.655,National Highways Authority of India [NHAI],618955,N24000813,10691,Bihar,2018-01-01,2019-11-01,2021-11-01,2026-05-01,638.29,1067.51,622.86,99.66,April 2026,1,1,6.460358185541786,2018.0,1.0,46.0,6.435925984222829,0.9758260351877673,-2.0773964812232606,77.0,24.0,22.0,-53.0,1.0,320.83333333333337,-221.17333333333337
991,Construction of Major Bridge over Baghmati and Lakhandei River along with Approaches from Design km.16.500 to km.21.500,National Highways Authority of India [NHAI],618956,-,-,Bihar,2024-02-01,2024-10-01,2027-04-01,2027-04-01,498.97,380.3,43.95,20.42,April 2026,0,0,6.21454809662212,2024.0,2.0,38.0,3.8055507609176296,0.08808144778243181,-11.611855221756821,18.0,30.0,8.0,12.0,0.0,60.0,-39.58
992,4L of Greenfield Alignment from Km. 47.000 to Km. 89.210 of Balbhadarpur to Bela Nawda Section of NH-119D,National Highways Authority of India [NHAI],619127,-,11796,Bihar,2022-03-01,2024-03-01,2026-03-01,2027-08-01,2185.75,2118.46,373.63,24.67,April 2026,0,1,7.690171702299964,2022.0,3.0,48.0,5.925938872227775,0.17093903694384077,-7.576096305615923,25.0,24.0,24.0,-1.0,1.0,104.16666666666667,-79.49666666666667
993,Rehabilitation and Upgradation of Chorma - Bairgania Section of National Highway No 227F to 2 lane with paved shoulders from Design Ch.0.000 to Ch. 34.566,National Highways Authority of India [NHAI],619136,-,11803,Bihar,2022-06-01,2024-02-01,2026-01-01,2026-05-01,610.78,628.65,328.56,99.5,April 2026,1,1,6.416372740760753,2022.0,6.0,43.0,5.797758431447389,0.5379350993811193,-45.706490061888076,26.0,23.0,20.0,-3.0,1.0,113.04347826086956,-13.543478260869563
994,Bakhtiyarpur Km 153.300 to Mokama Km 197.900,National Highways Authority of India [NHAI],619152,N24000507,-,Bihar,2015-12-01,2017-06-01,2019-12-01,2026-05-01,1182.94,1898.84,843.24,99.95,April 2026,1,1,7.07660313848422,2015.0,12.0,48.0,6.738436814362835,0.7128341251458231,-28.666587485417693,106.0,30.0,18.0,-76.0,1.0,353.3333333333333,-253.38333333333333
995,Umagaon-Saharsa Package-V Bakaur-Parsarma-Bangaon-Bariyahi & Spur to Mahishi,National Highways Authority of India [NHAI],619166,-,11820,Bihar,2022-10-01,2023-12-01,2025-12-01,2026-05-01,768.35,968.42,410.55,99.4,April 2026,1,1,6.645546002503387,2022.0,10.0,38.0,6.019930519418653,0.5343268041907985,-45.96731958092016,28.0,24.0,14.0,-4.0,1.0,116.66666666666667,-17.266666666666666
996,4L of Munger Mirzachauki section from Munger to Kharia village junction from Km 69520 to Km 95580 Pkg-1,National Highways Authority of India [NHAI],619289,-,12091,Bihar,2021-01-01,2022-03-01,2024-03-01,2026-06-01,1659.81,1696.66,506.33,78.09,April 2026,1,1,7.415060714148047,2021.0,1.0,38.0,6.229161679429703,0.30505298799260155,-47.58470120073984,49.0,24.0,14.0,-25.0,1.0,204.16666666666666,-126.07666666666665
997,Construction of Approach Road to Rail-cum- Road Bridge across river Ganga at Munger Ghat NH-333 B,National Highways Authority of India [NHAI],619301,-,-,Bihar,2013-07-01,2018-12-01,2021-05-01,2026-06-01,537.88,633.91,200.58,99.99,April 2026,1,1,6.289492911613907,2013.0,7.0,94.0,5.306186324926732,0.3729084554175653,-62.69915445824346,88.0,29.0,65.0,-59.0,1.0,303.44827586206895,-203.45827586206894
998,4L of Munger Mirzachauki section from start of existing Bhagalpur bypass to Rasulpur from Km 125000 to Km 157350 Pkg-3,National Highways Authority of India [NHAI],619305,-,12095,Bihar,2021-01-01,2022-04-01,2024-04-01,2026-06-01,1769.5,2024.59,574.08,75.04,April 2026,1,1,7.4790172715519585,2021.0,1.0,39.0,6.354509161554391,0.32443063012150325,-42.59693698784968,48.0,24.0,15.0,-24.0,1.0,200.0,-124.96
999,4L of Munger Mirzachauki section from Km 95580 to Km 125000 Pkg-2,National Highways Authority of India [NHAI],619306,-,12096,Bihar,2021-02-01,2022-03-01,2024-03-01,2026-06-01,1020.84,1235.65,478.11,93.13,April 2026,1,1,6.929360202734522,2021.0,2.0,37.0,6.1719302161404626,0.46834959445162805,-46.29504055483719,49.0,24.0,13.0,-25.0,1.0,204.16666666666666,-111.03666666666666
1000,4L of Hajipur-Muzaffarpur Section of the existing NH-77 from Km. 0000 Ramashish Chowk to Km. 46300 and new bypass starting at Km. 46300 and connecting NH-28 of E-W Corridor at Km. 515045,National Highways Authority of India [NHAI],619317,-,-,Bihar,,2010-08-01,2013-02-01,2026-05-01,2723.39,2906.78,26.74,99.45,April 2026,1,1,7.909999828827465,,,,3.3228754148866853,0.009818645144470678,-98.46813548555293,188.0,30.0,,-158.0,1.0,626.6666666666666,-527.2166666666666
1001,Muzaffarpur - Sonbarsa Section of NH-77 from km 2.800 to km 89.000,National Highways Authority of India [NHAI],619320,-,-,Bihar,,2011-05-01,2013-11-01,2026-06-01,2290.72,2311.1,468.71,100.0,April 2026,1,1,7.7370579063231295,,,,6.152115482991541,0.2046125235733743,-79.53874764266257,179.0,30.0,,-149.0,1.0,596.6666666666666,-496.66666666666663
1002,Bemetara Bypass NH 30,MoRTH,617908,-,-,Chhattisgarh,2024-01-01,2025-04-01,2027-04-01,2027-04-01,161.96,161.96,0.0,32.0,April 2026,0,0,5.093504771918551,2024.0,1.0,39.0,0.0,0.0,-32.0,12.0,24.0,15.0,12.0,0.0,50.0,-18.0
1003,Construction of 4 Nos Grade separtor between km. 281.000 to km. 307.600 km. 286.400 kumhari km. 299.000 Transport Nagar km. 302.000 Power House km. 304.000 Chandra Moura Chowk to km. 305.000 supeia of NH-53 old NH-06 Raipur - Durg 4 Lane on EPC mode in the state of chhattisgarh job NO. NH-53old NH-06 CG- 2017-18-56,MoRTH,617919,N24001227,-,Chhattisgarh,2018-03-01,2019-01-01,2021-01-01,2025-08-01,349.03,349.03,0.0,97.9,April 2026,0,1,5.858018865095914,2018.0,3.0,34.0,0.0,0.0,-97.9,87.0,24.0,10.0,-63.0,1.0,362.5,-264.6
1004,Up-gradation to Two/Four lane with paved shoulder Configuration of Kondagaon- Narayanpur from design ch. 0.00 - 48.693 Design Length 47.493 Km. 1.20 Km. retained on NH-130D under EPC mode in the State Chhattisgarh.,MoRTH,617971,-,-,Chhattisgarh,2022-12-01,2025-03-01,2027-03-01,2027-03-01,322.4,322.4,1.1,62.0,April 2026,0,0,5.778889947143006,2022.0,12.0,51.0,0.7419373447293773,0.0034119106699751866,-61.65880893300248,13.0,24.0,27.0,11.0,0.0,54.166666666666664,7.833333333333336
1005,Upgradation to Two lane with Paved Shoulder Configuration of Narayanpur Kasturmeta pkg-II from design ch. 48.693 to 70.453 design length21.760 Km. on NH-130D under EPC mode in the state of Chhattisgarh.,MoRTH,617972,-,-,Chhattisgarh,2022-12-01,2024-12-01,2026-06-01,,200.67,200.67,14.99,0.0,April 2026,0,-1,5.30663269815175,2022.0,12.0,42.0,2.771963526845863,0.07469975581800967,7.469975581800966,16.0,18.0,24.0,2.0,0.0,88.88888888888889,-88.88888888888889
1006,Strengthening and widening of existing 2 lane road to two lane paved shoulder from km 7.750 to 26.542 & km. 32.093 to 45.786 of NH-130 on EPC mode in the state of chhattisgarh.job No. 130-CG-2017-18-348,MoRTH,617973,N24001228,-,Chhattisgarh,2017-11-01,2019-05-01,2020-11-01,2026-02-01,188.8,188.8,102.56,97.0,April 2026,0,1,5.245970886175828,2017.0,11.0,36.0,4.640151154883337,0.5432203389830508,-42.67796610169492,83.0,18.0,18.0,-65.0,1.0,461.1111111111111,-364.1111111111111
1007,"Upgradation of Ambikapur-Ramanujganj-Garwa road of NH-343, Package-III, Badki mahri village to Ramanujganj section from existing km 80.600 to km 110.330 Design Ch. 85.370 to Ch. 114.800 of total length 29.430 km to two lane with paved shoulders udner corridor scheme under EPC Mode in the of Chhattisgarh",MoRTH,618014,-,-,Chhattisgarh,2022-03-01,2025-05-01,2026-10-01,2026-10-01,199.05,199.05,28.95,31.0,April 2026,0,0,5.298567335303244,2022.0,3.0,55.0,3.3995293245614584,0.14544084400904295,-16.455915599095704,11.0,17.0,38.0,6.0,0.0,64.70588235294117,-33.705882352941174
1008,"Upgradation of Keonchi - Ratanpur Road of NH 45 Package-I, from design chainage km 237.860 to km 273.200 of length 35.340 km to two lane with paved shoulders under Corridor scheme on EPC mode in the state of Chhattisgarh.",MoRTH,618015,-,-,Chhattisgarh,2022-03-01,2024-07-01,2026-01-01,2026-12-01,225.41,228.93,63.38,55.0,April 2026,1,1,5.422347514964887,2022.0,3.0,46.0,4.164803025870662,0.2811765227807107,-26.88234772192893,21.0,18.0,28.0,-3.0,1.0,116.66666666666667,-61.66666666666667
1009,"Upgradation of Ambikapur Ramanujganj - Garhwa Road NH 343 of Package-I, Rajpuri Khurd Village to Padih Village section from existing km 7.830 to km 57.650 Design Ch. 13.700 to Ch. 62.700 of total length 49.00 km to two lane with paved shoulders under EPC mode in the state of Chhattisgarh",MoRTH,618016,-,-,Chhattisgarh,2022-03-01,2025-05-01,2027-05-01,2027-05-01,397.44,397.44,18.97,10.22,April 2026,0,0,5.987556922276965,2022.0,3.0,62.0,2.994231147427724,0.047730475040257646,-5.446952495974236,11.0,24.0,38.0,13.0,0.0,45.83333333333333,-35.61333333333333
1010,"Upgradation of Keonchi - Ratanpur Road of NH 45 Package-II, from design chainage km 278.75 to km 321.348 of length 42.598 km to two lane with paved shoulders under Corridor scheme on EPC mode in the state of Chhattisgarh.",MoRTH,618017,-,-,Chhattisgarh,2022-03-01,2024-07-01,2026-01-01,2026-12-01,286.0,286.0,78.67,60.0,April 2026,0,1,5.659482215759621,2022.0,3.0,46.0,4.3778931033922746,0.2750699300699301,-32.49300699300699,21.0,18.0,28.0,-3.0,1.0,116.66666666666667,-56.66666666666667
1011,Upgradation of Bilaspur-Takhatpur-Mungeli-Pandariya-Pondi Road on N.H.-130A Package IIIA Takhatpur By-pass from existing Ch. 26.542 to 32.093 [Design Ch. 18.700 to 25.900] & Mungeli By-pass from existing Ch. 45.786 to 56.275 [Design Ch. 29.600 to 51.600] and Package IIIB Pandariya By-Pass from existing Ch. 82.582 to 87.133 [Design Ch. 77.900 to 81.1000 & Pondi By-pass from existing Ch. 103.166 to 104.756 [Design Ch. 97.000 to 103.395] to two lane with paved shoulder configuration in the,MoRTH,618018,-,-,Chhattisgarh,2022-03-01,2024-01-01,2025-07-01,2026-12-01,351.19,351.19,11.48,10.0,April 2026,0,1,5.864170802700472,2022.0,3.0,40.0,2.5241273629412815,0.03268885788319713,-6.731114211680287,27.0,18.0,22.0,-9.0,1.0,150.0,-140.0
1012,Up-gradation of NH-930 Sherpar to Kohka from Km.67880 to Km.114860 to 2LPS in Chhattisgarh under EPC mode,MoRTH,618064,N24001917,-,Chhattisgarh,2020-03-01,2022-05-01,2024-05-01,,278.97,278.97,201.05,90.0,April 2026,0,-1,5.634682454571901,2020.0,3.0,50.0,5.308515191524482,0.7206868122020289,-17.93131877979711,47.0,24.0,26.0,-23.0,1.0,195.83333333333331,-105.83333333333331
1013,Up-gradation of NH-130C Abhanpur to Paund from NH Km. 0000 to KM 40380 to two lane with paved shoulders in the State of Chhattisgarh on EPC mode.,MoRTH,618078,N24001919,-,Chhattisgarh,2020-12-01,2022-03-01,2023-09-01,2026-02-01,193.16,193.16,97.78,85.0,April 2026,0,1,5.268682561418346,2020.0,12.0,33.0,4.592895155112479,0.5062124663491406,-34.378753365085934,49.0,18.0,15.0,-31.0,1.0,272.22222222222223,-187.22222222222223
1014,Durg-Raipur Bypass Section Package - 1 from km. 0.00 to km. 44.50 near Tendesara to near Khatti Village,National Highways Authority of India [NHAI],618589,N24002045,10422,Chhattisgarh,2022-06-01,2023-07-01,2025-07-01,2026-05-01,1828.0,1656.73,690.27,69.87,April 2026,0,1,7.511524648390866,2022.0,6.0,37.0,6.538530485510215,0.377609409190372,-32.1090590809628,33.0,24.0,13.0,-9.0,1.0,137.5,-67.63
1015,Durg-Raipur-Arang Package - 2 from km. 44.50 to km. 92.23 near Khatti Village to near Aurang,National Highways Authority of India [NHAI],618590,N24002046,10423,Chhattisgarh,2022-06-01,2023-06-01,2025-05-01,2026-12-01,1958.9,1561.97,583.62,68.7,April 2026,0,1,7.580648730514814,2022.0,6.0,35.0,6.370962063518564,0.29793251314513247,-38.906748685486754,34.0,23.0,12.0,-11.0,1.0,147.82608695652172,-79.12608695652172
1016,4L of Bilaspur to Urga km 0.00 to 70.2 of NH-130A,National Highways Authority of India [NHAI],618639,N24001611,10457,Chhattisgarh,2020-04-01,2022-03-01,2024-03-01,2026-07-01,1855.59,2523.86,1290.88,94.81,April 2026,1,1,7.526496750761517,2020.0,4.0,47.0,7.163853800772036,0.6956709186835455,-25.24290813164545,49.0,24.0,23.0,-25.0,1.0,204.16666666666666,-109.35666666666665
1017,4L of Urga - Pathalgaon from Km. 70.200 to km. 157.745 of NH-130A,National Highways Authority of India [NHAI],618640,-,10458,Chhattisgarh,2022-03-01,2024-02-01,2026-08-01,2026-08-01,2261.3,2860.36,939.34,72.77,April 2026,1,0,7.724137273876711,2022.0,3.0,53.0,6.846241511993264,0.41539822226153095,-31.230177773846904,26.0,30.0,23.0,4.0,0.0,86.66666666666667,-13.896666666666675
1018,Development of 6L of Jhanki Sargi Section Road from km 0.000 to km 42.800 of NH- 130CD Pkg-CG-1,National Highways Authority of India [NHAI],618673,N24001593,10476,Chhattisgarh,2021-11-01,2022-09-01,2024-09-01,2027-01-01,1368.19,1129.14,654.33,98.39,April 2026,0,1,7.2219746030944485,2021.0,11.0,34.0,6.485138925556076,0.4782449805948004,-50.56550194051996,43.0,24.0,10.0,-19.0,1.0,179.16666666666669,-80.77666666666669
1019,Development of 6L Sargi Basanwahi Section from km 42.800 to km 99.500 of NH- 130CD Pkg-CG-2,National Highways Authority of India [NHAI],618674,N24001588,10477,Chhattisgarh,2021-12-01,2023-01-01,2025-01-01,2026-05-01,1470.73,1461.81,756.05,99.0,April 2026,0,1,7.294193858551555,2021.0,12.0,37.0,6.629429301454381,0.5140644441875802,-47.59355558124198,39.0,24.0,13.0,-15.0,1.0,162.5,-63.5
1020,Development of 6L of Basanwahi Marangpuri Section from km 99.500 to km 124.661 of NH-130-CD,National Highways Authority of India [NHAI],618675,N24002017,10478,Chhattisgarh,2022-03-01,2023-10-01,2025-10-01,2027-03-01,1307.16,1303.63,456.22,63.66,April 2026,0,1,7.176376848695176,2022.0,3.0,43.0,6.125164675495825,0.34901618776584353,-28.75838122341564,30.0,24.0,19.0,-6.0,1.0,125.0,-61.34
1021,Conversion of Partially Excavated Escape Tunnel to Uni-Directional 2L Tunnelincluding construction of cross passages and approach roads on either side of the tunnel from Km 12.732 to Km 14.568 of Kiratpur to Nerchowk Section of NH-21,National Highways Authority of India [NHAI],618849,N24001809,-,Chhattisgarh,2022-05-01,2022-09-01,2024-03-01,2026-05-01,444.21,412.88,394.65,100.0,April 2026,0,1,6.0985460809640415,2022.0,5.0,22.0,5.980529982055202,0.8884311474302694,-11.156885256973055,43.0,18.0,4.0,-25.0,1.0,238.88888888888889,-138.88888888888889
1022,4 laning of Champa - Korba from km 0.00 to km 38.2,National Highways Authority of India [NHAI],618957,-,10692,Chhattisgarh,2021-02-01,2022-01-01,2024-01-01,2026-05-01,1002.33,1304.47,780.84,98.75,April 2026,1,1,6.911079746810157,2021.0,2.0,35.0,6.6616501160305805,0.7790248720481279,-20.847512795187214,51.0,24.0,11.0,-27.0,1.0,212.5,-113.75
1023,4/6 Laning of Raipur-Simga Pkg-I from km. 0.00 to km. 48.58,National Highways Authority of India [NHAI],619103,-,-,Chhattisgarh,2015-10-01,2016-04-01,2018-04-01,2026-05-01,1096.52,1172.36,107.31,100.0,April 2026,1,1,7.00080836801791,2015.0,10.0,30.0,4.684997485847646,0.09786415204465035,-90.21358479553497,120.0,24.0,6.0,-96.0,1.0,500.0,-400.0
1024,4 Laning with PS of Pathrapalli-Katghora km 53.3 to km 92.6 Pkg-II of Bilaspur Kathghora,National Highways Authority of India [NHAI],619167,-,11821,Chhattisgarh,2019-12-01,2020-12-01,2022-12-01,2026-06-01,865.1,1275.26,587.68,93.1,April 2026,1,1,6.764000375336999,2019.0,12.0,36.0,6.377882742295912,0.6793203097907755,-25.167969020922442,64.0,24.0,12.0,-40.0,1.0,266.66666666666663,-173.56666666666663
1025,Widening of Existing Road from Intermediate Lane 2-lane to 4-lane Between Km 19.994 to Km 35.180 of NH-848A Rakholi-Khadoli-Velugam Section in U.T. of Dadra and Nagar Haveli and Daman and Diu,MoRTH,619183,-,-,Dadra & Nagar Haveli and Daman & Diu,2022-10-01,2024-02-01,2026-02-01,,198.06,239.57,73.03,52.0,April 2026,1,-1,5.2936062868179175,2022.0,10.0,40.0,4.304470416455007,0.36872664849035647,-15.127335150964356,26.0,24.0,16.0,-2.0,1.0,108.33333333333333,-56.33333333333333
1026,Development of 6L UER II [Package - I] NH-1 Near Bakoli till Karala Kanjhawala Road from km. 0.70 to km.15.00,National Highways Authority of India [NHAI],618509,N24001777,10365,Delhi,2020-07-01,2021-10-01,2023-10-01,2026-05-01,2089.94,2203.45,1803.73,99.99,April 2026,1,1,7.64536900461235,2020.0,7.0,39.0,7.498166275090571,0.863053484789037,-13.6846515210963,54.0,24.0,15.0,-30.0,1.0,225.0,-125.01
1027,6L Access Controlled Highway from DND Maharani Bagh - Jn. with Jaitpur - Pushta Road of NH-148NA from km. 0.00 to km. 9.00 in NCR,National Highways Authority of India [NHAI],618578,N24001773,10414,Delhi,2020-07-01,2022-01-01,2024-07-01,2026-05-01,1467.44,2510.34,1615.84,98.25,April 2026,1,1,7.291955891785577,2020.0,7.0,48.0,7.388228906010987,1.1011284958839884,11.862849588398845,51.0,30.0,18.0,-21.0,1.0,170.0,-71.75
1028,8L of Dwarka Expressway Pkg-II RuB near Dwarka Sector 21-DL/HR Border from 5.300 Km.to 9.500 Km. of NH-248BB,National Highways Authority of India [NHAI],619090,N24001781,11771,Delhi,2018-01-01,2019-10-01,2021-10-01,2026-05-01,2067.67,2670.22,1909.28,100.0,April 2026,1,1,7.634661167682778,2018.0,1.0,45.0,7.555005107155045,0.9233968670048895,-7.660313299511046,78.0,24.0,21.0,-54.0,1.0,325.0,-225.0
1029,Dwarka Expressway from Km -0.600 to Km 5.300 - Pkg-I Shivmurti Chowk-RuB near Dwarka Sector 21,National Highways Authority of India [NHAI],619202,-,11893,Delhi,2018-03-01,2020-09-01,2022-09-01,2026-05-01,2144.67,3929.5,3097.34,98.8,April 2026,1,1,7.671207136902019,2018.0,3.0,54.0,8.038621763179579,1.444203537140912,45.62035371409122,67.0,24.0,30.0,-43.0,1.0,279.16666666666663,-180.36666666666662
1030,4-Laning from End of Zuari approaches to Start of Margao Bypass section of NH-66 from Km 536.800 to Km 543.450,MoRTH,617941,-,-,Goa,2024-07-01,2026-02-01,2028-02-01,2028-02-01,398.25,398.25,0.0,0.0,April 2026,0,0,5.989587787095122,2024.0,7.0,43.0,0.0,0.0,0.0,2.0,24.0,19.0,22.0,0.0,8.333333333333332,-8.333333333333332
1031,Construction of Six lane Elevated Corridor from Km. 508.000 to Km. 513.150 including approaches on NH-66,MoRTH,617942,N24002181,10145,Goa,2023-04-01,2024-04-01,2026-04-01,2026-10-01,641.46,641.46,0.0,90.59,April 2026,0,1,6.465304558022001,2023.0,4.0,36.0,0.0,0.0,-90.59,24.0,24.0,12.0,0.0,0.0,100.0,-9.409999999999997
1032,Construction of 4L Flyover from MES College Junction to Bogmalo Junction on NH- 566 from Km. 7.106 to Km. 10.460 and 4L VUP at Queeny Nagar Junction from Km. 3.330 to Km. 4.550,National Highways Authority of India [NHAI],618609,-,-,Goa,2024-01-01,2024-08-01,2026-07-01,2027-05-01,463.08,316.28,127.09,43.75,April 2026,0,1,6.140056951157809,2024.0,1.0,30.0,4.852733141843045,0.27444502029886847,-16.30549797011315,20.0,23.0,7.0,3.0,0.0,86.95652173913044,-43.20652173913044
1033,Up-gradation of Dhoraji-Jamkandorna-Kalavad Section of NH-927D from Design Chainage km 0/00 to km 58/115 to Two lane with PS configuration in the State of Gujarat on EPC,MoRTH,617906,N24002118,-,Gujarat,2022-10-01,2025-01-01,2027-01-01,2027-01-01,246.6,291.19,0.0,35.0,April 2026,1,0,5.511814540810441,2022.0,10.0,51.0,0.0,0.0,-35.0,15.0,24.0,27.0,9.0,0.0,62.5,-27.5
1034,Work of 6 laning/Construction of elevated corridor from km 0/0 to 10/170 Narol Junction to Sarkhej junction including 4 lane Shastri Bridge on Sabarmati river on NH 47 in the State of Gujarat on HAM mode,MoRTH,617916,-,10137,Gujarat,2024-03-01,2025-08-01,2028-02-01,2028-02-01,1295.39,1295.39,0.0,26.0,April 2026,0,0,7.167338757569021,2024.0,3.0,47.0,0.0,0.0,-26.0,8.0,30.0,17.0,22.0,0.0,26.666666666666668,-0.6666666666666679
1035,Construction of new 4 lane major bridge with approaches on Sabarmati River near Dharoi at Km. 82/00 to 86/00 Design length 3.300 km on NH-58 in the State of Gujarat on Hybrid Annuity Mode HAM,MoRTH,617926,-,-,Gujarat,2024-03-01,2025-08-01,2027-08-01,2027-08-01,398.4,398.4,0.0,33.0,April 2026,0,0,5.989963420981715,2024.0,3.0,41.0,0.0,0.0,-33.0,8.0,24.0,17.0,16.0,0.0,33.33333333333333,-0.3333333333333286
1036,Widening to 2LPS between Km 0/0 to 56/0 Khokhara Gujarat Border Vijayanagar Antrasuba Mathasur road of NH 58 in the State of Gujarat,MoRTH,617927,-,10140,Gujarat,2024-03-01,2025-09-01,2027-09-01,2027-09-01,699.19,699.19,0.0,24.0,April 2026,0,0,6.551351726784763,2024.0,3.0,42.0,0.0,0.0,-24.0,7.0,24.0,18.0,17.0,0.0,29.166666666666668,-5.166666666666668
1037,"Widening 2 lane to 4-lane from KM 92/320 to Km 115/320 Vav Chokdi-Satlasana to to Vrundavan Chokdi, Kheralu on NH-58 in the State of Gujarat.",MoRTH,617928,N24002183,-,Gujarat,2022-03-01,2024-03-01,2026-03-01,2026-06-01,151.13,171.27,0.0,98.0,April 2026,1,1,5.0247354184750375,2022.0,3.0,48.0,0.0,0.0,-98.0,25.0,24.0,24.0,-1.0,1.0,104.16666666666667,-6.166666666666671
1038,Work of development and construction of elevated corridorfrom km 38/660 to km 42/690 Iscon junction to start point of approach of sanand flyover of NH-147 in the sate of Gujarat,MoRTH,617976,N24002182,10154,Gujarat,2023-03-01,2024-06-01,2026-06-01,2026-06-01,530.2,530.2,58.29,80.0,April 2026,0,0,6.275138598162224,2023.0,3.0,39.0,4.0824406577192764,0.10993964541682383,-69.00603545831761,22.0,24.0,15.0,2.0,0.0,91.66666666666666,-11.666666666666657
1039,Development of Chiloda - Gandhinagar- Sarkhej ofNH-147 Package -II,MoRTH,617977,-,-,Gujarat,2018-04-01,2018-11-01,2020-11-01,2022-07-01,211.28,234.44,0.0,99.55,April 2026,1,1,5.357906157959694,2018.0,4.0,31.0,0.0,0.0,-99.55,89.0,24.0,7.0,-65.0,1.0,370.83333333333337,-271.28333333333336
1040,Upgradation to two lane with paved Shoulder Configuaration from Km. 0/00 to 47/000 of NH 351 Mahuva to Badhada section in the State of Gujarat,MoRTH,618022,N24002118,-,Gujarat,2022-12-01,2024-02-01,2025-08-01,2026-12-01,173.06,219.08,22.53,67.0,April 2026,1,1,5.159400067361368,2022.0,12.0,32.0,3.158276202739271,0.13018606263723564,-53.98139373627644,26.0,18.0,14.0,-8.0,1.0,144.44444444444443,-77.44444444444443
1041,Upgradation of Mehsana-Visnagar-vadnagar-Kheralu-Idar section from km 0/00 to 81/300 of NH 168G Mehsana to Idar in the State of GujaratTotal Length 81.300 Km on Hybrid Annuity Mode HAM,MoRTH,618107,-,-,Gujarat,2024-02-01,2025-12-01,2028-06-01,2028-06-01,1155.21,1155.21,32.09,11.0,April 2026,0,0,7.052902693633634,2024.0,2.0,52.0,3.499231121933521,0.02777849914734118,-8.222150085265882,4.0,30.0,22.0,26.0,0.0,13.333333333333334,-2.333333333333334
1042,Up-gradation and strengthening to 2lanePS from Km 95/500 to km 129/775 of Nh 168G Idar-Bhiloda-Samlaji in the state of Gujarat Length 34.275 km,MoRTH,618108,N24002014,-,Gujarat,2022-09-01,2023-12-01,2025-12-01,2026-05-01,237.28,237.28,0.0,63.0,April 2026,0,1,5.473446452760487,2022.0,9.0,39.0,0.0,0.0,-63.0,28.0,24.0,15.0,-4.0,1.0,116.66666666666667,-53.66666666666667
1043,Delhi-Vadodara Greenfield Alignment NH-148N Pkg-26 Ch.696890 to Ch.726390,National Highways Authority of India [NHAI],618459,N24001515,10318,Gujarat,2020-09-01,2022-12-01,2024-08-01,2026-05-01,1555.2,1556.4,1084.2,77.2,April 2026,1,1,7.35000223118283,2020.0,9.0,47.0,6.989519580784776,0.6971450617283951,-7.4854938271604965,40.0,20.0,27.0,-20.0,1.0,200.0,-122.8
1044,Delhi-Vadodara Greenfield Alignment NH-148N Pkg-28 Ch.756052 to Ch.781282,National Highways Authority of India [NHAI],618460,N24001519,10319,Gujarat,2020-09-01,2021-11-01,2023-11-01,2026-05-01,1263.38,1266.98,865.87,100.0,April 2026,1,1,7.142337162437177,2020.0,9.0,38.0,6.764889023208194,0.6853599075495891,-31.464009245041098,53.0,24.0,14.0,-29.0,1.0,220.83333333333334,-120.83333333333334
1045,Delhi-Vadodara Greenfield Alignment NH-148N Pkg-31 Ch.824920 to Ch.844382 [Junction near Pratap nagar Village - Junction near Dodka Village],National Highways Authority of India [NHAI],618462,N24001520,10321,Gujarat,2019-11-01,2021-05-01,2023-05-01,2026-05-01,1644.85,1651.14,963.66,100.0,April 2026,1,1,7.4060122470722725,2019.0,11.0,42.0,6.871775707649405,0.5858649724898927,-41.41350275101073,59.0,24.0,18.0,-35.0,1.0,245.83333333333334,-145.83333333333334
1046,Vadodara Mumbai Expressway Kim to Ankleshwar Phase IA - Pkg V,National Highways Authority of India [NHAI],618463,N24000834,10322,Gujarat,2018-02-01,2019-11-01,2021-10-01,2026-06-01,1324.84,2807.48,1248.75,91.34,April 2026,1,1,7.189801499815289,2018.0,2.0,44.0,7.13069881029368,0.9425666495576825,2.9166649557682547,77.0,23.0,21.0,-54.0,1.0,334.7826086956522,-243.44260869565218
1047,Vadodara Mumbai Expressway Ena -Kim Phase IB - Pkg VI [Km 217.500 to Km 254.430],National Highways Authority of India [NHAI],618464,-,10323,Gujarat,2020-05-01,2021-12-01,2023-12-01,2026-05-01,2271.86,4297.28,2574.42,98.9,April 2026,1,1,7.728794229346754,2020.0,5.0,43.0,7.853767906593486,1.133177220427315,14.417722042731484,52.0,24.0,19.0,-28.0,1.0,216.66666666666666,-117.76666666666665
1048,Vadodara Mumbai Expressway Gandeva to Ena Phase IB - Pkg VII [Km 190.00 to Km 217.500],National Highways Authority of India [NHAI],618465,N24001789,10324,Gujarat,2020-07-01,2021-11-01,2023-11-01,2026-05-01,1710.3,3392.21,2158.87,97.05,April 2026,1,1,7.445008594583406,2020.0,7.0,40.0,7.6778033136818244,1.2622756241595041,29.17756241595042,53.0,24.0,16.0,-29.0,1.0,220.83333333333334,-123.78333333333335
1049,Vadodara Mumbai Expressway Jujuwa - Gandeva from Km. 154.600 to Km. 190.000 Phase-I Package-VIII,National Highways Authority of India [NHAI],618466,-,10325,Gujarat,2023-07-01,2024-08-01,2026-03-01,2026-11-01,3834.24,3820.2,197.13,4.85,April 2026,0,1,8.251987293329528,2023.0,7.0,32.0,5.2889233809061675,0.05141305708562845,0.2913057085628452,20.0,19.0,13.0,-1.0,1.0,105.26315789473684,-100.41315789473684
1050,Vadodara Mumbai Expressway Karvad - Jujuwa from Km. 128.000 to Km. 154.600 Phase-I Package-IX,National Highways Authority of India [NHAI],618467,-,10326,Gujarat,2023-07-01,2024-04-01,2025-10-01,2026-06-01,2594.17,2587.04,212.76,21.75,April 2026,0,1,7.861407304051566,2023.0,7.0,27.0,5.3648538903482805,0.08201467135924013,-13.548532864075986,24.0,18.0,9.0,-6.0,1.0,133.33333333333331,-111.58333333333331
1051,Ahmedabad - Dholera Pkg I from km. 0.00 to km. 22.00 [Sardar Patel Ring Road - Sindhrej Village],National Highways Authority of India [NHAI],618501,N24001443,10359,Gujarat,2020-05-01,2022-01-01,2024-01-01,2026-05-01,1298.0,1421.05,1012.45,100.0,April 2026,1,1,7.1693500166706,2020.0,5.0,44.0,6.921115630683974,0.7800077041602466,-21.99922958397535,51.0,24.0,20.0,-27.0,1.0,212.5,-112.5
1052,Ahmedabad - Dholera Pkg II from km. 22.00 to km. 48.52 [Sindhrej Village - Vejallka Village],National Highways Authority of India [NHAI],618502,N24001444,10360,Gujarat,2020-05-01,2022-01-01,2024-01-01,2026-05-01,1415.34,1729.69,1354.93,100.0,April 2026,1,1,7.255831358425504,2020.0,5.0,44.0,7.212242844748979,0.957317676318058,-4.268232368194205,51.0,24.0,20.0,-27.0,1.0,212.5,-112.5
1053,Ahmedabad - Dholera Pkg III from km. 48.52 to km. 71.06 [Vejallka Village - Start of DSIR zone],National Highways Authority of India [NHAI],618503,N24001445,10361,Gujarat,2020-05-01,2021-07-01,2023-07-01,2026-05-01,1034.04,1155.41,955.74,100.0,April 2026,1,1,6.942195352295675,2020.0,5.0,38.0,6.863531672199974,0.9242775908088663,-7.572240919113369,57.0,24.0,14.0,-33.0,1.0,237.5,-137.5
1054,Ahmedabad - Dholera Pkg IV from km. 71.06 to km. 109.019 [Start of DSIR zone - Adhelai Village],National Highways Authority of India [NHAI],618504,N24001446,10362,Gujarat,2020-05-01,2021-12-01,2023-12-01,2026-05-01,1181.76,1358.73,1204.33,97.92,April 2026,1,1,7.075605969347635,2020.0,5.0,43.0,7.0945086673534075,1.0190986325480638,3.98986325480638,52.0,24.0,19.0,-28.0,1.0,216.66666666666666,-118.74666666666666
1055,"Balance work of Six Laning of Shamlaji-Motachiloda from Km. 401.200 to Km.494.410 section Design Chainage Km.447.385 to Km 540.595, Length- 93.210 Km of old NH-8 NH-48 in the state of Gujarat on single Percentage Item Rate Contract",National Highways Authority of India [NHAI],618507,-,10363,Gujarat,2024-06-01,2024-08-01,2025-06-01,2026-06-01,466.8,501.48,553.93,84.15,April 2026,1,1,6.148040854150079,2024.0,6.0,12.0,6.31884197966574,1.1866538131962294,34.51538131962293,20.0,10.0,2.0,-10.0,1.0,200.0,-115.85
1056,Construction of Additional Structures including Approaches in Vadodara Surat Section of NH48 between existing Km. 108.000 to Km. 250.000,National Highways Authority of India [NHAI],618508,-,10364,Gujarat,2024-03-01,2025-01-01,2027-01-01,2027-01-01,907.39,907.39,345.87,46.39,April 2026,0,0,6.811673801804452,2024.0,3.0,34.0,5.848950069982396,0.38117016938692294,-8.272983061307706,15.0,24.0,10.0,9.0,0.0,62.5,-16.11
1057,6L with PS of Samakhiyali to Santalpur section from km. 339.700 to Km. 430.100 of NH-27,National Highways Authority of India [NHAI],618564,-,-,Gujarat,2023-01-01,2023-12-01,2025-12-01,2027-01-01,1553.76,34.34,28.18,57.59,April 2026,0,1,7.3490764718655495,2023.0,1.0,35.0,3.3734835430946397,0.018136649160745547,-55.776335083925446,28.0,24.0,11.0,-4.0,1.0,116.66666666666667,-59.07666666666667
1058,Sanchore - Santalpur from km 67.000 - km 99.000 of NH-754K AJ-RGBS-Package-3,National Highways Authority of India [NHAI],618614,N24001790,10441,Gujarat,2020-02-01,2021-08-01,2023-08-01,2026-05-01,752.3,765.25,569.43,99.0,April 2026,1,1,6.624463554831649,2020.0,2.0,42.0,6.346390462387442,0.756918782400638,-23.3081217599362,56.0,24.0,18.0,-32.0,1.0,233.33333333333334,-134.33333333333334
1059,Sanchore - Santalpur from km 99.000 - km 130.073 of NH-754K AJ-RGBS-Package-4,National Highways Authority of India [NHAI],618615,N24001794,10442,Gujarat,2020-02-01,2021-03-01,2023-03-01,2026-05-01,778.15,835.55,663.38,99.7,April 2026,1,1,6.658203581891623,2020.0,2.0,37.0,6.498854274938072,0.8525091563323267,-14.449084366767337,61.0,24.0,13.0,-37.0,1.0,254.16666666666666,-154.46666666666664
1060,4L of Dhrol bypass section of NH-151A Approx. length 5.7 Km & widening upto 4 laning of missing link of Amran section of NH-151A Approx. length 6.55 Km from existing Ch. 42000 to 48500 of ongoing Dhrol-Bhadra-Pipaliya section of NH-151A,National Highways Authority of India [NHAI],618616,-,-,Gujarat,2024-03-01,2025-02-01,2027-02-01,2027-02-01,625.58,455.54,113.54,26.0,April 2026,0,0,6.440276459719512,2024.0,3.0,35.0,4.7409241069657115,0.18149557210908276,-7.850442789091723,14.0,24.0,11.0,10.0,0.0,58.333333333333336,-32.333333333333336
1061,Pipli Bhavnagar-Package 1 from km 136.025 to km 169.328,National Highways Authority of India [NHAI],618699,-,10499,Gujarat,2018-03-01,2019-02-01,2021-09-01,,819.14,1297.38,188.7,100.0,April 2026,1,-1,6.709475057392616,2018.0,3.0,42.0,5.245443876940969,0.23036355201797007,-76.96364479820299,86.0,31.0,11.0,-55.0,1.0,277.4193548387097,-177.4193548387097
1062,"Upgradation to 4L PS from Bhimasar, Junction of NH-41 to Anjar- Bhuj upto Airport Junction from Km 0.000 to Km 65.478 of NH-341",National Highways Authority of India [NHAI],618787,N24001785,10561,Gujarat,2022-03-01,2023-01-01,2025-06-01,2026-09-01,1373.06,1687.25,834.0,96.0,April 2026,1,1,7.225525139951141,2022.0,3.0,39.0,6.727431724850855,0.6074024441757826,-35.25975558242174,39.0,29.0,10.0,-10.0,1.0,134.48275862068965,-38.48275862068965
1063,Kodinar - Veraval Package VI from km. 221.610 to km. 263.00 of NH-8E & km. 120.900 to km. 121.150 of NH-8D,National Highways Authority of India [NHAI],618833,N24000592,10596,Gujarat,2016-02-01,2018-02-01,2020-07-01,2026-05-01,894.01,1127.42,457.05,98.79,April 2026,1,1,6.796834891396793,2016.0,2.0,53.0,6.1269783484612175,0.5112358922159708,-47.66641077840293,98.0,29.0,24.0,-69.0,1.0,337.9310344827586,-239.14103448275858
1064,4L Kodinar - Veraval Package VI from km. 222.400 to km. 230.00 Kodinar Bypass of NH-8E NH 51 new,National Highways Authority of India [NHAI],618834,N24001827,-,Gujarat,2022-03-01,2022-04-01,2023-09-01,2025-04-01,162.73,192.01,174.82,100.0,April 2026,1,1,5.098218729651401,2022.0,3.0,18.0,5.1694607444230325,1.074294844220488,7.429484422048802,48.0,17.0,1.0,-31.0,1.0,282.3529411764706,-182.3529411764706
1065,4L of Bal Works of Talaja - Mahuva from 54.990 km. to 100.450 km. of Old NH-8E Package-II,National Highways Authority of India [NHAI],618835,N24001792,10597,Gujarat,2020-08-01,2021-03-01,2022-09-01,,698.4,735.51,418.41,100.0,April 2026,1,-1,6.550222824629276,2020.0,8.0,25.0,6.0388489617696415,0.59909793814433,-40.090206185567,61.0,18.0,7.0,-43.0,1.0,338.88888888888886,-238.88888888888886
1066,4L PS Divided Carriageway from Patan Near Rajpur to Gojariya From Km 52.000 to Km 128.940 of NH-68,National Highways Authority of India [NHAI],618901,-,10650,Gujarat,2021-12-01,2023-03-01,2025-03-01,2026-08-01,1181.34,1098.23,876.25,84.7,April 2026,0,1,7.075250804657419,2021.0,12.0,39.0,6.776792014463324,0.741742428090135,-10.525757190986496,37.0,24.0,15.0,-13.0,1.0,154.16666666666669,-69.46666666666668
1067,4L PS from Ch. 94.030 in Jabugam Village to Ch. 132.320 in Dhamasiya Village of NH-56 Pkg-III,National Highways Authority of India [NHAI],618930,-,10674,Gujarat,2023-03-01,2025-11-01,2027-11-01,2027-11-01,1188.46,898.0,79.04,13.98,April 2026,0,0,7.081254701602981,2023.0,3.0,56.0,4.382526509715532,0.06650623495952745,-7.329376504047255,5.0,24.0,32.0,19.0,0.0,20.833333333333336,-6.853333333333335
1068,4L PS from Ch. 179.780 in Bitada/Movi Village to Ch. 208.900 in Nasarpore Village of NH-56 Pkg-V,National Highways Authority of India [NHAI],618931,-,10675,Gujarat,2023-03-01,2025-11-01,2027-11-01,2027-11-01,764.02,566.96,25.82,2.6,April 2026,0,0,6.639901977275643,2023.0,3.0,56.0,3.2891478778535324,0.033794926834376064,0.7794926834376064,5.0,24.0,32.0,19.0,0.0,20.833333333333336,-18.233333333333334
1069,6L of Chiloda-Naroda section from Km. 540.595 to Km. 555.595 of NH-8Package-VII,National Highways Authority of India [NHAI],619067,-,-,Gujarat,2016-11-01,2017-05-01,2019-05-01,2026-05-01,356.6,463.03,103.23,100.0,April 2026,1,1,5.8794150432993595,2016.0,11.0,30.0,4.646599995751231,0.2894840157038699,-71.05159842961301,107.0,24.0,6.0,-83.0,1.0,445.8333333333333,-345.8333333333333
1070,Widening to 6L of Existing 4L Jetpur - Gondal - Rajkot Section from Km. 117.600 to Km. 185.00 on NH-27,National Highways Authority of India [NHAI],619087,N24002035,11769,Gujarat,2022-03-01,2023-09-01,2025-09-01,2027-01-01,2070.44,1390.29,914.03,69.66,April 2026,0,1,7.635999296579512,2022.0,3.0,42.0,6.818956851623289,0.44146654817333514,-25.513345182666484,31.0,24.0,18.0,-7.0,1.0,129.16666666666669,-59.50666666666669
1071,4L of Dwarka-Khambaliya-Devariya section from km 203.500 to km 176.500 and from km 171.800 to km 125.000 of NH-151A,National Highways Authority of India [NHAI],619137,-,11804,Gujarat,2019-01-01,2020-02-01,2022-08-01,2026-05-01,1024.69,1753.95,882.1,100.0,April 2026,1,1,6.933120835826432,2019.0,1.0,43.0,6.783438444474757,0.8608457191931218,-13.915428080687818,74.0,30.0,13.0,-44.0,1.0,246.66666666666669,-146.66666666666669
1072,Four Laning of Una to Kodinar from km. 180.478 to km. 221.610 Package-V,National Highways Authority of India [NHAI],619145,-,-,Gujarat,2016-02-01,2017-02-01,2019-08-01,2025-03-01,877.71,1126.66,630.51,100.0,April 2026,1,1,6.77845492288543,2016.0,2.0,42.0,6.448113776977916,0.7183579997949209,-28.164200020507906,110.0,30.0,12.0,-80.0,1.0,366.66666666666663,-266.66666666666663
1073,Kagvadar - Una Package-IV,National Highways Authority of India [NHAI],619146,N24000569,-,Gujarat,2016-02-01,2017-03-01,2019-09-01,2026-05-01,750.53,955.78,363.41,97.93,April 2026,1,1,6.622111128555922,2016.0,2.0,43.0,5.898279607380289,0.4842044954898539,-49.50955045101462,109.0,30.0,13.0,-79.0,1.0,363.3333333333333,-265.4033333333333
1074,4L of Bal Works of Mahuva to Kagvadar from 100.450 Km. to 140.470 Km. of NH-8E Pkg- III,National Highways Authority of India [NHAI],619147,N24001793,11809,Gujarat,2020-08-01,2021-03-01,2022-09-01,2026-01-01,603.08,628.49,624.41,99.71,April 2026,1,1,6.40370663949517,2020.0,8.0,25.0,6.438407434662455,1.0353684419977447,3.82684419977447,61.0,18.0,7.0,-43.0,1.0,338.88888888888886,-239.17888888888888
1075,4L of Bhavnagar - Talaja Package-I from Km. 6.945 to Km. 54.990 of Old NH-8E,National Highways Authority of India [NHAI],619148,-,-,Gujarat,2016-03-01,2017-02-01,2019-08-01,,1185.66,1343.16,53.18,100.0,April 2026,1,-1,7.0788979171846576,2016.0,3.0,41.0,3.992311836656949,0.044852655904728166,-95.51473440952718,110.0,30.0,11.0,-80.0,1.0,366.66666666666663,-266.66666666666663
1076,Delhi-Vadodara Greenfield Alignment NH-148N Pkg-27 Ch.729.700 to Ch.756.052,National Highways Authority of India [NHAI],619197,-,11888,Gujarat,2020-09-01,2022-02-01,2024-02-01,2026-05-01,1185.69,1259.27,991.08,97.0,April 2026,1,1,7.078923197906002,2020.0,9.0,41.0,6.8998037491945166,0.8358677225919086,-13.413227740809148,50.0,24.0,17.0,-26.0,1.0,208.33333333333334,-111.33333333333334
1077,Delhi-Amritsar-Katra Expressway Phase-I Pkg-I from Jussur Kheri on NH-KMP Expressway to Junction with Rohtak-Panipat road NH-709 near Rukhi Paani village Km 0000 to Km 34000,National Highways Authority of India [NHAI],618482,-,10340,Haryana,2020-12-01,2021-12-01,2023-12-01,2026-05-01,1866.49,2429.9,1081.52,99.91,April 2026,1,1,7.532350562240293,2020.0,12.0,36.0,6.987046935456548,0.5794405541953077,-41.96594458046923,52.0,24.0,12.0,-28.0,1.0,216.66666666666666,-116.75666666666666
1078,Delhi-Amritsar-Katra Expressway Phase-I Pkg-II from Junction with Rohtak-Panipat road NH-709 near Rukhi Paani village to Junction with Jind-Panipat road NH-352A near Gangana village Km 34000 to Km 60800,National Highways Authority of India [NHAI],618483,-,10341,Haryana,2020-12-01,2022-01-01,2024-01-01,2026-05-01,1533.87,1792.53,971.07,99.89,April 2026,1,1,7.336200965881104,2020.0,12.0,37.0,6.879427818328284,0.6330849420094272,-36.581505799057275,51.0,24.0,13.0,-27.0,1.0,212.5,-112.61
1079,Delhi-Amritsar-Katra Expressway Phase-I Pkg-III from Junction with Jind-Panipat road NH-352A near Gangana village to Junction with Jind-Karnal road NH-709A near Alewa village Km 60800 to Km 91400,National Highways Authority of India [NHAI],618484,N24001633,10342,Haryana,2020-12-01,2021-12-01,2023-12-01,2024-05-01,1606.27,1813.91,631.62,79.08,April 2026,1,1,7.382292366559245,2020.0,12.0,36.0,6.449869925926641,0.3932215629999938,-39.75784370000062,52.0,24.0,12.0,-28.0,1.0,216.66666666666666,-137.58666666666664
1080,Delhi-Amritsar-Katra Expressway Phase-I Pkg-IV from Junction with Jind-Karnal road NH-709A near Alewa village to Junction with Ambala-Kaithal-Hissar road NH-152 near Kharak Pandwa village Km 91400 to Km 120250,National Highways Authority of India [NHAI],618485,N24001634,10343,Haryana,2021-01-01,2021-12-01,2023-12-01,2024-03-01,1306.95,1578.66,563.2,76.13,April 2026,1,1,7.176216304986807,2021.0,1.0,35.0,6.335408798567896,0.43092696736677,-33.037303263323,52.0,24.0,11.0,-28.0,1.0,216.66666666666666,-140.53666666666666
1081,"Construction of Additional Structures, Improvement of Service Road & Maintenance of Six Lane Gurgaon-Jaipur Section of NH-48 old NH-8 between km 42700 to km 107100 in the State of Haryana",National Highways Authority of India [NHAI],618506,-,-,Haryana,2024-05-01,2025-05-01,2027-05-01,2027-05-01,401.74,240.02,93.89,45.02,April 2026,0,0,5.998291192450259,2024.0,5.0,36.0,4.552718325985667,0.23370836859660477,-21.649163140339528,11.0,24.0,12.0,13.0,0.0,45.83333333333333,-0.8133333333333255
1082,Gohana - Sonipat PKG-2,National Highways Authority of India [NHAI],618580,N24001535,10416,Haryana,2019-01-01,2020-07-01,2022-07-01,2026-05-01,1275.31,1957.44,734.08,97.86,April 2026,1,1,7.151728381106427,2019.0,1.0,42.0,6.599979336827223,0.5756090675992505,-40.29909324007495,69.0,24.0,18.0,-45.0,1.0,287.5,-189.64
1083,4L Greenfield Jalbhera Shahbad section from km. 0.000 to km. 22.850 of NH-152G,National Highways Authority of India [NHAI],618788,N24002043,10562,Haryana,2022-03-01,2023-06-01,2025-05-01,2026-05-01,927.22,1173.66,367.54,87.05,April 2026,1,1,6.833268773655311,2022.0,3.0,38.0,5.9095492539067145,0.39638920644507236,-47.41107935549276,34.0,23.0,15.0,-11.0,1.0,147.82608695652172,-60.77608695652172
1084,4L Bhiwani-Hansi road section of NH-148B,National Highways Authority of India [NHAI],618792,N24002042,10565,Haryana,2022-11-01,2023-12-01,2025-12-01,2026-05-01,1330.23,1144.21,440.38,99.5,April 2026,0,1,7.1938586058707035,2022.0,11.0,37.0,6.089906182420013,0.33105553175014846,-66.39444682498515,28.0,24.0,13.0,-4.0,1.0,116.66666666666667,-17.16666666666667
1085,Jagadhari - Tajewala from Km -0.175 to 32.337 km of NH-344,National Highways Authority of India [NHAI],618936,N24001635,10677,Haryana,2022-03-01,2023-02-01,2025-02-01,2027-05-01,1269.5,919.43,679.31,63.0,April 2026,0,1,7.1471658027602185,2022.0,3.0,35.0,6.522548576640305,0.5351004332414336,-9.48995667585664,38.0,24.0,11.0,-14.0,1.0,158.33333333333331,-95.33333333333331
1086,4L PS of Ambala Ring Road of New NH-44,National Highways Authority of India [NHAI],619080,-,11768,Haryana,2023-02-01,2023-10-01,2025-10-01,2026-09-01,1093.35,1225.41,429.79,79.34,April 2026,1,1,6.997915858690094,2023.0,2.0,32.0,6.065620732385147,0.39309461746009977,-40.030538253990024,30.0,24.0,8.0,-6.0,1.0,125.0,-45.66
1087,4L of Jind-Gohana road Package-1 from km. 0.00 to km. 40.601 of NH-352 A under NHO,National Highways Authority of India [NHAI],619092,-,11772,Haryana,2019-01-01,2020-07-01,2022-07-01,2026-05-01,994.22,1606.82,623.68,99.97,April 2026,1,1,6.902963818246007,2019.0,1.0,42.0,6.437239518619645,0.6273058276840136,-37.239417231598644,69.0,24.0,18.0,-45.0,1.0,287.5,-187.53
1088,4/6L of Gurgaon - Pataudi - Rewari from km. 0.00 to km.43.87 of NH-352W,National Highways Authority of India [NHAI],619132,N24001774,11801,Haryana,2020-05-01,2021-11-01,2023-11-01,2026-08-01,1810.04,1917.5,522.34,72.5,April 2026,1,1,7.50165654488411,2020.0,5.0,42.0,6.260231348446609,0.28857925791695216,-43.642074208304784,53.0,24.0,18.0,-29.0,1.0,220.83333333333334,-148.33333333333334
1089,Karnal ring road Lot-4/Pkg-1,National Highways Authority of India [NHAI],619201,-,11892,Haryana,2022-11-01,2023-08-01,2025-08-01,2026-10-01,1741.45,2041.54,461.25,91.61,April 2026,1,1,7.463047447818395,2022.0,11.0,33.0,6.136105870267234,0.264865485658503,-65.1234514341497,32.0,24.0,9.0,-8.0,1.0,133.33333333333331,-41.723333333333315
1090,Rehabilitation and Upgradation to 2-lane/Intermediate lane configuration of Ashyari- Shri Kyari Section km 50.000 to km 75.000 of NH-707 in the state of Himachal Pradesh under Green National Highways Corridor Project GNHCP with the loan assistance of World Bank on EPC mode.,MoRTH,618050,N24001422,-,Himachal Pradesh,2020-08-01,2021-09-01,2023-09-01,2024-11-01,345.89,359.56,146.64,98.16,April 2026,1,1,5.84900772680898,2020.0,8.0,37.0,4.994776878161797,0.42394981063343834,-55.76501893665616,55.0,24.0,13.0,-31.0,1.0,229.16666666666666,-131.00666666666666
1091,"Improvement/construction of existing CL-5 Road to NH Intermediate lane specification with hard shoulder from Km 166.000 to 203.77 net Length 37.770 kms of NH-505 Sumdo-Kaza-Gramphoo road in the state of Himachal Pradesh on EPC mode under project Deepak, BRO",MoRTH,618215,-,-,Himachal Pradesh,2021-06-01,2024-06-01,2027-06-01,2027-06-01,274.36,194.0,0.0,22.26,April 2026,0,0,5.618079332463229,2021.0,6.0,72.0,0.0,0.0,-22.26,22.0,36.0,36.0,14.0,0.0,61.111111111111114,-38.85111111111111
1092,"Improvement/construction of existing CL-5 Road to NH Intermediate lane specification with hard shoulder from Km 133.000 to 166.000 net Length 33.000 kms of NH-505 Sumdo-Kaza-Gramphoo road in the state of Himachal Pradesh on EPC mode under project Deepak, BRO",MoRTH,618216,N24001915,-,Himachal Pradesh,2021-03-01,2023-07-01,2026-06-01,2027-09-01,230.55,203.15,15.16,23.24,April 2026,0,1,5.444795832926761,2021.0,3.0,63.0,2.7825390530929495,0.06575580134461072,-16.664419865538925,33.0,35.0,28.0,2.0,0.0,94.28571428571428,-71.04571428571428
1093,Improvement/construction of existing Class-5 Road to NH Intermediate lane specification with hard shoulder from existing Km 76/340 to 134/940 Design chainage from Km 76/300 to 133/000 net Length 56.700 kms of NH-505 Sumdo-Kaza- Gramphoo road in the state of Himachal Pradesh Package I,MoRTH,618217,N24001916,-,Himachal Pradesh,2021-03-01,2023-05-01,2026-05-01,2027-08-01,314.67,244.15,76.97,60.02,April 2026,0,1,5.754697364124307,2021.0,3.0,62.0,4.356324137321509,0.24460545968792702,-35.5594540312073,35.0,36.0,26.0,1.0,0.0,97.22222222222221,-37.20222222222221
1094,Rehabilitation and Upgradation to 2-lane configuration of Kalwahn-Mandi Section km 208.950 to 250.592 of NH-70 in the State of Himachal Pradesh under Green National Highways Corridor Project GNHCP with the loan assistance of World Bank on EPC mode.Package-3,MoRTH,618230,N24001470,-,Himachal Pradesh,2020-08-01,2022-10-01,2025-04-01,2026-12-01,314.32,314.32,0.0,67.92,April 2026,0,1,5.753587996191707,2020.0,8.0,56.0,0.0,0.0,-67.92,42.0,30.0,26.0,-12.0,1.0,140.0,-72.08
1095,Rehabilitation and Upgradation to 2-lane configuration of Hamirpur-Karnohal Section km 141.00 to 181.00 of NH-70 in the State of Himachal Pradesh under Green National Highways Corridor Project GNHCP with the loan assistance of World Bank on EPC mode.Package-1,MoRTH,618231,N24001447,-,Himachal Pradesh,2020-08-01,2022-06-01,2024-12-01,2026-05-01,371.93,371.93,198.34,91.49,April 2026,0,1,5.921390734471734,2020.0,8.0,52.0,5.29501190953931,0.5332723899658538,-38.162761003414616,46.0,30.0,22.0,-16.0,1.0,153.33333333333334,-61.84333333333335
1096,Rehabilitation and Upgradation to 2-lane configuration of Karnohal- Kalwahn Section km 181.00 to 208.950 of NH-70 in the State of Himachal Pradesh under Green National Highways Corridor Project GNHCP with the loan assistance of World Bank on EPC mode.Package-2,MoRTH,618232,-,-,Himachal Pradesh,2020-08-01,2023-11-01,2026-05-01,2026-12-01,251.62,190.02,74.12,55.85,April 2026,0,1,5.531886383345829,2020.0,8.0,69.0,4.319086834900007,0.2945711787616247,-26.39288212383753,29.0,30.0,39.0,1.0,0.0,96.66666666666667,-40.81666666666667
1097,Construction of missing link from Birhu to Lathiani from Km 35/550 Design chainage Km 0.000 to Km 42/800 Design Chainage Km 8.153on NH-503A including Lathiani Bridge on back water of Govindsagar and its approaches in Himachal Pradesh.,MoRTH,618253,-,12090,Himachal Pradesh,2023-06-01,2026-03-01,2029-03-01,2029-03-01,870.95,896.86,0.0,0.0,April 2026,1,0,6.770732082815469,2023.0,6.0,69.0,0.0,0.0,0.0,1.0,36.0,33.0,35.0,0.0,2.7777777777777777,-2.7777777777777777
1098,Nerchowk km 190.000 to Pandoh including Pandoh bypass km221.305,National Highways Authority of India [NHAI],618850,N24000613,10608,Himachal Pradesh,2016-03-01,2018-01-01,2020-07-01,2026-05-01,1464.12,1651.67,848.66,100.0,April 2026,1,1,7.289692429359422,2016.0,3.0,52.0,6.744836269463022,0.5796382810152173,-42.03617189847827,99.0,30.0,22.0,-69.0,1.0,330.0,-230.0
1099,Pandoh bypass 221.305 to Takoli 242.000 of NH-21 in the state of Himachal Pradesh,National Highways Authority of India [NHAI],618851,-,10609,Himachal Pradesh,2017-06-01,2018-03-01,2021-09-01,2026-06-01,3419.95,4465.94,1923.0,95.62,April 2026,1,1,8.137673569261324,2017.0,6.0,51.0,7.562161631225652,0.562288922352666,-39.3911077647334,97.0,42.0,9.0,-55.0,1.0,230.95238095238093,-135.33238095238093
1100,4L Sundar Nagar Bypass from Km.173.900 to Km.179.600 of NH-21,National Highways Authority of India [NHAI],618852,N24001810,-,Himachal Pradesh,2022-02-01,2022-06-01,2024-06-01,2026-05-01,191.11,192.11,182.17,100.0,April 2026,1,1,5.258068124640351,2022.0,2.0,28.0,5.210414683372125,0.9532206582596409,-4.6779341740359115,46.0,24.0,4.0,-22.0,1.0,191.66666666666669,-91.66666666666669
1101,Rehabilitation and Upgradation to 4L configuration & Strengthening of Sihuni to Rajol from Km 51.000 to Km 72.000 of NH-154 Package-IIA,National Highways Authority of India [NHAI],618878,N24002050,10630,Himachal Pradesh,2022-03-01,2023-09-01,2025-09-01,2026-06-01,696.65,776.59,318.08,96.6,April 2026,1,1,6.547717544338216,2022.0,3.0,42.0,5.765441855042929,0.4565850857676021,-50.94149142323978,31.0,24.0,18.0,-7.0,1.0,129.16666666666669,-32.56666666666669
1102,Rehabilitation and Upgradation to 2L PS configuration & Strengthening of Padhar to Bijni section from Km 180.000 to Km 202.815 of NH-154 Pkg-VA,National Highways Authority of India [NHAI],618879,-,10631,Himachal Pradesh,2022-06-01,2024-11-01,2026-11-01,2026-11-01,930.86,930.86,339.37,92.01,April 2026,0,0,6.837182588809974,2022.0,6.0,53.0,5.8300332612055294,0.3645768429194508,-55.55231570805493,17.0,24.0,29.0,7.0,0.0,70.83333333333334,21.176666666666662
1103,Rehabilitation and Up-gradation to 4L configuration & Strengthening of Thanpuri to Paror section from Km 85.135 to Km 100.840 of NH-154 Pkg-IIC,National Highways Authority of India [NHAI],618880,-,10632,Himachal Pradesh,2022-07-01,2024-03-01,2025-12-01,2027-04-01,815.68,666.79,200.36,51.56,April 2026,0,1,6.705247341267999,2022.0,7.0,41.0,5.30509435082706,0.2456355433503335,-26.996445664966654,25.0,21.0,20.0,-4.0,1.0,119.04761904761905,-67.48761904761905
1104,4L PS bijni to mandi section from Km 202.815 to Km 208.000 of NH-20 New NH-154 of Pathankot-Mandi Package-VB,National Highways Authority of India [NHAI],618881,-,10633,Himachal Pradesh,2023-02-01,2025-03-01,2027-09-01,2027-09-01,1113.02,1112.39,335.79,27.8,April 2026,0,0,7.015730373647435,2023.0,2.0,55.0,5.819459590715978,0.30169269195522097,2.3692691955220972,13.0,30.0,25.0,17.0,0.0,43.333333333333336,-15.533333333333335
1105,Rehabilitation and Up-gradation of existing road to 2L PS from End of Hamirpur Bypass near Chilbahal to Bhangbar section from Km. 138.295 to Km.175.270 of NH- 88 Pkg-IV,National Highways Authority of India [NHAI],618888,N24002052,10638,Himachal Pradesh,2022-03-01,2023-04-01,2025-04-01,2026-06-01,1146.19,1358.62,293.43,91.35,April 2026,1,1,7.045070752931492,2022.0,3.0,37.0,5.68504128383696,0.2560046763625577,-65.74953236374422,36.0,24.0,13.0,-12.0,1.0,150.0,-58.650000000000006
1106,"4L of Bhangbar Near Ranital to Kangra Bypass Section of Old NH-88 New NH- 303,503 up to Intersection with NH-154 from Km 175.270 to Km 193.400 Pkg-VB",National Highways Authority of India [NHAI],618889,N24001808,10639,Himachal Pradesh,2021-03-01,2022-12-01,2024-12-01,2026-06-01,1322.95,1829.49,824.55,97.45,April 2026,1,1,7.18837497143341,2021.0,3.0,45.0,6.716049830877841,0.6232661854189501,-35.123381458104994,40.0,24.0,21.0,-16.0,1.0,166.66666666666669,-69.21666666666668
1107,2L PS of Hamirpur Bypass from Km 121.175 to Km.138.295 of NH-103&3,National Highways Authority of India [NHAI],618890,N24002051,10640,Himachal Pradesh,2022-08-01,2023-10-01,2025-10-01,2026-06-01,739.39,754.82,233.43,92.57,April 2026,1,1,6.607177074395275,2022.0,8.0,38.0,5.457157035861426,0.3157061902378988,-60.99938097621011,30.0,24.0,14.0,-6.0,1.0,125.0,-32.43000000000001
1108,4L PS from Kalar Bala Village to Nauni Chowk of NH 205 from Km 41.000 to Km 58.450,National Highways Authority of India [NHAI],618891,-,10641,Himachal Pradesh,2024-01-01,2025-05-01,2027-05-01,2027-09-01,1244.43,786.91,80.72,20.95,April 2026,0,1,7.127236130794443,2024.0,1.0,40.0,4.403298769949421,0.06486503861205531,-14.463496138794468,11.0,24.0,16.0,13.0,0.0,45.83333333333333,-24.88333333333333
1109,4L of Kathlighat to Shakral Village from Km 128.835 to Km 146.300 of NH- 5 Shimla Bypass - Pkg I,National Highways Authority of India [NHAI],618921,N24002049,10667,Himachal Pradesh,2022-03-01,2023-04-01,2026-04-01,2027-12-01,1703.48,2648.8,980.87,54.0,April 2026,1,1,7.441015357862887,2022.0,3.0,49.0,6.88945891669902,0.5758036490008688,3.5803649000868774,36.0,36.0,13.0,0.0,0.0,100.0,-46.0
1110,4L of Shakral Village to Dhalli Section from Km 146.300 to Km 156.560 Shimla Bypass - Pkg II and Shimla connectivity from Km 0.000 to Km 0.725 of NH-5,National Highways Authority of India [NHAI],618922,-,10668,Himachal Pradesh,2022-04-01,2024-03-01,2027-03-01,2027-12-01,1956.26,2880.72,1236.15,63.17,April 2026,1,1,7.579300814984322,2022.0,4.0,59.0,7.120565626156555,0.6318945334464744,0.019453344647438087,25.0,36.0,23.0,11.0,0.0,69.44444444444444,-6.274444444444441
1111,Solan - Kaithlighat Section of NH-22 Now NH-5 from Km. 106.139 to Km.129.05,National Highways Authority of India [NHAI],619003,N24000852,10804,Himachal Pradesh,2018-03-01,2018-11-01,2021-05-01,2026-11-01,881.74,1519.53,652.04,90.11,April 2026,1,1,6.783030706508703,2018.0,3.0,38.0,6.481638383143101,0.7394923673645292,-16.160763263547082,89.0,30.0,8.0,-59.0,1.0,296.6666666666667,-206.55666666666667
1112,4L of HP/Punjab Border - Mo from km. 11.00 to km. 42.00 of Old NH-20 New NH-154 Package-IA,National Highways Authority of India [NHAI],619153,N24001812,11811,Himachal Pradesh,2021-03-01,2022-05-01,2024-05-01,2026-09-01,1002.11,1363.04,537.04,60.06,April 2026,1,1,6.910860452935552,2021.0,3.0,38.0,6.287932906840381,0.5359092315214896,-6.469076847851042,47.0,24.0,14.0,-23.0,1.0,195.83333333333331,-135.7733333333333
1113,Construction of Shopian Bypass on NH-444 taking off from existing chainage Km 36500 and re-joining at km 47588 of existing Chainage New Design Ch. From km 28000 to km 36925 as 2- lane with paved shoulder in the UT of Jammu & Kashmir on EPC mode.,MoRTH,618038,-,-,Jammu and Kashmir,2024-03-01,2026-01-01,2028-01-01,,224.44,224.44,0.0,3.0,April 2026,0,-1,5.4180540481503705,2024.0,3.0,46.0,0.0,0.0,-3.0,3.0,24.0,22.0,21.0,0.0,12.5,-9.5
1114,"Widening and strengthening to 2 lane with paved shoulder from existing Ch. Km 56720 to Km 100820 and Design Ch. From Km 62600 to Km 106360 Total Length43.760 Km on SRINAGAR -BARAMULA URINH-01 in the UT of Jammu & Kashmir under project BEACON, Border Roads Organization BRO on EPC mode.",MoRTH,618201,-,10208,Jammu and Kashmir,2023-09-01,2024-11-01,2026-11-01,,702.1,702.1,0.0,45.0,April 2026,0,-1,6.555499129205115,2023.0,9.0,38.0,0.0,0.0,-45.0,17.0,24.0,14.0,7.0,0.0,70.83333333333334,-25.833333333333343
1115,Construction of 2 lane with paved shoulders Baramulla Bypass Greenfield bypass from existing Ch. Km 47020 to Km 56720 and Design Ch. From 48500 to 62600 Total length 14.100 km on road Srinagar Baramulla Uri NH-01 in the UT of Jammu & Kashmir under Project.Package-III,MoRTH,618202,N24002185,10209,Jammu and Kashmir,2023-03-01,2024-09-01,2026-09-01,,992.43,992.43,34.01,39.84,April 2026,0,-1,6.901163601532742,2023.0,3.0,42.0,3.555633734966574,0.03426941950565783,-36.41305804943422,19.0,24.0,18.0,5.0,0.0,79.16666666666666,-39.326666666666654
1116,"Construction of 4 lane with paved shoulder Pattan bypass Greenfield bypass from existing Ch. Km 24320 to Km 33760 and Design Ch. from Km 24400 to Km 35300, total length 10.900 km on road SrinagarBaramulla Uri NH-01 in the UT of Jammu & Kashmir under Project BEACON, Border Roads Organization BRO on EPC mode. Package-II",MoRTH,618203,N24002179,10210,Jammu and Kashmir,2023-03-01,2024-08-01,2026-07-01,,980.21,980.21,0.27,50.01,April 2026,0,-1,6.88878650393452,2023.0,3.0,40.0,0.23901690047049992,0.0002754511788290264,-49.982454882117096,20.0,23.0,17.0,3.0,0.0,86.95652173913044,-36.94652173913044
1117,Construction of realignment between Pandrass- Pashkyun Total length 27.10 km on road Zozila-Kargil -Leh NH-1 to 2 lane specifications i.e. Drass alignment 9.30 km Kharboo realignment 6.30 km & Kargil alignment 11.50 km under project Vijayak BRO in the UT of Ladakh on EPC Mode,MoRTH,618204,N24001999,-,Jammu and Kashmir,2021-11-01,2023-06-01,2025-06-01,2026-07-01,426.15,426.15,97.91,54.89,April 2026,0,1,6.057135239597628,2021.0,11.0,43.0,4.594210345751749,0.22975478118033557,-31.914521881966444,34.0,24.0,19.0,-10.0,1.0,141.66666666666669,-86.77666666666669
1118,"Construction of 4 lane with paved shoulder from Existing Ch. 14200 to 24320 Design Ch. 14200 to 24400, Ch. 33760 to 42780 Design Ch. 35300 to 44294 & Ch. 43440 to 47020 Design Ch. 44958 to 48500 Delina Flyover including construction of flyover length 1.704 km of total length 22.736 kms in AOR of 760 BRTF on road SRINAGAR BARAMULA URI NH-01 in the UT of Jammu & Kashmir under project BEACON, Border Roads Organization BRO Package-IJob No NH-1-J&K-2022-23-110",MoRTH,618205,N24001998,10211,Jammu and Kashmir,2022-06-01,2023-08-01,2025-08-01,2026-08-01,823.46,823.46,262.57,83.0,April 2026,0,1,6.714728626571738,2022.0,6.0,38.0,5.574318987350425,0.31886187550093503,-51.1138124499065,32.0,24.0,14.0,-8.0,1.0,133.33333333333331,-50.333333333333314
1119,Widening and Strengthening of Rafiabad-Kupwara-Chowkibal-Tangdhar-Chamkot NH- 701 road from design Ch. From 0000 to 51000 to two lanes with paved shoulders under Project Beacon in the UT of Jammu & Kashmir on EPC mode Package-I.,MoRTH,618206,-,10212,Jammu and Kashmir,2024-03-01,2024-11-01,2027-05-01,,1404.94,1404.94,118.37,36.5,April 2026,0,-1,7.248461397206838,2024.0,3.0,38.0,4.782227913106947,0.08425270830071035,-28.074729169928965,17.0,30.0,8.0,13.0,0.0,56.666666666666664,-20.166666666666664
1120,Reconstruction and widening to 2 lane with paved shoulder from existing chainage km 102000 to km 134950 Design chainage km 90150 to km 116980 including construction of Naushera Tunnel Total length of tunnel 0.700 km under 31 TF on Akhnoor-Poonch road NH-144A in the UT of Jammu & Kashmir under Project Sampark BRO on EPC mode Package-V Job no NH-144A-J&K-2020-21-104,MoRTH,618220,N24001897,10216,Jammu and Kashmir,2021-03-01,2022-07-01,2024-07-01,2026-03-01,642.24,572.51,0.0,100.0,April 2026,0,1,6.466517904985824,2021.0,3.0,40.0,0.0,0.0,-100.0,45.0,24.0,16.0,-21.0,1.0,187.5,-87.5
1121,Rehabilitation and upgradation to 2 lane with paved shoulder from existing chainage Km 166.100 to Km 192.98 design chainage Km 146.700 to Km 162.800 including construction of Bhimber Gali Tunnel Total Length of Tunnel 1.100 Km under 31 BRTF on Akhnoor-Poonch Roads on EPC mode NH-144A Package-VII,MoRTH,618221,N24002180,10217,Jammu and Kashmir,2021-09-01,2024-07-01,2026-07-01,,734.64,734.64,0.0,45.41,April 2026,0,-1,6.600740868630781,2021.0,9.0,58.0,0.0,0.0,-45.41,21.0,24.0,34.0,3.0,0.0,87.5,-42.09
1122,Widening and Strengthening up gradation to 2 lane with paved shoulder from existing chainage Km 192.98 to Km 229.820 design chainage Km 162.800 to Km 198.18 under 31 BRTF on Akhnoor-Poonch Road NH-144A in the UT of Jammu and Kashmir under Project Sampark Border Roads Organisation BRO on EPC Mode Package-VIII Job No NH-144A-J&K-2022-2023-111,MoRTH,618222,N24002119,10218,Jammu and Kashmir,2022-10-01,2024-01-01,2026-01-01,2026-09-01,562.45,562.45,137.07,70.03,April 2026,0,1,6.334078598398358,2022.0,10.0,39.0,4.927760802928061,0.24370166236998841,-45.65983376300116,27.0,24.0,15.0,-3.0,1.0,112.5,-42.47
1123,Rehabilitation and up-gradation to 2 lane with paved shoulder from existing chainage km 64535 to km 85385 Design chainage km 55800 to km 74350 under 13 TF on Akhnoor-Poonch road NH-144A under Project Sampark BRO in the UT of Jammu & Kashmir on EPC mode Package-III Job no NH-144A-J&K-2019-20-79,MoRTH,618223,N24001901,-,Jammu and Kashmir,2020-03-01,2021-09-01,2023-09-01,2026-05-01,152.93,152.93,75.64,88.94,April 2026,0,1,5.036497953621983,2020.0,3.0,42.0,4.339119133662605,0.49460537500817364,-39.47946249918263,55.0,24.0,18.0,-31.0,1.0,229.16666666666666,-140.22666666666666
1124,Rehabilitation and up-gradation to 2 lane with paved shoulder from existing chainage km 49150 to km 64535 Design chainage km 46.450 to km 55.800 including construction of Sungal Tunnel Total length of Tunnel 2.79 km under 13 TF on Akhnoor-Poonch road NH-144A under Project Sampark BRO in the UT of Jammu & Kashmir on EPC mode Package-II Job no NH-144A-J&K-2019-20-78,MoRTH,618224,N24001901,10219,Jammu and Kashmir,2020-03-01,2021-08-01,2024-08-01,2026-05-01,796.97,796.97,432.45,92.01,April 2026,0,1,6.682071002758175,2020.0,3.0,53.0,6.071776449314649,0.5426176644039299,-37.748233559607016,56.0,36.0,17.0,-20.0,1.0,155.55555555555557,-63.545555555555566
1125,Rehabilitation and up-gradation to 2 lane with paved shoulder from existing chainage km 134950 to km 166100 Design chainage km 116980 to km 146700 under 31 TF on Akhnoor-Poonch road NH-144A in the UT of Jammu & Kashmir under Project Sampark BRO on EPC mode Package-VI Job no NH-144A-J&K-2021-22-106,MoRTH,618225,N24001899,-,Jammu and Kashmir,2021-07-01,2022-07-01,2024-07-01,2026-06-01,395.25,395.25,144.04,89.05,April 2026,0,1,5.98204532519149,2021.0,7.0,36.0,4.977009566446595,0.3644275774826059,-52.60724225173941,45.0,24.0,12.0,-21.0,1.0,187.5,-98.45
1126,Rehabilitation and upgradation to 2 lane with paved shoulder from existing chainage Km 30.053 to Km 49.150 design chainage Km 30.000 to Km 46.450 including Kandi Tunnel under 31 BRTF on Akhnoor-Poonch Road NH-144A Under Project Sampark in the UT of Jammu & Kashmir EPC modePackage-I Job no NH-144A-J&K-2020-21-83.,MoRTH,618226,N24001898,-,Jammu and Kashmir,2020-07-01,2022-11-01,2024-11-01,2026-06-01,272.49,272.49,157.74,94.0,April 2026,0,1,5.611265058122292,2020.0,7.0,52.0,5.0672676436627295,0.5788836287570186,-36.11163712429814,41.0,24.0,28.0,-17.0,1.0,170.83333333333331,-76.83333333333331
1127,Up-gradation to 2-lane with Paved Shoulder from Km 12.850 to Km20.300 of 7.450Km length on Goha-Khellani section and a link road to Goha village of 2.016 km on NH- 244 in UT of Jammu and Kashmir on EPC Mode Pkg-1,NHIDCL,618394,N24001264,-,Jammu and Kashmir,2020-07-01,2020-10-01,2022-04-01,2026-10-01,228.39,225.37,163.81,94.26,April 2026,0,1,5.435423611766036,2020.0,7.0,21.0,5.104793295246089,0.7172380577083061,-22.536194229169396,66.0,18.0,3.0,-48.0,1.0,366.66666666666663,-272.40666666666664
1128,"Construction & Upgradation to 2-lane with paved shoulder from Design Ch. Km 51700 at Premnagar km 66315 to Km 66535 New Thatri at Start of Km 83rd, Tunnel Km 82665 of 14.835 Km design length on Chenani-Sudhmahadev-Goha Khellani- Kishtwar-Vailoo Donipawa-Ashajipora section of NH-244 in the UT of J&K on EPC Mode under NHO-Gen Pkg - 2",NHIDCL,618395,N24001394,10298,Jammu and Kashmir,2021-03-01,2021-08-01,2023-02-01,2026-10-01,512.43,512.43,155.69,53.49,April 2026,0,1,6.241113700699456,2021.0,3.0,23.0,5.054269331116317,0.3038268641570556,-23.107313584294438,56.0,18.0,5.0,-38.0,1.0,311.11111111111114,-257.62111111111113
1129,Construction & Upgradation to 2 lane with paved shoulder from Design Km. 31.449 Khellani Ex. Km 44.946 to Km 51.700 Prem Nagar Ex. Km 68617 of 20.251 Km length on Khellani - Kishtwar - Chattroo section of NH-244 in the UT of J&K on EPC Mode under NHO-Gen PKG- 1,NHIDCL,618396,N24001323,-,Jammu and Kashmir,2021-02-01,2021-03-01,2022-08-01,2024-10-01,486.45,486.45,0.0,0.0,April 2026,0,1,6.189187721075281,2021.0,2.0,18.0,0.0,0.0,0.0,61.0,17.0,1.0,-44.0,1.0,358.8235294117647,-358.8235294117647
1130,Widening and Up-gradation to 2-Lane with Paved Shoulder of configuration and geometric improvement from Km 0.000 to Km 16.990 on Chenani Sudhmahadev section of NH-244 in UT of Jammu and Kashmir to be executed on EPC basis,NHIDCL,618397,-,-,Jammu and Kashmir,2018-03-01,2018-11-01,2020-11-01,2022-02-01,255.9,255.9,0.0,0.0,April 2026,0,1,5.548686904115838,2018.0,3.0,32.0,0.0,0.0,0.0,89.0,24.0,8.0,-65.0,1.0,370.83333333333337,-370.83333333333337
1131,Up-gradation to 2-lane with Paved Shoulder from Km 20.300 to Km 29.030 of 8.730 Km length on Goha-Khellani section on NH-244 in UT of Jammu and Kashmir on EPC Mode Package II,NHIDCL,618398,N24001266,-,Jammu and Kashmir,2020-07-01,2020-10-01,2022-04-01,2026-03-01,210.79,210.79,174.92,96.95,April 2026,0,1,5.35559521769951,2020.0,7.0,21.0,5.170029346246506,0.8298306371269984,-13.966936287300157,66.0,18.0,3.0,-48.0,1.0,366.66666666666663,-269.71666666666664
1132,Construction of Kishtwar bypass with 2 lane with paved shoulder from Design Km. 80.675 Dulhasti to km 95.550 Bandarkoot of 14.88 km & a link road to Kishtwar town from 0000 to 1.871 of length1.871 Km on Khellani - Kishtwar - Chattroo section in UT of Jammu and Kashmir on EPC Mode Pkg-4,NHIDCL,618399,N24001395,10299,Jammu and Kashmir,2021-03-01,2021-08-01,2023-08-01,2027-06-01,859.67,859.67,308.95,50.05,April 2026,0,1,6.75771115569767,2021.0,3.0,29.0,5.736410994147929,0.3593820884758105,-14.111791152418945,56.0,24.0,5.0,-32.0,1.0,233.33333333333334,-183.28333333333336
1133,Construction & Upgradation to 2-lane with paved shoulder from Design Km 67.805 at the end of Km 83rd Tunnel near Dhrabshalla Ex. Km 83905 to Km 80.675 start of Kishtwar Bypass - Dulhasti Ex. Km 970751 of 12.870 Km length on chenani- Sudhmahadev-Goha Khellani-Kishtwar-vailoo-Donipawa-Ashajipora seition of NH-244 in the UT of J&K on EPC Mode under NHO-Gen Pkg-3,NHIDCL,618400,N24001341,-,Jammu and Kashmir,2021-03-01,2021-07-01,2022-12-01,2025-08-01,398.51,398.51,99.35,98.55,April 2026,0,1,5.9902387961821635,2021.0,3.0,21.0,4.608664075242347,0.24930365611904343,-73.61963438809565,57.0,17.0,4.0,-40.0,1.0,335.29411764705884,-236.74411764705883
1134,Up-gradation to 4-lane with Paved Shoulder of Jammu-Akhnoor road section of NH- 144A from Ganesh Vihar Km 6.000 to Khati Chowk Km 26.350 in UT of Jammu and Kashmir on EPC basis Pkg-3A,NHIDCL,618406,N24000868,-,Jammu and Kashmir,2018-03-01,2019-07-01,2021-07-01,2022-05-01,322.49,322.49,0.0,0.0,April 2026,0,1,5.779168201562091,2018.0,3.0,40.0,0.0,0.0,0.0,81.0,24.0,16.0,-57.0,1.0,337.5,-337.5
1135,Jammu-Akhnoor Road Pkg-I,NHIDCL,618407,N24001543,-,Jammu and Kashmir,2018-03-01,2023-01-01,2025-01-01,2026-06-01,245.3,245.3,82.06,68.07,April 2026,0,1,5.506550305126492,2018.0,3.0,82.0,4.419563238202607,0.3345291479820628,-34.617085201793714,39.0,24.0,58.0,-15.0,1.0,162.5,-94.43
1136,Delhi-Amritsar-Katra Expressway Phase-II Pkg-XV [Junction with Hiranagar Road near village Gurha Baildaran to Junction with Jammu Ring Road NH-244A near Jakh village from Km 468100 to Km 503250],National Highways Authority of India [NHAI],618494,N24001552,10352,Jammu and Kashmir,2021-10-01,2022-09-01,2024-09-01,2026-12-01,2714.95,3716.56,1653.54,88.87,April 2026,1,1,7.906897079083505,2021.0,10.0,35.0,7.411278303557785,0.6090498904215548,-27.965010957844527,43.0,24.0,11.0,-19.0,1.0,179.16666666666669,-90.29666666666668
1137,4/6L Access Control Expressway from Design Chainage Km 515.000 to 528.300 Kunjwani to Sidhra Section of NH-44 and from Design Chainage Km 550.900 to Km 566.520 Domel to Katra Section Phase II-Package XVII,National Highways Authority of India [NHAI],618495,N24002061,10353,Jammu and Kashmir,2022-06-01,2023-06-01,2025-06-01,2027-03-01,2894.74,2894.74,810.99,62.0,April 2026,0,1,7.970995970469706,2022.0,6.0,36.0,6.699488024814908,0.280159876189226,-33.9840123810774,34.0,24.0,12.0,-10.0,1.0,141.66666666666669,-79.66666666666669
1138,Delhi-Amritsar-Katra Expressway Phase-II Pkg-XVI Existing Jakh Vijaypur-Kunjwani section of NH-44 including spur Connectivity to Jammu Airport NH-144A [Km 503500 to km 514500],National Highways Authority of India [NHAI],618496,N24001550,10354,Jammu and Kashmir,2021-09-01,2022-09-01,2024-09-01,2026-09-01,1821.72,2522.56,1174.58,94.14,April 2026,1,1,7.508085169903447,2021.0,9.0,36.0,7.06951692181073,0.644764288694201,-29.663571130579896,43.0,24.0,12.0,-19.0,1.0,179.16666666666669,-85.02666666666669
1139,Delhi Amritsar Katra Expressway Phase-II Pkg XVIII Development and Upgradation of Four lane Access Control Expressway from Design Chainage KM 530.00 to KM 545.300 Sidhra to Domel Section of NH-44,National Highways Authority of India [NHAI],618497,N24002060,10355,Jammu and Kashmir,2022-12-01,2023-11-01,2025-11-01,2027-03-01,975.38,975.38,564.21,62.41,April 2026,0,1,6.883851854900578,2022.0,12.0,35.0,6.337197343505943,0.5784514753224385,-4.564852467756154,29.0,24.0,11.0,-5.0,1.0,120.83333333333333,-58.42333333333333
1140,4L Ring road/bypass around Srinagar city from km 0.000 to km 42.100 Phase-I,National Highways Authority of India [NHAI],618541,N24001511,10390,Jammu and Kashmir,2021-03-01,2021-08-01,2024-02-01,2026-07-01,2919.96,2604.76,1770.97,87.0,April 2026,0,1,7.979667608353547,2021.0,3.0,35.0,7.479847200999139,0.6065048836285428,-26.349511637145717,56.0,30.0,5.0,-26.0,1.0,186.66666666666666,-99.66666666666666
1141,4L of twin tube tunnel configuration including approaches from Marog to Digdol from Km.154.210 to Km.158.650 North Bound and from Km.155.940 to Km.160.260 South Bound of Ramban to Banihal Pkg-I of Old NH-1A New NH-44,National Highways Authority of India [NHAI],618543,N24001627,10391,Jammu and Kashmir,2021-07-01,2022-08-01,2025-08-01,2027-12-01,1912.17,1034.3,357.42,27.0,April 2026,0,1,7.556516831147972,2021.0,7.0,49.0,5.881705483115242,0.18691852711840476,-8.308147288159525,44.0,36.0,13.0,-8.0,1.0,122.22222222222223,-95.22222222222223
1142,"4L twin tube tunnel including approaches from Digdol to Khuni Nallah North Bound connecting with existing major bridge on NB and South Bound connecting with Tunnel T4 ,Single tube tunnel of Ramban to Banihal Pkg-II of Old NH-1A New NH-44",National Highways Authority of India [NHAI],618544,N24001622,10392,Jammu and Kashmir,2021-07-01,2022-02-01,2024-06-01,2026-08-01,1401.87,1020.99,989.45,87.1,April 2026,0,1,7.24627541722065,2021.0,7.0,35.0,6.89815938530869,0.7058072431823208,-16.51927568176791,50.0,28.0,7.0,-22.0,1.0,178.57142857142858,-91.47142857142859
1143,"4L of Km.165.092 to Km.171.855 North Bound and from Km.166.895 to Km.173.638 South Bound, excl. certain reaches of North Bound and South Bound of Ramban to Banihal Pkg-III of Old NH-1A New NH-44",National Highways Authority of India [NHAI],618545,N24001621,-,Jammu and Kashmir,2021-07-01,2022-02-01,2024-08-01,2027-06-01,614.48,444.76,257.32,42.8,April 2026,0,1,6.4224024511891775,2021.0,7.0,37.0,5.55419912645002,0.4187605780497331,-0.9239421950266902,50.0,30.0,7.0,-20.0,1.0,166.66666666666669,-123.86666666666669
1144,2L NH-1 from km 8.660 to km 33.775 Sumbal to Wayul to 4L dual carriageway NH standard as part of Srinagar Ring Road PhaseII [Design Ch. 41.907 to Ch. 66.609],National Highways Authority of India [NHAI],618547,N24002059,10394,Jammu and Kashmir,2022-11-01,2023-12-01,2026-06-01,2027-04-01,961.0,643.64,412.37,48.8,April 2026,0,1,6.8690144506657065,2022.0,11.0,43.0,6.024343075673921,0.429105098855359,-5.889490114464095,28.0,30.0,13.0,2.0,0.0,93.33333333333333,-44.53333333333333
1145,Construction of twin tube tunnels on Jammu Kashmir Ring Road NH-244A Between Design Ch. 50600 to 51700 and design Ch. 53535 to 55700 on EPC mode under residual NHDP component of Bharatmala Pariyojna,National Highways Authority of India [NHAI],618549,N24001926,10396,Jammu and Kashmir,2022-11-01,2023-06-01,2025-06-01,2026-12-01,242.65,731.59,655.27,83.87,April 2026,1,1,5.495732769289515,2022.0,11.0,31.0,6.48657228963192,2.700473933649289,186.1773933649289,34.0,24.0,7.0,-10.0,1.0,141.66666666666669,-57.79666666666668
1146,Corridor Efficiency Improvement including removal of black spots in Lakhanpur - Samba section of NH-44 from Chainage Km. 16.300 to Km. 74.100,National Highways Authority of India [NHAI],618550,N24001619,-,Jammu and Kashmir,2022-06-01,2022-12-01,2024-06-01,2026-09-01,855.74,215.68,197.46,74.63,April 2026,0,1,6.753134488670259,2022.0,6.0,24.0,5.290587568486096,0.23074765699862107,-51.55523430013789,40.0,18.0,6.0,-22.0,1.0,222.22222222222223,-147.59222222222223
1147,Upgradation and Strengthening of Chenani to Nashri Section via Patnitop of NH244 from Km 0.000 to Km 39.100,National Highways Authority of India [NHAI],618967,-,-,Jammu and Kashmir,2024-03-01,2024-08-01,2026-08-01,2026-08-01,295.06,295.06,175.81,63.8,April 2026,0,0,5.6905621364853465,2024.0,3.0,29.0,5.175075709689998,0.5958449128990714,-4.2155087100928625,20.0,24.0,5.0,4.0,0.0,83.33333333333334,-19.533333333333346
1148,Construction/upgradation to 2-lane with paved shoulder from Design Km 95.55 Bandarkoot to Km. 111.06 Chattroo of 15.52 Km length on Khellani-Kishtwar-Chattroo section on NH-244 in UT of Jammu and Kashmir on EPC Mode Pkg-5,NHIDCL,619038,N24001396,-,Jammu and Kashmir,2021-03-01,2021-08-01,2023-02-01,2026-03-01,497.09,497.09,240.1,99.97,April 2026,0,1,6.210780783587805,2021.0,3.0,23.0,5.485211785187126,0.48301112474602187,-51.668887525397814,56.0,18.0,5.0,-38.0,1.0,311.11111111111114,-211.14111111111114
1149,Widening and Strengthening of existing paveemnt to two lane with paved shoulders from km 116.00 to km 176.355 of NH-75E in the State of Jharkhand on EPC mode.,MoRTH,618060,N24001923,-,Jharkhand,2022-01-01,2023-01-01,2024-07-01,2026-04-01,315.21,315.21,129.54,87.0,April 2026,0,1,5.756406549828742,2022.0,1.0,30.0,4.871679693207072,0.41096411915865616,-45.903588084134384,39.0,18.0,12.0,-21.0,1.0,216.66666666666666,-129.66666666666666
1150,Construction of byepass around Lohardaga town of NH-143A in the Sate of Jharkhand under EPC mode.,MoRTH,618083,-,-,Jharkhand,2022-02-01,2024-01-01,2026-01-01,2026-09-01,458.78,458.78,0.0,3.0,April 2026,0,1,6.130748114210368,2022.0,2.0,47.0,0.0,0.0,-3.0,27.0,24.0,23.0,-3.0,1.0,112.5,-109.5
1151,Widening to 2-lane with paved shoulder from km 0.00 to 44.00 Kuru-Ghaghra section of NH-143A including re-construction of culverts and bridges.,MoRTH,618084,N24001922,-,Jharkhand,2020-02-01,2021-08-01,2023-08-01,2026-03-01,153.01,133.67,84.74,93.0,April 2026,0,1,5.037017535370374,2020.0,2.0,42.0,4.451319461169831,0.553820011763937,-37.6179988236063,56.0,24.0,18.0,-32.0,1.0,233.33333333333334,-140.33333333333334
1152,Widening and Strengthening/Reconstruction to Two Lane with Paved Shoulder/ Two Lane with paved shoulders with service road from km 0000 to km 42250 excluding design Ch. 03220 to 04200 & 28350 to 29060 of NH-320G in the state of Jharkhand under EPC mode,MoRTH,618123,N24001925,-,Jharkhand,2022-03-01,2023-08-01,2025-08-01,,423.18,423.18,4.11,0.0,April 2026,0,-1,6.0501578934472,2022.0,3.0,41.0,1.631199404215613,0.009712179214518646,0.9712179214518646,32.0,24.0,17.0,-8.0,1.0,133.33333333333331,-133.33333333333331
1153,Construction of 2- Lane with paved shoulder from km 56.45 Dharampur More to 93.050 Pakur of NH-333A in the State of Jharkhand on EPC mode,MoRTH,618127,-,-,Jharkhand,2023-03-01,2025-11-01,2027-05-01,2027-05-01,255.73,255.73,0.0,8.5,April 2026,0,0,5.5480249489877975,2023.0,3.0,50.0,0.0,0.0,-8.5,5.0,18.0,32.0,13.0,0.0,27.77777777777778,-19.27777777777778
1154,Widening and Reconstruction to 4-lane/4-lane with service road including structures from Pokharia More at Km 47.600 Ex. Km 50.230 to Govindpur at km 62.949 Ex. Km 65.325 of Nh-419 in the State of Jharkhand on EPC mode.,MoRTH,618242,-,-,Jharkhand,2022-05-01,2024-01-01,2026-01-01,2026-06-01,300.46,300.46,76.93,46.22,April 2026,0,1,5.708637337382383,2022.0,5.0,44.0,4.355810987855469,0.2560407375357785,-20.61592624642215,27.0,24.0,20.0,-3.0,1.0,112.5,-66.28
1155,Construction of Six lane elevated flyover including reconstruction/rehabilitation of existing pavement from Km 406100 to Km 411150 Length 5.05 Km at Gobindpur area in the Barwa Adda Panagarh section of NH-19 from Km.398.240 to Km.521.120 including Panagarh Bypass in the State of Jharkhand on EPC Mode.,National Highways Authority of India [NHAI],618535,-,-,Jharkhand,2025-01-01,2025-09-01,2028-03-01,2028-03-01,687.77,442.52,33.97,11.8,April 2026,0,0,6.534907398158049,2025.0,1.0,38.0,3.5544905510752844,0.04939151169722436,-6.860848830277565,7.0,30.0,8.0,23.0,0.0,23.333333333333332,-11.533333333333331
1156,4 Lane of CG/JH Border-Gumla from km 0.000 to km 32.370 of NH-43 in the State of Jhrkhand,National Highways Authority of India [NHAI],618641,-,11882,Jharkhand,2024-08-01,2026-02-01,2028-02-01,2028-02-01,1325.8,1325.8,13.83,1.0,April 2026,0,0,7.190525307072897,2024.0,8.0,42.0,2.696652156149841,0.010431437622567506,0.04314376225675054,2.0,24.0,18.0,22.0,0.0,8.333333333333332,-7.333333333333332
1157,4L of Palma to Gumla from km. 26.00 to km. 89.170 of NH-23,National Highways Authority of India [NHAI],618642,N24001595,10459,Jharkhand,2020-03-01,2022-04-01,2024-03-01,2026-05-01,1882.93,1895.75,891.94,98.96,April 2026,1,1,7.541115299456661,2020.0,3.0,48.0,6.79451938936948,0.4736979069853898,-51.59020930146101,48.0,23.0,25.0,-25.0,1.0,208.69565217391303,-109.73565217391304
1158,4L of Ormanjhi-Gola section from Km 81.450 to Km 53.600 of NH- 320BPKG-II,National Highways Authority of India [NHAI],618644,N24001854,10460,Jharkhand,2022-02-01,2023-06-01,2025-06-01,2026-07-01,1214.93,1462.19,837.8,86.57,April 2026,1,1,7.103264495079665,2022.0,2.0,40.0,6.731972299027765,0.6895870543981957,-17.611294560180426,34.0,24.0,16.0,-10.0,1.0,141.66666666666669,-55.09666666666669
1159,4L of Gola-BokaroJaina More section from Km 53.600 to Km 21.110 of NH-320PKG-1,National Highways Authority of India [NHAI],618645,N24002056,10461,Jharkhand,2022-02-01,2023-06-01,2025-06-01,2026-05-01,1007.97,1030.64,437.79,78.1,April 2026,1,1,6.916685287503267,2022.0,2.0,40.0,6.084020938715686,0.4343284026310307,-34.66715973689693,34.0,24.0,16.0,-10.0,1.0,141.66666666666669,-63.56666666666669
1160,4L Elevated corridor of Kalimandir-Dimna Chowk-Baliguma Jamshedpur Section of NH-33 New NH-18 from km 241940 to km 251961 Length 10.021 km,National Highways Authority of India [NHAI],618736,-,10526,Jharkhand,2024-03-01,2024-09-01,2027-03-01,2027-03-01,936.26,832.2,281.39,43.21,April 2026,0,0,6.842960725070973,2024.0,3.0,36.0,5.643289094227239,0.3005468566423857,-13.155314335761432,19.0,30.0,6.0,11.0,0.0,63.33333333333333,-20.123333333333328
1161,Grade separated Interchanges at Km. 113.730 junction with Ranchi Hazaribagh Road & Km. 139.225 junction with Ranchi Jamshedpur road on 4L Ranchi Bypass of NH-33,National Highways Authority of India [NHAI],618737,-,-,Jharkhand,2025-01-01,2025-12-01,2027-12-01,2027-12-01,303.53,5.58,3.16,0.0,April 2026,0,0,5.718769604464449,2025.0,1.0,35.0,1.425515074273172,0.010410832537146248,1.0410832537146248,4.0,24.0,11.0,20.0,0.0,16.666666666666664,-16.666666666666664
1162,4L from km 196.87 Sankha to km 219.6 Khajuri on NH-75 [Rehla / Garhwa Bypass],National Highways Authority of India [NHAI],618829,N24001590,10593,Jharkhand,2020-09-01,2021-10-01,2023-10-01,,1129.48,1129.48,527.11,93.45,April 2026,0,-1,7.03039760027449,2020.0,9.0,37.0,6.26930459534122,0.46668378368806884,-46.78162163119312,54.0,24.0,13.0,-30.0,1.0,225.0,-131.55
1163,4L from Km 147.450 Bhogu to Km 196.870 Sankha on NH-75 Sec-III,National Highways Authority of India [NHAI],618830,N24002054,10594,Jharkhand,2022-10-01,2023-11-01,2025-11-01,2026-06-01,1517.87,1652.09,991.9,76.95,April 2026,1,1,7.325721916313227,2022.0,10.0,37.0,6.900629954039548,0.6534815234506249,-11.601847654937515,29.0,24.0,13.0,-5.0,1.0,120.83333333333333,-43.883333333333326
1164,4L from Km 95.400 Udaipura to Km 147.450 Bhogu on NH-75 Sec-II,National Highways Authority of India [NHAI],618831,-,10595,Jharkhand,2023-03-01,2024-10-01,2026-10-01,2027-03-01,1436.8,1301.54,200.87,26.6,April 2026,0,1,7.270869446549771,2023.0,3.0,43.0,5.307623925868336,0.13980373051224945,-12.619626948775057,18.0,24.0,19.0,6.0,0.0,75.0,-48.4
1165,4L from Km 55.00 Kuru to Km 95.400 Udaipura on NH-75 Sec-I,National Highways Authority of India [NHAI],618832,-,11879,Jharkhand,2024-02-01,2026-01-01,2028-01-01,2028-01-01,1274.82,1274.82,41.83,5.0,April 2026,0,0,7.151344388123294,2024.0,2.0,47.0,3.7572387916272794,0.03281247548673538,-1.7187524513264618,3.0,24.0,23.0,21.0,0.0,12.5,-7.5
1166,Barhi-Koderma Section of NH31 km 0.00 - km 27.5,National Highways Authority of India [NHAI],618863,-,10618,Jharkhand,2017-02-01,2019-11-01,2024-08-01,2026-05-01,662.44,826.59,478.57,98.5,April 2026,1,1,6.497438420142949,2017.0,2.0,90.0,6.172889869070121,0.7224352394179094,-26.25647605820906,77.0,57.0,33.0,-20.0,1.0,135.08771929824562,-36.58771929824562
1167,4L of Mehgama - Hansdiha from km. 41.900 to km. 93.000 of NH -133A Pkg-II,National Highways Authority of India [NHAI],618946,N24002057,10684,Jharkhand,2022-03-01,2023-05-01,2025-05-01,2026-05-01,1479.72,1568.18,878.2,99.5,April 2026,1,1,7.3002837349484615,2022.0,3.0,38.0,6.779012403089411,0.5934906603952099,-40.15093396047901,35.0,24.0,14.0,-11.0,1.0,145.83333333333331,-46.333333333333314
1168,4L of NH-80 from km 215.00 to km 260.00 Mirza Chauki to Farkka Pkg-I,National Highways Authority of India [NHAI],618947,N24001596,10685,Jharkhand,2018-03-01,2021-12-01,2023-07-01,2026-07-01,1504.8,1508.21,804.61,91.83,April 2026,1,1,7.317079597416022,2018.0,3.0,64.0,6.691599754435553,0.5346956406166933,-38.36043593833067,52.0,19.0,45.0,-33.0,1.0,273.6842105263158,-181.8542105263158
1169,4L of Basukinath- Deoghar Section of NH-114A,National Highways Authority of India [NHAI],618949,N24002055,10686,Jharkhand,2022-09-01,2023-12-01,2025-12-01,2026-07-01,1444.94,1553.76,648.92,86.44,April 2026,1,1,7.276514908081886,2022.0,9.0,39.0,6.47684927839202,0.44909823245255853,-41.53017675474415,28.0,24.0,15.0,-4.0,1.0,116.66666666666667,-30.226666666666674
1170,Construction of Bypass to NH-114A Connecting NH-333 and NH-133 Deoghar Bypass from design km 0.000 to design Km 49.000,National Highways Authority of India [NHAI],618950,-,-,Jharkhand,2024-11-01,2026-01-01,2028-01-01,2028-01-01,1565.47,1565.47,48.97,5.02,April 2026,0,0,7.356579959235356,2024.0,11.0,38.0,3.9114228253561136,0.031281340428114236,-1.891865957188576,3.0,24.0,14.0,21.0,0.0,12.5,-7.48
1171,Construction of bypass around Chatra Town on NH-22 old NH-99 in the state of Jharkhand under EPC Mode,MoRTH,619005,-,-,Jharkhand,2023-03-01,2026-01-01,2028-01-01,2026-01-01,235.42,199.2,0.0,12.0,April 2026,0,0,5.465609884322231,2023.0,3.0,58.0,0.0,0.0,-12.0,3.0,24.0,34.0,21.0,0.0,12.5,-0.5
1172,"Construction of Elevated corridor from Km. 135.650 to 136.300 on 63, from Km. 249 to Km. 250.050 on old NH-4 and from Km. 192.910 to Km. 193.350 on NH-218 from decongestion of traffic in Ranichennamma circle in Hubli city in the state of Karnataka on EPC basis",MoRTH,617935,N24001938,-,Karnataka,2020-08-01,2021-06-01,2024-06-01,2026-11-01,298.0,349.49,167.23,52.0,April 2026,1,1,5.700443573390687,2020.0,8.0,46.0,5.125332090731069,0.5611744966442953,4.117449664429529,58.0,36.0,10.0,-22.0,1.0,161.11111111111111,-109.11111111111111
1173,Construction of Srinivasapura Bypass from existing Km 453.890 Design Ch. 0000 to existing Km 461.450 Design Ch 10080 on NH-69 in the State of Karnataka Under NH O in EPC mode under Annual Plan 2022-23 NH-69-KNT-2022-23-966 dated 22.11.2022,MoRTH,617950,-,-,Karnataka,2022-11-01,2025-07-01,2027-01-01,2027-01-01,204.42,204.42,0.0,0.0,April 2026,0,0,5.325056663737659,2022.0,11.0,50.0,0.0,0.0,0.0,9.0,18.0,32.0,9.0,0.0,50.0,-50.0
1174,Construction of Chintamani Bypass from Design Ch.0000 Existing Ch.428880 to Design Ch.15400 Existing Ch.444010 on NH-69 in the State of Karnataka in EPC Mode under NHO Annual Plan 2022-23. NH-69-KNT-2022-23-989 dated 24.03.2023,MoRTH,617951,-,-,Karnataka,2023-03-01,2026-01-01,2027-07-01,2027-07-01,314.55,314.55,0.0,0.0,April 2026,0,0,5.754317148030249,2023.0,3.0,52.0,0.0,0.0,0.0,3.0,18.0,34.0,15.0,0.0,16.666666666666664,-16.666666666666664
1175,Balance work of Rehabilitation and upgrading to 2lane/2lane with paved shoulder configuration and strengthening from from Km 343.80 to 400.33 of Gowribidanur-Chik Ballapur section in the state of Karnataka Under Annual Plan 2021-22 under EPC Mode.-952,MoRTH,617954,N24001937,-,Karnataka,2022-03-01,2023-02-01,2025-02-01,2026-04-01,398.48,398.48,211.59,93.25,April 2026,0,1,5.990163701374934,2022.0,3.0,35.0,5.35936542811297,0.5309927725356354,-40.150722746436465,38.0,24.0,11.0,-14.0,1.0,158.33333333333331,-65.08333333333331
1176,Widening to two lane with paved Shoulders from Km 40.00 to Km 75.00 Existing chainages of Mangalore - Tumkur section of NH-73 in the State of Karnataka on EPC Mode under Annual Plan 2021-22 Job No NH-73-KNT-2021-22-945,MoRTH,617955,N24002012,10150,Karnataka,2022-03-01,2023-03-01,2025-03-01,2026-12-01,718.52,718.52,308.84,82.0,April 2026,0,1,6.5785843230223975,2022.0,3.0,36.0,5.736056035206497,0.42982797973612424,-39.01720202638757,37.0,24.0,12.0,-13.0,1.0,154.16666666666669,-72.16666666666669
1177,Construction of Major Bridge at Km.180.865 across river Krishna on NH 167 Hagari Jadcherla section,MoRTH,617989,N24001450,-,Karnataka,2019-03-01,2019-05-01,2021-11-01,2026-03-01,157.32,187.61,103.33,68.0,April 2026,1,1,5.064618301294311,2019.0,3.0,32.0,4.647558952479878,0.6568141367912536,-2.318586320874644,83.0,30.0,2.0,-53.0,1.0,276.6666666666667,-208.66666666666669
1178,Widening to existing 2 lane with paved Shoulder to 4 Lane with paved shoulder from design Km 153.00 to 168.27 Mala Gate to Karkala of NH -169 on Shimoga - Mangalore section in the state of Karnataka on EPC mode under Annula Plan 2021-22 Job No. NH-169-KNT-2021-22-949,MoRTH,617998,N24000979,-,Karnataka,2022-03-01,2023-02-01,2025-02-01,2026-03-01,177.94,177.94,108.93,75.0,April 2026,0,1,5.18705055411945,2022.0,3.0,35.0,4.699843799590773,0.6121726424637519,-13.782735753624806,38.0,24.0,11.0,-14.0,1.0,158.33333333333331,-83.33333333333331
1179,Widening to 2LPS from Km 67 to Km 115 on Kadur-Hosadurga section NH 173 in the state of Karnataka NH-173-KNT-2022-23-980 dated 13.03.2023,MoRTH,617999,-,-,Karnataka,2023-03-01,2024-09-01,2026-04-01,2026-10-01,471.62,471.62,80.08,64.33,April 2026,0,1,6.158291682943288,2023.0,3.0,37.0,4.395436321583799,0.16979771850218395,-47.3502281497816,19.0,19.0,18.0,0.0,0.0,100.0,-35.67
1180,Widening to 2-Lane with Paved Shoulders from Km 116.800 to 149.070Design Changes on Hosadurga - Holalkere Section of NH-173 in the State of Karnataka on EPC mode under Annual Plan 2021-22 Job no. NH-173-KNT-2021-22-946,MoRTH,618000,N24001390,-,Karnataka,2022-03-01,2022-08-01,2024-02-01,2026-04-01,170.34,147.39,106.88,92.65,April 2026,0,1,5.143649886535898,2022.0,3.0,23.0,4.681019498271529,0.6274509803921569,-29.904901960784322,44.0,18.0,5.0,-26.0,1.0,244.44444444444446,-151.79444444444445
1181,Widening to 2LPS from Km 71.00 to 104.00 Existing chainages Sarjapur to Pattadkallu on Bhanapur to Gaddanakeri section NH-367 in the State of Karnataka under NHO on EPC mode under Annual Plan 2022-23 NH-367-KNT-2022-23-972 dated 08.02.2023,MoRTH,618027,-,-,Karnataka,2023-02-01,2024-03-01,2026-03-01,2026-03-01,445.62,445.62,0.0,65.0,April 2026,0,0,6.101708121206741,2023.0,2.0,37.0,0.0,0.0,-65.0,25.0,24.0,13.0,-1.0,1.0,104.16666666666667,-39.16666666666667
1182,"Construction of Bypass at Kuknoor, Yelburga, Gajendragada of Bhanapur Gaddanakeri section of NH-367 in the State of Karnataka under NHO on EPC mode under Annual Plan 2022-23. NH-367-KNT-2022-23-973 dated 08.02.2023",MoRTH,618028,-,-,Karnataka,2023-02-01,2025-06-01,2027-06-01,2027-06-01,333.96,333.96,40.61,20.0,April 2026,0,0,5.814011121710887,2023.0,2.0,52.0,3.72834052299485,0.12160138938795066,-7.8398610612049335,10.0,24.0,28.0,14.0,0.0,41.66666666666667,-21.66666666666667
1183,Widening to 4 lane from Km. 133.00 to 158.04 design Chainage Km. 130.88 to 155.145 Shirur Cross to Gaddankeri of NH-367 in the State of Karnataka on EPC mode. Job No. NH-367-KNT-2021-22-930,MoRTH,618029,N24001941,-,Karnataka,2022-01-01,2023-01-01,2025-01-01,2027-01-01,350.69,312.06,191.38,78.08,April 2026,0,1,5.8627501057518465,2022.0,1.0,36.0,5.259472582724469,0.5457241438307336,-23.507585616926633,39.0,24.0,12.0,-15.0,1.0,162.5,-84.42
1184,Widening to 2 lane with paved shoulder from Km. 103.225 Pattadakal to Km. 133.00 Shirur cross of NH-367 in the state of Karnataka on EPC Mode.Job No. NH-367-KNT- 2021-22-934,MoRTH,618030,N24001940,-,Karnataka,2022-02-01,2022-11-01,2024-05-01,2026-12-01,264.14,264.14,3.58,0.0,April 2026,0,1,5.580257988370704,2022.0,2.0,27.0,1.5216989981260935,0.01355341864162944,1.355341864162944,41.0,18.0,9.0,-23.0,1.0,227.77777777777777,-227.77777777777777
1185,Balance work of Construction of Two/Four lane with paved shoulder from Km 422.000 to 523.600 Chitradurga to Shivamogga of NH-13 in the state of Kanataka on EPC mode.,MoRTH,618031,N24002011,10166,Karnataka,2021-01-01,2021-12-01,2025-12-01,2026-08-01,516.96,516.96,105.08,75.0,April 2026,0,1,6.249898019200639,2021.0,1.0,59.0,4.664193526437552,0.20326524295883625,-54.67347570411637,52.0,48.0,11.0,-4.0,1.0,108.33333333333333,-33.33333333333333
1186,"Widening to Two Lane with Paved Shoulders from KB Cross to Chunchanahalli ie., Design Ch. 485240 Km Existing Km 494.000 to Design Ch. 523393 Km Existing km 533.152 & From Design Ch. 530393 Existing Km 540.175 to Design Ch. 534476 Existing Km 544.200 at Nelligere of NH-150A on EPC mode under Annual Plan 2022-23 NH-150A-KNT-2022-23-977 dated 08.03.2023",MoRTH,618086,-,10175,Karnataka,2023-03-01,2025-07-01,2027-01-01,2027-01-01,617.28,617.28,4.47,40.0,April 2026,0,0,6.426941429284118,2023.0,3.0,46.0,1.6992786164338898,0.007241446345256609,-39.27585536547434,9.0,18.0,28.0,9.0,0.0,50.0,-10.0
1187,Widening to intermediate/two lane to 2 lane with paved shoulder from Existing chanages Km 112.750 to 142.00 Liingasur to Mudabal cross & from Km. 147.070 to Km. 149.070 Maski city limit of Jewargi Chamrajnagar setion of NH-150A in the state of Karnataka on EPC mode. Job No. NH-150A-KNT-2021-22-951,MoRTH,618087,N24001944,-,Karnataka,2022-03-01,2023-01-01,2024-07-01,2026-05-01,255.88,255.88,179.66,93.0,April 2026,0,1,5.548609049781258,2022.0,3.0,28.0,5.1966168117216975,0.7021259965608879,-22.7874003439112,39.0,18.0,10.0,-21.0,1.0,216.66666666666666,-123.66666666666666
1188,Widening to Two Lane with Paved Shoulders from Km 0.00 Design Chainage 0.00 to Km 23.338 Design Chainage 23310 of NH-166E MH/KNT Border- Kanamadi- Bijjargi- Tikota section in the state of Karnataka in EPC Mode under Annual plan 2022-23 NH- 166E-KNT-2022-23-974,MoRTH,618095,-,-,Karnataka,2023-02-01,2024-09-01,2026-03-01,2026-03-01,196.05,196.05,0.0,30.0,April 2026,0,0,5.283457503641013,2023.0,2.0,37.0,0.0,0.0,-30.0,19.0,18.0,19.0,-1.0,1.0,105.55555555555556,-75.55555555555556
1189,Widening to 4 lane from Km 51.60 to 76.20 Hebri to Parkala and from Km 85.20 to 88.90 Karavali junction to Malpe of Thirthahalli-Udupi-Malpe Section of NH-169A in the State of Karnataka on EPC Mode under Annual plan 2021-22 Job No. NH-169A- KNT-2021-22-927,MoRTH,618109,N24001948,-,Karnataka,2022-01-01,2022-12-01,2024-12-01,2026-05-01,355.72,355.72,184.79,76.86,April 2026,0,1,5.876951160319221,2022.0,1.0,35.0,5.2246170036180795,0.5194816147531766,-24.911838524682345,40.0,24.0,11.0,-16.0,1.0,166.66666666666669,-89.80666666666669
1190,Construction of Major Bridge Across Sharavathi Backwaters and approches between Ambargodu and Kalasavalli Near Sigandhur in Sagar Taluk on NH 369E in the State of Karnataka on EPC mode.Job No. NH-369E-KNT-2018-19-895 dated 06.03.2019.,MoRTH,618144,N24001281,-,Karnataka,2019-03-01,2019-12-01,2022-12-01,,423.15,423.15,0.0,0.0,April 2026,0,-1,6.050087166253744,2019.0,3.0,45.0,0.0,0.0,0.0,76.0,36.0,9.0,-40.0,1.0,211.11111111111111,-211.11111111111111
1191,Widening to 2 Lane with Paved Shoulders from design Km 103.200 Existing Km 103.200 to design Km 116.700 Existing Km 118.470 on AP/KNT Border to Sira Section of NH-544E in the State of Karnatakaon EPC mode under Annual plan 2022- 23,MoRTH,618147,-,-,Karnataka,2023-01-01,2024-03-01,2025-09-01,2026-08-01,166.58,166.58,35.33,40.0,April 2026,0,1,5.121460849185141,2023.0,1.0,32.0,3.5926438462331105,0.21209028694921356,-18.790971305078646,25.0,18.0,14.0,-7.0,1.0,138.88888888888889,-98.88888888888889
1192,Widening to two lane with paved shoulders from Km 0.00 to 102.310 Design Chainage of NH-548B Murrum-Maharashtra Border in the State of Karnataka,MoRTH,618149,-,10191,Karnataka,2023-02-01,2025-01-01,2027-01-01,2027-01-01,957.09,957.09,248.13,0.0,April 2026,0,0,6.864941719278488,2023.0,2.0,47.0,5.517974848577414,0.25925461555339624,25.925461555339623,15.0,24.0,23.0,9.0,0.0,62.5,-62.5
1193,Construction of 2 Lane with paved shoulder from km 55.6 to km 90.7 existing chainages of NH-766C complete Realignment of 13.76 km with 2 major Bridges across Sharavathi Backwaters on EPC mode under Annual Plan 2022-23 in the state of Karnataka NH-766C-KNT-2022-23 dated 14.10.2022,MoRTH,618184,-,-,Karnataka,2023-01-01,2024-02-01,2026-02-01,2027-12-01,313.56,313.56,0.0,46.52,April 2026,0,1,5.751174836958802,2023.0,1.0,37.0,0.0,0.0,-46.52,26.0,24.0,13.0,-2.0,1.0,108.33333333333333,-61.813333333333325
1194,Widening to 2LPS from Km 0.000 to 37.850 Except Ex. Km 24.45 to 27.20 of NH-766c Byndoor-Ranebennur Section in the state of Karnataka on EPC Mode under Annual Plan 2022-23 NH-766C-KNT-2022-23-969 dated 30.12.2022,MoRTH,618185,-,-,Karnataka,2022-12-01,2025-08-01,2027-08-01,2027-08-01,394.95,394.95,0.0,0.0,April 2026,0,0,5.981287940656421,2022.0,12.0,56.0,0.0,0.0,0.0,8.0,24.0,32.0,16.0,0.0,33.33333333333333,-33.33333333333333
1195,Widening to Two Lane with Paved Shoulder of NH-73 New Spur Road Ujire - Dharmasthala - Periyashanthi in the State of Karnataka under on HAM under NHO Annual Plan 2023-24Job No NH-73Spur-KNT-2023-24-996,MoRTH,618189,-,10203,Karnataka,2024-01-01,2025-11-01,2027-11-01,,613.65,613.65,0.0,0.0,April 2026,0,-1,6.42105300011335,2024.0,1.0,46.0,0.0,0.0,0.0,5.0,24.0,22.0,19.0,0.0,20.833333333333336,-20.833333333333336
1196,4/6L of Bangalore - Pune Section of bypass connecting Dharwad - Hubli from km. 403.80 to km. 433.20,National Highways Authority of India [NHAI],618517,N24001994,10371,Karnataka,2021-12-01,2023-03-01,2025-09-01,2026-11-01,1135.39,763.36,732.44,82.89,April 2026,0,1,7.035611850222907,2021.0,12.0,45.0,6.597745794646266,0.6450999216128379,-18.38000783871621,37.0,30.0,15.0,-7.0,1.0,123.33333333333334,-40.44333333333334
1197,Davanagere - Haveri of NH-48 Old NH-4 from km. 260.00 to km. 338.923,National Highways Authority of India [NHAI],618518,-,10372,Karnataka,2017-01-01,2018-01-01,2020-07-01,2026-09-01,1454.67,1805.84,690.56,98.87,April 2026,1,1,7.283221554716364,2017.0,1.0,42.0,6.538949915236575,0.4747193521554716,-51.39806478445284,99.0,30.0,12.0,-69.0,1.0,330.0,-231.13
1198,4L of km 0.00 to km 42.00 of Dobbaspet to Doddaballapura Bypass section of NH-648 old NH-207] [Bangalore Ring Road Pkg 1],National Highways Authority of India [NHAI],618520,-,10374,Karnataka,2020-08-01,2021-04-01,2023-04-01,2026-06-01,1438.74,1786.57,1051.89,99.2,April 2026,1,1,7.272217820712374,2020.0,8.0,32.0,6.959294043239494,0.7311188957004046,-26.088110429959542,60.0,24.0,8.0,-36.0,1.0,250.0,-150.8
1199,6L of MH/KN Border Nimbal Village to KN/TS Border Singnodi Village from Km. 26.000 to Km. 97.000 in Gulbarga of NH-150C Pkg-II,National Highways Authority of India [NHAI],618630,N24001676,10449,Karnataka,2022-02-01,2022-12-01,2025-06-01,2026-11-01,2355.56,1923.3,868.81,76.12,April 2026,0,1,7.764958207529144,2022.0,2.0,40.0,6.768274796993287,0.36883373804955083,-39.23662619504492,40.0,30.0,10.0,-10.0,1.0,133.33333333333331,-57.21333333333331
1200,4 Lane with PS from Des. Ch 228.500 to Des. Ch. 273.400 of Belgaum-Hungund- Raichur Section of NH 748 A Package-6,National Highways Authority of India [NHAI],618649,-,10463,Karnataka,2023-03-01,2024-11-01,2026-11-01,2027-06-01,1246.15,1012.78,241.66,45.8,April 2026,0,1,7.128616227138795,2023.0,3.0,44.0,5.491661286623727,0.19392528989287003,-26.407471010712996,17.0,24.0,20.0,7.0,0.0,70.83333333333334,-25.033333333333346
1201,4 Lane with PS from Des. Ch 89.900 to Des. Ch. 136.100 of Belgaum-Hungund- Raichur Section of NH-748A Package-3,National Highways Authority of India [NHAI],618650,-,10464,Karnataka,2024-01-01,2025-04-01,2027-04-01,2027-12-01,1363.9,1219.62,115.76,19.25,April 2026,0,1,7.21883644486215,2024.0,1.0,39.0,4.760120545985914,0.08487425764352224,-10.762574235647776,12.0,24.0,15.0,12.0,0.0,50.0,-30.75
1202,4 Lane with PS from Des. Ch 43.800 to Des. Ch. 89.900 of Belgaum-Hungund- Raichur Section of NH-748A Package-2,National Highways Authority of India [NHAI],618651,-,10465,Karnataka,2024-02-01,2025-03-01,2027-02-01,2027-06-01,1427.88,1293.94,444.62,42.04,April 2026,0,1,7.264646199596228,2024.0,2.0,36.0,6.09946657090926,0.3113847101997366,-10.901528980026338,13.0,23.0,13.0,10.0,0.0,56.52173913043478,-14.481739130434782
1203,4LPS Access Controlled Highway of Bellary Bypass Balance work from Ch. 254750 to Ch. 266837 and construction of 4LPS from Ch. 277.690 to Ch. 278.690 at D. Hirehal Village Balance work of NH 150A of Bellary Byrapura Section,National Highways Authority of India [NHAI],618697,-,-,Karnataka,2024-02-01,2024-08-01,2026-07-01,2027-07-01,626.01,284.05,97.26,35.5,April 2026,0,1,6.4409624894690545,2024.0,2.0,29.0,4.587617026740502,0.15536493027267936,-19.963506972732063,20.0,23.0,6.0,3.0,0.0,86.95652173913044,-51.45652173913044
1204,Challakere to Hariyur section from km 358.500 to km 414.205 of NH-150 A,National Highways Authority of India [NHAI],618698,-,10498,Karnataka,2018-03-01,2021-01-01,2023-01-01,2025-06-01,1167.52,1873.58,843.6,99.5,April 2026,1,1,7.06349326979307,2018.0,3.0,58.0,6.738863142499843,0.7225572152939564,-27.244278470604357,63.0,24.0,34.0,-39.0,1.0,262.5,-163.0
1205,4L of Addahole Near Gundya to Bantwal Cross section Pkg-02 from Design Km 270.270 to Design km 318.55 including flyover at Kalladka Town including approaches from Km. 311.57 to Km. 313.67 of NH-75 Old NH-48,National Highways Authority of India [NHAI],618702,N24001425,10501,Karnataka,2020-12-01,2021-11-01,2023-11-01,2026-05-01,1660.19,1318.24,1358.81,94.21,April 2026,0,1,7.415289491993717,2020.0,12.0,35.0,7.215100263087969,0.8184665610562646,-12.363343894373529,53.0,24.0,11.0,-29.0,1.0,220.83333333333334,-126.62333333333335
1206,Bangalore-Nidagatta Pkg. I,National Highways Authority of India [NHAI],618706,-,10502,Karnataka,2018-02-01,2019-05-01,2021-11-01,2026-06-01,3496.01,4087.42,604.66,99.19,April 2026,1,1,8.159663596653225,2018.0,2.0,45.0,6.406318772512832,0.17295717117513965,-81.89428288248604,83.0,30.0,15.0,-53.0,1.0,276.6666666666667,-177.4766666666667
1207,Additional works under BM1 to ensure road safety under 6L of Bengaluru Mysuru Access control with close toll from Km.17.300 to Km.136.300 of NH-275,National Highways Authority of India [NHAI],618707,-,-,Karnataka,2024-11-01,2026-01-01,2028-01-01,2028-01-01,738.37,738.37,14.27,5.63,April 2026,0,0,6.605798472241485,2024.0,11.0,38.0,2.725890119230541,0.019326353995964083,-3.6973646004035916,3.0,24.0,14.0,21.0,0.0,12.5,-6.87
1208,4L of Left-Over Works of Hospet-Bellary -Karnataka/AP border from Km.280.080 Dec.Ch. to Km.375450Des.Ch. of NH-63 New-67,National Highways Authority of India [NHAI],618709,N24001989,10504,Karnataka,2023-03-01,2023-05-01,2025-05-01,2028-04-01,1340.15,992.6,897.67,91.45,April 2026,0,1,7.201282733849437,2023.0,3.0,26.0,6.800915892556022,0.6698280043278737,-24.46719956721263,35.0,24.0,2.0,-11.0,1.0,145.83333333333331,-54.38333333333331
1209,Belakeri Port to Kumta - Sirsi road from km 0.00 - km 4.265 of Belekeri Port Road Link Rd. and km 4.965 - km 60.00 of SH-69,National Highways Authority of India [NHAI],618799,N24001599,-,Karnataka,2018-03-01,2020-12-01,2022-12-01,2026-06-01,456.79,456.79,436.72,91.65,April 2026,0,1,6.126410563680066,2018.0,3.0,57.0,6.081579436550243,0.9560629610980976,3.956296109809756,64.0,24.0,33.0,-40.0,1.0,266.66666666666663,-175.01666666666662
1210,4L PS from near Hemmige Village Periyapatna - Hassan Road Jn. to near Hunsur - KR Nagar Jn section from Km. 144.900 to Km. 169.000 of NH-275 Pkg. III,National Highways Authority of India [NHAI],618870,-,10624,Karnataka,2023-02-01,2025-04-01,2027-04-01,2027-07-01,883.62,1726.65,61.05,20.1,April 2026,1,1,6.785158174267498,2023.0,2.0,50.0,4.127940511650616,0.06909078563183269,-13.190921436816733,12.0,24.0,26.0,12.0,0.0,50.0,-29.9
1211,4L PS from Near Guddehosur to Start of Kushalnagara Bypass to near Hemmige Village Periyapatna - Hassan Road Jn from Km. 122.200 to Km. 144.900 of NH-275 Pkg. II,National Highways Authority of India [NHAI],618871,-,10625,Karnataka,2023-02-01,2025-12-01,2027-12-01,2027-12-01,909.86,896.42,32.64,7.18,April 2026,0,0,6.8143892081726785,2023.0,2.0,58.0,3.5157158351047473,0.03587365089134592,-3.5926349108654074,4.0,24.0,34.0,20.0,0.0,16.666666666666664,-9.486666666666665
1212,4L PS from near Hunsur - KR Nagar Junction to near Yalachahalli village KR Nagara - Yelawala Road Junction fcrom Km 169.000 to Km 195.550 of NH-275 Pkg-IV,National Highways Authority of India [NHAI],618872,-,10626,Karnataka,2023-02-01,2025-04-01,2027-04-01,2027-09-01,1062.76,952.03,93.08,14.85,April 2026,0,1,6.969565080548451,2023.0,2.0,50.0,4.544145484150317,0.08758327374007302,-6.0916726259926985,12.0,24.0,26.0,12.0,0.0,50.0,-35.15
1213,4L PS from near Yalachahalli village KR Nagara - Yelawala Road junction to Srirangapatna Bypass Near Paschima Vahini from km 195.550 to Km 214.535 of NH- 275 Pkg-V,National Highways Authority of India [NHAI],618873,-,10627,Karnataka,2023-01-01,2025-04-01,2027-04-01,2027-10-01,1272.71,1203.2,97.43,13.05,April 2026,0,1,7.149689180707235,2023.0,1.0,51.0,4.58934563564112,0.07655318179318148,-5.394681820681853,12.0,24.0,27.0,12.0,0.0,50.0,-36.95
1214,4L of Bettadahalli- Shivamogga section from Km.170.415 to km. 226.750 of NH-206 Tumkur- Shivamogga Pkg-IV,National Highways Authority of India [NHAI],618887,N24001687,10637,Karnataka,2019-01-01,2021-10-01,2023-10-01,2027-03-01,2082.98,2545.11,865.7,82.88,April 2026,1,1,7.642034805898224,2019.0,1.0,57.0,6.764692896140299,0.4156064868601715,-41.31935131398285,54.0,24.0,33.0,-30.0,1.0,225.0,-142.12
1215,4L of Sannur to Bikarnakatte section from Km 691.350 to Km 736.362 of NH-169 Karkala - Mangalore Package-III,National Highways Authority of India [NHAI],618896,N24001680,10645,Karnataka,2021-03-01,2022-10-01,2024-10-01,2027-04-01,1386.41,2038.71,973.31,70.22,April 2026,1,1,7.235193978651909,2021.0,3.0,43.0,6.881729528157747,0.702036194199407,-0.016380580059305316,42.0,24.0,19.0,-18.0,1.0,175.0,-104.78
1216,Tumkur-Chitradurga,National Highways Authority of India [NHAI],619070,-,-,Karnataka,2010-04-01,2011-06-01,2013-12-01,2026-06-01,839.0,47.44,8.42,100.0,April 2026,0,1,6.733401891837359,2010.0,4.0,44.0,2.2428350885882717,0.010035756853396902,-98.99642431466032,178.0,30.0,14.0,-148.0,1.0,593.3333333333334,-493.33333333333337
1217,Tumkur - Nelamangala 6L,National Highways Authority of India [NHAI],619071,N24001681,11763,Karnataka,2021-03-01,2022-08-01,2025-08-01,2027-03-01,2032.15,1664.2,580.01,59.83,April 2026,0,1,7.617341593493855,2021.0,3.0,53.0,6.36476796840775,0.2854169229633639,-31.28830770366361,44.0,36.0,17.0,-8.0,1.0,122.22222222222223,-62.39222222222223
1218,Bangalore/TN border to Hoskote,National Highways Authority of India [NHAI],619072,N24001674,11764,Karnataka,2022-02-01,2023-02-01,2025-02-01,2026-08-01,1181.68,1297.76,799.84,94.72,April 2026,1,1,7.075538328654969,2022.0,2.0,36.0,6.685661176803499,0.6768668336605511,-27.033316633944892,38.0,24.0,12.0,-14.0,1.0,158.33333333333331,-63.613333333333316
1219,4L of 42.000 to km 80.00 of Dodaballapur Bypass to Hoskote section of NH-648 Old NH-207 [Bangalore Ring Road Pkg 2],National Highways Authority of India [NHAI],619073,-,11765,Karnataka,2020-02-01,2021-02-01,2023-02-01,2026-06-01,1317.74,1846.52,1026.9,99.2,April 2026,1,1,7.184432014257237,2020.0,2.0,36.0,6.935273165018876,0.779288782309105,-21.271121769089504,62.0,24.0,12.0,-38.0,1.0,258.33333333333337,-159.13333333333338
1220,Goa / Karnataka Km.93.700 to Kundapur Km.283.30,National Highways Authority of India [NHAI],619096,N24000462,-,Karnataka,2012-07-01,2014-03-01,2016-08-01,2026-07-01,1644.92,1990.99,329.44,97.8,April 2026,1,1,7.40605477738272,2012.0,7.0,49.0,5.800425099694305,0.2002772171291005,-77.77227828708995,145.0,29.0,20.0,-116.0,1.0,500.0,-402.2
1221,4 Lane with PS from Des. Ch 182.300 to Des. Ch. 228.500 of Belgaum-Hungund- Raichur Section of NH 748 A Package-5,National Highways Authority of India [NHAI],619106,-,11781,Karnataka,2023-03-01,2024-11-01,2026-11-01,2027-07-01,1141.88,868.65,214.81,33.04,April 2026,0,1,7.041306671406662,2023.0,3.0,44.0,5.374398390953372,0.18811959225137492,-14.228040774862507,17.0,24.0,20.0,7.0,0.0,70.83333333333334,-37.793333333333344
1222,4 Lane with PS from Des. Ch 136.100 to Des. Ch. 182.300 of Belgaum-Hungund- Raichur Section of NH-748A Package-4,National Highways Authority of India [NHAI],619107,-,11782,Karnataka,2024-02-01,2025-09-01,2027-09-01,2028-03-01,1311.41,1123.35,46.41,8.88,April 2026,0,1,7.17962042068608,2024.0,2.0,43.0,3.8588331769140267,0.03538939004582853,-5.341060995417148,7.0,24.0,19.0,17.0,0.0,29.166666666666668,-20.28666666666667
1223,4 Lane with PS from Des. Ch 0.000 to Des. Ch. 43.800 of Belgaum-Hungund-Raichur Section of NH-748A Package-1,National Highways Authority of India [NHAI],619108,-,11783,Karnataka,2024-02-01,2025-06-01,2027-06-01,2027-09-01,1452.43,1256.55,206.99,32.57,April 2026,0,1,7.281681559224496,2024.0,2.0,40.0,5.337490001622509,0.14251289218757532,-18.31871078124247,10.0,24.0,16.0,14.0,0.0,41.66666666666667,-9.096666666666671
1224,Hassan km 184.912 to Maranahally km 230.060 of NH - 75 in Karnataka,National Highways Authority of India [NHAI],619117,-,-,Karnataka,2015-12-01,2017-03-01,2019-03-01,2026-05-01,1021.57,1091.4,697.83,97.8,April 2026,1,1,6.930074345231403,2015.0,12.0,39.0,6.549407508076812,0.6830956273187349,-29.490437268126513,109.0,24.0,15.0,-85.0,1.0,454.1666666666667,-356.3666666666667
1225,Nidagatta-Mysore Pkg II,National Highways Authority of India [NHAI],619120,-,11790,Karnataka,2018-02-01,2019-12-01,2022-06-01,2026-06-01,2919.8,4113.89,2279.05,99.19,April 2026,1,1,7.979612830341427,2018.0,2.0,52.0,7.731952651532593,0.7805500376738133,-21.134996232618676,76.0,30.0,22.0,-46.0,1.0,253.33333333333331,-154.14333333333332
1226,4L of Hubli - Hospet Section of NH-63 from Km 128.850 to Km 272.571,National Highways Authority of India [NHAI],619121,-,-,Karnataka,2016-07-01,2017-03-01,2020-03-01,2026-05-01,2531.99,3619.32,1360.9,99.65,April 2026,1,1,7.837155702106002,2016.0,7.0,44.0,7.216636062574912,0.5374823755228102,-45.90176244771899,109.0,36.0,8.0,-73.0,1.0,302.77777777777777,-203.12777777777777
1227,Yekkambi-Haveri,National Highways Authority of India [NHAI],619138,N24001682,-,Karnataka,2021-09-01,2022-03-01,2024-03-01,2027-06-01,309.9,309.9,82.28,21.12,April 2026,0,1,5.739471317064708,2021.0,9.0,30.0,4.422208424306714,0.2655050016134237,5.430500161342369,49.0,24.0,6.0,-25.0,1.0,204.16666666666666,-183.04666666666665
1228,Hospet - Chitradurga from km. 299.00 to km. 418.750,National Highways Authority of India [NHAI],619144,-,-,Karnataka,2015-03-01,2016-02-01,2018-08-01,2026-06-01,1519.72,387.48,36.36,100.0,April 2026,0,1,7.326939185897898,2015.0,3.0,41.0,3.620600613360642,0.023925459953149264,-97.60745400468507,122.0,30.0,11.0,-92.0,1.0,406.66666666666663,-306.66666666666663
1229,BRT Tiger Reserve Boundary Km.287.500 to Bangalore Section Km.458.420 of NH- 209 in Karnataka,National Highways Authority of India [NHAI],619150,-,-,Karnataka,2016-04-01,2017-08-01,2019-08-01,2026-05-01,2082.69,2859.93,730.43,99.7,April 2026,1,1,7.64189563940929,2016.0,4.0,40.0,6.595001522101333,0.350714700699576,-64.6285299300424,104.0,24.0,16.0,-80.0,1.0,433.3333333333333,-333.6333333333333
1230,Belgaum-Khanapur Pkg I Km 0.000-Km 30.800 of NH-4A,National Highways Authority of India [NHAI],619164,-,11819,Karnataka,2018-03-01,2019-03-01,2021-09-01,2027-03-01,1214.3,1195.74,497.43,72.77,April 2026,0,1,7.102746238876755,2018.0,3.0,42.0,6.211463158278113,0.40964341595981224,-31.80565840401877,85.0,30.0,12.0,-55.0,1.0,283.33333333333337,-210.5633333333334
1231,6L of MH/KN Border Nimbal Village to KN/TS Border Singnodi Village from Km. 97.000 to Km. 162.500 in Yadgir of NH-150C Pkg-III,National Highways Authority of India [NHAI],619211,-,11901,Karnataka,2022-03-01,2023-04-01,2025-10-01,2026-09-01,2104.7,2065.83,779.81,73.9,April 2026,0,1,7.6524032324044855,2022.0,3.0,43.0,6.660331842393918,0.3705088611203497,-36.84911388796504,36.0,30.0,13.0,-6.0,1.0,120.0,-46.099999999999994
1232,4L of Channarayapatna Bypass and Hassan Bypass with structures in Devihalli - Hassan section,National Highways Authority of India [NHAI],619214,-,11904,Karnataka,2020-04-01,2021-01-01,2023-01-01,2026-06-01,688.0,684.54,586.06,82.34,April 2026,0,1,6.535241271013659,2020.0,4.0,33.0,6.375127029255301,0.8518313953488371,2.8431395348837043,63.0,24.0,9.0,-39.0,1.0,262.5,-180.16
1233,4L Tumkur-Shimoga Pkg-I from Mallasandra to Karadi village of NH-206 from Km. 12.300 to Km. 65.195,National Highways Authority of India [NHAI],619218,-,11907,Karnataka,2018-02-01,2019-10-01,2021-10-01,2026-06-01,1364.14,1692.12,552.09,100.0,April 2026,1,1,7.219012266462286,2018.0,2.0,44.0,6.315520736923973,0.40471652469687863,-59.52834753031214,78.0,24.0,20.0,-54.0,1.0,325.0,-225.0
1234,4L of Tumkur-Shimoga Pkg-II from Km 65.195 Karadi to Km 121.900 Banawara of NH-206,National Highways Authority of India [NHAI],619219,-,11908,Karnataka,2018-02-01,2019-10-01,2021-10-01,2026-12-01,1505.85,1989.89,656.52,99.97,April 2026,1,1,7.317776658171513,2018.0,2.0,44.0,6.488475181840244,0.4359796792509214,-56.37203207490786,78.0,24.0,20.0,-54.0,1.0,325.0,-225.03
1235,Tumkur-Shimoga Pkg-III from Km 121.900 Banawara to Km 170.415 Bettadahalli of Old NH-206,National Highways Authority of India [NHAI],619220,-,11909,Karnataka,2018-02-01,2021-03-01,2023-03-01,2026-12-01,1444.5,1834.81,890.55,97.3,April 2026,1,1,7.2762105614564,2018.0,2.0,61.0,6.792961520980056,0.6165109034267913,-35.64890965732087,61.0,24.0,37.0,-37.0,1.0,254.16666666666666,-156.86666666666667
1236,Widening to 2 Lanes with paved shoulders from Km.87/000 to 133/720 Nattukal to Thanau Jn. in Palakkad of NH-966 Old NH-213 on EPC mode Basis under NHO Annual Plan 2016-17 in the state of Kerala,MoRTH,618070,N24001369,-,Kerala,2017-02-01,2017-08-01,2019-08-01,2026-04-01,294.28,315.63,0.0,98.0,April 2026,1,1,5.687924058721743,2017.0,2.0,30.0,0.0,0.0,-98.0,104.0,24.0,6.0,-80.0,1.0,433.3333333333333,-335.3333333333333
1237,6L of Chengala - Neeleshwaram from km. 56.200 to km. 93.468,National Highways Authority of India [NHAI],618595,N24001664,10424,Kerala,2020-06-01,2021-10-01,2024-04-01,2027-03-01,1746.45,2538.06,943.25,90.18,April 2026,1,1,7.465912861395335,2020.0,6.0,46.0,6.850390961592566,0.5400956225485986,-36.17043774514015,54.0,30.0,16.0,-24.0,1.0,180.0,-89.82
1238,6L of Taliparamba to Muzhappilangad from Km 134.650 to Km 170.6 of NH-66,National Highways Authority of India [NHAI],618596,N24001660,10425,Kerala,2020-08-01,2021-11-01,2024-05-01,2027-12-01,2714.6,3557.65,1040.02,82.87,April 2026,1,1,7.906768202427492,2020.0,8.0,45.0,6.9479562807262845,0.38312090179031905,-44.5579098209681,53.0,30.0,15.0,-23.0,1.0,176.66666666666666,-93.79666666666665
1239,6L of Azhiyur-Vengalam from km. 189.200 to km. 230.400 of NH-66,National Highways Authority of India [NHAI],618597,N24001661,10426,Kerala,2020-10-01,2021-10-01,2024-07-01,2027-05-01,3205.77,3898.46,776.8,60.07,April 2026,1,1,8.073019479004667,2020.0,10.0,45.0,6.6564694217216465,0.24231307922901518,-35.838692077098486,54.0,33.0,12.0,-21.0,1.0,163.63636363636365,-103.56636363636366
1240,6L Minor Bridge Paloli Palam at km. 203.160 & Major Bridge Morad at km. 204.895 and allied works,National Highways Authority of India [NHAI],618598,N24001652,-,Kerala,2020-03-01,2020-12-01,2022-06-01,2026-05-01,210.0,216.94,77.9,100.0,April 2026,1,1,5.351858133476067,2020.0,3.0,27.0,4.368181227851829,0.370952380952381,-62.904761904761905,64.0,18.0,9.0,-46.0,1.0,355.55555555555554,-255.55555555555554
1241,6L of Ramanatukkara Junction to start of Valanchery bypass section of NH-66,National Highways Authority of India [NHAI],618599,N24001658,10427,Kerala,2021-01-01,2022-01-01,2024-07-01,2026-05-01,4924.11,4919.46,1815.81,99.75,April 2026,0,1,8.502101888382146,2021.0,1.0,42.0,7.50483749495938,0.36875902447345815,-62.874097552654185,51.0,30.0,12.0,-21.0,1.0,170.0,-70.25
1242,6L of Valanchery bypass to Kappirikkad of NH 66 from km. 298500 to km 335850,National Highways Authority of India [NHAI],618600,N24001659,10428,Kerala,2021-02-01,2022-01-01,2024-07-01,2026-05-01,4023.94,4023.94,1497.69,98.84,April 2026,0,1,8.300265282909258,2021.0,2.0,41.0,7.312346672179233,0.3721949134430434,-61.620508655695666,51.0,30.0,11.0,-21.0,1.0,170.0,-71.16
1243,6L of Kappirikkad to Thalikulam section from km 335.85 to km 369.015 of NH - 66 old NH-17,National Highways Authority of India [NHAI],618601,N24001655,10429,Kerala,2021-06-01,2022-09-01,2025-01-01,2026-06-01,4225.59,4225.59,708.02,88.2,April 2026,0,1,8.349150800357336,2021.0,6.0,43.0,6.56388373487898,0.167555299969945,-71.4444700030055,43.0,28.0,15.0,-15.0,1.0,153.57142857142858,-65.37142857142858
1244,6L of Thalikulam to Kodugallur section from km 369.015 to km 397.850 of NH - 66 old NH-17,National Highways Authority of India [NHAI],618602,N24001656,10430,Kerala,2021-06-01,2022-09-01,2025-02-01,2026-06-01,4302.06,4302.06,772.89,84.18,April 2026,0,1,8.367081676501554,2021.0,6.0,44.0,6.651429744626835,0.179655792806237,-66.2144207193763,43.0,29.0,15.0,-14.0,1.0,148.27586206896552,-64.09586206896552
1245,6L of Kodugallur to Edapppally section from km 397.750 to km 423.780 of NH - 66 old NH-17,National Highways Authority of India [NHAI],618603,N24001653,10431,Kerala,2021-11-01,2022-10-01,2025-04-01,2026-12-01,3465.82,3606.2,768.14,64.93,April 2026,1,1,8.150993026252433,2021.0,11.0,41.0,6.645273007552098,0.2216329757459995,-42.766702425400055,42.0,30.0,11.0,-12.0,1.0,140.0,-75.07
1246,Aroor-Thuravoor Thekku,National Highways Authority of India [NHAI],618604,N24001648,10432,Kerala,2022-08-01,2023-02-01,2026-01-01,2026-12-01,2429.52,2382.83,1760.92,83.93,April 2026,0,1,7.795860505211168,2022.0,8.0,41.0,7.4741594025141875,0.7248016069017749,-11.449839309822522,38.0,35.0,6.0,-3.0,1.0,108.57142857142857,-24.641428571428563
1247,Thuravoor Thekku-Paravoor,National Highways Authority of India [NHAI],618605,N24001651,10433,Kerala,2021-09-01,2022-03-01,2024-09-01,2026-12-01,2878.97,2638.67,2120.87,78.28,April 2026,0,1,7.965535156409071,2021.0,9.0,36.0,7.660053054337804,0.7366766586661202,-4.612334133387975,49.0,30.0,6.0,-19.0,1.0,163.33333333333334,-85.05333333333334
1248,Paravoor-Kottankulangara,National Highways Authority of India [NHAI],618606,N24001649,10434,Kerala,2021-12-01,2022-08-01,2025-02-01,2027-03-01,3273.61,3200.24,1226.55,71.2,April 2026,0,1,8.093954057008828,2021.0,12.0,38.0,7.112775592036657,0.37467810765485193,-33.73218923451481,44.0,30.0,8.0,-14.0,1.0,146.66666666666666,-75.46666666666665
1249,Kottankulangara- Start of Kollam Bypass,National Highways Authority of India [NHAI],618607,N24001657,10435,Kerala,2021-06-01,2022-04-01,2024-10-01,2027-03-01,2842.14,3680.49,895.86,73.89,April 2026,1,1,7.952664354195161,2021.0,6.0,40.0,6.79889977406945,0.3152061474804197,-42.369385251958036,48.0,30.0,10.0,-18.0,1.0,160.0,-86.11
1250,Widening/Development of Existing NH-85 from Km 0.000 to Km 124.636 section to 2L/LPS section in the state of Kerala on EPC Mode under Bharatmala Pariyojana,National Highways Authority of India [NHAI],618708,N24002074,10503,Kerala,2022-09-01,2023-06-01,2025-06-01,2026-05-01,1187.47,1265.47,631.69,52.71,April 2026,1,1,7.08042204458011,2022.0,9.0,33.0,6.449980570748971,0.5319629127472695,0.4862912747269448,34.0,24.0,9.0,-10.0,1.0,141.66666666666669,-88.95666666666668
1251,Kozhikode Bypass Calicut Bypass Vengalam Jn. to Ramanattukara Jn.,National Highways Authority of India [NHAI],619098,N24000784,11776,Kerala,2018-02-01,2021-02-01,2023-02-01,2026-05-01,1424.77,2139.18,1048.92,98.75,April 2026,1,1,7.262467297642978,2018.0,2.0,60.0,6.956469249772737,0.7362030362795399,-25.129696372046013,62.0,24.0,36.0,-38.0,1.0,258.33333333333337,-159.58333333333337
1252,6L of Perole Nileshwar town to Taliparamba from Km 94.248 to Km 134.650 of NH-66,National Highways Authority of India [NHAI],619206,-,11896,Kerala,2020-06-01,2021-10-01,2024-01-01,2027-03-01,3041.65,3867.66,1007.02,86.65,April 2026,1,1,8.020484125207616,2020.0,6.0,43.0,6.91574328970432,0.3310768826130554,-53.542311738694465,54.0,27.0,16.0,-27.0,1.0,200.0,-113.35
1253,Start of Kollam Bypass - Kadambattukonam,National Highways Authority of India [NHAI],619207,-,11897,Kerala,2021-06-01,2022-10-01,2025-03-01,2026-06-01,2641.37,3309.06,891.4,81.8,April 2026,1,1,7.879431520696962,2021.0,6.0,45.0,6.793914462558377,0.33747638536062724,-48.052361463937274,42.0,29.0,16.0,-13.0,1.0,144.82758620689654,-63.027586206896544
1254,Kadambattukonam-Kazhakuttom,National Highways Authority of India [NHAI],619208,-,11898,Kerala,2021-12-01,2022-07-01,2025-01-01,2026-12-01,3635.64,3526.33,573.31,44.34,April 2026,0,1,8.198815457409848,2021.0,12.0,37.0,6.3531693202208315,0.15769163063449626,-28.57083693655038,45.0,30.0,7.0,-15.0,1.0,150.0,-105.66
1255,Kargil Zanskar Road,NHIDCL,618408,N24001348,-,Ladakh,2021-03-01,2021-07-01,2023-01-01,2026-07-01,398.37,398.37,282.19,90.59,April 2026,0,1,5.989888305491614,2021.0,3.0,22.0,5.646118050461663,0.7083615734116525,-19.753842658834756,57.0,18.0,4.0,-39.0,1.0,316.66666666666663,-226.07666666666663
1256,Widening & Up-gradation to 2 lane with Paved shoulder of NH-301 Kargil- Zanskar Road from Design km 57.000 Ex. Km. 57.905 to Km 87.000 Ex. Km. 88.2491 of 30.000 Km length Pkg-lll,NHIDCL,618409,N24001345,-,Ladakh,2021-03-01,2021-07-01,2023-01-01,2026-07-01,381.01,381.01,221.62,82.74,April 2026,0,1,5.945446786274408,2021.0,3.0,22.0,5.405466282065079,0.5816645232408598,-24.573547675914014,57.0,18.0,4.0,-39.0,1.0,316.66666666666663,-233.92666666666662
1257,Widening & Up-gradation to 2 lane with paved shoulder of NH-301 Kargil- Zanskar Road from Design Km .30.040 Ex. Km. 30.000 to Design Km 57.000 Ex. Km. 57.905 of 26.960 Km length Pkg-II,NHIDCL,618410,N24001344,-,Ladakh,2021-03-01,2021-07-01,2023-01-01,2026-10-01,404.89,404.89,321.28,75.38,April 2026,0,1,6.006082186931363,2021.0,3.0,22.0,5.775420732908995,0.793499468991578,3.9699468991578044,57.0,18.0,4.0,-39.0,1.0,316.66666666666663,-241.28666666666663
1258,Construction of Rewa Bypass to 4-lane with paved shoulder along with service road from Ratahara Chowk to Chorhata Chowk Road section of NH-30 from km 00.000 to 19.200 in the State of Madhya Pradesh on Hybrid Annuity Mode HAM.,MoRTH,617909,-,10134,Madhya Pradesh,2024-03-01,2025-02-01,2027-02-01,2027-02-01,648.05,648.05,0.0,50.0,April 2026,0,0,6.4755097553390035,2024.0,3.0,35.0,0.0,0.0,-50.0,14.0,24.0,11.0,10.0,0.0,58.333333333333336,-8.333333333333336
1259,Rehabilitation and upgradation Umaria to Shahdol section of NH-78 from Existing Km. 68/4 to Km. 142/2 to 2LPS including construction of Birshinghpur and Shahdol Bypass on EPC mode under NHDP-IVA,MoRTH,617911,N24000513,10135,Madhya Pradesh,2015-03-01,2015-08-01,2017-07-01,2026-06-01,511.83,613.16,0.0,94.5,April 2026,1,1,6.239944406235359,2015.0,3.0,28.0,0.0,0.0,-94.5,128.0,23.0,5.0,-105.0,1.0,556.5217391304348,-462.02173913043475
1260,Upgradation and reconstruction of Shahpura-Dindori Section of NH 45 from Km 103.700 Design to Km 164.580 Design including 3 bypasses Total length 60.88km to Two lane with paved shoulder configuration along with One time improvement in 03 nos of bypassed built-up areas in a total length of 12.341 km in the State of Madhya Pradesh on EPC mode,MoRTH,617914,-,-,Madhya Pradesh,2022-03-01,2024-01-01,2025-12-01,2027-06-01,241.23,250.09,0.0,29.09,April 2026,1,1,5.48988768802314,2022.0,3.0,45.0,0.0,0.0,-29.09,27.0,23.0,22.0,-4.0,1.0,117.3913043478261,-88.30130434782609
1261,Upgradation of Dindori-Sagartola-kabichabutra MP-CG border section of NH -45 from km 000Design to km 77.00 Design to Two lane with paved shoulder configration along with one time improvement in 04 nos. of bypaased built-up areas in a total length of 9.1 km in the state of Madhya Pradesh on EPC mode.,MoRTH,617915,N24002019,-,Madhya Pradesh,2022-01-01,2023-09-01,2025-09-01,2026-05-01,329.14,319.09,0.0,93.68,April 2026,0,1,5.799516806919395,2022.0,1.0,44.0,0.0,0.0,-93.68,31.0,24.0,20.0,-7.0,1.0,129.16666666666669,-35.48666666666668
1262,Upgradation & widening of Jharkheda- Berasia - Dholkhedi from design km 0000 to km 87900 Design length 87.90km of NH-346 including 3 nos. bypasses of 13.10 Km in the State of Madhya Pradesh under EPC mode.,MoRTH,618019,N24001964,-,Madhya Pradesh,2022-03-01,2023-05-01,2025-05-01,2026-06-01,365.21,365.21,0.0,88.0,April 2026,0,1,5.903206939349818,2022.0,3.0,38.0,0.0,0.0,-88.0,35.0,24.0,14.0,-11.0,1.0,145.83333333333331,-57.833333333333314
1263,"Rehabilitation & Upgradation of KurwaiMungaoliChanderi Road section of NH-346, from Design Chainge 0.000 to 81.300 Km Total length 83.1 km to Two lane with paved shoulder configuration along with One time improvement in 07 nos of bypassed built- up areas in a total length of 22.615 km in the state of Madhya Pradesh on EPC mode.",MoRTH,618020,N24001965,-,Madhya Pradesh,2022-03-01,2023-02-01,2025-02-01,2026-06-01,386.49,386.49,164.43,64.71,April 2026,0,1,5.959690042008797,2022.0,3.0,35.0,5.108548144618925,0.42544438407203294,-22.1655615927967,38.0,24.0,11.0,-14.0,1.0,158.33333333333331,-93.62333333333332
1264,Up-gradation of Pichhore- Dinara section of NH-346 from Km 292.750 to 334.550 to two lane with paved shoulders in the state of Madhya Pradesh on EPC mode,MoRTH,618021,-,-,Madhya Pradesh,2024-02-01,2025-12-01,2027-06-01,2027-06-01,425.97,425.97,0.0,19.31,April 2026,0,0,6.056713753149202,2024.0,2.0,40.0,0.0,0.0,-19.31,4.0,18.0,22.0,14.0,0.0,22.22222222222222,-2.9122222222222227
1265,Rehabilitation & Upgradation of existing intermediate lane to two Lane with paved shoulder from km. 0.600 Gulganj bypass on NH-34 to km. 43.00 Barna River length 42.400 km. on Gulganj-Amanganj-Pawai-Katni NH43 Extn. in the state of Madhya Pradesh on EPCmode.,MoRTH,618035,-,-,Madhya Pradesh,2023-03-01,2024-11-01,2026-05-01,2026-12-01,275.4,275.4,0.0,53.0,April 2026,0,1,5.621849091893515,2023.0,3.0,38.0,0.0,0.0,-53.0,17.0,18.0,20.0,1.0,0.0,94.44444444444444,-41.44444444444444
1266,Upgradation and reconstruction of existing intermediate lane to two Lane with paved shoulder configuration from km. 43.00 Barna River to km. 77.00 ken river length 34.00 km. on Gulganj-Amanganj-Pawai-Katni NH43 Extn. along with One time improvement in 01 no. of bypassed built-up area in a total length of 1.585 km in the state of Madhya Pradesh on EPCmode.,MoRTH,618036,-,-,Madhya Pradesh,2023-03-01,2024-11-01,2026-11-01,2026-11-01,315.55,315.55,0.0,25.3,April 2026,0,0,5.7574812069901355,2023.0,3.0,44.0,0.0,0.0,-25.3,17.0,24.0,20.0,7.0,0.0,70.83333333333334,-45.533333333333346
1267,Upgradation and reconstruction of Dindori - Mandla Section of NH 543 from Km 77100 Design to Km 170580 Design Total length 93.48km to Two lane with paved shoulder configuration along with One time improvement in 04 nos of bypassed built-up areas in a total length of 7.23 km in the state of Madhya Pradesh on EPC mode,MoRTH,618043,-,10167,Madhya Pradesh,2022-03-01,2024-01-01,2026-07-01,2026-07-01,492.12,523.71,0.0,87.5,April 2026,1,0,6.200752552131751,2022.0,3.0,52.0,0.0,0.0,-87.5,27.0,30.0,22.0,3.0,0.0,90.0,-2.5
1268,Upgradation of Shahdol- Sagartola Section of NH 543 from km 0000 to km 69400 to 2 lane with paved shoulders under Hybrid Annuity Mode HAM in the State of Madhya Pradesh,MoRTH,618044,-,12152,Madhya Pradesh,2024-02-01,2026-03-01,2028-03-01,,851.4,851.4,0.0,0.0,April 2026,0,-1,6.748055900224462,2024.0,2.0,49.0,0.0,0.0,0.0,1.0,24.0,25.0,23.0,0.0,4.166666666666666,-4.166666666666666
1269,"Construction of Mihona bypass, Lahar bypass, Daboh bypass & Bhander Bypass total length 20.60 km to 2-lane with paved shoulder from on Mihona-Bhander-MP/UP border section of NH 552E in the State of Madhya Pradesh on EPC mode",MoRTH,618045,N24001962,-,Madhya Pradesh,2022-03-01,2023-06-01,2024-12-01,,179.18,179.18,71.77,67.0,April 2026,0,-1,5.193956351223294,2022.0,3.0,33.0,4.287303782358995,0.40054693604196895,-26.945306395803108,34.0,18.0,15.0,-16.0,1.0,188.88888888888889,-121.88888888888889
1270,"Construction of Kaithi-Padaria Kala bypass, Patna-Tamoli bypass, Jaso bypass and Nagod bypass total length 15.44 Km to 2-lane with paved shoulders flexible pavement on NH-943 in the State of Madhya Pradesh on EPC Mode.",MoRTH,618068,N24002020,-,Madhya Pradesh,2022-03-01,2023-10-01,2025-10-01,2026-12-01,158.36,158.36,0.0,60.0,April 2026,0,1,5.071165793836288,2022.0,3.0,43.0,0.0,0.0,-60.0,30.0,24.0,19.0,-6.0,1.0,125.0,-65.0
1271,Upgradation of Nasrullagani-Rehti-Budhni Scction to 2-lane with paved shoulder from Km 0150 to Km 50500 of NH-146B in the state of Madhya Pradesh on EPC mode.,MoRTH,618085,N24001963,-,Madhya Pradesh,2021-12-01,2023-04-01,2024-10-01,2026-06-01,305.12,293.74,0.0,78.0,April 2026,0,1,5.72397718194172,2021.0,12.0,34.0,0.0,0.0,-78.0,36.0,18.0,16.0,-18.0,1.0,200.0,-122.0
1272,"Construction of Kasrawad bypass, Selani bypass, Khargone bypass & Bistan bypass Total length. 31.950 km Section of NH-347 C to Two lane with paved shoulder configuration in the State of Madhya Pradesh on EPC mode.",MoRTH,618129,-,-,Madhya Pradesh,2023-03-01,2024-12-01,2026-12-01,2026-12-01,467.93,467.93,0.0,86.03,April 2026,0,0,6.1504535035754895,2023.0,3.0,45.0,0.0,0.0,-86.03,16.0,24.0,21.0,8.0,0.0,66.66666666666666,19.363333333333344
1273,"Construction of Morena bypass, Ambah bypass & Porsa bypass Totat length 27.16 km Section of NH-552 Ext. to TWo lane with paved shoulder configuration in the state of Madhya Pradesh on EPC mode",MoRTH,618156,-,-,Madhya Pradesh,2023-02-01,2024-10-01,2026-10-01,2026-10-01,492.66,492.66,0.0,69.25,April 2026,0,0,6.201847021119578,2023.0,2.0,44.0,0.0,0.0,-69.25,18.0,24.0,20.0,6.0,0.0,75.0,-5.75
1274,Construction of Ater realignment & Bhind bypass Total length. 21.50 km Section of NH-552Extn. to Two lane with paved shoulder configuration in the State of Madhya Pradesh on EPC mode.,MoRTH,618157,-,-,Madhya Pradesh,2023-03-01,2024-12-01,2026-06-01,2026-12-01,348.06,348.06,0.0,68.41,April 2026,0,1,5.8552438271966905,2023.0,3.0,39.0,0.0,0.0,-68.41,16.0,18.0,21.0,2.0,0.0,88.88888888888889,-20.47888888888889
1275,"Upgradation of Goras to Shyampur Road section of NH-552 Ext., from Design Chainge 48.400 to 111.800 Km Total length 63.40 km to two lane with paved shoulder configuration along with One time improvement of 8.91 km in the state of Madhya Pradesh on EPC mode",MoRTH,618158,-,-,Madhya Pradesh,2023-03-01,2024-12-01,2026-12-01,2026-12-01,416.96,416.96,0.0,13.11,April 2026,0,0,6.03538573416591,2023.0,3.0,45.0,0.0,0.0,-13.11,16.0,24.0,21.0,8.0,0.0,66.66666666666666,-53.55666666666666
1276,Construction of Two lane with paved shoulder configuration of Shujalpur Bypass section of NH-752C from km 33100 Design to km. 42570 Design total design length 10.470 km in the State of Madhya Pradesh on EPC mode.,MoRTH,618170,-,-,Madhya Pradesh,2023-03-01,2024-03-01,2025-09-01,2026-12-01,214.07,214.07,0.0,40.3,April 2026,0,1,5.370963556532891,2023.0,3.0,30.0,0.0,0.0,-40.3,25.0,18.0,12.0,-7.0,1.0,138.88888888888889,-98.58888888888889
1277,"Work of Upgradation of Jirapur-Pachore Road including Pachore, Jirapur, Chhapiheda & Khujner Bypasses from 0000 to 58790 Design Length 58.79 Km section of NH-752C to 2LPS in the State of Madhya Pradesh under EPC mode",MoRTH,618171,-,-,Madhya Pradesh,2022-03-01,2024-01-01,2026-01-01,2026-10-01,352.69,352.69,0.0,47.29,April 2026,0,1,5.868420823264403,2022.0,3.0,46.0,0.0,0.0,-47.29,27.0,24.0,22.0,-3.0,1.0,112.5,-65.21000000000001
1278,Bypass on Western side of Gwalior City,National Highways Authority of India [NHAI],618619,-,-,Madhya Pradesh,2025-03-01,2026-01-01,2028-01-01,2028-01-01,998.95,998.95,20.06,0.0,April 2026,0,0,6.907705277732095,2025.0,3.0,34.0,3.0473755067058295,0.020081085139396364,2.0081085139396366,3.0,24.0,10.0,21.0,0.0,12.5,-12.5
1279,"Additional works 2VUPs, MR-10 junction flyover and underpass in Six lane Indore- Dewas section of NH-52 in the state of Madhya Pradesh on EPC Mode",National Highways Authority of India [NHAI],618620,-,-,Madhya Pradesh,2022-08-01,2023-01-01,2024-07-01,2026-12-01,207.77,211.27,122.83,76.77,April 2026,1,1,5.3412331675248685,2022.0,8.0,23.0,4.818909657227008,0.5911825576358473,-17.65174423641527,39.0,18.0,5.0,-21.0,1.0,216.66666666666666,-139.89666666666665
1280,Indore - Edlabad Pkg-II [Tejajinagar to Balwara],National Highways Authority of India [NHAI],618621,N24002070,10445,Madhya Pradesh,2022-03-01,2023-01-01,2025-01-01,2026-10-01,1162.8,1530.82,527.99,84.8,April 2026,1,1,7.0594457922225695,2022.0,3.0,34.0,6.270969528087942,0.45406776745786037,-39.39322325421396,39.0,24.0,10.0,-15.0,1.0,162.5,-77.7
1281,4L of Indore - Boregaon Pkg-III [Balwara to Dhangaon] from km. 42.260 to km. 82.660 of NH347BG & 753L,National Highways Authority of India [NHAI],618622,N24001767,10446,Madhya Pradesh,2021-01-01,2022-04-01,2024-04-01,2026-07-01,1001.69,888.81,698.97,89.0,April 2026,0,1,6.9104416674074445,2021.0,1.0,39.0,6.551037476982154,0.6977907336601143,-19.22092663398857,48.0,24.0,15.0,-24.0,1.0,200.0,-111.0
1282,4L Boregaon Buzurg to Shahpur Pkg I of Boregaon Buzurg to Muktainagar of NH 753L,National Highways Authority of India [NHAI],618623,-,10447,Madhya Pradesh,2022-11-01,2024-02-01,2026-01-01,2026-07-01,1504.37,1132.34,501.44,86.2,April 2026,0,1,7.316793994143591,2022.0,11.0,38.0,6.219476229819052,0.3333222544985609,-52.86777455014391,26.0,23.0,15.0,-3.0,1.0,113.04347826086956,-26.84347826086956
1283,Indore - Gujarat / MP Border from km. Km 9.500 to Km 171.000 of NH-59 in MP,National Highways Authority of India [NHAI],618625,-,-,Madhya Pradesh,2009-12-01,2010-08-01,2013-02-01,2026-05-01,1175.0,217.22,14.04,99.93,April 2026,0,1,7.069874128458572,2009.0,12.0,38.0,2.7107133185216936,0.011948936170212766,-98.73510638297873,188.0,30.0,8.0,-158.0,1.0,626.6666666666666,-526.7366666666667
1284,4L Greenfield Rudhi to Deshgaon Pkg V of Betul-Khandwa/Deshgaon,National Highways Authority of India [NHAI],618654,N24001967,-,Madhya Pradesh,2022-11-01,2023-10-01,2025-10-01,2026-09-01,521.21,469.68,196.17,63.62,April 2026,0,1,6.2580698058327275,2022.0,11.0,35.0,5.284066300778177,0.37637420617409484,-25.982579382590515,30.0,24.0,11.0,-6.0,1.0,125.0,-61.38
1285,2L PS of Roshni to Ashapur Section of NH-347B from Design KM Ch. 89.900 to 114.000 KM Package III of Betul Khandwa,National Highways Authority of India [NHAI],618655,-,-,Madhya Pradesh,2024-03-01,2024-08-01,2026-08-01,2026-08-01,200.99,120.75,109.85,85.42,April 2026,0,0,5.308218191225299,2024.0,3.0,29.0,4.70817793606232,0.5465446042091646,-30.765539579083537,20.0,24.0,5.0,4.0,0.0,83.33333333333334,2.086666666666659
1286,4L from km 0.000 to 42.040 Bhopal Ratnaigiri Tiraha to Vidisha Morikodi,National Highways Authority of India [NHAI],618661,-,10468,Madhya Pradesh,2024-10-01,2025-11-01,2027-11-01,2027-11-01,1032.3,1038.18,44.78,8.96,April 2026,1,0,6.94051284322031,2024.0,10.0,37.0,3.8238473145244205,0.043378862733701444,-4.622113726629856,5.0,24.0,13.0,19.0,0.0,20.833333333333336,-11.873333333333335
1287,4L Vidisha Gyaraspur section of NH-146 from Design Chainage km 59475 existing chainage km 81240 to Design Chainage km 88361 existing chainage km 110.315,National Highways Authority of India [NHAI],618662,-,12086,Madhya Pradesh,2024-10-01,2026-03-01,2028-03-01,2028-03-01,980.2,980.2,0.81,1.7,April 2026,0,0,6.888776312384334,2024.0,10.0,41.0,0.5933268452777344,0.0008263619669455213,-1.6173638033054478,1.0,24.0,17.0,23.0,0.0,4.166666666666666,-2.466666666666666
1288,i 4L Vidisha to Hinotiya from km 0.000 to Km 27.000 Vidisha Mehulwa-Talbehat Pkg- I Section of NH- 346 and ii 4L Vidisha to Morikori from Km 39.000 to 59.476 section of NH-146,National Highways Authority of India [NHAI],618663,N24002077,10469,Madhya Pradesh,2022-09-01,2023-12-01,2025-12-01,2026-05-01,1003.87,941.12,384.59,83.34,April 2026,0,1,6.912613458892494,2022.0,9.0,39.0,5.95477462879015,0.38310737446083654,-45.02926255391635,28.0,24.0,15.0,-4.0,1.0,116.66666666666667,-33.32666666666667
1289,Berkhedi to Godpehra on NH-44 Sagar link road,National Highways Authority of India [NHAI],618664,N24001614,-,Madhya Pradesh,2022-02-01,2022-11-01,2024-11-01,2026-06-01,524.84,471.31,368.56,88.0,April 2026,0,1,6.264996983955321,2022.0,2.0,33.0,5.912313108802544,0.7022330615044584,-17.776693849554164,41.0,24.0,9.0,-17.0,1.0,170.83333333333331,-82.83333333333331
1290,4L of Sagar - Mohari from Km.8 to Km.50 Pkg-I,National Highways Authority of India [NHAI],618665,N24001615,10470,Madhya Pradesh,2021-03-01,2022-04-01,2024-04-01,2026-05-01,790.78,660.38,454.77,98.64,April 2026,0,1,6.674283575449255,2021.0,3.0,37.0,6.121988296304084,0.575090417056577,-41.1309582943423,48.0,24.0,13.0,-24.0,1.0,200.0,-101.36
1291,4- Laning of Mohari to Satai Ghat section NH-934 from Km 50300 to Km 89875 Total length 39.575 km Package-2 in the State of Madhya Pradesh on EPC Mode,National Highways Authority of India [NHAI],618666,-,10471,Madhya Pradesh,2022-08-01,2024-08-01,2026-08-01,2026-08-01,710.92,539.08,431.99,87.65,April 2026,0,0,6.567965545548606,2022.0,8.0,48.0,6.070714633047582,0.6076492432341192,-26.885075676588087,20.0,24.0,24.0,4.0,0.0,83.33333333333334,4.316666666666663
1292,4L of near Satai Ghat to Chowka section of NH-34 from D. Ch. 89.875 to D. Ch. 145.000 Package-3,National Highways Authority of India [NHAI],618667,-,10472,Madhya Pradesh,2024-10-01,2025-10-01,2027-10-01,2026-10-01,1005.59,882.21,111.76,20.84,April 2026,0,0,6.914323659860169,2024.0,10.0,36.0,4.7252616662459115,0.11113873447428872,-9.726126552571127,6.0,24.0,12.0,18.0,0.0,25.0,-4.16
1293,4-lanning of Rahatgarh to Berkhedi section of NH-146 from Design Ch 124470 to Ch. 134.549,National Highways Authority of India [NHAI],618671,-,-,Madhya Pradesh,2025-03-01,2025-12-01,2027-12-01,2027-12-01,618.33,342.69,5.01,5.08,April 2026,0,0,6.428638248559866,2025.0,3.0,33.0,1.7934247485471162,0.00810246955509194,-4.269753044490806,4.0,24.0,9.0,20.0,0.0,16.666666666666664,-11.586666666666664
1294,4-lanning of Gyaraspur to Rahatgarh section of NH-146 from Design Ch. 88361 to Ch 124470 in the state of MP on HAM mode,National Highways Authority of India [NHAI],618672,-,10475,Madhya Pradesh,2024-10-01,2025-11-01,2027-11-01,2027-11-01,903.44,592.44,104.59,25.02,April 2026,0,0,6.807315967643379,2024.0,10.0,37.0,4.659563669818423,0.11576861772779598,-13.443138227220402,5.0,24.0,13.0,19.0,0.0,20.833333333333336,4.186666666666664
1295,Outer Ring Road of Jabalpur Town from Manegaon to NH-45 Pkg-2,National Highways Authority of India [NHAI],618684,-,10486,Madhya Pradesh,2022-11-01,2024-03-01,2026-03-01,2026-10-01,917.26,786.47,492.01,74.56,April 2026,0,1,6.8224805749209025,2022.0,11.0,40.0,6.200529457812633,0.5363909905588383,-20.92090094411617,25.0,24.0,16.0,-1.0,1.0,104.16666666666667,-29.60666666666667
1296,Outer Ring Road of Jabalpur Town from NH45 to Kushner Pkg-3,National Highways Authority of India [NHAI],618685,-,10487,Madhya Pradesh,2022-09-01,2024-03-01,2026-03-01,2026-05-01,911.24,773.23,495.48,77.0,April 2026,0,1,6.815903113349103,2022.0,9.0,42.0,6.20754320070007,0.5437425925113033,-22.625740748869667,25.0,24.0,18.0,-1.0,1.0,104.16666666666667,-27.16666666666667
1297,Outer Ring Road of Jabalpur Town from Kushner to Amjhar Road including Airport Connectivity Pkg-IV,National Highways Authority of India [NHAI],618686,-,10488,Madhya Pradesh,2022-08-01,2024-03-01,2026-03-01,2026-06-01,612.94,509.82,327.15,76.1,April 2026,0,1,6.419897203502538,2022.0,8.0,43.0,5.793470820919731,0.5337390282898815,-22.726097171011844,25.0,24.0,19.0,-1.0,1.0,104.16666666666667,-28.066666666666677
1298,Outer Ring Road of Jabalpur Town from Barela to Manegaon Pkg-1,National Highways Authority of India [NHAI],618687,N24002068,10489,Madhya Pradesh,2022-09-01,2023-03-01,2025-03-01,2026-05-01,652.33,651.88,468.6,88.0,April 2026,0,1,6.482082361502622,2022.0,9.0,30.0,6.151881268513887,0.7183480753606304,-16.16519246393696,37.0,24.0,6.0,-13.0,1.0,154.16666666666669,-66.16666666666669
1299,Outer Ring Road of Jabalpur Town from Amjhar Road including Airport Connectivity to barela Pkg-V,National Highways Authority of India [NHAI],618688,-,10490,Madhya Pradesh,2024-10-01,2025-10-01,2027-10-01,2027-10-01,794.7,539.9,69.33,25.12,April 2026,0,0,6.679222230383489,2024.0,10.0,36.0,4.2531984503199265,0.08724046810117024,-16.395953189882977,6.0,24.0,12.0,18.0,0.0,25.0,0.120000000000001
1300,Indore - Harda Pkg-I [Indore to Raghav Garh from km. 0.25 to km. 26.903],National Highways Authority of India [NHAI],618694,N24001766,10495,Madhya Pradesh,2022-01-01,2022-11-01,2024-10-01,2026-06-01,1011.29,813.03,416.8,91.73,April 2026,0,1,6.919970370061396,2022.0,1.0,33.0,6.035002849122465,0.4121468619288236,-50.51531380711764,41.0,23.0,10.0,-18.0,1.0,178.26086956521738,-86.53086956521737
1301,Indore - Harda Pkg-III [Nanasa to Pidgaon Section from km 95.000 to km 142.445],National Highways Authority of India [NHAI],618695,N24001762,10496,Madhya Pradesh,2020-01-01,2021-10-01,2023-10-01,2026-05-01,1146.22,1240.64,626.01,98.21,April 2026,1,1,7.045096903445133,2020.0,1.0,45.0,6.4409624894690545,0.5461516986267907,-43.594830137320926,54.0,24.0,21.0,-30.0,1.0,225.0,-126.79
1302,Balance work of 4L of Nauradehi Sanctuary de-scoped stretch of Hiran River to Sindoor River from Km. 66.00 to 130.00 NH-12 New NH-45,National Highways Authority of India [NHAI],618701,N24002067,-,Madhya Pradesh,2021-01-01,2021-07-01,2023-07-01,2024-04-01,178.18,153.15,142.2,57.14,April 2026,0,1,5.188390887169432,2021.0,1.0,30.0,4.964242254526545,0.798069368054776,22.666936805477604,57.0,24.0,6.0,-33.0,1.0,237.5,-180.36
1303,4L of Chandesara to Khedakhajuriya from Km. 0.000 to - 750 & Km 0.000 to km 41.400 of NH-148NG Pkg-I,National Highways Authority of India [NHAI],618735,N24001759,10525,Madhya Pradesh,2021-12-01,2022-09-01,2024-05-01,2026-05-01,909.84,976.55,436.44,99.0,April 2026,1,1,6.814367250660464,2021.0,12.0,29.0,6.080939553535584,0.4796887364811395,-51.031126351886044,43.0,20.0,9.0,-23.0,1.0,215.0,-116.0
1304,2L PS of Hinotiya-Mehulwa section of NH-346 from Km. 27.000 to Km 75.700 Vidisha Mehulwa-Talbehat Pkg-II Section of NH- 346,National Highways Authority of India [NHAI],618751,N24001921,10537,Madhya Pradesh,2022-10-01,2023-09-01,2025-09-01,2027-01-01,581.65,592.71,243.28,69.04,April 2026,1,1,6.367586663019273,2022.0,10.0,35.0,5.498315108354934,0.41825840281956506,-27.214159718043504,31.0,24.0,11.0,-7.0,1.0,129.16666666666669,-60.12666666666668
1305,Itarsi Km. 63.000 to Betul Km. 137.000 of NH-69 in Madhya Pradesh,National Highways Authority of India [NHAI],618762,-,10544,Madhya Pradesh,2017-08-01,2018-02-01,2020-02-01,2026-05-01,950.27,788.33,397.17,100.0,April 2026,0,1,6.857797933922023,2017.0,8.0,30.0,5.986879049766354,0.4179548970292654,-58.20451029707346,98.0,24.0,6.0,-74.0,1.0,408.3333333333333,-308.3333333333333
1306,Balance works of 4 lane divided carriageway of Missing Link section of NH-39 Rewa Bypass from junction with NH 30 near Bela to Junction with MPRDC ring road near Silpara on SH 9 design length 13.100 km on EPC Mode under Bharatmala Pariyojana in the State of Madhya Pradesh,National Highways Authority of India [NHAI],618784,-,-,Madhya Pradesh,2023-08-01,2024-04-01,2026-04-01,2026-10-01,355.36,355.36,208.94,84.44,April 2026,0,1,5.875941455852443,2023.0,8.0,32.0,5.346821775607651,0.5879671319225573,-25.64328680774426,24.0,24.0,8.0,0.0,0.0,100.0,-15.560000000000002
1307,Construction of 6 lane Indore western bypass from km 0000 to Km 34000 Pkg -l in the State of Madhya Pradesh on Hybrid Annuity Mode under NHO,National Highways Authority of India [NHAI],618932,-,-,Madhya Pradesh,2024-02-01,2026-01-01,2027-12-01,2027-12-01,1534.7,1472.68,307.46,10.07,April 2026,0,0,7.336741582131647,2024.0,2.0,46.0,5.731592175295468,0.20033882843552483,9.963882843552483,3.0,23.0,23.0,20.0,0.0,13.043478260869565,-2.9734782608695642
1308,Construction of 6 lane Indore western bypass from km 34000 to Km 64000 Pkg-II in the state of Madhya Pradesh on Hybrid Annuity Mode under NHO,National Highways Authority of India [NHAI],618933,-,11878,Madhya Pradesh,2024-03-01,2026-03-01,2028-03-01,,1430.56,1430.56,8.62,0.0,April 2026,0,-1,7.266520037735943,2024.0,3.0,48.0,2.263844264677615,0.006025612347612124,0.6025612347612124,1.0,24.0,24.0,23.0,0.0,4.166666666666666,-4.166666666666666
1309,4L of Budhni to Shahganj Bypass End Package-III of NH-146B from Km. 73.750 to Km. 102.000,National Highways Authority of India [NHAI],618962,-,10695,Madhya Pradesh,2024-03-01,2025-08-01,2027-08-01,2027-05-01,1102.97,770.21,65.45,18.4,April 2026,0,0,7.0066680525547795,2024.0,3.0,41.0,4.196449785159254,0.05933978258701506,-12.466021741298492,8.0,24.0,17.0,16.0,0.0,33.33333333333333,-14.93333333333333
1310,Construction work of 4-laning of Shahganj bypass end to Badi Package-IV of NH-146B from design km 102.000 to design km 142.357 Design length 40.357 km,National Highways Authority of India [NHAI],618963,-,10696,Madhya Pradesh,2024-02-01,2025-03-01,2027-03-01,2027-03-01,784.14,836.64,317.58,42.83,April 2026,1,0,6.665862045830061,2024.0,2.0,37.0,5.763873620866492,0.4050042084321677,-2.3295791567832254,13.0,24.0,13.0,11.0,0.0,54.166666666666664,-11.336666666666666
1311,4 Laning of Sandalpur to Nasrullaganj Pkg-1 section of NH-146B Length 43.2 Km.,National Highways Authority of India [NHAI],618964,-,-,Madhya Pradesh,2025-03-01,2026-01-01,2028-01-01,2028-01-01,1425.98,1425.98,66.78,8.02,April 2026,0,0,7.2633156019616605,2025.0,3.0,34.0,4.2162671661789055,0.046830951345741174,-3.3369048654258817,3.0,24.0,10.0,21.0,0.0,12.5,-4.48
1312,Six laning with both sides Service Road of Ayodhya Bypass from Design Km 0000 near Ashram Tiraha on NH-46 to Km 16439 end at Ratnagiri Tiraha on Nh-146,National Highways Authority of India [NHAI],618966,-,10697,Madhya Pradesh,2024-02-01,2025-08-01,2027-08-01,2027-08-01,1123.17,1103.22,94.69,15.72,April 2026,0,0,7.024800264568783,2024.0,2.0,42.0,4.561113799791172,0.08430602669230837,-7.289397330769164,8.0,24.0,18.0,16.0,0.0,33.33333333333333,-17.61333333333333
1313,Upgradation of Sarvardewla to Pal MP/MH Border Road section of NH-347 C from Design Chainge km 81.600 to 137.400 Total length 55.80 km to two lane with paved shoulder configuration along with One time improvement of 1 .95 km in the State of Madhya Pradesh on EPC mode.,MoRTH,619007,-,-,Madhya Pradesh,2023-03-01,2026-01-01,2028-01-01,,461.23,461.23,0.0,0.0,April 2026,0,-1,6.136062602700595,2023.0,3.0,58.0,0.0,0.0,0.0,3.0,24.0,34.0,21.0,0.0,12.5,-12.5
1314,Dhangaon - Borgaon section km 81.000 to km 139.000 [Indore - Edlabad Pkg IV],National Highways Authority of India [NHAI],619100,-,11778,Madhya Pradesh,2020-01-01,2021-08-01,2023-08-01,2026-06-01,866.0,1185.04,638.17,99.8,April 2026,1,1,6.7650389767805414,2020.0,1.0,43.0,6.460170459683562,0.7369168591224018,-26.108314087759823,56.0,24.0,19.0,-32.0,1.0,233.33333333333334,-133.53333333333336
1315,Indore - Harda Pkg-II [Raghavgarh to Nanasa from km. 29.30 to km. 92.30],National Highways Authority of India [NHAI],619114,-,11787,Madhya Pradesh,2023-01-01,2024-03-01,2026-03-01,2026-12-01,1081.51,1146.63,356.17,40.25,April 2026,1,1,6.9870376977092645,2023.0,1.0,38.0,5.878211858913125,0.32932658967554623,-7.317341032445377,25.0,24.0,14.0,-1.0,1.0,104.16666666666667,-63.91666666666667
1316,Construction of 6 lane flyover from Khapari ROB to Mihan Interchange design chainage km 8760 to 11450 L- 2.69 km and upgradation of existing 4L PS road to 6LPS with service road by flexible pavement design chainage km 11450 to 14500 L- 3.05 [total project length 5.74 km] in section of Nagpur - Hyderabad NH-44 Old NH-7 in Nagpur district in the state of Maharashtra on HAM mode.,MoRTH,617912,-,10136,Maharashtra,2024-03-01,2025-10-01,2027-10-01,2027-10-01,619.55,619.55,0.0,6.05,April 2026,0,0,6.43060618157553,2024.0,3.0,43.0,0.0,0.0,-6.05,6.0,24.0,19.0,18.0,0.0,25.0,-18.95
1317,"Construction of 4 Lane Flyover at Nagpur RTO Chowk To Nagpur University Campus from Ch 2/250 to 5/100 and 4 lane flyover at wadi/midc junction from km 8/360 to km, 10/300 on NH 53 in state of Maharashtra.",MoRTH,617917,N24001883,-,Maharashtra,2021-03-01,2022-03-01,2024-03-01,2025-04-01,478.83,490.52,0.0,95.0,April 2026,1,1,6.173431874503444,2021.0,3.0,36.0,0.0,0.0,-95.0,49.0,24.0,12.0,-25.0,1.0,204.16666666666666,-109.16666666666666
1318,Construction of New Four Lane Bypass to Parbhani City Parwa to Asola Km 463/265 to Km 481/180 Design Ch. 19220 to Ch. 34434 Length-15.214 Km section of NH-61 on EPC mode in the State of Maharashtra.,MoRTH,617932,N24001882,-,Maharashtra,2022-03-01,2023-07-01,2024-10-01,2026-06-01,496.64,496.64,0.0,70.14,April 2026,0,1,6.2098769240462905,2022.0,3.0,31.0,0.0,0.0,-70.14,33.0,15.0,16.0,-18.0,1.0,220.00000000000003,-149.86
1319,Up-gradation to four lane/ Two lane with paved shoulders configuration of Kalyan - Murbad - Malshej Ghat - Nirmal Road NH- 61 km 15/200 to Km 38/00 and from Km. 58/00 to Km 84/00 Design length 48.58 km of NH-61 on EPC Mode in Thane District in the state of Maharashtra,MoRTH,617933,N24002174,10141,Maharashtra,2023-02-01,2024-03-01,2026-08-01,2026-08-01,984.07,984.07,0.0,100.0,April 2026,0,0,6.892712704636869,2023.0,2.0,42.0,0.0,0.0,-100.0,25.0,29.0,13.0,4.0,0.0,86.20689655172413,13.793103448275872
1320,Nasratpur to Barasgaon section of NH-61 2L / 4L PS from Km.514/00 to 558/200,MoRTH,617934,N24001112,-,Maharashtra,2017-07-01,2017-09-01,2019-09-01,2026-06-01,406.54,406.54,0.0,95.84,April 2026,0,1,6.0101390873727905,2017.0,7.0,26.0,0.0,0.0,-95.84,103.0,24.0,2.0,-79.0,1.0,429.1666666666667,-333.3266666666667
1321,Udgir Raavi Degloor Aadampur phata to Sagroli fata,MoRTH,617937,-,12150,Maharashtra,2024-11-01,2026-04-01,2028-04-01,,809.77,809.77,0.0,0.0,April 2026,0,-1,6.69798441339997,2024.0,11.0,41.0,0.0,0.0,0.0,0.0,24.0,17.0,24.0,0.0,0.0,0.0
1322,Rehabilitation And Upgradation to four lane with paved shoulder configuration from km 24350 to km 61875 Jawale - Borgaon Kale of NH-63 in the State of Maharashtra on EPC mode under Annual Plan 2024-25 Total length - 37.525 Km.,MoRTH,617938,-,10142,Maharashtra,2024-12-01,2025-09-01,2027-03-01,2027-03-01,574.18,574.18,0.06,10.0,April 2026,0,0,6.354683035287725,2024.0,12.0,27.0,0.05826890812397577,0.00010449684767842837,-9.989550315232156,7.0,18.0,9.0,11.0,0.0,38.88888888888889,-28.888888888888893
1323,Kashedi ghat tunnel NH-66 [Bhogaon Khurd - Kashedi section] 4 lanes under NHDP on EPC mode,MoRTH,617944,N24001132,10146,Maharashtra,2018-09-01,2018-10-01,2021-04-01,2021-04-01,680.43,701.46,0.0,98.37,April 2026,1,0,6.524193531260934,2018.0,9.0,31.0,0.0,0.0,-98.37,90.0,30.0,1.0,-60.0,1.0,300.0,-201.63
1324,Balance work of NH-66 from design Km 84/00 to Km 87/100 Indapur Bypass and Km 91/600 to Km 99/100 Mangaon Bypass to four lane with paved shoulder in State of Maharashtra under NHO on EPC Mode.,MoRTH,617945,-,-,Maharashtra,2025-03-01,2025-10-01,2027-04-01,2027-04-01,354.21,354.21,0.0,52.09,April 2026,0,0,5.872709163874876,2025.0,3.0,25.0,0.0,0.0,-52.09,6.0,18.0,7.0,12.0,0.0,33.33333333333333,18.756666666666675
1325,Kashedi to Parshuram Ghat section of NH-66 from Km 161/600 - Km 205/400 - 4L PS,MoRTH,617946,N24000584,10147,Maharashtra,2016-03-01,2018-02-01,2020-02-01,2025-12-01,1142.62,1142.62,0.0,97.5,April 2026,0,1,7.041953948927621,2016.0,3.0,47.0,0.0,0.0,-97.5,98.0,24.0,23.0,-74.0,1.0,408.3333333333333,-310.8333333333333
1326,Arawali Kante section of NH-17New NH-66 4L PS from Km.241/300 to 281/300,MoRTH,617947,N24000585,10148,Maharashtra,2016-03-01,2017-11-01,2019-11-01,2026-03-01,1006.99,1443.09,0.0,80.06,April 2026,1,1,6.915713527947183,2016.0,3.0,44.0,0.0,0.0,-80.06,101.0,24.0,20.0,-77.0,1.0,420.8333333333333,-340.7733333333333
1327,Kante - Wakad section of NH-66 4L PS from Km.281/300 to 332/200,MoRTH,617948,N24001134,10149,Maharashtra,2016-03-01,2017-11-01,2019-11-01,2025-11-01,1117.75,2020.56,287.96,90.14,April 2026,1,1,7.019967269589065,2016.0,3.0,44.0,5.666288270228621,0.25762469246253633,-64.37753075374637,101.0,24.0,20.0,-77.0,1.0,420.8333333333333,-330.6933333333333
1328,Kopargaon to Savali Vihir section,MoRTH,617965,N24001904,-,Maharashtra,2022-06-01,2023-01-01,2024-07-01,2026-06-01,195.38,195.38,0.0,80.0,April 2026,0,1,5.280051557741144,2022.0,6.0,25.0,0.0,0.0,-80.0,39.0,18.0,7.0,-21.0,1.0,216.66666666666666,-136.66666666666666
1329,"Rehabilitation, upgradation & widening of existing highway to 2L/4LPS Rigid Pavement of NH 160 section- Phaltan to Mhaishal near Karnataka Border including Tasgaon Bypass, from existing chainage Km 301/430 to Km 458/415 in the State of Maharashtra- Package-II & Package III combined- starting from existing chainage Km 341/300 to Km 394/130 and design chainage Km 340/250 at Dahiwadi Village to Km 392/950 ending at Vita Village in the State of Maharashtra on EPC Mode.",MoRTH,617978,-,10155,Maharashtra,2024-03-01,2025-05-01,2027-05-01,2027-05-01,631.76,631.76,187.58,74.54,April 2026,0,0,6.450091203330379,2024.0,3.0,38.0,5.239522320037532,0.2969165505888312,-44.848344941116885,11.0,24.0,14.0,13.0,0.0,45.83333333333333,28.706666666666678
1330,"Rehabilitation, upgradation & widening of existing highway to 2L/4LPS Rigid Pavement of NH 160 section- Phaltan to Mhaisal near Karnataka Border including Tasgaon Bypass, from existing chainage Km 301/430 to Km 458/415 in the State of Maharashtra. Package-I starting from existing chainage Km 301/430 at Phaltan Village Junction of Phaltan Baramati Road Design Chainage -301/430km & ending at existing chainage Km 341/300 Dahiwadi Village Bus Stop Design chainage Km 340466km in the S",MoRTH,617979,-,10156,Maharashtra,2024-03-01,2025-05-01,2027-05-01,2026-11-01,533.76,533.76,0.0,68.95,April 2026,0,0,6.281818048114922,2024.0,3.0,38.0,0.0,0.0,-68.95,11.0,24.0,14.0,13.0,0.0,45.83333333333333,23.116666666666674
1331,"Rehabilitation/ Upgradation of existing Highway to four lane standards in Kurkheda town from km.413257 to km 410775, Two lane in Shankarpur Gurnuli km 42400 to km 43100 section and Reconstruction of Major Bridge at Ch. 448558 Bhuti Nallah and Ch. 411695 Sati River bridge, Minor Bridge at Ch. 411477 and Ch. 405800 Lendhari Bridge of NH 543 Bhamhapuri-wadsa-kurkheda-korchi-Deori-Amgaon road on EPC mode in the State of Maharashtra",MoRTH,618042,N24002170,-,Maharashtra,2022-03-01,2023-11-01,2025-05-01,2026-03-01,163.86,163.86,0.0,42.78,April 2026,0,1,5.105096628885081,2022.0,3.0,38.0,0.0,0.0,-42.78,29.0,18.0,20.0,-11.0,1.0,161.11111111111111,-118.33111111111111
1332,Rehabilitation & Up-gradation of Sabalkhed to Ashti Section from Km 37900 to Km 55100 & Chinchpur to Jamkhed Section from km 70000 to km 72922 of NH-561 to Two lane with Paved shoulder/ Four lane configuration in the State of Maharashtra on EPC Mode Length20.122km.,MoRTH,618046,N24001902,-,Maharashtra,2022-03-01,2023-04-01,2024-09-01,,213.33,213.33,0.0,95.88,April 2026,0,-1,5.367516883349041,2022.0,3.0,30.0,0.0,0.0,-95.88,36.0,17.0,13.0,-19.0,1.0,211.76470588235296,-115.88470588235296
1333,"Widening, Reconstruction & Up-gradation to 2 lane with Paved Shoulder/Four Lane configuration for the work of Ahmednagar to Sabalkhed & Ashti to Chinchpur Section of NH-561 from Design km 2915 to km 37728 & Design km 55100 to km 70000 in the State of Maharashtra on EPC mode. Length 49.713 km",MoRTH,618047,-,10168,Maharashtra,2024-03-01,2025-05-01,2027-05-01,2027-05-01,657.16,657.16,0.0,72.2,April 2026,0,0,6.489448062860675,2024.0,3.0,38.0,0.0,0.0,-72.2,11.0,24.0,14.0,13.0,0.0,45.83333333333333,26.366666666666674
1334,Up-gradation to 2/4 lane with paved shoulder configuration of NH-652 from Tuljapur Naldurg-Akkalkot road Chainage from Km. 00.000 to km 30.982 in the State of Maharashtra on EPC mode.,MoRTH,618049,-,-,Maharashtra,2024-03-01,2025-01-01,2026-07-01,2026-07-01,183.41,183.41,64.87,95.0,April 2026,0,0,5.217161539587027,2024.0,3.0,28.0,4.187683102652602,0.35368845755411377,-59.63115424458862,15.0,18.0,10.0,3.0,0.0,83.33333333333334,11.666666666666657
1335,Construction of four-lane Concrete Road from Police Headquarter Gondia City to Rawanwadi Village Birsi Airport Junction from design km 0.000 to km 15.781 existing km 39/720 of NH-753 to existing Km 8/400 of NH 543 on sections from Kohmara- Goregaon- Police HeadquarterKaranja - Collector Office Square - Balaghat T Point- Rawanwadi- Rajegaon of NH-753 and NH-543 in Gondia District in the state of Maharashtra. Total Length of the project 15.781 Km.,MoRTH,618059,N24002175,-,Maharashtra,2023-02-01,2024-02-01,2025-08-01,2026-07-01,328.11,328.11,0.0,34.15,April 2026,0,1,5.796392041388594,2023.0,2.0,30.0,0.0,0.0,-34.15,26.0,18.0,12.0,-8.0,1.0,144.44444444444443,-110.29444444444442
1336,"Strengthening, Widening & Up-gradation of newly declared NH-761 from NH- 61Junction-BelheAlkutiDevibhoyareNighojShirur, from Design chainage Km 0.000 to Km 37.970 from Single/Intermediate/2L to 2LPS in the State of Maharashtra on EPC Mode Length 37.970 Km",MoRTH,618061,-,-,Maharashtra,2024-03-01,2025-03-01,2026-09-01,2026-09-01,386.16,386.16,30.86,56.86,April 2026,0,0,5.9588380442808875,2024.0,3.0,30.0,3.4613513044819024,0.07991506111456391,-48.86849388854361,13.0,18.0,12.0,5.0,0.0,72.22222222222221,-15.362222222222215
1337,"Rehabilitation/Upgradation of existing Highway to 2LPS/4 lane of Dhawali to Rajoli from Design Km.149476 to 163476 existing Km.150000 to 164000, Pandhasala to Mohadongri from design Km.170476 to 181476 existing Km.171000 to 182000, Ambeshivni Fata to Bodli from design Km.183476 to 185476 existing Km.184000 to 186000 and Made Tukum to Gadchiroli from design Km.188476 to 189476 existing Km.188000 to 18900 having length 28 km of NH-930 of Dhawali to Gadchroli road in the",MoRTH,618065,N24002169,-,Maharashtra,2022-03-01,2024-03-01,2025-09-01,2026-08-01,316.44,316.44,0.0,31.97,April 2026,0,1,5.7602888240965076,2022.0,3.0,42.0,0.0,0.0,-31.97,25.0,18.0,24.0,-7.0,1.0,138.88888888888889,-106.91888888888889
1338,Nandurshingote to Kolhar,MoRTH,618088,-,-,Maharashtra,2024-09-01,2025-06-01,2026-12-01,2026-12-01,325.79,325.79,9.87,27.0,April 2026,0,0,5.7893177627624635,2024.0,9.0,27.0,2.386006701133118,0.03029558918321618,-23.97044108167838,10.0,18.0,9.0,8.0,0.0,55.55555555555556,-28.555555555555557
1339,Rehabilitation & Up-gradation of Mudkhed to Nanded section from Km. 372000 to Km 388400 of NH 161A i.e. Nanded-Bhokar-Himayatnagar-Kinwat-Mahur-Arani Road Design chainage from Km 372000 Mudkhed to Km 387650 Nanded of NH 161A Length 15.65 Km to 2/4Lane with paved shoulders configuration in the State of Maharashtra on EPC mode.,MoRTH,618089,N24001903,-,Maharashtra,2022-03-01,2023-04-01,2025-04-01,2026-06-01,206.54,206.54,0.0,65.14,April 2026,0,1,5.3353240921771325,2022.0,3.0,37.0,0.0,0.0,-65.14,36.0,24.0,13.0,-12.0,1.0,150.0,-84.86
1340,Sarsam - Kothari of NH-161A - 2L PS from Km.33/00 to 90/00,MoRTH,618090,N24001002,10176,Maharashtra,2017-02-01,2017-06-01,2019-06-01,2025-11-01,545.64,545.64,0.0,97.25,April 2026,0,1,6.303790450472523,2017.0,2.0,28.0,0.0,0.0,-97.25,106.0,24.0,4.0,-82.0,1.0,441.6666666666667,-344.4166666666667
1341,Pen to Khopoli 2LPS,MoRTH,618094,N24001106,-,Maharashtra,2018-03-01,2018-06-01,2019-12-01,2025-12-01,369.39,369.39,323.75,86.3,April 2026,0,1,5.914556504567403,2018.0,3.0,21.0,5.783055655550709,0.8764449497820732,1.3444949782073223,94.0,18.0,3.0,-76.0,1.0,522.2222222222223,-435.9222222222223
1342,Rehabilitation and Up-gradation to 2 lane road with paved shoulders configuration for the balance work of 13 km length on Helwak-Patan-Karad section Km. 85000 to 133 417 of NH-166E in the state of Maharashtra on EPC mode.,MoRTH,618096,-,-,Maharashtra,2024-02-01,2024-10-01,2026-04-01,2026-07-01,181.45,181.45,0.0,87.0,April 2026,0,1,5.206476162882456,2024.0,2.0,26.0,0.0,0.0,-87.0,18.0,18.0,8.0,0.0,0.0,100.0,-13.0
1343,Guhagar - Rampur - 2L-PS - km 0/00 Guhagar to 26/230 Rampur and 40/00 Mirjoli to 53/600 Sati on NH-166E,MoRTH,618097,N24001057,-,Maharashtra,2017-01-01,2017-06-01,2019-06-01,2025-08-01,407.2,407.2,0.0,91.89,April 2026,0,1,6.011757250375744,2017.0,1.0,29.0,0.0,0.0,-91.89,106.0,24.0,5.0,-82.0,1.0,441.6666666666667,-349.7766666666667
1344,"Upgradation of exhisting 2 lane flexible pavement to 2 lane paved shoulders rigid pavement from design chainage Km 66.00 to Design Km 82.440 Start of Kolhapur Municipal corporation near Phulewadi to kale, design length 16.440 Km section on Talere Gaganbawada-Kolhapur road NH 166G in the state of Maharashtra on EPC mode",MoRTH,618098,N24001908,-,Maharashtra,2021-03-01,2022-11-01,2024-05-01,2026-03-01,167.97,167.97,0.0,93.75,April 2026,0,1,5.129721184372558,2021.0,3.0,38.0,0.0,0.0,-93.75,41.0,18.0,20.0,-23.0,1.0,227.77777777777777,-134.02777777777777
1345,"Rehabilitation & up-gradation for Talere Gaganbawada - kolhapur Road NH 166G stretch start from km. 0/00 to Km. 06/00 and km. 13/00 to km 19/440 of NH-166G, length 12.440 km in the State of Maharashtra.",MoRTH,618099,-,-,Maharashtra,2024-03-01,2024-10-01,2026-04-01,2026-04-01,164.13,164.13,98.68,100.0,April 2026,0,0,5.106733042474897,2024.0,3.0,25.0,4.601965055039143,0.6012307317370378,-39.87692682629622,18.0,18.0,7.0,0.0,0.0,100.0,0.0
1346,Strengthening and Widening of road Sakoli- Wadsa-Armori-Gadchiroli-Ashti- Allapalli - Sironcha National highway NH 353C in Km 262/00 to 321/00 including 16 minor Bridges and 2 Major Bridge Total length 59 Km section from repanpalli to sironcha in Gadchiroli Dist in the State of Maharashtra.,MoRTH,618133,N24000983,-,Maharashtra,2021-03-01,2022-06-01,2024-05-01,2026-05-01,280.57,280.57,0.0,61.61,April 2026,0,1,5.640381084517819,2021.0,3.0,38.0,0.0,0.0,-61.61,46.0,23.0,15.0,-23.0,1.0,200.0,-138.39
1347,Rehabilitation /Upgradation from Lagam to Alapalli section Desing Km. 199/400 to km 227/400 Length 28.0 Km to 2 lane with Paved Shoulders/ 4 lane configuration section of NH-353 C Sakoli-Wadsa-Armori-Gadchiroli-Ashti-Alapalli Sironcha in Gadchiroli District on EPC mode in the state of Maharashtra.,MoRTH,618134,-,-,Maharashtra,2023-02-01,2024-09-01,2026-09-01,2026-09-01,459.39,459.39,0.0,69.15,April 2026,0,0,6.132073956368573,2023.0,2.0,43.0,0.0,0.0,-69.15,19.0,24.0,19.0,5.0,0.0,79.16666666666666,-10.016666666666652
1348,Upgradatiobn and Rehabilitation of Section of NH 361 F from Parli 00/000 to Gangakhed 30/400 to Two Lanes with paved shoulder / Four lane configurations on EPC mode in the State of Maharashtra.,MoRTH,618136,N24001537,-,Maharashtra,2021-03-01,2022-02-01,2023-09-01,2026-03-01,224.44,224.44,0.0,91.0,April 2026,0,1,5.4180540481503705,2021.0,3.0,30.0,0.0,0.0,-91.0,50.0,19.0,11.0,-31.0,1.0,263.15789473684214,-172.15789473684214
1349,Rehabilitation and Up-gradation of Jarud - Sirsala section of NH-361F km 59500 to km11500 to Two lane with paved shoulder/ Four Lane in the state of Maharashtra on EPC mode Length 55.5 Km.,MoRTH,618137,-,10189,Maharashtra,2024-03-01,2025-05-01,2027-05-01,2027-05-01,540.35,540.35,95.57,49.89,April 2026,0,0,6.294066019756907,2024.0,3.0,38.0,4.570268133978827,0.17686684556306095,-32.20331544369391,11.0,24.0,14.0,13.0,0.0,45.83333333333333,4.056666666666672
1350,"Widening, Reconstruction & Up-gradation to 2 lane with Paved Shoulder/Four Lane configuration for the work of Sautada to Shirapur Section of NH-561 from Design km 86300 to km 125589 in the state of Maharashtra on EPC mode. Design length 39.289 km",MoRTH,618138,-,-,Maharashtra,2024-03-01,2025-05-01,2026-11-01,2026-11-01,349.57,349.57,0.0,41.13,April 2026,0,0,5.859560401227616,2024.0,3.0,32.0,0.0,0.0,-41.13,11.0,18.0,14.0,7.0,0.0,61.111111111111114,-19.98111111111111
1351,Rehabilitation and Up-gradation of Gangakhed Loha section of NH-361F from Km 169/00 to 210/00 to two lane with paved shoulder/ four lane configuration in the state of Maharashtra on EPC mode Length - 41.00 Km.,MoRTH,618139,-,-,Maharashtra,2024-03-01,2025-04-01,2026-09-01,2026-09-01,355.12,355.12,0.0,43.46,April 2026,0,0,5.87526775270547,2024.0,3.0,30.0,0.0,0.0,-43.46,12.0,17.0,13.0,5.0,0.0,70.58823529411765,-27.12823529411765
1352,Rehabilitation and Up-gradation of i. Deogaon phata to Digras phata Ch. 0/000 to 15/000 & Selu to Borgavhan Ch 20/900 to 35/800 [Length 29.9km] ii. Injegaon Dhamoni to Pohner Phata Ch.58/200 to Ch. 83/700 [Length25.5 km] and iii. Pohner phata to Pathri Design Ch. 42/700 to 58/200 [Length 15.5 km] sections of NH-548B to Two lane with paved shoulder configuartion in the state of Maharashtra on EPC mode Total project length 70.9 Km.,MoRTH,618150,-,10192,Maharashtra,2024-03-01,2025-05-01,2027-05-01,2027-05-01,761.83,761.83,0.0,15.0,April 2026,0,0,6.637035201741581,2024.0,3.0,38.0,0.0,0.0,-15.0,11.0,24.0,14.0,13.0,0.0,45.83333333333333,-30.83333333333333
1353,Mhaswad to Tembhurni section of NH-548C - 2L PS,MoRTH,618152,N24002132,-,Maharashtra,2017-01-01,2017-08-01,2019-07-01,2025-12-01,488.6,488.6,0.0,96.19,April 2026,0,1,6.193588731198116,2017.0,1.0,30.0,0.0,0.0,-96.19,104.0,23.0,7.0,-81.0,1.0,452.17391304347825,-355.98391304347825
1354,Satara to Mhaswad,MoRTH,618153,N24000979,10193,Maharashtra,2017-01-01,2017-08-01,2019-08-01,2025-07-01,653.46,653.46,7.33,98.08,April 2026,0,1,6.4838104681271025,2017.0,1.0,31.0,2.1198634561787513,0.011217212989318397,-96.95827870106815,104.0,24.0,7.0,-80.0,1.0,433.3333333333333,-335.25333333333333
1355,"Rehabilitation & upgradation of Jamkhed to Sautada Section of NH548 D from km 195.375 to km 208.774, Length 13.399 Km to 2L PS /4L configuration with rigid pavement in the state of Maharashtra on EPC mode.",MoRTH,618154,N24001390,-,Maharashtra,2022-03-01,2023-01-01,2024-07-01,2026-06-01,157.62,157.62,0.0,68.93,April 2026,0,1,5.066511404655174,2022.0,3.0,28.0,0.0,0.0,-68.93,39.0,18.0,10.0,-21.0,1.0,216.66666666666666,-147.73666666666665
1356,Development/Widening of Talegaon Chakan Shikrapur Nhavara Section of NH-548D from existing chainage km. 54/000 to 82/300 and Design chainage Km. 54/000 to 82/120 Shikrapur to Nhavara Section to 2LPS/4L Configuration on EPC Mode in the State of Maharashtra.,MoRTH,618155,-,-,Maharashtra,2024-03-01,2025-01-01,2026-07-01,2026-07-01,396.17,396.17,85.57,70.8,April 2026,0,0,5.984364400617675,2024.0,3.0,28.0,4.460953335227682,0.2159931342605447,-49.20068657394553,15.0,18.0,10.0,3.0,0.0,83.33333333333334,-12.533333333333346
1357,Paithan - Shirur section 2LPS Km 0.0 to 55.00,MoRTH,618172,N24001122,-,Maharashtra,2017-03-01,2017-06-01,2019-06-01,2026-05-01,341.8,341.8,0.0,82.0,April 2026,0,1,5.837147186723625,2017.0,3.0,27.0,0.0,0.0,-82.0,106.0,24.0,3.0,-82.0,1.0,441.6666666666667,-359.6666666666667
1358,Shirur-Kharda section from 55937 km to 114486 km to 2LPS/4L,MoRTH,618173,N24001123,-,Maharashtra,2017-02-01,2017-06-01,2019-06-01,2025-09-01,381.77,381.77,0.0,83.93,April 2026,0,1,5.947434286601761,2017.0,2.0,28.0,0.0,0.0,-83.93,106.0,24.0,4.0,-82.0,1.0,441.6666666666667,-357.7366666666667
1359,Rehabilitation and Upgradation to two lane with paved shoulder configuration of NH- 752G from Sakri to Pimpalner Section Design Ch km 0000 to Ch km 21411 in the state of Maharashtra on EPC Mode. Length 21.411 km.,MoRTH,618174,-,-,Maharashtra,2024-03-01,2025-04-01,2026-10-01,2026-10-01,226.58,226.58,0.0,100.0,April 2026,0,0,5.4275018249288625,2024.0,3.0,31.0,0.0,0.0,-100.0,12.0,18.0,13.0,6.0,0.0,66.66666666666666,33.33333333333334
1360,Rehabilitation and Upgradation of Satana to Mangrul Chandwad Section of NH752 G Design Ch Km 64.000 to Ch Km 101.140 two lane with paved shoulder/four lane configuration in the state of Maharashtra on EPC mode.,MoRTH,618175,N24001884,-,Maharashtra,2022-03-01,2023-05-01,2025-05-01,2026-06-01,428.8,428.8,0.0,93.46,April 2026,0,1,6.06331998420841,2022.0,3.0,38.0,0.0,0.0,-93.46,35.0,24.0,14.0,-11.0,1.0,145.83333333333331,-52.37333333333332
1361,Rehabilitation and upgradation from ch km 50/200 to 56/800 and km 62/600 to 100/403 of Kolde to Visarwadi Near Junction with NH-6 section of NH 752G total length 44.40 to two-lane with paved shoulder / four lanes in the State of Maharashtra on EPC mode.,MoRTH,618176,-,-,Maharashtra,2025-03-01,2026-01-01,2028-01-01,,349.08,349.08,0.0,21.6,April 2026,0,-1,5.858161699793562,2025.0,3.0,34.0,0.0,0.0,-21.6,3.0,24.0,10.0,21.0,0.0,12.5,9.100000000000001
1362,Pal Phata Phulambri - Khultabad 2LPS,MoRTH,618177,N24001060,-,Maharashtra,2018-03-01,2018-06-01,2019-12-01,2025-12-01,227.19,227.19,0.0,99.15,April 2026,0,1,5.430178615258333,2018.0,3.0,21.0,0.0,0.0,-99.15,94.0,18.0,3.0,-76.0,1.0,522.2222222222223,-423.0722222222223
1363,Widening and strengthening of Gangakhed to Kingaon section of NH-752K in Km 38/750 to 72/304 Flexible Pavement Length33.554 km to 2-lane configuration on EPC mode in the State of Maharashtra.,MoRTH,618178,-,-,Maharashtra,2024-02-01,2024-12-01,2026-06-01,2026-05-01,162.67,162.67,0.0,72.0,April 2026,0,0,5.097852205517793,2024.0,2.0,28.0,0.0,0.0,-72.0,16.0,18.0,10.0,2.0,0.0,88.88888888888889,-16.888888888888886
1364,Rehabilitation and Upgradation of Shewali phata to Kalambhir section i.e. Km 0443 to Km 4500 & Nizampur to Chadwel section i.e. Km 13485 to Km 26265 Length16.317 Km excluding 2 Major Bridges with approaches Km 13735 to Km 14095 & Km 19660 to Km 20030 of NH 753B to 2LPS Configuration in the State of Maharashtra on EPC Mode.,MoRTH,618179,-,-,Maharashtra,2024-03-01,2024-08-01,2026-02-01,2026-02-01,181.58,181.58,0.0,93.01,April 2026,0,0,5.207188433136935,2024.0,3.0,23.0,0.0,0.0,-93.01,20.0,18.0,5.0,-2.0,1.0,111.11111111111111,-18.10111111111111
1365,Pune raigarh District Border To Mangaon Ch 69000 to 103775 NH-753F,MoRTH,618180,N24001082,-,Maharashtra,2018-03-01,2018-06-01,2019-12-01,2024-06-01,223.46,223.46,0.0,89.08,April 2026,0,1,5.41369751758811,2018.0,3.0,21.0,0.0,0.0,-89.08,94.0,18.0,3.0,-76.0,1.0,522.2222222222223,-433.1422222222223
1366,Rehabilitation / Upgradation to 4 Lane with Paved shoulder of Existing Section in Sillod Town with Design Ch. Km54500 to Km 60679 [Length6.179 km] section of NH 753F Aurangabad-Jalgaon road on EPC Mode in the State of Maharashtra,MoRTH,618181,N24002177,-,Maharashtra,2023-03-01,2024-01-01,2025-07-01,2025-03-01,153.79,153.79,0.0,98.0,April 2026,0,0,5.042069359585786,2023.0,3.0,28.0,0.0,0.0,-98.0,27.0,18.0,10.0,-9.0,1.0,150.0,-52.0
1367,Rehabilitation and Up-gradation to 2 lane with paved shoulder configuration of Mahud Sangola road NH 965 G 159400 to 161900and 162400 to 183960 Design Chainage from km. 32/300 to km. 34/800 and km. 35/800 to km. 56/860 Rigid Pavement on EPC mode in the State of Maharashtra.,MoRTH,618188,N24002173,-,Maharashtra,2023-02-01,2023-11-01,2025-05-01,2026-06-01,253.78,253.78,0.0,99.75,April 2026,0,1,5.540400427681641,2023.0,2.0,27.0,0.0,0.0,-99.75,29.0,18.0,9.0,-11.0,1.0,161.11111111111111,-61.361111111111114
1368,Balance work of Rehabilitation and Up-gradation to 2-lane road with paved shoulders configuration for NH- 965DD from Pacharal-Mandangad-Mhapral-Rajewadi Upto Junction of NH-66 Ch-22700 to 75100 Km and Ambadave connector Birth place of Dr. Babasaheb Ambedkar Ch-0000 to 7325 Km length Km 59.725 in the state of Maharashtra on EPC mode. Balance Work,MoRTH,618198,N24001107,-,Maharashtra,2018-03-01,2022-01-01,2024-01-01,2026-06-01,388.93,341.69,0.0,93.0,April 2026,0,1,5.965967235834453,2018.0,3.0,70.0,0.0,0.0,-93.0,51.0,24.0,46.0,-27.0,1.0,212.5,-119.5
1369,"Rehabilitation, Upgradation & Widening of existing Highway to Rigid Pavement 2 Lane with Paved Shoulder of NH 965DD from Lonand Shirval-Bhor Mandangad-Pchral Section ShindewadiPhata to Varandah Ghat Dist Border from Km 33/550 to 92/550 in the state of Maharashtra on EPC mode.",MoRTH,618199,N24002178,10207,Maharashtra,2023-02-01,2024-07-01,2026-07-01,2026-07-01,723.13,723.13,0.0,48.5,April 2026,0,0,6.5849709342781555,2023.0,2.0,41.0,0.0,0.0,-48.5,21.0,24.0,17.0,3.0,0.0,87.5,-39.0
1370,Vadodara Mumbai Expressway Phase II - Pkg XI [Km. 77.000 to Km. 103.400] Ganjad - Talsari,National Highways Authority of India [NHAI],618468,N24001504,10327,Maharashtra,2020-06-01,2022-05-01,2024-05-01,2026-04-01,1524.71,1913.95,813.35,99.76,April 2026,1,1,7.330215154466163,2020.0,6.0,47.0,6.70239024901957,0.5334457044290389,-46.41542955709611,47.0,24.0,23.0,-23.0,1.0,195.83333333333331,-96.07333333333331
1371,Vadodara Mumbai Expressway Phase II - Pkg XIII [Km. 26.582 to Km. 50.700] Shirsad - Masvan,National Highways Authority of India [NHAI],618469,N24001506,10328,Maharashtra,2020-06-01,2022-02-01,2024-02-01,2026-07-01,3536.9,4679.54,1792.74,90.86,April 2026,1,1,8.171288609764034,2020.0,6.0,44.0,7.492058104579499,0.5068675959173288,-40.17324040826712,50.0,24.0,20.0,-26.0,1.0,208.33333333333334,-117.47333333333334
1372,Vadodara Mumbai Expressway Phase II - Pkg XIV [Km. 3.000 to Km. 20.200 of Spur] Shirsad - Akloli,National Highways Authority of India [NHAI],618470,N24001507,10329,Maharashtra,2021-05-01,2022-11-01,2024-05-01,2026-05-01,2058.79,2324.72,629.88,86.0,April 2026,1,1,7.630359314839641,2021.0,5.0,36.0,6.447115670129317,0.3059466968462058,-55.405330315379416,41.0,18.0,18.0,-23.0,1.0,227.77777777777777,-141.77777777777777
1373,Vadodara Mumbai Expressway Phase II - Pkg XV [Km. 20.200 to Km. 43.000 of Spur] Akloli - Amne,National Highways Authority of India [NHAI],618471,N24001521,10330,Maharashtra,2021-05-01,2022-11-01,2024-05-01,2026-06-01,2610.88,2918.39,621.7,91.5,April 2026,1,1,7.86782554753392,2021.0,5.0,36.0,6.434064861878406,0.2381189484005393,-67.68810515994608,41.0,18.0,18.0,-23.0,1.0,227.77777777777777,-136.27777777777777
1374,Vadodara Mumbai Expressway Phase II - Pkg XVI [Km. 43.000 to Km. 69.800 of Spur] Amne - Bhoj,National Highways Authority of India [NHAI],618472,N24001508,10331,Maharashtra,2021-06-01,2022-11-01,2024-10-01,2026-06-01,4051.8,4315.56,905.74,90.7,April 2026,1,1,8.30716327924741,2021.0,6.0,40.0,6.809855749704074,0.2235401549928427,-68.34598450071573,41.0,23.0,17.0,-18.0,1.0,178.26086956521738,-87.56086956521737
1375,Vadodara Mumbai Expressway Phase II - Pkg XVII [Km. 69.800 to Km. 79.783 of Spur] Bhoj - Morbe,National Highways Authority of India [NHAI],618473,N24001608,10332,Maharashtra,2021-09-01,2023-01-01,2025-07-01,2026-06-01,2208.68,2463.02,827.11,84.25,April 2026,1,1,7.7006029876477005,2021.0,9.0,46.0,6.719145995802994,0.3744815908144231,-46.80184091855769,39.0,30.0,16.0,-9.0,1.0,130.0,-45.75
1376,Upgradation & rehabilitation of Service Roads on both sides in urban areas of Pune City on PuneSatara section of NH48,National Highways Authority of India [NHAI],618511,-,-,Maharashtra,2025-01-01,2025-06-01,2026-06-01,2027-06-01,604.59,388.78,44.03,14.7,April 2026,0,1,6.406203189437368,2025.0,1.0,17.0,3.8073289343134804,0.07282621280537223,-7.417378719462777,10.0,12.0,5.0,2.0,0.0,83.33333333333334,-68.63333333333334
1377,Tunnel at Khambataki Ghat Section and its approaches from existing Km. 771.730 to existing Km. 782.000,National Highways Authority of India [NHAI],618512,N24001486,10367,Maharashtra,2017-11-01,2019-02-01,2022-02-01,2026-08-01,907.03,816.12,538.76,87.27,April 2026,0,1,6.8112774177030735,2017.0,11.0,51.0,6.29112459631917,0.5939825584600289,-27.871744153997106,86.0,36.0,15.0,-50.0,1.0,238.88888888888889,-151.61888888888888
1378,6L of Kagal-Satara section from Km 592.500 to Km 658.000 of NH-48 Pkg-I,National Highways Authority of India [NHAI],618513,N24001546,10368,Maharashtra,2021-12-01,2023-01-01,2025-01-01,2027-02-01,2111.95,1435.46,631.63,49.88,April 2026,0,1,7.655840354297748,2021.0,12.0,37.0,6.449885733079377,0.29907431520632594,-19.97256847936741,39.0,24.0,13.0,-15.0,1.0,162.5,-112.62
1379,6L of Kagal-Satara section from Km 658.000 to Km 725.000 of NH-48 Pkg-II,National Highways Authority of India [NHAI],618514,N24001493,-,Maharashtra,2021-12-01,2022-12-01,2024-12-01,2026-12-01,2330.71,317.4,196.85,73.96,April 2026,0,1,7.754357182962138,2021.0,12.0,36.0,5.287509167831433,0.08445924203354342,-65.51407579664566,40.0,24.0,12.0,-16.0,1.0,166.66666666666669,-92.70666666666669
1380,4L of Indora Chowk to Pachpaoli and Agrasen Chowk - Ashoka Chowk,National Highways Authority of India [NHAI],618557,N24002071,10403,Maharashtra,2023-03-01,2023-07-01,2026-06-01,2026-07-01,1038.84,918.53,658.44,81.77,April 2026,0,1,6.946822134146038,2023.0,3.0,39.0,6.491390990004972,0.6338223403026454,-18.387765969735455,33.0,35.0,4.0,2.0,0.0,94.28571428571428,-12.515714285714282
1381,6L of Gonde Km. 439.038 to Pimpri Sado Km. 459.905 section of NH-848 Old NH-3,National Highways Authority of India [NHAI],618585,-,10420,Maharashtra,2024-02-01,2024-10-01,2027-04-01,2027-11-01,856.93,718.84,123.7,31.5,April 2026,0,1,6.754522511078133,2024.0,2.0,38.0,4.825910852685991,0.14435251420769493,-17.064748579230507,18.0,30.0,8.0,12.0,0.0,60.0,-28.5
1382,Improvement and strengthening of existing 2 lane stretch to 2-Lane with PS 1.5m on both sides on Ghoti-Sinnar section of NH-160A using Thin White Topping 200mm thick in the State Of Maharashtra on EPC Mode,National Highways Authority of India [NHAI],618586,-,-,Maharashtra,2025-03-01,2025-06-01,2026-06-01,2026-06-01,254.78,147.64,99.89,76.0,April 2026,0,0,5.544317700005174,2025.0,3.0,15.0,4.614030814420288,0.3920637412669754,-36.79362587330246,10.0,12.0,3.0,2.0,0.0,83.33333333333334,-7.333333333333343
1383,4L Mitigation Measure structures on CH/MH Border to Wainganga Bridge Section of NH-6 New NH-53,National Highways Authority of India [NHAI],618588,N24001798,-,Maharashtra,2021-02-01,2021-11-01,2023-11-01,2026-05-01,540.24,468.92,464.26,99.79,April 2026,0,1,6.293862803395443,2021.0,2.0,33.0,6.1425963891118975,0.859358803494743,-13.854119650525703,53.0,24.0,9.0,-29.0,1.0,220.83333333333334,-121.04333333333334
1384,Balance work of 4L Panvel to Indapur section of NH-66 Old NH- 17 from km 0.000 Panvel to km 42.300 Kasu,National Highways Authority of India [NHAI],618594,N24001609,-,Maharashtra,2022-12-01,2023-03-01,2024-10-01,2026-05-01,329.82,196.87,185.0,96.89,April 2026,0,1,5.801574420814075,2022.0,12.0,22.0,5.225746673713202,0.5609120126129404,-40.798798738705955,37.0,19.0,3.0,-18.0,1.0,194.73684210526315,-97.84684210526315
1385,Four laning from Dive Ghat Km. 220.900 to Hadapsar Km. 234.150 of Mohol Alandi section Pkg VI of NH-965,National Highways Authority of India [NHAI],618626,-,-,Maharashtra,2023-12-01,2024-10-01,2026-10-01,2027-04-01,819.52,400.0,121.02,62.03,April 2026,0,1,6.709938285613936,2023.0,12.0,34.0,4.804184965723707,0.14767180788754392,-47.26281921124561,18.0,24.0,10.0,6.0,0.0,75.0,-12.969999999999999
1386,Construction of 7 Nos of Standalone safety structures/works at different locations on various NHs,National Highways Authority of India [NHAI],618627,-,-,Maharashtra,2025-01-01,2025-07-01,2027-01-01,2027-01-01,168.52,112.03,10.11,26.37,April 2026,0,0,5.132970913960044,2025.0,1.0,24.0,2.4078456036515385,0.059992879183479696,-20.37071208165203,9.0,18.0,6.0,9.0,0.0,50.0,-23.63
1387,Strengthening of Existing Alignment of Pandharpur Town Part Bypassed Section of NH 965 from KM 36.230 to KM 44.230 from Chh. Shivaji Maharaj Chowk to Wakhari,National Highways Authority of India [NHAI],618628,-,-,Maharashtra,2022-08-01,2023-11-01,2025-10-01,2026-08-01,150.21,87.59,58.75,48.0,April 2026,0,1,5.0186695991245776,2022.0,8.0,38.0,4.09016919081162,0.3911190999267692,-8.888090007323079,29.0,23.0,15.0,-6.0,1.0,126.08695652173914,-78.08695652173914
1388,Tarsod - Fagne section of NH-6,National Highways Authority of India [NHAI],618638,-,10456,Maharashtra,2016-06-01,2019-01-01,2021-07-01,2026-04-01,2267.99,2560.5,990.0,98.84,April 2026,1,1,7.727090077542276,2016.0,6.0,61.0,6.898714534329988,0.4365098611545907,-55.189013884540934,87.0,30.0,31.0,-57.0,1.0,290.0,-191.16
1389,Chakur Loha Section of NH-361 from km 114.600 to km 187.80,National Highways Authority of India [NHAI],618652,-,10466,Maharashtra,2018-03-01,2019-03-01,2021-03-01,2024-02-01,1241.38,3342.11,785.13,100.0,April 2026,1,1,7.124784173829824,2018.0,3.0,36.0,6.667122173155096,0.6324654819636211,-36.753451803637894,85.0,24.0,12.0,-61.0,1.0,354.16666666666663,-254.16666666666663
1390,Loha-Waranga Section of NH-361 from km 187.800 to km 244.369,National Highways Authority of India [NHAI],618653,-,10467,Maharashtra,2018-03-01,2019-03-01,2021-03-01,2027-03-01,1236.08,3466.58,899.6,96.2,April 2026,1,1,7.120509042896294,2018.0,3.0,36.0,6.803061207867471,0.7277846094103942,-23.421539058960576,85.0,24.0,12.0,-61.0,1.0,354.16666666666663,-257.96666666666664
1391,Bodhre - Dhule,National Highways Authority of India [NHAI],618693,N24000656,10494,Maharashtra,2021-02-01,2022-01-01,2024-07-01,2026-07-01,1344.78,1292.7,791.69,97.69,April 2026,0,1,7.204729049594601,2021.0,2.0,41.0,6.675432224650634,0.5887133954996356,-38.81866045003643,51.0,30.0,11.0,-21.0,1.0,170.0,-72.31
1392,Upgradation of 2L/4L with Paved Shoulder of Shirwal-Lonand Section from KM 159900 To KM 188025 of NH-965DD Section I and 2L With Paved Shoulder of Lonand-Satara Section from KM 51500 To KM 96246 Of NH-965D Section II in Satara District in the State of Maharashtra on EPC Mode under NHO-,National Highways Authority of India [NHAI],618754,-,-,Maharashtra,2025-03-01,2025-06-01,2027-06-01,2027-06-01,538.11,307.24,96.11,33.37,April 2026,0,0,6.289919631719827,2025.0,3.0,27.0,4.575844356606263,0.178606604597573,-15.5093395402427,10.0,24.0,3.0,14.0,0.0,41.66666666666667,-8.296666666666674
1393,Up-gradation to Four Lane with Paved Shoulder configuration of the highway starting from existing km 88.400 Savali Vihir to km 163.400 start of Ahmednagar bypass Design Length 75.000 km section of NH-160 in the State of Maharashtra under Bharatmala Pariyojana on EPC Mode,National Highways Authority of India [NHAI],618766,-,10547,Maharashtra,2024-10-01,2025-04-01,2027-04-01,2027-04-01,862.0,617.93,210.27,36.32,April 2026,0,0,6.760414691083428,2024.0,10.0,30.0,5.3531369363121435,0.2439327146171694,-11.926728538283061,12.0,24.0,6.0,12.0,0.0,50.0,-13.68
1394,4L of Ratnagiri - Kolhapur section from km 67.140 to km 112.340 of NH-166 Pkg II,National Highways Authority of India [NHAI],618836,N24001834,10598,Maharashtra,2022-02-01,2023-05-01,2025-05-01,2027-03-01,1985.38,1798.0,389.68,79.18,April 2026,0,1,7.594069165677704,2022.0,2.0,39.0,5.967888810579276,0.19627476855816015,-59.55252314418399,35.0,24.0,15.0,-11.0,1.0,145.83333333333331,-66.65333333333331
1395,4L of Ratnagiri - Kolhapur section from km 112.340 to km 145.300 of NH-166 PkgIII,National Highways Authority of India [NHAI],618837,N24001835,10599,Maharashtra,2022-02-01,2023-05-01,2025-05-01,2027-03-01,1939.23,1910.41,458.94,66.45,April 2026,0,1,7.570561801731115,2022.0,2.0,39.0,6.131096046193176,0.23666094274531643,-42.78390572546836,35.0,24.0,15.0,-11.0,1.0,145.83333333333331,-79.38333333333331
1396,4L of Nagpur-Katol Section from Km. 13.00 to Km. 62.900 of NH-353J,National Highways Authority of India [NHAI],618937,N24001799,10678,Maharashtra,2021-02-01,2021-10-01,2023-10-01,2026-10-01,1166.96,1432.82,971.38,81.54,April 2026,1,1,7.063013916226403,2021.0,2.0,32.0,6.879746674562824,0.8324021388907932,1.7002138890793077,54.0,24.0,8.0,-30.0,1.0,225.0,-143.45999999999998
1397,Construction of Standalone Flyover cum ROB from Design Ch.66.600 to Design Ch.68.800 in Gadchandur Town on NH-353B,National Highways Authority of India [NHAI],618939,-,-,Maharashtra,2025-02-01,2025-07-01,2027-07-01,2027-07-01,191.31,107.76,25.19,29.96,April 2026,0,0,5.259108653322756,2025.0,2.0,29.0,3.2653776585196206,0.1316711097172129,-16.792889028278708,9.0,24.0,5.0,15.0,0.0,37.5,-7.539999999999999
1398,Rehabilitation and Up gradation of Charthana Jintur Section of NH 752 I Km 25100 to 47100 to 2 Lane with Paved Shoulder configuration Flexible Pavement in the state of Maharashtra on EPC mode. Reg- Resubmission of Annual Plan Estimate.,MoRTH,619008,-,-,Maharashtra,2025-03-01,2026-01-01,2027-07-01,2026-07-01,157.69,157.69,0.0,0.0,April 2026,0,0,5.066952613574751,2025.0,3.0,28.0,0.0,0.0,0.0,3.0,18.0,10.0,15.0,0.0,16.666666666666664,-16.666666666666664
1399,"Construction of six lane Flyover at Katraj junction at Km, 3/880 of NH 548-DD Vadgaon - Katraj - Kondhwa - Mantarwadi Chowk - Loni Kalbhor - Theur Phata - Lonikand Road in Pune Dist of the State of Maharashtra. On Engineering Procurement and construction EPC Basis mode L.1.326 Km,",MoRTH,619042,N24001907,-,Maharashtra,2021-02-01,2022-03-01,2026-02-01,2023-02-01,163.51,163.51,0.0,80.57,April 2026,0,0,5.102971358631329,2021.0,2.0,60.0,0.0,0.0,-80.57,49.0,47.0,13.0,-2.0,1.0,104.25531914893618,-23.685319148936188
1400,Satara Km 725.000 to Pune Km 865.350 of NH - 4 New NH - 48 in Maharashtra,National Highways Authority of India [NHAI],619069,-,-,Maharashtra,2009-09-01,2010-10-01,2022-05-01,2026-06-01,361.72,425.51,64.35,99.05,April 2026,1,1,5.893631186759219,2009.0,9.0,152.0,4.179757440070231,0.17790003317483133,-81.25999668251686,186.0,139.0,13.0,-47.0,1.0,133.81294964028777,-34.76294964028777
1401,Balance works of 4L Panvel Indapur section of NH66 old NH17 from km 42.300 kasu to km 84.600 Indapur,National Highways Authority of India [NHAI],619095,N24001607,-,Maharashtra,2022-06-01,2022-11-01,2024-05-01,2026-06-01,546.44,472.1,420.38,81.63,April 2026,0,1,6.305252866644242,2022.0,6.0,23.0,6.043535039398984,0.7693067857404289,-4.699321425957109,41.0,18.0,5.0,-23.0,1.0,227.77777777777777,-146.14777777777778
1402,4L of Ratnagiri - Kolhapur section of NH-166 from km 0.000 to km 19.769 and km 31.000 to km 67.140 Pkg I,National Highways Authority of India [NHAI],619149,N24001495,11810,Maharashtra,2022-02-01,2022-11-01,2024-11-01,2026-11-01,1774.03,2108.41,749.83,93.75,April 2026,1,1,7.48157260317514,2022.0,2.0,33.0,6.621179261292875,0.422670417072992,-51.4829582927008,41.0,24.0,9.0,-17.0,1.0,170.83333333333331,-77.08333333333331
1403,4L of Baramati to Indapur Pkg-II from km. 41.400 to km. 84.550 of NH-965G Saint Tukaram Marg,National Highways Authority of India [NHAI],619163,N24001502,11818,Maharashtra,2021-01-01,2021-09-01,2023-09-01,2026-06-01,1471.32,1297.48,927.1,86.2,April 2026,0,1,7.294594666967104,2021.0,1.0,32.0,6.833139485601347,0.6301144550471686,-23.18855449528315,55.0,24.0,8.0,-31.0,1.0,229.16666666666666,-142.96666666666664
1404,Vadodara Mumbai Expressway Phase II - Pkg XII [Km. 50.700 to Km. 77.000] Masvan - Ganjad,National Highways Authority of India [NHAI],619198,-,11889,Maharashtra,2020-08-01,2022-03-01,2024-03-01,2026-05-01,1711.38,2388.52,979.26,99.38,April 2026,1,1,7.445639494688453,2020.0,8.0,43.0,6.88781784259962,0.5722048872839463,-42.15951127160537,49.0,24.0,19.0,-25.0,1.0,204.16666666666666,-104.78666666666666
1405,Vadape to Thane from km 539.202 to km 563.000 section of NH-3 new NH-848,National Highways Authority of India [NHAI],619203,-,11894,Maharashtra,2018-03-01,2019-01-01,2021-07-01,2026-05-01,1252.92,1371.27,482.26,76.6,April 2026,1,1,7.1340299233045545,2018.0,3.0,40.0,6.180554811097308,0.3849088529195798,-38.109114708042014,87.0,30.0,10.0,-57.0,1.0,290.0,-213.4
1406,4L of existing 2/4L stretch from Lonand to Dive Ghat Km 166.400 to Km 220.900 of Mohol Alandi section of NH-965 Pkg - V,National Highways Authority of India [NHAI],619209,-,11899,Maharashtra,2021-10-01,2022-05-01,2024-05-01,2026-04-01,1709.56,2049.51,1125.89,98.52,April 2026,1,1,7.44457608126519,2021.0,10.0,31.0,7.027216905017076,0.6585846650600156,-32.661533493998434,47.0,24.0,7.0,-23.0,1.0,195.83333333333331,-97.31333333333332
1407,Dharampuri-Lonand from km. 117.00 to 166.40 Pkg-IV on Mohol-Alandi Section,National Highways Authority of India [NHAI],619210,-,11900,Maharashtra,2021-01-01,2021-09-01,2023-09-01,2026-05-01,1411.71,1358.68,1047.19,97.4,April 2026,0,1,7.253265124536297,2021.0,1.0,32.0,6.954820146158467,0.7417883276310291,-23.221167236897102,55.0,24.0,8.0,-31.0,1.0,229.16666666666666,-131.76666666666665
1408,Widening/Improvement of existing 2-Lane road to 4-Lane Divided Highway from Sekmai to Nilakuthi section of Imphal-Kohima Road Design Chainage from Km 297700 to Km 308729 of NH-39 New NH-02 in state of Manipur on EPC mode Pkg-5B,NHIDCL,618298,N24001400,-,Manipur,2021-03-01,2021-07-01,2023-01-01,2026-06-01,211.7,211.7,227.95,90.96,April 2026,0,1,5.3598827222061916,2021.0,3.0,22.0,5.433503639103105,1.076759565422768,16.7159565422768,57.0,18.0,4.0,-39.0,1.0,316.66666666666663,-225.70666666666665
1409,Improvement/Up-gradation of existing 2-Lane Road to 4-Lane Divided Highway from Daili to Kuraopokpi section of Imphal-Kohima road NH-02 Design Chainage from Km 274610 to Km 287000 in the state of Manipur on EPC mode Pkg-4B,NHIDCL,618299,-,-,Manipur,2020-09-01,2024-12-01,2026-06-01,2026-06-01,268.98,268.98,0.0,55.15,April 2026,0,0,5.598347882180681,2020.0,9.0,69.0,0.0,0.0,-55.15,16.0,18.0,51.0,2.0,0.0,88.88888888888889,-33.73888888888889
1410,Improvement/Up-gradation of existing 2-Lane Road to 4-Lane Divided Highway from Taphukuki to Daili section of Imphal-Kohima road NH-02 Design Chainage from Km 262175 to Km 274610 in the state of Manipur on EPC mode Pkg-4A,NHIDCL,618300,N24001274,-,Manipur,2020-09-01,2020-10-01,2022-04-01,2026-08-01,379.39,379.39,301.89,91.31,April 2026,0,1,5.941197042207926,2020.0,9.0,19.0,5.7133697032921065,0.79572471599146,-11.737528400854004,66.0,18.0,1.0,-48.0,1.0,366.66666666666663,-275.3566666666666
1411,Widening/Improvement of existing 2-lane to 4-Lane Divided Highway from Kuraopokpi to Sekmai section of Imphal-Kohima Road Design Ch. km 287.00 to 297.700 of NH-39 New NH-02 in state of Manipur on EPC mode Pkg-5A,NHIDCL,618301,-,-,Manipur,2020-09-01,2025-02-01,2026-08-01,2026-08-01,228.97,228.97,33.76,48.16,April 2026,0,0,5.43794886563323,2020.0,9.0,71.0,3.548467300397191,0.1474428964493165,-33.41571035506835,14.0,18.0,53.0,4.0,0.0,77.77777777777779,-29.61777777777779
1412,Widening/Improvement to 2-lane with earthen shoulder of Yaingangpokpi - Finch corner road section of NH-202 from Km 16.900 to Km 30.970 of NH-202 in the state of Manipur on EPC mode Package-2,NHIDCL,618302,N24001332,-,Manipur,2020-03-01,2020-07-01,2022-06-01,2026-06-01,256.04,256.04,0.0,97.12,April 2026,0,1,5.549231714807603,2020.0,3.0,27.0,0.0,0.0,-97.12,69.0,23.0,4.0,-46.0,1.0,300.0,-202.88
1413,Widening/Improvement to 2-lane with earthen shoulder of Yaingangpokpi - Finch corner road section of NH-202 from Km 0.000 to Km 16.900 of NH-202 in the state of Manipur on EPC mode Package-1,NHIDCL,618303,N24001331,-,Manipur,2020-03-01,2020-07-01,2022-06-01,2026-04-01,222.77,222.77,0.0,88.85,April 2026,0,1,5.410618738635182,2020.0,3.0,27.0,0.0,0.0,-88.85,69.0,23.0,4.0,-46.0,1.0,300.0,-211.15
1414,"Widening/Improvement to 2 Lane with earthen shoulder of Jessami to Laynen bridge Nagaland border section of NH-29 of Imphal -Ukhrul - Jessami Economic Corridor from km 0.000 to km 11.009 in the State of Manipur on EPC mode under Bharatmala Pariyojana, under NHO-NE Package-7",NHIDCL,618304,N24002227,-,Manipur,2023-03-01,2024-12-01,2026-06-01,2026-10-01,164.89,164.89,125.76,23.56,April 2026,0,1,5.1113249181041835,2023.0,3.0,39.0,4.84229553482272,0.7626902783673966,52.70902783673965,16.0,18.0,21.0,2.0,0.0,88.88888888888889,-65.32888888888888
1415,Widening/Improvement to 2 lane with earthen shoulder of Marrem Khullen to Jessami section of NH-202 of Imphal - Ukhrul - Jessami Economic Corridor from Design Chainage km 95.700 to km 140.180 in the State of Manipur on EPC mode under Bharatmala Pariyojana under NHO-NE Package-6,NHIDCL,618305,N24002202,10245,Manipur,2023-03-01,2024-12-01,2026-12-01,2026-12-01,554.66,554.66,201.52,22.55,April 2026,0,0,6.320156596410232,2023.0,3.0,45.0,5.310838647101709,0.3633216745393575,13.782167453935745,16.0,24.0,21.0,8.0,0.0,66.66666666666666,-44.11666666666666
1416,"Widening/Improvement to 2 lane with earthen shoulder of Choithar to Marrem Khullen section of NH-202 of Imphal Ukhrul Jessami Economic Corridor from Design Chainage km 53.110 to km 95.700 in the State of Manipur on EPC mode under Bharatmala Pariyojana, under NHO-NE Package-5",NHIDCL,618306,N24002242,10246,Manipur,2023-03-01,2025-05-01,2027-03-01,2027-05-01,564.05,564.05,72.58,14.08,April 2026,0,1,6.3369142228061595,2023.0,3.0,48.0,4.2983732496766285,0.12867653576810567,-1.212346423189432,11.0,22.0,26.0,11.0,0.0,50.0,-35.92
1417,Widening to 2 lane with Paved shoulder of lmphal to Jiribam section of NH-37 from Design Ch. from km 169570 Near Nungkao vlllage under Tamenglong District to km 205974 near Jiribam Bridge under Jiribam district under NHO-NE PKG-7,NHIDCL,618333,N24001323,10267,Manipur,2023-01-01,2023-12-01,2025-12-01,2026-06-01,760.16,760.16,414.38,90.52,April 2026,0,1,6.634843585433806,2023.0,1.0,35.0,6.029193763917989,0.5451220795621975,-36.00779204378025,28.0,24.0,11.0,-4.0,1.0,116.66666666666667,-26.146666666666675
1418,Widening to 2 Lane with Paved shoulder of lmphal to Jiribam section of NH-37 from Design Ch. from km 131.280 to km 169.570 on EPC mode in Manipur under NHO- TSP PKG-6,NHIDCL,618334,N24002132,10268,Manipur,2021-12-01,2023-02-01,2025-02-01,2026-05-01,504.76,504.76,308.06,95.0,April 2026,0,1,6.226062248467308,2021.0,12.0,38.0,5.733535432805549,0.6103098502258499,-33.96901497741501,38.0,24.0,14.0,-14.0,1.0,158.33333333333331,-63.333333333333314
1419,Widening to 2 Lane with Paved shoulder of lmphal to Jiribam section of NH-37 from Design Ch. from Km 101280 Near Khongsang Village to Km 131280 near Puilon Kambiron Village on EPC Mode in Manipur PKG-5,NHIDCL,618335,N24000979,-,Manipur,2021-12-01,2022-11-01,2024-05-01,2026-06-01,410.68,410.68,339.14,89.95,April 2026,0,1,6.020246348533434,2021.0,12.0,29.0,5.829357297564267,0.8258011103535599,-7.369888964644019,41.0,18.0,11.0,-23.0,1.0,227.77777777777777,-137.82777777777778
1420,Widening to 2 -Lane with Paved shoulder of Imphal to Jiribam section of NH-37 from Design Chainage 66.110 km to 101.280 Km Existing Chainage km 67.496 to km 103.557 on EPC Mode in Manipur PKG-4,NHIDCL,618336,N24001390,10269,Manipur,2021-09-01,2022-06-01,2023-12-01,2026-07-01,579.63,579.63,377.13,84.86,April 2026,0,1,6.364113720941144,2021.0,9.0,27.0,5.935238051838176,0.6506392008695202,-19.796079913047976,46.0,18.0,9.0,-28.0,1.0,255.55555555555554,-170.69555555555553
1421,Widening to 2 -Lane with Paved shoulder of Imphal to Jiribam section of NH-37 from Design Chainage 33.000 km to 66.390 Km Existing Chainage from km 33.395 to km 67.496 on EPC Mode in Manipur PKG-3,NHIDCL,618337,N24001416,-,Manipur,2021-03-01,2021-09-01,2023-03-01,2026-03-01,467.0,467.0,568.72,86.33,April 2026,0,1,6.148468295917647,2021.0,3.0,24.0,6.345145012066386,1.2178158458244113,35.45158458244113,55.0,18.0,6.0,-37.0,1.0,305.55555555555554,-219.22555555555556
1422,Widening to 2-Lane with Paved shoulder of Imphal to Jiribam section of NH-37 from Design Chainage 15.940 km to 33.120 Km Existing Chainage Km 15.946 to Km 33.395 Total length17.180 Km in the State of Manipur on EPC mode PKG-2 - Balance Works & Rectification works,NHIDCL,618338,N24002244,-,Manipur,2021-03-01,2025-03-01,2026-03-01,2026-05-01,195.14,195.14,0.0,76.18,April 2026,0,1,5.2788286899641745,2021.0,3.0,60.0,0.0,0.0,-76.18,13.0,12.0,48.0,-1.0,1.0,108.33333333333333,-32.15333333333332
1423,Widening to 2-lane with Hard shoulder of Churachandpur to Tuivai Section of NH- 102B from Design Chainage 69.875 Km to 121.769 Km in the State of Manipur on EPC mode Package-3,NHIDCL,618344,N24001792,10271,Manipur,2021-03-01,2021-08-01,2023-08-01,2026-12-01,673.27,673.27,500.96,82.93,April 2026,0,1,6.513630624167974,2021.0,3.0,29.0,6.218520435242107,0.7440699867809348,-8.52300132190652,56.0,24.0,5.0,-32.0,1.0,233.33333333333334,-150.40333333333334
1424,Widening to 2-lane with Hard shoulder of Churachandpur to Tuivai Section from Km 48.587 to Km 69.875 in the State of Manipur on EPC mode under NHO Package-2B,NHIDCL,618345,N24001730,-,Manipur,2020-06-01,2020-08-01,2022-08-01,2026-05-01,365.53,365.53,187.39,85.09,April 2026,0,1,5.90408037336555,2020.0,6.0,26.0,5.238514282177283,0.5126528602303505,-33.82471397696495,68.0,24.0,2.0,-44.0,1.0,283.33333333333337,-198.24333333333337
1425,Widening to 2-lane with Hard shoulder of Churachandpur to Tuivai Section of NH- 102B from km 32.835 to km 48.587 in the State of Manipur on EPC mode under NHO Package-2A,NHIDCL,618346,N24001270,-,Manipur,2020-04-01,2020-07-01,2022-06-01,2026-03-01,232.99,232.99,149.21,96.35,April 2026,0,1,5.455278379401799,2020.0,4.0,26.0,5.012034315009963,0.6404137516631615,-32.30862483368385,69.0,23.0,3.0,-46.0,1.0,300.0,-203.65
1426,Widening to 2-lane with Hard shoulder of Churachandpur to Tuivai Section of NH- 102B from km 13.747 to km 32.835 in the State of Manipur on EPC mode under NHO Package-1B,NHIDCL,618347,N24001269,-,Manipur,2020-04-01,2020-07-01,2022-06-01,2026-03-01,241.52,241.52,152.85,96.54,April 2026,0,1,5.49108418120353,2020.0,4.0,26.0,5.035978101768051,0.6328668433256045,-33.25331566743956,69.0,23.0,3.0,-46.0,1.0,300.0,-203.45999999999998
1427,Balance work of Widening to 2 Two lane with hard shoulder of Churachandpur to Tuivai section of NH-102B from km 130.000 to km 141.029 Package-4B in the State of Manipur on EPC Mode,NHIDCL,618348,-,-,Manipur,2020-06-01,2025-11-01,2026-11-01,2026-11-01,177.76,177.76,1.41,0.97,April 2026,0,0,5.18604412406525,2020.0,6.0,77.0,0.8796267475025635,0.007932043204320432,-0.17679567956795683,5.0,12.0,65.0,7.0,0.0,41.66666666666667,-40.69666666666667
1428,Balance work of Widening to 2 Two lane with hard shoulder of Churachandpur to Tuivai section of NH-102B from Design Chainage km 118850 to km 130000 Package- 4A in the State of Manipur on EPC Mode,NHIDCL,618349,-,-,Manipur,2020-04-01,2025-08-01,2026-08-01,2026-08-01,204.12,204.12,0.0,21.39,April 2026,0,0,5.323595173732305,2020.0,4.0,76.0,0.0,0.0,-21.39,8.0,12.0,64.0,4.0,0.0,66.66666666666666,-45.27666666666666
1429,"Construction of of 2 -Lane with paved shoulders road from Tamenglong-Tousem- Lisang-Mahur Road NH-137 starting near Dialong Village from km 10.000 at Dialong to km 31.430 near Old Tamenglong , near Barak River on EPC Mode Package-2",NHIDCL,618355,N24001403,-,Manipur,2021-07-01,2021-09-01,2023-03-01,2026-03-01,483.87,483.87,361.96,95.28,April 2026,0,1,6.183880813770897,2021.0,7.0,20.0,5.894292635355709,0.7480521627709922,-20.47478372290078,55.0,18.0,2.0,-37.0,1.0,305.55555555555554,-210.27555555555554
1430,Construction of 2 -Lane with paved shoulders road from Tamenglong to Mahur in the state of Manipur from km 31.430 at Old Tamenglong to km 43.480 ending near Phelong on EPC Mode Package-3,NHIDCL,618356,N24001354,-,Manipur,2021-03-01,2021-06-01,2022-12-01,2026-04-01,234.08,234.08,196.29,100.0,April 2026,0,1,5.45992588174445,2021.0,3.0,21.0,5.284674727506878,0.8385594668489404,-16.14405331510595,58.0,18.0,3.0,-40.0,1.0,322.22222222222223,-222.22222222222223
1431,Construction of 2 -Lane with paved shoulders road from Tamenglong to Mahur NH- 137 in Manipur starting from km 54.180 near Azuram to km 80.630 near Mandeu on EPC Mode Package 5,NHIDCL,618357,N24001436,-,Manipur,2021-09-01,2021-11-01,2023-05-01,2026-01-01,477.86,477.86,330.1,84.87,April 2026,0,1,6.171408279115973,2021.0,9.0,20.0,5.802420444553201,0.6907880969321559,-15.791190306784415,53.0,18.0,2.0,-35.0,1.0,294.44444444444446,-209.57444444444445
1432,Construction of 2 -Lane with paved shoulders road from Tamenglong to Mahur NH- 137 starting from km 80.630 near Mandeu to km 96.870 near Jiri River on EPC Mode Package-6,NHIDCL,618358,N24001437,-,Manipur,2021-09-01,2021-11-01,2023-05-01,2025-12-01,311.18,311.18,230.69,86.73,April 2026,0,1,5.743579944530267,2021.0,9.0,20.0,5.445400271249282,0.7413394177003664,-12.596058229963361,53.0,18.0,2.0,-35.0,1.0,294.44444444444446,-207.71444444444444
1433,Construction of 2-laning with Hard shoulder of Ukhrul Tolloi - Tadubi section of NH- 102A from Design Chainage km 9450 to km 50850 in the State of Manipur on EPC mode under NHO-NE Package-2,NHIDCL,618387,N24002131,10296,Manipur,2023-03-01,2024-03-01,2026-03-01,2026-04-01,578.98,578.98,249.29,79.5,April 2026,0,1,6.3629936201873,2023.0,3.0,36.0,5.522620245582093,0.43056754982900963,-36.44324501709904,25.0,24.0,12.0,-1.0,1.0,104.16666666666667,-24.66666666666667
1434,Construction of 2-laning with Hard shoulder road of Ukhrul - Tolloi - Tadubi section of NH-102A from Design Chainage 50.850 km to 81.870 km in the State of Manipur on EPC mode under NHO-TSP Package -3,NHIDCL,618388,N24001974,-,Manipur,2021-09-01,2023-07-01,2025-01-01,2026-07-01,315.56,315.56,227.98,90.91,April 2026,0,1,5.757512797077169,2021.0,9.0,40.0,5.433634663495666,0.7224616554696413,-18.663834453035875,33.0,18.0,22.0,-15.0,1.0,183.33333333333331,-92.42333333333332
1435,Construction of 2-laning with Hard shoulder road of Ukhrul - Tolloi - Tadubi section of NH-102A from Design Chainage 81.870 km to 105.825 km in the State of Manipur on EPC mode under NHO-TSP Package -4,NHIDCL,618389,N24001473,-,Manipur,2021-09-01,2022-08-01,2024-02-01,2026-05-01,310.76,310.76,247.28,96.8,April 2026,0,1,5.742233661030454,2021.0,9.0,29.0,5.514557141545452,0.7957266057407646,-17.22733942592353,44.0,18.0,11.0,-26.0,1.0,244.44444444444446,-147.64444444444445
1436,"Improvement of existing road to 2 laning with Hard Shoulders of Maram-Peren section Package-1B, length- 17.660 km from Design Chainage 22.340 km to 40.000 km on NH-129A in the State of Manipur on EPC mode",NHIDCL,618415,N24001350,-,Manipur,2021-02-01,2021-06-01,2022-12-01,2026-03-01,188.36,188.36,0.0,100.0,April 2026,0,1,5.243649965205728,2021.0,2.0,22.0,0.0,0.0,-100.0,58.0,18.0,4.0,-40.0,1.0,322.22222222222223,-222.22222222222223
1437,"Improvement of existing road to 2 laning with Hard Shoulders of Maram -Peren section Package-1A, length- 22.340Km from Design Chainage 0.000 km to 22.340 km on NH-129A in the State of Manipur on EPC mode",NHIDCL,618416,N24001349,-,Manipur,2021-02-01,2021-06-01,2022-12-01,2026-07-01,226.32,226.32,179.09,74.58,April 2026,0,1,5.426358716428921,2021.0,2.0,22.0,5.193456725931862,0.7913131848709792,4.55131848709793,58.0,18.0,4.0,-40.0,1.0,322.22222222222223,-247.64222222222224
1438,Rehabilitation and Up-gradation of Nongstoin Wahkaji section of Project Road Km 0000 to Km 43060 to Intermediate Lane with earthern shoulder under SARDP-NE Phase-A in the State of Meghalaya on EPC mode. Job No- SARDP-NE ong-Don- Maw/MG/2020-21/294,MoRTH,617885,N24001441,-,Meghalaya,2020-08-01,2022-02-01,2023-08-01,2026-05-01,302.88,302.88,182.58,99.1,April 2026,0,1,5.716632886635021,2020.0,8.0,36.0,5.212650539790945,0.6028129952456419,-38.818700475435804,50.0,18.0,18.0,-32.0,1.0,277.77777777777777,-178.67777777777778
1439,Improvement and Widening two lannig with paved Shoulder of NH 127B from km 31.500 Goeragre to km 63.224 Package-II in state of Meghalaya,MoRTH,618076,N24002239,-,Meghalaya,2023-12-01,2025-05-01,2027-05-01,,504.0,350.67,0.0,2.5,April 2026,0,-1,6.22455842927536,2023.0,12.0,41.0,0.0,0.0,-2.5,11.0,24.0,17.0,13.0,0.0,45.83333333333333,-43.33333333333333
1440,Improvement and Widening of National Highway No. 127B Darugiri - Songsak - Williamnagar Junction Section to two lane with paved shoulder from design Km 0000 to Km 36635 Design length 36.635 Km existing Km 112000 to Km 151060 of NH-1278 under Bharatmala Pariyojana Lot-1 Pkg-1B Meghalaya portion,NHIDCL,618294,-,10243,Meghalaya,2023-03-01,2025-09-01,2027-09-01,2027-09-01,801.07,801.07,64.53,24.13,April 2026,0,0,6.687195885853192,2023.0,3.0,54.0,4.182508053051405,0.08055475801116006,-16.074524198883992,7.0,24.0,30.0,17.0,0.0,29.166666666666668,-5.036666666666669
1441,Improvement/Widening of New NH-217 Dainadubi-Darugiri section to Two lane with paved shoulder in Meghalaya from design Km 0000 to Km 40840 existing Km 8600 to Km 53000 of Old NH-62 under BMP Lot-1 Pkg-1B Meghalaya portion,NHIDCL,618295,N24002233,10244,Meghalaya,2023-03-01,2025-03-01,2027-03-01,2027-03-01,705.83,705.83,0.0,38.75,April 2026,0,0,6.5607901843665175,2023.0,3.0,48.0,0.0,0.0,-38.75,13.0,24.0,24.0,11.0,0.0,54.166666666666664,-15.416666666666664
1442,Improvement/Widening to 2-L with Paved Shoulder/ 4-Laning of NH-40 section from Km 151330 to Km 163400 design Km 63.530 to Km 71.520 including Dawki Bridge of length 368 m between Shillong-Dawki under JICA ODA Loan assistance Phase-II Pkg- 5 -Balance work,NHIDCL,618374,N24001335,-,Meghalaya,2020-07-01,2024-05-01,2026-11-01,2026-11-01,284.21,284.21,0.0,38.77,April 2026,0,0,5.653225751039049,2020.0,7.0,76.0,0.0,0.0,-38.77,23.0,30.0,46.0,7.0,0.0,76.66666666666667,-37.89666666666667
1443,Improvement/Widening to 2-Lane with Paved Shoulder from design Km 45.760 to Km 63.530 between Shillong-Dawki under JICA ODA Loan assistance Phase-II -Balance work Pkg-4,NHIDCL,618375,N24001334,-,Meghalaya,2020-07-01,2024-04-01,2026-04-01,2026-10-01,445.51,445.51,42.32,49.05,April 2026,0,1,6.101461796482331,2020.0,7.0,69.0,3.76861442213279,0.09499225606608157,-39.55077439339184,24.0,24.0,45.0,0.0,0.0,100.0,-50.95
1444,Improvement/Widening to 2-Lane with Paved Shoulder between Shillong-Dawki road up to Bangladesh Border from design Km 10.670 to Km 37.550 under JICA ODA Loan assistance Phase-II -Balance Work-Pkg-2,NHIDCL,618376,N24001314,10288,Meghalaya,2020-07-01,2024-02-01,2026-08-01,2026-12-01,525.67,525.67,0.0,49.31,April 2026,0,1,6.266574166446798,2020.0,7.0,73.0,0.0,0.0,-49.31,26.0,30.0,43.0,4.0,0.0,86.66666666666667,-37.35666666666667
1445,Improvement/Widening to 2-L with Paved Shoulder/4-L from Km 81740 to Km 93490 design Km 0000 to Km 10670 of NH-40 New NH-106 & 206 section & 4-L from design Km 0.00 to Km 0.930 of NH-44 section between Shillong-Dawki under JICA ODA Loan assistance Phase-II -Balance Work Pkg-1,NHIDCL,618377,N24001313,-,Meghalaya,2020-07-01,2023-10-01,2025-10-01,2026-05-01,351.12,351.12,0.0,93.06,April 2026,0,1,5.863972026592705,2020.0,7.0,63.0,0.0,0.0,-93.06,30.0,24.0,39.0,-6.0,1.0,125.0,-31.939999999999998
1446,Rehabilitation and up gradation of Nongstoin-Rambrai-Kyrshai road up to Meghalaya- Assam border from Km 0.335 to km 34.039 to 2-Lane under NHO - NE in the State of Meghalaya Package-1,NHIDCL,618418,N24001474,-,Meghalaya,2021-09-01,2022-05-01,2024-05-01,2026-05-01,359.86,359.86,214.12,80.49,April 2026,0,1,5.8884900714801525,2021.0,9.0,32.0,5.371196011960609,0.5950091702328684,-20.989082976713156,47.0,24.0,8.0,-23.0,1.0,195.83333333333331,-115.34333333333332
1447,"Construction of 2-Lane with paved shoulders of Shillong Western Bypass starting from NH-06 near Ladumsaw existing Km 60.900 of old NH40 to NH106 old NH 44E Package-III, from km 24700 to km 38256 under SARDP-NE PHASE A in the state of Meghalaya on EPC Mode Greenfield alignment",NHIDCL,618419,N24002158,10306,Meghalaya,2023-03-01,2024-09-01,2026-09-01,2026-09-01,562.48,562.48,85.88,50.91,April 2026,0,0,6.334131840392106,2023.0,3.0,42.0,4.464527856185625,0.152680984212772,-35.641901578722795,19.0,24.0,18.0,5.0,0.0,79.16666666666666,-28.25666666666666
1448,"Construction of 2 lane with paved shoulder of Shillong Western Bypass starting from NH-06 near Ladumsaw existing km 60.900 of old NH-40 to NH-106 old NH-44E, Package-II km 12800 to km 24700 under SARDP-NE Phase A in the State of Meghalaya on EPC Mode",NHIDCL,618420,N24002157,10307,Meghalaya,2023-03-01,2024-09-01,2026-09-01,2026-09-01,686.03,686.03,228.79,46.51,April 2026,0,0,6.532377959391195,2023.0,3.0,42.0,5.437165848366845,0.3334985350494876,-13.160146495051237,19.0,24.0,18.0,5.0,0.0,79.16666666666666,-32.65666666666666
1449,"Construction of 2-Lane with paved shoulder of Shillong Western Bypass starting from NH-06 near Ladumsaw Existing km 60.900 of old NH-40 to NH106 old NH-44E, km 0000 to km 12800 Package-I under SARDP-NE PHASE A in the State of Meghalaya on EPC Mode Greenfield alignment",NHIDCL,618421,N24002156,10308,Meghalaya,2023-03-01,2024-09-01,2026-09-01,2026-09-01,620.3,620.3,215.93,68.85,April 2026,0,0,6.431814057069648,2023.0,3.0,42.0,5.37957472085497,0.3481057552797034,-34.03942447202966,19.0,24.0,18.0,5.0,0.0,79.16666666666666,-10.316666666666663
1450,4-Laning of Vairengte - Chhimluang section Package-3 of NH-306 from Existing Chainage km 43000 to Km 59700 Design Chainage km 46000 to km 60850 on Silchar - Vairengte- Sairang road in the State of Mizoram under Bharatmala Pariyojna under NHO-NE. Package-1&2 in Assam state,NHIDCL,618316,-,-,Mizoram,2021-12-01,2025-07-01,2027-01-01,2026-12-01,491.39,491.39,32.46,17.86,April 2026,0,0,6.1992710854119535,2021.0,12.0,61.0,3.510350695558678,0.0660575103278455,-11.25424896721545,9.0,18.0,43.0,9.0,0.0,50.0,-32.14
1451,4-Laning of chhimluang-Kolasib from section pkg-4 of NH-306 & NH-6 existing chainage km 59700 to km 86000 design chainage km 61000 to km 77500 on Silchar- vairengte-sairang road in the state of Mizoram under Bharatmala Pariyojna on EPC mode Vairengte - Sairang Pkg-4,NHIDCL,618317,-,10255,Mizoram,2021-12-01,2025-07-01,2027-01-01,2026-12-01,561.91,561.91,0.0,17.12,April 2026,0,0,6.333119757456968,2021.0,12.0,61.0,0.0,0.0,-17.12,9.0,18.0,43.0,9.0,0.0,50.0,-32.879999999999995
1452,4-Laning of Kolasib - Sethawn section Package-5 of NH-6 from Existing Chainage km 86000 to km 107850 Design Chainage km 77500 to km 95500 on silchar - vairengte - sairang road under Bharatmala Pariyojna on EPC mode under NHO-NE Vairengte - Sairang Pkg-5,NHIDCL,618318,-,10256,Mizoram,2021-11-01,2025-07-01,2027-07-01,2027-06-01,720.4,720.4,40.29,11.86,April 2026,0,0,6.581193768469438,2021.0,11.0,68.0,3.720620339897999,0.055927262631871186,-6.267273736812881,9.0,24.0,44.0,15.0,0.0,37.5,-25.64
1453,"4-Laning of Sethawn - N. Kawnpui section Package-6 of NH-6 from Existing Chainage km 107850 to km 126315 Design Chainage km 95500 to km 111850 on Silchar- Vairengte- Sairang road, Vairengte - Sairang Pkg-6",NHIDCL,618319,-,10257,Mizoram,2021-12-01,2025-07-01,2027-01-01,2026-12-01,595.65,595.65,21.02,6.72,April 2026,0,0,6.391330676815665,2021.0,12.0,61.0,3.091951131294534,0.03528917988751784,-3.1910820112482154,9.0,18.0,43.0,9.0,0.0,50.0,-43.28
1454,Construction of 4-Laning of N. Kawnpui N. Mualvum Mualkhang via Khamrang Village section Package-7 of NH-6 from Existing Chainage km 127200 to km 142000 Design Chainage km 111850 to km 123400 on Silchar - Vairengte - Sairang road in the State of Mizoram on EPC mode,NHIDCL,618320,-,10258,Mizoram,2024-02-01,2025-10-01,2028-10-01,,866.32,866.32,0.0,18.9,April 2026,0,-1,6.765407997496017,2024.0,2.0,56.0,0.0,0.0,-18.9,6.0,36.0,20.0,30.0,0.0,16.666666666666664,2.2333333333333343
1455,Construction of 4-Laning of West Serawlg-Sairang section of NH-6 from Existing Chainage km 142000 to km 158900 Design Chainage km 123400 to km 136260 on Silchar - Vairengte - Sairang road in the State of Mizoram under Bharatmala Pariyojna on EPC mode under NHO-NE Package-8,NHIDCL,618321,-,10259,Mizoram,2024-02-01,2025-11-01,2028-11-01,,875.79,875.79,0.0,13.95,April 2026,0,-1,6.776267511019223,2024.0,2.0,57.0,0.0,0.0,-13.95,5.0,36.0,21.0,31.0,0.0,13.88888888888889,0.061111111111110006
1456,Construction of Twin Tube Uni-directional Aizawl Bypass Tunnel of 2.5 km and its approaches of 2.1 km from km 10.600 to km 15.200 on Sarrang - Phaibawk section of NH-6 in the State of Mizoram on EPC Mode under NHO-NE Package-2,NHIDCL,618323,-,-,Mizoram,2024-01-01,2025-12-01,2028-12-01,,1313.28,1313.28,0.0,0.0,April 2026,0,-1,7.181044266146279,2024.0,1.0,59.0,0.0,0.0,0.0,4.0,36.0,23.0,32.0,0.0,11.11111111111111,-11.11111111111111
1457,Construction of 2-lane Aizawl Bypass from km 15.200 to km 34.500 Package-3 on Sairang - Phaibawk section of NH-6 in the State of Mizoram under Bharatmala Pariyojna on EPC Mode under NHO-NE,NHIDCL,618324,-,10260,Mizoram,2023-02-01,2025-10-01,2028-11-01,,720.72,720.72,0.0,15.1,April 2026,0,-1,6.581637252040098,2023.0,2.0,69.0,0.0,0.0,-15.1,6.0,37.0,32.0,31.0,0.0,16.216216216216218,-1.116216216216218
1458,Up-gradation to 2-lane with paved shoulders of Ngopa - Pawlrang section of NH 102B of Aizawl - Imphal Economic Corridor from Existing Chainage km 32.796 to km 72.030 [Design Chainage km 31.280 to km 68.170] in the State of Mizoram under Bharatmala Pariyojna on EPC mode under NHO-NE Package-2 Keifang- Tuivai Pkg-2,NHIDCL,618341,N24001545,10270,Mizoram,2021-09-01,2023-09-01,2025-02-01,2026-06-01,523.78,523.78,394.29,95.31,April 2026,0,1,6.262979127147586,2021.0,9.0,41.0,5.979619672740059,0.7527778838443622,-20.03221161556378,31.0,17.0,24.0,-14.0,1.0,182.35294117647058,-87.04294117647058
1459,Rehabilitation and upgradation to 2 Lane with Paved shoulder of Economic corridor of NH-6 from Design chaiange Km 0.000 to Km 13.510 Package-1 in the state of Mizoram under Bharatmala Pariyojana on EPC mode,NHIDCL,618342,N24001278,-,Mizoram,2020-03-01,2020-07-01,2022-06-01,2024-06-01,206.9,206.9,0.0,0.0,April 2026,0,1,5.337057194863967,2020.0,3.0,27.0,0.0,0.0,0.0,69.0,23.0,4.0,-46.0,1.0,300.0,-300.0
1460,"Rehabilitation and Up gradation to 2-lane with paved shoulder of Keifang Section Economic Corridor of NH-06 from Existing Chainage Km 30050 Keifang to Km 50360 Keifang, Design Chainage Km 27400 to Km 45040 PkgIII in the State of Mizoram under Bharatmala Pariyojna on EPC Mode Seling-Dulte - III",NHIDCL,618343,N24001281,-,Mizoram,2020-03-01,2020-07-01,2022-06-01,2024-12-01,292.23,292.23,0.0,0.0,April 2026,0,1,5.680957284014257,2020.0,3.0,27.0,0.0,0.0,0.0,69.0,23.0,4.0,-46.0,1.0,300.0,-300.0
1461,Construction of 2-laning with hard shoulder of Lunglei to Chhumkhum from Design Chainage Km 0.000 to Km 37.420 of NH-302 [Lunglei-Tlabung] Package-A,NHIDCL,618362,N24001358,10280,Mizoram,2021-03-01,2021-06-01,2022-12-01,2026-06-01,698.45,698.45,556.91,64.78,April 2026,0,1,6.55029431192244,2021.0,3.0,21.0,6.324197659050047,0.7973512778294795,14.95512778294794,58.0,18.0,3.0,-40.0,1.0,322.22222222222223,-257.4422222222222
1462,Construction of 2-laning with hard shoulder configuration of Chhumkhum to Tlabung from Design Chainage Km 37.420 to Km 74.950 of NH-302 in Mizoram under Bharatmala Pariyojana on EPC mode [Pkg-B],NHIDCL,618363,N24001359,10281,Mizoram,2021-06-01,2021-07-01,2023-01-01,2026-12-01,740.58,740.58,430.45,61.34,April 2026,0,1,6.608783045171694,2021.0,6.0,19.0,6.067151628954316,0.5812336276972102,-3.216637230278984,57.0,18.0,1.0,-39.0,1.0,316.66666666666663,-255.32666666666663
1463,Widening and Up-gradation to 2- Lane with Paved Shoulder Configuration and geometric improvement from Km. 208. 000 to Km 250.000 Package-5 on Aizawl Tuipang Section of NH-54 in the State of Mizoram Package-5,NHIDCL,618379,N24000861,10290,Mizoram,2019-09-01,2019-10-01,2023-04-01,,752.89,752.89,125.62,95.35,April 2026,0,-1,6.6252464687710155,2019.0,9.0,43.0,4.84119047511598,0.16685040311333663,-78.66495968866633,78.0,42.0,1.0,-36.0,1.0,185.71428571428572,-90.36428571428573
1464,Widening and Up-gradation to 2- Lane with Paved Shoulder Configuration and geometric improvement from Km. 125. 000 to Km 166 Package-3 on Aizawl Tuipang Section of NH-54 in the State of Mizoram Package-3,NHIDCL,618380,N24000857,10291,Mizoram,2019-09-01,2019-10-01,2023-04-01,2025-04-01,867.09,867.09,159.47,97.51,April 2026,0,1,6.766295395921207,2019.0,9.0,43.0,5.078107009211268,0.18391401123297466,-79.11859887670253,78.0,42.0,1.0,-36.0,1.0,185.71428571428572,-88.20428571428572
1465,Widening and up-gradation to 2-lane with paved shoulder configuration and geometric improvements from km 250.00 Lunglei to km 298.00 on Aizawl-Tuipang section under JICA ODA Loan assistance Phase-I Package-6,NHIDCL,618381,N24000863,10292,Mizoram,2019-09-01,2019-12-01,2023-06-01,2025-05-01,768.76,768.76,168.78,98.73,April 2026,0,1,6.646078777951144,2019.0,9.0,45.0,5.134503481309822,0.2195483635985223,-76.77516364014778,76.0,42.0,3.0,-34.0,1.0,180.95238095238096,-82.22238095238096
1466,Widening and up-gradation to 2-lane with paved shoulder configuration and geometric improvements from km 298.00 to km 339.00 on Aizawl-Tuipang section under JICA ODA Loan assistance Phase-I Package-7,NHIDCL,618382,N24000864,10293,Mizoram,2019-09-01,2020-10-01,2024-04-01,2025-05-01,605.76,750.32,0.01,100.0,April 2026,1,1,6.408133325723472,2019.0,9.0,55.0,0.009950330853168083,1.6508188061278395e-05,-99.99834918119387,66.0,42.0,13.0,-24.0,1.0,157.14285714285714,-57.14285714285714
1467,Widening and up-gradation to 2-lane with paved shoulder configuration and geometric improvements from km 339.00 to km 380.00 Siaha on Aizawl-Tuipang section under JICA ODA Loan assistance Phase-I Package-8,NHIDCL,618383,N24000865,10294,Mizoram,2019-09-01,2020-03-01,2023-09-01,2025-06-01,637.06,637.06,101.89,99.82,April 2026,0,1,6.458432322810088,2019.0,9.0,48.0,4.633660456387719,0.15993783944997333,-83.82621605500266,73.0,42.0,6.0,-31.0,1.0,173.80952380952382,-73.98952380952383
1468,Widening and Up-gradation to 2- Lane with Paved Shoulder Configuration and geometric improvement from Km. 166. 000 to Km 208.000 Package-4 on Aizawl Tuipang Section of NH-54 in the State of Mizoram Package-4,NHIDCL,618384,N24000862,10295,Mizoram,2019-09-01,2019-10-01,2023-04-01,2025-04-01,899.45,899.45,191.59,99.88,April 2026,0,1,6.802894638365962,2019.0,9.0,43.0,5.2605635769361205,0.21300794930235142,-78.57920506976485,78.0,42.0,1.0,-36.0,1.0,185.71428571428572,-85.83428571428573
1469,"2-laning of Zorinpui - Longmasu section of NH-502A from km 0.000 to km 28.244 in the State of Mizoram on EPC mode under NHO-NE, stretch of IMBR",NHIDCL,618452,N24002204,10312,Mizoram,2023-02-01,2024-12-01,2026-12-01,2027-07-01,781.85,781.85,20.64,4.71,April 2026,0,1,6.662941106757532,2023.0,2.0,46.0,3.074543453978281,0.026398925625119907,-2.070107437488009,16.0,24.0,22.0,8.0,0.0,66.66666666666666,-61.956666666666656
1470,Up-gradation to 2 lane with paved shoutders of Pawlrang - Rulchawm section- of NH- 102B of Aizawl - Imphal Economic Corridor from Existing Chainage km 72.030 to km 104.129 including 2.459 km re-alignment section from Tuivai River to Rulchawm connecting km 48.150 of NH-6 [Design Chainage km 68.170 to km 98.579] in the State of Mizoram under Bharatmala Pariyojna on EPC mode under NHO-NE Package-3 Keifang- Tuivai Pkg-3,NHIDCL,619010,N24002027,10806,Mizoram,2021-12-01,2023-11-01,2025-05-01,2025-07-01,500.88,500.88,305.45,75.35,April 2026,0,1,6.218361047291499,2021.0,12.0,41.0,5.725054609931741,0.6098267049992014,-14.367329500079848,29.0,18.0,23.0,-11.0,1.0,161.11111111111111,-85.76111111111112
1471,Bangalore Chennai Expressway Phase-II Pkg-I from km.71.000 to Km 96.000 Bethamangala in the state of Karnataka to Byreddypalli,National Highways Authority of India [NHAI],619199,-,11890,"Multi-States (Andhra Pradesh, Karnataka)",2020-12-01,2022-10-01,2024-10-01,2022-10-01,1410.01,1410.01,241.41,98.47,April 2026,0,0,7.252061038999918,2020.0,12.0,46.0,5.4906305074696435,0.17121155169112276,-81.34884483088773,42.0,24.0,22.0,-18.0,1.0,175.0,-76.53
1472,6L Aluru - Jakkuva Section of NH-130CD Road from km 365.033 to km 396.800 Pkg. 1,National Highways Authority of India [NHAI],618681,N24001838,10484,"Multi-States (Andhra Pradesh, Odisha)",2021-02-01,2022-03-01,2024-03-01,2026-06-01,1216.12,1241.66,683.05,96.23,April 2026,1,1,7.104242691248991,2021.0,2.0,37.0,6.528031014366123,0.5616633226984179,-40.063667730158215,49.0,24.0,13.0,-25.0,1.0,204.16666666666666,-107.93666666666665
1473,Bangalore Chennai Expressway Phase-III Package I Gudipala to Walajajhpet from Km 156.000 to Km 180.000,National Highways Authority of India [NHAI],618477,N24001720,10336,"Multi-States (Andhra Pradesh, Tamil Nadu)",2020-10-01,2022-05-01,2024-05-01,2026-06-01,1481.87,1481.87,711.04,99.02,April 2026,0,1,7.301734678147208,2020.0,10.0,43.0,6.568134089609232,0.47982616558807456,-51.03738344119254,47.0,24.0,19.0,-23.0,1.0,195.83333333333331,-96.81333333333332
1474,6L of Veera Kaveri Raja Puram to Pondavakkam from km 61.380 to km 96.040 of NH 716B Pkg-III,National Highways Authority of India [NHAI],618634,N24001819,10452,"Multi-States (Andhra Pradesh, Tamil Nadu)",2021-03-01,2023-01-01,2025-01-01,2026-05-01,1439.77,1439.77,734.85,98.89,April 2026,0,1,7.272932971879285,2021.0,3.0,46.0,6.601026293610122,0.5103940212672857,-47.850597873271425,39.0,24.0,22.0,-15.0,1.0,162.5,-63.61
1475,Walajahpet/Ranipet to TN/AP Border Section of from Km.106.800 to Km.133.36 NH-4,National Highways Authority of India [NHAI],618769,-,10548,"Multi-States (Andhra Pradesh, Tamil Nadu)",2024-12-01,2025-09-01,2027-09-01,2027-09-01,1338.14,1214.7,116.15,10.07,April 2026,0,0,7.199782895864149,2024.0,12.0,33.0,4.763455164953805,0.08679958748710898,-1.3900412512891034,7.0,24.0,9.0,17.0,0.0,29.166666666666668,-19.096666666666668
1476,6L of Varadharajula to Kumarajapet from km 0.000 to km 43.800 of NH-716B Pkg-I,National Highways Authority of India [NHAI],618771,N24001820,10549,"Multi-States (Andhra Pradesh, Tamil Nadu)",2021-02-01,2022-12-01,2024-12-01,2026-04-01,1924.75,1887.38,947.66,99.19,April 2026,0,1,7.563070781233075,2021.0,2.0,46.0,6.855050462550109,0.49235485127938694,-49.9545148720613,40.0,24.0,22.0,-16.0,1.0,166.66666666666669,-67.47666666666669
1477,6L of Kumarajapet to Veera Kaveri Raja Puram from km 43.800 to km 61.380 of NH- 716B Pkg-II,National Highways Authority of India [NHAI],618772,N24001988,10550,"Multi-States (Andhra Pradesh, Tamil Nadu)",2021-02-01,2023-10-01,2025-10-01,2026-05-01,702.52,799.36,370.57,97.75,April 2026,1,1,6.5560963054325,2021.0,2.0,56.0,5.9177372717108225,0.5274867619427205,-45.00132380572795,30.0,24.0,32.0,-6.0,1.0,125.0,-27.25
1478,6 laning of Balance Work of Chennai - Tada from km. 21.40 to km. 54.40,National Highways Authority of India [NHAI],619077,-,-,"Multi-States (Andhra Pradesh, Tamil Nadu)",2017-12-01,2018-03-01,2020-03-01,2026-06-01,464.62,472.37,182.82,100.0,April 2026,1,1,6.143369850821135,2017.0,12.0,27.0,5.213957017929963,0.39348284619689206,-60.6517153803108,97.0,24.0,3.0,-73.0,1.0,404.1666666666667,-304.1666666666667
1479,Khammam-Devarapalle Pkg III [4L Access Controlled Greenfield from Chintagudem village to Recherla village Design Chainage 63117 to 105236],National Highways Authority of India [NHAI],618747,N24001484,10534,"Multi-States (Andhra Pradesh, Telangana)",2021-01-01,2022-09-01,2024-09-01,2026-05-01,829.5,1227.07,518.85,98.82,April 2026,1,1,6.72202792905335,2021.0,1.0,44.0,6.253540308423979,0.625497287522604,-36.27027124773959,43.0,24.0,20.0,-19.0,1.0,179.16666666666669,-80.34666666666669
1480,4L Access Controlled Greenfield Highway section on NH-163G Khammam Vijayawada from Remidicherla village at Design Ch. 280.200 Km to Jakkampudi village on NH-16 at Design Ch. 309.909 Km Package-III,National Highways Authority of India [NHAI],618818,-,10585,"Multi-States (Andhra Pradesh, Telangana)",2023-03-01,2025-05-01,2027-05-01,2027-12-01,1183.23,1225.14,1.28,2.8,April 2026,1,1,7.076848053335307,2023.0,3.0,50.0,0.8241754429663494,0.0010817846065431067,-2.691821539345689,11.0,24.0,26.0,13.0,0.0,45.83333333333333,-43.03333333333333
1481,4L Access Controlled Greenfield Highway section on NH-163G Khammam Vijayawada from BrahmanapalliK village at Design Ch. 250.400 Km to Remidicherla village at Design Ch. 280.200 KmPackage-II,National Highways Authority of India [NHAI],619143,-,11808,"Multi-States (Andhra Pradesh, Telangana)",2023-03-01,2025-03-01,2027-03-01,2027-06-01,826.01,862.58,69.29,22.08,April 2026,1,1,6.717816786849013,2023.0,3.0,48.0,4.252629541187814,0.08388518298809942,-13.691481701190057,13.0,24.0,24.0,11.0,0.0,54.166666666666664,-32.086666666666666
1482,6L Access Controlled Greenfield Highway of Julekal village to Dinnedevarapadu village from Km 242.200 to Km 280.400 Pkg-2,National Highways Authority of India [NHAI],619212,-,11902,"Multi-States (Andhra Pradesh, Telangana)",2022-01-01,2023-01-01,2025-01-01,2026-12-01,1227.57,1315.87,524.04,65.24,April 2026,1,1,7.113606170394912,2022.0,1.0,36.0,6.263474450165467,0.4268921527896576,-22.550784721034233,39.0,24.0,12.0,-15.0,1.0,162.5,-97.26
1483,Widening/Improvement to 4-Lane with Paved Shoulder from km 55000 Nagabang Gamsuk to km 82514 Oyan in the State of Assam and Arunachal Pradesh on EPC mode under Bharatmala Pariyojna of Length 27.514 Km Package-3,NHIDCL,618359,N24002155,10277,"Multi-States (Arunachal Pradesh, Assam)",2023-03-01,2024-09-01,2027-03-01,2027-03-01,665.47,665.47,295.3,96.7,April 2026,0,0,6.501995127352913,2023.0,3.0,48.0,5.691372454579519,0.44374652501239725,-52.32534749876028,19.0,30.0,18.0,11.0,0.0,63.33333333333333,33.366666666666674
1484,6L of Aurangabad to Bihar-Jharkhand border Chordaha section from km. 180.000 to km. 209.827 of NH-2 PKG-01,National Highways Authority of India [NHAI],618531,N24001703,10382,"Multi-States (Bihar, Jharkhand)",2021-02-01,2024-12-01,2026-12-01,2026-12-01,1054.46,786.81,110.8,20.88,April 2026,0,0,6.961731969838869,2021.0,2.0,70.0,4.716711560720999,0.1050774804165165,-10.372251958348349,16.0,24.0,46.0,8.0,0.0,66.66666666666666,-45.78666666666666
1485,6L of Aurangabad to Bihar-Jharkhand border Chordaha section from km. 209.827 to Km. 249.525 of NH-19 PKG-02,National Highways Authority of India [NHAI],618532,N24001700,10383,"Multi-States (Bihar, Jharkhand)",2021-06-01,2022-03-01,2024-03-01,2026-05-01,1822.46,738.11,605.5,97.92,April 2026,0,1,7.5084910741704665,2021.0,6.0,33.0,6.407704728384105,0.33224323167586667,-64.69567683241334,49.0,24.0,9.0,-25.0,1.0,204.16666666666666,-106.24666666666666
1486,6L Greenfield Varanasi-Ranchi-Kolkata Highway from Anarbansalea village to Sagrampur village From KM. 151200 to KM. 184700Package-7,National Highways Authority of India [NHAI],618724,-,10519,"Multi-States (Bihar, Jharkhand)",2023-03-01,2025-07-01,2027-06-01,2027-06-01,1719.2,1723.42,64.54,17.1,April 2026,1,0,7.450195842117379,2023.0,3.0,51.0,4.182660643270669,0.03754071661237785,-13.345928338762217,9.0,23.0,28.0,14.0,0.0,39.130434782608695,-22.030434782608694
1487,Hariharganj to Parwa Mode section from km 23.284 to km 57.049 of NH-98,National Highways Authority of India [NHAI],618951,N24001589,10687,"Multi-States (Bihar, Jharkhand)",2020-09-01,2022-03-01,2024-02-01,2026-06-01,1125.78,1186.56,609.94,91.3,April 2026,1,1,7.027119286465924,2020.0,9.0,41.0,6.414998754677024,0.5417932455719591,-37.12067544280409,49.0,23.0,18.0,-26.0,1.0,213.0434782608696,-121.7434782608696
1488,4L of Sahibganj - Manihari Ganga Bridge including Manihari Bypass,National Highways Authority of India [NHAI],618952,N24000714,10688,"Multi-States (Bihar, Jharkhand)",2016-10-01,2020-11-01,2024-10-01,2026-12-01,1954.77,1978.01,1820.63,85.17,April 2026,1,1,7.578539256768814,2016.0,10.0,96.0,7.507486983652125,0.9313781160954998,7.967811609549983,65.0,47.0,49.0,-18.0,1.0,138.29787234042556,-53.127872340425554
1489,Six Laning of Bihar - Jharkhand Border Chordaha - Gorhar section of NH-2 from km 249.525 to km 320.810,National Highways Authority of India [NHAI],619078,N24000726,11767,"Multi-States (Bihar, Jharkhand)",2017-12-01,2019-06-01,2021-11-01,2026-12-01,1772.7,1689.17,562.76,78.0,April 2026,0,1,7.480823039211541,2017.0,12.0,47.0,6.334628629018767,0.3174592429627122,-46.25407570372877,82.0,29.0,18.0,-53.0,1.0,282.7586206896552,-204.75862068965517
1490,4L of Munger Mirzachauki section from Km 157350 to Km 193931 Pkg-4,National Highways Authority of India [NHAI],619307,-,12097,"Multi-States (Bihar, Jharkhand)",2021-02-01,2022-08-01,2024-08-01,2026-06-01,1376.56,1481.58,493.65,91.16,April 2026,1,1,7.228069097247268,2021.0,2.0,42.0,6.203850441769232,0.3586113209740222,-55.29886790259778,44.0,24.0,18.0,-20.0,1.0,183.33333333333331,-92.17333333333332
1491,Six Laning of Varanasi to Aurangabad from km. 786.00 to km. 978.40 of Old NH-2,National Highways Authority of India [NHAI],618530,N24000182,10381,"Multi-States (Bihar, Uttar Pradesh)",2009-02-01,2011-09-01,2014-03-01,2026-06-01,3241.56,3241.56,1248.48,95.58,April 2026,0,1,8.084118420259953,2009.0,2.0,61.0,7.130482743744342,0.38514789175582126,-57.065210824417875,175.0,30.0,31.0,-145.0,1.0,583.3333333333333,-487.7533333333333
1492,6L Greenfield Varanasi-Ranchi-Kolkata Highway from junction with NH-19 & Varanasi Ring Road near Rewasa village to junction with Chandauli-Chainpur road near Khainti village from Km. 0.000 to Km. 27.000 - Pkg-1,National Highways Authority of India [NHAI],618728,-,10523,"Multi-States (Bihar, Uttar Pradesh)",2023-03-01,2024-11-01,2026-11-01,2027-05-01,1433.39,1564.15,373.57,38.92,April 2026,1,1,7.26849495071057,2023.0,3.0,44.0,5.925778701378526,0.26061992897955194,-12.858007102044809,17.0,24.0,20.0,7.0,0.0,70.83333333333334,-31.91333333333334
1493,Construction of additional 3-Lane Bridge over River Ganga for connection between Buxar and Bharauli on NH-922 in the State of Uttar Pradesh and Bihar on Hybrid Annuity Mode,National Highways Authority of India [NHAI],618882,-,-,"Multi-States (Bihar, Uttar Pradesh)",2024-03-01,2025-08-01,2028-02-01,2028-02-01,531.61,444.92,18.86,15.51,April 2026,0,0,6.277789449020316,2024.0,3.0,47.0,2.9887076586170265,0.0354771354940652,-11.96228645059348,8.0,30.0,17.0,22.0,0.0,26.666666666666668,-11.156666666666668
1494,Construction of Four Lane Highway from Ghazipur- Ballia-UP/Bihar State Border Greenfield section of NH-31 Package III [from Pindari km 78.150 to Rawalganj Bypass Km 117.120] on EPC Mode in the state of Uttar Pradesh.,National Highways Authority of India [NHAI],619154,-,11812,"Multi-States (Bihar, Uttar Pradesh)",2022-10-01,2023-08-01,2025-08-01,2026-11-01,1493.5,1493.59,540.0,78.15,April 2026,1,1,7.309546981723993,2022.0,10.0,34.0,6.293419278846481,0.36156678942082354,-41.993321057917655,32.0,24.0,10.0,-8.0,1.0,133.33333333333331,-55.18333333333331
1495,4L of Kishanganj - Bahadurganj section from Km. 0.000 to Km. 23.649 & interchange at Start Point Length - 1.200 Km of NH-27,National Highways Authority of India [NHAI],618584,-,-,"Multi-States (Bihar, West Bengal)",2025-01-01,2025-12-01,2027-12-01,2027-12-01,962.84,855.56,60.94,9.21,April 2026,0,0,6.8709253057314195,2025.0,1.0,35.0,4.126166174545057,0.06329192804619667,-2.880807195380334,4.0,24.0,11.0,20.0,0.0,16.666666666666664,-7.4566666666666634
1496,6L of Dhanara - Hatibena Section from Km 124.611 to km 146.50 of NH-130-CD Package OD-1,National Highways Authority of India [NHAI],618676,N24001669,10479,"Multi-States (Chhattisgarh, Odisha)",2021-02-01,2022-03-01,2024-03-01,2026-04-01,477.76,638.32,297.98,99.95,April 2026,1,1,6.17119942800517,2021.0,2.0,37.0,5.700376681521369,0.6237022772940389,-37.57977227059611,49.0,24.0,13.0,-25.0,1.0,204.16666666666666,-104.21666666666665
1497,Vadodara Mumbai Expressway Talsari to Karvad Phase IB - Pkg X [Km 103.400 to Km 128.000],National Highways Authority of India [NHAI],619064,N24001786,11759,"Multi-States (Dadra & Nagar Haveli and Daman & Diu, Gujarat, Maharashtra)",2020-10-01,2022-03-01,2024-03-01,2026-11-01,1909.74,2652.24,671.46,36.23,April 2026,1,1,7.5552458805622615,2020.0,10.0,41.0,6.510942630153112,0.351597599673254,-1.0702400326745973,49.0,24.0,17.0,-25.0,1.0,204.16666666666666,-167.93666666666667
1498,Dwarka Expressway Pkg-III Delhi/HR Border to Start of RoB Gurugram,National Highways Authority of India [NHAI],618577,-,10413,"Multi-States (Delhi, Haryana)",2018-01-01,2018-11-01,2020-11-01,2026-05-01,2228.26,2298.37,991.43,100.0,April 2026,1,1,7.709424970818542,2018.0,1.0,34.0,6.900156481106807,0.44493461265740974,-55.506538734259024,89.0,24.0,10.0,-65.0,1.0,370.83333333333337,-270.83333333333337
1499,Akshardham - DL/UP Border Pkg-01,National Highways Authority of India [NHAI],619122,N24001771,11791,"Multi-States (Delhi, Uttar Pradesh)",2020-09-01,2022-06-01,2024-12-01,2026-05-01,1479.22,1476.75,1343.18,100.0,April 2026,0,1,7.299946004359694,2020.0,9.0,51.0,7.203539440686893,0.9080326117818851,-9.196738821811493,46.0,30.0,21.0,-16.0,1.0,153.33333333333334,-53.33333333333334
1500,Balance work of 2L PS from Km 30.800 to Km 70.800 and 2L with Rigid Carriageway from Km 70.800 to km 84.120 of Khanapur- KA/GOA Border section of NH-4A,National Highways Authority of India [NHAI],618942,N24001677,-,"Multi-States (Goa, Karnataka)",2022-01-01,2022-11-01,2024-05-01,2027-03-01,226.76,149.44,109.78,82.45,April 2026,0,1,5.428292442969782,2022.0,1.0,28.0,4.707546252604958,0.4841241841594638,-34.037581584053626,41.0,18.0,10.0,-23.0,1.0,227.77777777777777,-145.32777777777778
1501,Bal. Works of Fagne Km. 510.000 to Maharashtra/Gujarat Border Km. 650.794,National Highways Authority of India [NHAI],618637,N24001804,10455,"Multi-States (Gujarat, Maharashtra)",2019-12-01,2020-09-01,2022-09-01,2026-12-01,1654.07,1672.89,1356.95,97.66,April 2026,1,1,7.4115985829892175,2019.0,12.0,33.0,7.213731488589559,0.820370359174642,-15.622964082535802,67.0,24.0,9.0,-43.0,1.0,279.16666666666663,-181.50666666666663
1502,Delhi-Amritsar-Katra Expressway Phase-I Pkg-V from Junction with Ambala-Kaithal- Hissar road NH-152 near Kharak Pandwa village to Junction with Patiala-Samana- Patran road SH-10 near Ghagga village Km 120250 to Km 157920,National Highways Authority of India [NHAI],618486,N24001632,10344,"Multi-States (Haryana, Punjab)",2021-01-01,2022-05-01,2024-05-01,2026-05-01,1741.86,2281.02,924.51,98.7,April 2026,1,1,7.463282721008953,2021.0,1.0,40.0,6.830344936925465,0.5307602218318349,-45.62397781681651,47.0,24.0,16.0,-23.0,1.0,195.83333333333331,-97.13333333333331
1503,4L Greenfield a Malout bypass from ch. Km 44.500 to ch. Km 35.500 on NH-07 and Ch. Km 0.000 to Km 6.984 on NH-09 bMandi Dabwali Bypass from Ch. 38.450 Km to Km 27.910 Pkg-02,National Highways Authority of India [NHAI],618760,N24001638,10542,"Multi-States (Haryana, Punjab)",2021-11-01,2022-12-01,2024-07-01,2026-04-01,646.42,556.09,549.2,98.0,April 2026,0,1,6.472995233816948,2021.0,11.0,32.0,6.310281848490474,0.8496024256675228,-13.039757433247729,40.0,19.0,13.0,-21.0,1.0,210.52631578947367,-112.52631578947367
1504,4L Ambala - Kalaamb from Km. -0.800 to Km. 33.015 of old NH-72,National Highways Authority of India [NHAI],618935,N24002044,10676,"Multi-States (Haryana, Punjab)",2022-10-01,2023-06-01,2025-06-01,2026-05-01,1183.7,1190.34,452.48,100.0,April 2026,1,1,7.077244856960713,2022.0,10.0,32.0,6.116951167149398,0.3822590183323477,-61.77409816676523,34.0,24.0,8.0,-10.0,1.0,141.66666666666669,-41.666666666666686
1505,4L Ismailabad to Ambala Section of NH-152 Lot-4/Package-1,National Highways Authority of India [NHAI],619093,-,-,"Multi-States (Haryana, Punjab)",2023-02-01,2023-12-01,2025-12-01,2027-04-01,609.32,454.34,169.1,70.83,April 2026,0,1,6.413983409781974,2023.0,2.0,34.0,5.136386499401816,0.2775224840806144,-43.07775159193856,28.0,24.0,10.0,-4.0,1.0,116.66666666666667,-45.83666666666667
1506,6L of Ambala-Chandigarh greenfield section from Km. 0.000 to Km. 25.000 with 4L spur to Lalru from Km. 0.000 to Km. 5.828 & spur to PR-7 road from Km. 0.000 to Km. 11.157,National Highways Authority of India [NHAI],619134,N24002098,11802,"Multi-States (Haryana, Punjab)",2022-03-01,2023-10-01,2025-10-01,2026-06-01,1641.66,1904.79,552.95,80.65,April 2026,1,1,7.4040721580954525,2022.0,3.0,43.0,6.317074429966682,0.33682370283737195,-46.96762971626281,30.0,24.0,19.0,-6.0,1.0,125.0,-44.349999999999994
1507,6L access Controlled Greenfield Highway from Adhoya Musalmana to Sadopur section of Shamli -Ambala Package-III Design Ch. Form km 84.400 to km 121.786,National Highways Authority of India [NHAI],619216,-,11906,"Multi-States (Haryana, Punjab)",2022-05-01,2023-05-01,2025-05-01,2026-12-01,1491.72,1122.86,644.11,71.11,April 2026,0,1,7.308355238088994,2022.0,5.0,36.0,6.469420844890689,0.43179014828520096,-27.930985171479904,35.0,24.0,12.0,-11.0,1.0,145.83333333333331,-74.72333333333331
1508,Additional Structures on 6LGurgaon-Jaipur Section of NH-48 between KM 42.700 to KM 273.00,National Highways Authority of India [NHAI],618505,N24002058,-,"Multi-States (Haryana, Rajasthan)",2022-08-01,2022-12-01,2024-06-01,2026-07-01,409.64,290.64,195.8,87.14,April 2026,0,1,6.017716918252048,2022.0,8.0,22.0,5.282187984618153,0.4779806659505908,-39.34193340494092,40.0,18.0,4.0,-22.0,1.0,222.22222222222223,-135.08222222222224
1509,4 laning of Aligarh-Palwal Section from Km. 46.390 Design Chainage to Km. 69.110 Terminating at junction EPE Package-II from Kurana- Eastern Peripheral Expressway of NH-334D,National Highways Authority of India [NHAI],618691,-,10492,"Multi-States (Haryana, Uttar Pradesh)",2024-03-01,2025-08-01,2027-08-01,2027-08-01,939.17,903.94,146.48,7.5,April 2026,0,0,6.846060709976297,2024.0,3.0,41.0,4.993692573365943,0.15596750322092912,8.096750322092912,8.0,24.0,17.0,16.0,0.0,33.33333333333333,-25.83333333333333
1510,6L access Controlled Greenfield Highway from Ranipur Barsi to Adhoya Musalmana section of Shamli -Ambala Package-II Design Ch. Form km 45.500 to km 84.400,National Highways Authority of India [NHAI],618723,N24002040,10518,"Multi-States (Haryana, Uttar Pradesh)",2022-06-01,2023-05-01,2025-05-01,2026-12-01,1554.21,1241.89,721.32,74.5,April 2026,0,1,7.349365863726654,2022.0,6.0,35.0,6.582468253999224,0.46410716698515647,-28.08928330148435,35.0,24.0,11.0,-11.0,1.0,145.83333333333331,-71.33333333333331
1511,Construction of Greenfield Connectivity to Jewar International Airport from DND- Faridabad-Ballabhgarh Bypass KMP Link - Spur to Delhi Mumbai Expressway,National Highways Authority of India [NHAI],619068,N24002048,11762,"Multi-States (Haryana, Uttar Pradesh)",2022-07-01,2023-06-01,2025-06-01,2027-04-01,2920.69,3485.77,1024.9,69.77,April 2026,1,1,7.979917494964519,2022.0,7.0,35.0,6.933325555093667,0.35091023011685596,-34.6789769883144,34.0,24.0,11.0,-10.0,1.0,141.66666666666669,-71.89666666666669
1512,2L/4L of Hoshiarpur to Una section including Hoshiarpur Bypass of NH 503A,National Highways Authority of India [NHAI],618907,-,-,"Multi-States (Himachal Pradesh, Punjab)",2023-03-01,2025-05-01,2027-05-01,2027-05-01,571.34,481.88,63.4,24.87,April 2026,0,0,6.349733220385172,2023.0,3.0,50.0,4.165113633110308,0.11096719991598697,-13.773280008401304,11.0,24.0,26.0,13.0,0.0,45.83333333333333,-20.963333333333328
1513,4L Poanta SahebMednipur from Km. 435.65 to km. 458.65 of NH-07Pkg-1,National Highways Authority of India [NHAI],619291,-,12092,"Multi-States (Himachal Pradesh, Uttarakhand)",2022-03-01,2023-05-01,2025-05-01,2026-07-01,524.54,657.32,253.88,94.25,April 2026,1,1,6.2644263054030525,2022.0,3.0,38.0,5.540792846161739,0.48400503298127884,-45.84949670187211,35.0,24.0,14.0,-11.0,1.0,145.83333333333331,-51.583333333333314
1514,Delhi-Amritsar-Katra Expressway Phase-II Pkg-XIV from Junction with Pathankot- Gurdaspur road NH-54 near Balsua to Junction with Hiranagar Road near village Gurha Baildaran km 423500 to km 468100,National Highways Authority of India [NHAI],619066,N24001551,11761,"Multi-States (Jammu and Kashmir, Punjab)",2021-10-01,2022-09-01,2024-09-01,2026-09-01,3044.02,3707.91,1551.33,83.6,April 2026,1,1,8.021262748266926,2021.0,10.0,35.0,7.34751230700683,0.5096319997897517,-32.636800021024825,43.0,24.0,11.0,-19.0,1.0,179.16666666666669,-95.56666666666669
1515,4L from Km 219.600 Khajuri to Km 260.483 Wyndhamganj on NH-75 Sec-V,National Highways Authority of India [NHAI],618828,N24002053,10592,"Multi-States (Jharkhand, Uttar Pradesh)",2022-03-01,2023-09-01,2025-09-01,2026-05-01,1436.49,1465.55,830.18,92.02,April 2026,1,1,7.27065381612557,2022.0,3.0,42.0,6.7228463778978425,0.5779225751658557,-34.22774248341443,31.0,24.0,18.0,-7.0,1.0,129.16666666666669,-37.14666666666669
1516,Barwa Adda Km. 398.240 to Panagarh Km. 521.120,National Highways Authority of India [NHAI],618533,N24000515,10384,"Multi-States (Jharkhand, West Bengal)",2010-08-01,2014-04-01,2016-09-01,2026-05-01,1560.39,1568.22,91.41,100.0,April 2026,1,1,7.353331729156907,2010.0,8.0,73.0,4.526235197899949,0.05858150846903658,-94.14184915309635,144.0,29.0,44.0,-115.0,1.0,496.55172413793105,-396.55172413793105
1517,6L Greenfield Varanasi- Ranchi- Kolkata Highway from junction with NH-320 in Lepo village to Kamlapur villageJH/WB border from km 358.500 to km 387.200 Pkg -13,National Highways Authority of India [NHAI],618734,-,10524,"Multi-States (Jharkhand, West Bengal)",2023-03-01,2025-09-01,2027-09-01,2027-09-01,1154.49,1319.18,90.87,17.22,April 2026,1,0,7.052279775414763,2023.0,3.0,54.0,4.520374534283375,0.07871007977548529,-9.348992022451469,7.0,24.0,30.0,17.0,0.0,29.166666666666668,-11.946666666666669
1518,2L PS of JH / WB Border km. 70.524 - Purulia km.84.400 & Purulia km. 94.30 - Chandil Junction with NH-33 km. 153.705 of Old NH-32,National Highways Authority of India [NHAI],618909,N24000788,10656,"Multi-States (Jharkhand, West Bengal)",2018-03-01,2019-12-01,2022-08-01,2026-10-01,1652.4,1771.88,749.26,97.4,April 2026,1,1,7.410589052818575,2018.0,3.0,53.0,6.620419813122018,0.453437424352457,-52.056257564754304,76.0,32.0,21.0,-44.0,1.0,237.5,-140.1
1519,4L of NH-80 section of Mirza Chauki to Farakka section from existing km 190.00 to design km 200.75 junction at km 3.100 of NH 133 B and from existing km 260.00 to existing km 283.00 design km 274.133 in the state of Jharkhand package - II,National Highways Authority of India [NHAI],618948,-,-,"Multi-States (Jharkhand, West Bengal)",2025-02-01,2026-02-01,2028-01-01,2028-01-01,782.18,782.18,22.95,4.3,April 2026,0,0,6.663362554628753,2025.0,2.0,35.0,3.175968323856924,0.029341072387430004,-1.3658927612569993,2.0,23.0,12.0,21.0,0.0,8.695652173913043,-4.395652173913043
1520,4L/2L PS of Govindpur Raiganj - Chas - WB border section of from km. 0.00 to km. 56.889 of Old NH-32,National Highways Authority of India [NHAI],619104,-,-,"Multi-States (Jharkhand, West Bengal)",2016-03-01,2017-12-01,2019-12-01,,1139.65,1154.8,6.64,99.84,April 2026,1,-1,7.039353554338884,2016.0,3.0,45.0,2.033397603178429,0.005826350195235378,-99.25736498047647,100.0,24.0,21.0,-76.0,1.0,416.6666666666667,-316.8266666666667
1521,Six Laning of KT/KL Border Thalapaddy -Chengala from Km. 17.200 to Km. 57.20,National Highways Authority of India [NHAI],619205,-,11895,"Multi-States (Karnataka, Kerala)",2020-05-01,2021-11-01,2024-05-01,2026-05-01,1981.07,2681.48,1060.49,99.2,April 2026,1,1,7.591897032127019,2020.0,5.0,48.0,6.967428860467754,0.5353117254816842,-45.66882745183159,53.0,30.0,18.0,-23.0,1.0,176.66666666666666,-77.46666666666665
1522,6L from Belgaum to Sankeshwar Bypass from Km. 515.000 to Km. 555.017 of NH-48 Pkg-I,National Highways Authority of India [NHAI],618515,N24001679,10369,"Multi-States (Karnataka, Maharashtra)",2021-11-01,2022-10-01,2025-04-01,2026-05-01,1479.3,1237.04,1178.11,100.0,April 2026,0,1,7.300000048919446,2021.0,11.0,41.0,7.072515195591529,0.7963969445007774,-20.36030554992226,42.0,30.0,11.0,-12.0,1.0,140.0,-40.0
1523,6L from Sankeshwar Bypass to MH-KNT Border from Km. 555.017 to Km. 592.853 of NH-48 Pkg-II,National Highways Authority of India [NHAI],618516,N24001598,10370,"Multi-States (Karnataka, Maharashtra)",2022-01-01,2022-10-01,2025-04-01,2026-11-01,1388.7,1066.86,1130.54,83.5,April 2026,0,1,7.236843175492536,2022.0,1.0,39.0,7.031334815752329,0.8140995175343846,-2.090048246561537,42.0,30.0,9.0,-12.0,1.0,140.0,-56.5
1524,Akkalkot MH/KN border New Greenfield corridor from Km 512.000 to Km 548.400 of NH-150C part of Akkalkot KN/TS Border section Package XIV,National Highways Authority of India [NHAI],618636,-,10454,"Multi-States (Karnataka, Maharashtra)",2023-03-01,2024-10-01,2026-10-01,2027-06-01,1370.75,1403.49,275.76,47.0,April 2026,1,1,7.223842575939085,2023.0,3.0,43.0,5.623150704630611,0.201174539485683,-26.8825460514317,18.0,24.0,19.0,6.0,0.0,75.0,-28.0
1525,Bangalore Ring Road STRR-NH-948A- Package-I of Phase-III from Belagondapalli TN to TN/KNT border from km 144.480 to 179.969,National Highways Authority of India [NHAI],618519,N24001968,10373,"Multi-States (Karnataka, Tamil Nadu)",2022-03-01,2023-05-01,2025-05-01,2026-09-01,1260.74,1218.47,611.1,75.76,April 2026,0,1,7.140246999688667,2022.0,3.0,38.0,6.416895667857024,0.48471532591969796,-27.288467408030208,35.0,24.0,14.0,-11.0,1.0,145.83333333333331,-70.07333333333331
1526,Hosur to Dhamrapuri Pkg-1 [Neraluru - Thorapalli Agraharam],National Highways Authority of India [NHAI],618581,N24001693,10417,"Multi-States (Karnataka, Tamil Nadu)",2021-10-01,2022-10-01,2024-10-01,2026-07-01,1757.27,1828.66,927.75,78.7,April 2026,1,1,7.472085650070113,2021.0,10.0,36.0,6.833839596031969,0.5279496036465654,-25.905039635343464,42.0,24.0,12.0,-18.0,1.0,175.0,-96.3
1527,6L of MH/KN Border Nimbal Village to KN/TS Border Singnodi Village from Km. 162.5 to Km. 203.100 in Raichur of NH-150C Pkg-IV,National Highways Authority of India [NHAI],618631,-,10450,"Multi-States (Karnataka, Telangana)",2022-03-01,2022-11-01,2025-05-01,2026-06-01,1499.73,1457.48,829.47,99.51,April 2026,0,1,7.313706935373153,2022.0,3.0,38.0,6.721991805583325,0.5530795543197776,-44.202044568022245,41.0,30.0,8.0,-11.0,1.0,136.66666666666666,-37.15666666666665
1528,6L Access Controlled Greenfield Highway of Nandinne village to Julekal village from Km 202.900 to Km 242.200 Pkg-1,National Highways Authority of India [NHAI],618632,N24001626,10451,"Multi-States (Karnataka, Telangana)",2022-02-01,2023-01-01,2025-01-01,2026-08-01,972.06,1044.06,408.4,90.13,April 2026,1,1,6.880445745238551,2022.0,2.0,35.0,6.014692673227189,0.42013867456741355,-48.116132543258644,39.0,24.0,11.0,-15.0,1.0,162.5,-72.37
1529,Thalassery Mahe Bypass Km 170.600 to Km 189.200 of NH-17New NH-66 in Kerala,National Highways Authority of India [NHAI],619097,-,11775,"Multi-States (Kerala, Puducherry)",2017-09-01,2017-12-01,2020-05-01,2026-05-01,1181.12,1573.18,710.24,100.0,April 2026,1,1,7.075064715655588,2017.0,9.0,32.0,6.567009925587747,0.6013275535085343,-39.86724464914657,100.0,29.0,3.0,-71.0,1.0,344.8275862068965,-244.8275862068965
1530,4L Shahpur to Muktainagar from Km. 186.000 to km 216.278 of NH 753L Pkg II of Boregaon Buzurg to Muktainagar,National Highways Authority of India [NHAI],619101,-,11779,"Multi-States (Madhya Pradesh, Maharashtra)",2022-12-01,2024-03-01,2026-03-01,2026-10-01,784.35,659.52,299.09,64.0,April 2026,0,1,6.666129478289041,2022.0,12.0,39.0,5.704082429665199,0.3813221138522343,-25.867788614776572,25.0,24.0,15.0,-1.0,1.0,104.16666666666667,-40.16666666666667
1531,"Construction of 26 VUPs, Major Bridge, Service Road etc. on Lalitpur-Sagar- Lakhnadon section of NH-44 NS",National Highways Authority of India [NHAI],618556,-,10402,"Multi-States (Madhya Pradesh, Uttar Pradesh)",2023-02-01,2024-03-01,2026-03-01,2026-06-01,665.91,665.91,507.56,95.19,April 2026,0,1,6.502655104277677,2023.0,2.0,37.0,6.231583202628153,0.7622051027916685,-18.96948972083314,25.0,24.0,13.0,-1.0,1.0,104.16666666666667,-8.976666666666674
1532,4L of Chowka to Kaimaha near MP/UP Border section NH-34 from D. Ch. 145.000 to D. Ch. 197.266 excluding existing Chhatarpur bypass from D. Ch. 160.307 to D. Ch. 168.630 Package-4,National Highways Authority of India [NHAI],618668,-,10473,"Multi-States (Madhya Pradesh, Uttar Pradesh)",2024-10-01,2025-09-01,2027-09-01,2027-09-01,996.5,846.68,162.84,30.89,April 2026,0,0,6.905252148764019,2024.0,10.0,35.0,5.098890341851143,0.163411941796287,-14.5488058203713,7.0,24.0,11.0,17.0,0.0,29.166666666666668,1.7233333333333327
1533,Mangloor to Telangana Maharashtra Border,National Highways Authority of India [NHAI],618624,-,10448,"Multi-States (Maharashtra, Telangana)",2018-03-01,2019-04-01,2021-04-01,2021-03-01,1082.65,1323.12,180.13,96.02,April 2026,1,0,6.988090251634412,2018.0,3.0,37.0,5.199215005504826,0.1663787927769824,-79.38212072230175,84.0,24.0,13.0,-60.0,1.0,350.0,-253.98000000000002
1534,4L of Rajura-Korpana-Adilabad Road upto M.S. Border from km 32.910 to km 89.090 of NH-353B,National Highways Authority of India [NHAI],618938,N24001796,10679,"Multi-States (Maharashtra, Telangana)",2022-03-01,2022-10-01,2024-10-01,2026-05-01,1013.33,1274.63,630.06,100.0,April 2026,1,1,6.921983574992768,2022.0,3.0,31.0,6.447400945183948,0.6217717821440202,-37.82282178559798,42.0,24.0,7.0,-18.0,1.0,175.0,-75.0
1535,4L of Bamni - Rajura - Warur - Devada upto M.S. Border of NH - 930D from km 19.000 to km 51.985,National Highways Authority of India [NHAI],618941,-,10680,"Multi-States (Maharashtra, Telangana)",2022-03-01,2024-03-01,2026-03-01,2026-12-01,968.05,1187.19,599.67,68.15,April 2026,1,1,6.876316210146757,2022.0,3.0,48.0,6.398045698874343,0.6194618046588503,-6.203819534114977,25.0,24.0,24.0,-1.0,1.0,104.16666666666667,-36.016666666666666
1536,Viluppuram Km.0.000 to Puducherry Km.29.000,National Highways Authority of India [NHAI],618844,-,10603,"Multi-States (Puducherry, Tamil Nadu)",2018-03-01,2021-11-01,2023-11-01,2026-06-01,1358.31,1162.44,524.82,98.32,April 2026,0,1,7.214732497041869,2018.0,3.0,68.0,6.264958948848913,0.38637718930141135,-59.68228106985886,53.0,24.0,44.0,-29.0,1.0,220.83333333333334,-122.51333333333335
1537,Puducherry Km.29.000 to Poondiyankuppam Km.67.000,National Highways Authority of India [NHAI],618845,N24001429,10604,"Multi-States (Puducherry, Tamil Nadu)",2018-03-01,2021-11-01,2023-11-01,2026-06-01,1588.4,1415.9,405.48,98.75,April 2026,0,1,7.371111865506079,2018.0,3.0,68.0,6.007534727285477,0.25527574918156637,-73.22242508184337,53.0,24.0,44.0,-29.0,1.0,220.83333333333334,-122.08333333333334
1538,Sattanathapuram to Nagapattinam from Km 123.800 to Km 179.555,National Highways Authority of India [NHAI],618847,N24001431,10606,"Multi-States (Puducherry, Tamil Nadu)",2018-03-01,2020-10-01,2022-10-01,2026-08-01,2899.77,2899.77,1201.6,82.3,April 2026,0,1,7.972731497972481,2018.0,3.0,55.0,7.092241158605468,0.41437769202385016,-40.862230797614984,66.0,24.0,31.0,-42.0,1.0,275.0,-192.7
1539,4L of left out existing road section from Lalgopalganj Km 161.450 to Nawabganj Km 180.200 in Prayagraj,National Highways Authority of India [NHAI],618755,-,-,"Multi-States (Rajasthan, Uttar Pradesh)",2024-03-01,2025-04-01,2026-03-01,2026-05-01,159.53,100.74,72.27,100.0,April 2026,0,1,5.078480840991323,2024.0,3.0,24.0,4.294151248171873,0.45301824108318184,-54.698175891681814,12.0,11.0,13.0,-1.0,1.0,109.09090909090908,-9.09090909090908
1540,6L with access control provision Saharanpur bypass to Ganeshpur section from 13.89 Km to 41.820 Km of Delhi- Dehradun Economic Corridor package-2,National Highways Authority of India [NHAI],618711,N24001629,10506,"Multi-States (Uttar Pradesh, Uttarakhand)",2022-04-01,2022-11-01,2024-11-01,2026-05-01,796.65,560.03,499.88,99.29,April 2026,0,1,6.6816699047470065,2022.0,4.0,31.0,6.216366551437055,0.6274775622920982,-36.542243770790186,41.0,24.0,7.0,-17.0,1.0,170.83333333333331,-71.54333333333331
1541,4-laning of Pilibhit - Sitarganj from Km. 32.500 to Km. 70.800 Pkg-2 of NH-30,National Highways Authority of India [NHAI],618783,-,10558,"Multi-States (Uttar Pradesh, Uttarakhand)",2023-01-01,2024-03-01,2026-03-01,2027-01-01,1471.19,1471.19,416.11,35.2,April 2026,0,1,7.294506367046177,2023.0,1.0,38.0,6.033349975981434,0.28283906225572497,-6.916093774427505,25.0,24.0,14.0,-1.0,1.0,104.16666666666667,-68.96666666666667
1542,Road Safety Improvement of Critical Junctions on MuzaffarnagarHaridwar Section of NH-334 from Km 143000 to Km 196000,National Highways Authority of India [NHAI],618886,-,-,"Multi-States (Uttar Pradesh, Uttarakhand)",2025-04-01,2025-10-01,2027-10-01,2027-10-01,238.66,0.1,11.65,11.12,April 2026,0,0,5.47922125225437,2025.0,4.0,30.0,2.5376572151735295,0.04881421268750524,-6.238578731249475,6.0,24.0,6.0,18.0,0.0,25.0,-13.88
1543,Construction of Rudrapur Bypass Section from Km. 0.000 to 20.640 in the state of Uttar Pradesh & Uttarakhand,National Highways Authority of India [NHAI],618912,-,10659,"Multi-States (Uttar Pradesh, Uttarakhand)",2023-03-01,2024-01-01,2026-01-01,2026-05-01,1051.73,1117.17,665.1,99.1,April 2026,1,1,6.959142068998835,2023.0,3.0,34.0,6.501439809419134,0.6323866391564374,-35.86133608435625,27.0,24.0,10.0,-3.0,1.0,112.5,-13.400000000000006
1544,"Improvement & Up-gradation of NH-734 Section of Moradabad-Thakurdwara Kashipur including Moradabad & Kashipur Bypasse Package-III Kashipur Bypass Length 14.490 Km., Starts from Ch. 38770 and ends at Ch. 53260 existing Ch. 05560",National Highways Authority of India [NHAI],618928,N24002093,10672,"Multi-States (Uttar Pradesh, Uttarakhand)",2023-02-01,2024-03-01,2025-09-01,2026-12-01,936.12,717.5,332.92,44.14,April 2026,0,1,6.842811342341472,2023.0,2.0,31.0,5.81090144332889,0.355638166047088,-8.576183395291203,25.0,18.0,13.0,-7.0,1.0,138.88888888888889,-94.74888888888889
1545,4/6L of Spur to Haridwar Greenfield from Km. 0.000 to Km. 50.70,National Highways Authority of India [NHAI],618969,N24001628,10699,"Multi-States (Uttar Pradesh, Uttarakhand)",2021-11-01,2023-02-01,2025-02-01,2026-06-01,2155.95,2612.3,1469.55,91.5,April 2026,1,1,7.676450465777419,2021.0,11.0,39.0,7.2933917594561155,0.6816252696027274,-23.337473039727257,38.0,24.0,15.0,-14.0,1.0,158.33333333333331,-66.83333333333331
1546,4L of Haridwar-Nagina section from km. 0.00 to km. 71.614 of NH-74,National Highways Authority of India [NHAI],619217,-,-,"Multi-States (Uttar Pradesh, Uttarakhand)",2015-12-01,2018-01-01,2020-07-01,2026-05-01,1659.12,1622.49,822.5,97.64,April 2026,0,1,7.41464516789448,2015.0,12.0,55.0,6.713563549617695,0.49574473214716236,-48.065526785283765,99.0,30.0,25.0,-69.0,1.0,330.0,-232.36
1547,Widening of existing Single lane / Intermediate lane road to 2 lane from Km 101 to Km 125 of NH 61,MoRTH,617886,N24001465,-,Nagaland,2020-06-01,2024-06-01,2026-06-01,2026-12-01,252.2,252.2,0.0,44.46,April 2026,0,1,5.534179690270021,2020.0,6.0,72.0,0.0,0.0,-44.46,22.0,24.0,48.0,2.0,0.0,91.66666666666666,-47.206666666666656
1548,Widening of existing single lane to intermediate lane road from Mokokchung to Chare via Dikhu in the state of Nagaland on EPC mode,MoRTH,618002,N24001418,-,Nagaland,2021-02-01,2023-06-01,2025-06-01,,192.93,192.93,99.65,0.0,April 2026,0,-1,5.26749726920815,2021.0,2.0,52.0,4.611649152085801,0.5165085782408128,51.65085782408128,34.0,24.0,28.0,-10.0,1.0,141.66666666666669,-141.66666666666669
1549,Widening to Existing single lane /intermediate lane to 2 lane from Km185.00 to Km 220.00 of NH-61 New NH-02 in the state of Nagaland.,MoRTH,618072,N24001466,-,Nagaland,2021-03-01,2022-07-01,2024-07-01,2026-03-01,297.25,297.25,149.19,100.0,April 2026,0,1,5.697932060978025,2021.0,3.0,40.0,5.01190115921749,0.5019007569386038,-49.80992430613962,45.0,24.0,16.0,-21.0,1.0,187.5,-87.5
1550,"Construction of 2-lane with Paved shoulder of Kohima- Bypass Road Connecting NH- 39New NH-02, NH-150New NH-02, NH-61New NH-29, NH-39New NH-02 from Design Km 32.00 to Design Km 43.454Design Length-11.454 Km in the State of Nagaland under SARDP-NE on EPC Mode Package-IV",NHIDCL,618290,N24001258,-,Nagaland,2020-07-01,2020-10-01,2022-04-01,2026-12-01,202.36,202.36,94.2,45.52,April 2026,0,1,5.314977807441144,2020.0,7.0,21.0,4.55597994179732,0.4655070171970745,1.0307017197074444,66.0,18.0,3.0,-48.0,1.0,366.66666666666663,-321.14666666666665
1551,"Construction of 2-lane with Paved shoulder of Kohima-Bypass Road connecting NH- 39 New NH-02, NH150New NH-02, NH7-61 New NH-29 and NH-39 New NH-02 from Design km 21.000 to km 32.268 [Design length11.268 km] in the state of Nagaland Under SARDP-NE on EPC Mode Package- 3",NHIDCL,618291,N24001257,-,Nagaland,2020-07-01,2023-06-01,2025-06-01,2026-12-01,159.85,342.29,84.22,37.38,April 2026,1,1,5.080472253685035,2020.0,7.0,59.0,4.445236148071766,0.526868939630904,15.306893963090396,34.0,24.0,35.0,-10.0,1.0,141.66666666666669,-104.28666666666669
1552,Construction of 2-Lane with paved shoulder of Kohima-Bypass Road connecting New NH-02 and New NH-29 from Design Km 10.500 to design Km 21.000 [Design Length- 10.500 km] including TUNNEL of 500m at Ch. 11.000 in the state of Nagaland Under SARDP-NE on EPC Mode Package-2,NHIDCL,618292,N24001255,-,Nagaland,2020-07-01,2020-10-01,2022-10-01,2026-06-01,277.44,277.44,192.45,69.82,April 2026,0,1,5.629202596300466,2020.0,7.0,27.0,5.265019081146522,0.6936634948096886,-0.45365051903112885,66.0,24.0,3.0,-42.0,1.0,275.0,-205.18
1553,"Construction of 2-Lane with paved shoulder of Kohima-Bypass Road connecting NH- 39New NH-02, NH-150New NH-02, NH-61New NH-29 and NH-39New NH-02 from design Km 0.00 to Km 10.500 in the State of Nagaland under SARDP-NE on EPC Mode Package-1 -Balance work",NHIDCL,618293,N24001288,-,Nagaland,2020-07-01,2023-11-01,2026-11-01,2026-11-01,232.29,350.88,12.48,25.61,April 2026,1,0,5.452282314842547,2020.0,7.0,76.0,2.601207105484161,0.05372594601575617,-20.237405398424382,29.0,36.0,40.0,7.0,0.0,80.55555555555556,-54.94555555555556
1554,Balance work of Construction of 2-lane with hard shoulder of Kohima - Jessami road on NH-29 old NH-150 from existing km 98.380 near Chizami vill. to km120.367 Nagaland/Manipur Border [Design km 95.700 to design km 117.200] [Design Length 21.500 km] in the state of Nagaland Under Bharatmala Pariyojna on EPC Mode Package-V under NHO,NHIDCL,618296,N24001287,-,Nagaland,2020-03-01,2023-11-01,2025-11-01,2026-05-01,330.8,330.8,0.0,93.04,April 2026,0,1,5.8045323777563445,2020.0,3.0,68.0,0.0,0.0,-93.04,29.0,24.0,44.0,-5.0,1.0,120.83333333333333,-27.793333333333322
1555,Construction of 2-lane with hard shoulder of Kohima - Jessami road on NH-29 Old NH- 150 from existing Km 30.474 Near Kidwema road Chakahabama to existing Km 53.220 Near Kikruma Village Design Km 29.60 to Km 51.50 Design length-21.90 Km in the state of Nagaland Under Bharatmala Pariyojna on EPC Mode under NHO Package-II -Balance work,NHIDCL,618297,N24001282,-,Nagaland,2020-03-01,2024-01-01,2026-01-01,2026-12-01,355.79,355.79,0.0,40.88,April 2026,0,1,5.877147373407264,2020.0,3.0,70.0,0.0,0.0,-40.88,27.0,24.0,46.0,-3.0,1.0,112.5,-71.62
1556,4-Laning of Balance work of Dimapur-Kohima Road from design km 152.490 to km 166.700 Existing km 156.000 to km 172.900 Excluding Dimapur & Kohima Bypass under SARDP-NE Package-III,NHIDCL,618328,N24001278,10263,Nagaland,2016-03-01,2023-09-01,2025-09-01,,562.98,794.75,119.71,82.59,April 2026,1,-1,6.335018789876395,2016.0,3.0,114.0,4.793390974713035,0.21263632811112293,-61.326367188887716,31.0,24.0,90.0,-7.0,1.0,129.16666666666669,-46.57666666666668
1557,Construction of 4/6 Laning from Km 132.375 to Km 153.058 Total New Alignment length of 20.683 Km of Daboka-Dimapur Section Dimapur Bypass Nagaland Portion of NH-36 & 39 in the State of Nagaland on EPC basis under PhaseA of SARDP-NE,NHIDCL,618329,N24001281,10264,Nagaland,2017-02-01,2017-09-01,2020-09-01,2023-02-01,819.39,819.39,0.0,0.0,April 2026,0,1,6.709779836947925,2017.0,2.0,43.0,0.0,0.0,0.0,103.0,36.0,7.0,-67.0,1.0,286.11111111111114,-286.11111111111114
1558,"Widening to 2 Lane with Hard shoulder of Akegwo-Avangkhu section of NH-202K for Package-I Design Chainage 0000 Km to 34795 Km, in the State of Nagaland on EPC mode under NH O-NE",NHIDCL,618364,N24001976,-,Nagaland,2022-12-01,2023-08-01,2026-02-01,2026-02-01,430.24,430.24,0.0,87.0,April 2026,0,0,6.066664779670917,2022.0,12.0,38.0,0.0,0.0,-87.0,32.0,30.0,8.0,-2.0,1.0,106.66666666666667,-19.66666666666667
1559,Widening to 2 Lane with Hard shoulder of Akegwo-Avangkhu section of NH-202K for Package-III Design Chainage 69875 Km to 106816 Km in the State of Nagaland on EPC mode under NHO-NE,NHIDCL,618365,N24001978,-,Nagaland,2022-12-01,2023-08-01,2026-02-01,2026-02-01,497.18,497.18,0.0,85.67,April 2026,0,0,6.210961457501995,2022.0,12.0,38.0,0.0,0.0,-85.67,32.0,30.0,8.0,-2.0,1.0,106.66666666666667,-20.99666666666667
1560,Widening to 2 Lane with Hard shoulder of Akegwo-Avangkhu section of NH-202K for Package-II Design Chainage 34795 Km to 69875 Km in the State of Nagaland on EPC mode under NHO-NE,NHIDCL,618366,N24001977,-,Nagaland,2022-12-01,2023-08-01,2026-02-01,2026-02-01,442.54,442.54,0.0,54.66,April 2026,0,0,6.094787989339883,2022.0,12.0,38.0,0.0,0.0,-54.66,32.0,30.0,8.0,-2.0,1.0,106.66666666666667,-52.006666666666675
1561,Construction of 2 laning with Hard shoulder of Peren-Dimapur section on NH 129A from Design Km 146.208 to Km 163.592 Length- 17.384 km in the state of Nagaland on EPC mode under NHO-TSP Package-III,NHIDCL,618413,N24001912,-,Nagaland,2021-02-01,2023-06-01,2025-06-01,2026-06-01,177.77,199.02,0.0,93.37,April 2026,1,1,5.186100063426998,2021.0,2.0,52.0,0.0,0.0,-93.37,34.0,24.0,28.0,-10.0,1.0,141.66666666666669,-48.29666666666668
1562,Construction of Balance work for 2-lane with hard shoulder of Peren- Dimapur section on NH-129A from Design Km 126.775 to Km 146.208 Length 19.433 Km in the state of Nagaland on EPC mode under NHO-TSP Package-II,NHIDCL,618414,N24001406,-,Nagaland,2021-01-01,2023-09-01,2025-09-01,2025-09-01,258.52,258.52,60.72,96.53,April 2026,0,0,5.558833770927048,2021.0,1.0,56.0,4.12260802749496,0.23487544483985767,-73.04245551601423,31.0,24.0,32.0,-7.0,1.0,129.16666666666669,-32.636666666666684
1563,"Construction of 2-lane with hard shoulders of Merangkong-Tamlu-Mon road Wakching Twon portion on EPC basis from existing Chainage Km 59000 to Km 73640 [Design Km. 59000 to Km, 72450] Design length - 13.450 Km under SARDP-NE package-V Balance work",NHIDCL,618422,N24001438,-,Nagaland,2021-03-01,2023-09-01,2025-09-01,2026-04-01,161.73,161.73,14.12,99.5,April 2026,0,1,5.092092385672523,2021.0,3.0,54.0,2.716018370751387,0.08730600383354975,-90.76939961664502,31.0,24.0,30.0,-7.0,1.0,129.16666666666669,-29.666666666666686
1564,Construction of 2-Lane with hard shoulders of Merangkong-Tamlu-Mon MTM Road from existing Km 20.456 to Km 41.065 Design Km. 20 to Km. 40.0 Design Length- 20.000 Km in the State of Nagaland under SARDP-NE Phase-A Pkg-2 Balance work,NHIDCL,618423,N24000763,-,Nagaland,2018-03-01,2023-08-01,2025-08-01,2026-03-01,215.79,215.79,28.64,100.0,April 2026,0,1,5.378929143040425,2018.0,3.0,89.0,3.389124800427886,0.1327216275082256,-86.72783724917744,32.0,24.0,65.0,-8.0,1.0,133.33333333333331,-33.333333333333314
1565,Construction of 2-Lane with hard shoulders of Merangkong-Tamlu-Mon Road on EPC Basis from existing road Km. 76.640 to Km 98.065 Design chainage Km. 63.800 to Km. 86.835 Design Length-23.035 Km in the state of Nagaland under SARDP-NE PKG-IV Balance work,NHIDCL,619059,N24000765,-,Nagaland,2018-03-01,2023-09-01,2025-09-01,2026-12-01,323.98,323.98,70.46,75.05,April 2026,0,1,5.78376364197463,2018.0,3.0,90.0,4.2691378525952635,0.21748256065189206,-53.30174393481079,31.0,24.0,66.0,-7.0,1.0,129.16666666666669,-54.11666666666669
1566,New construction of Major Bridge with Approaches from Km 0.000 to 1.200 Madhopur -Badabanta section of NH-20 under NHO in Annual Plan 2022-23 in the State of Odisha,MoRTH,617898,-,-,Odisha,2023-03-01,2025-04-01,2027-10-01,2027-10-01,199.5,199.5,0.1,0.0,April 2026,0,0,5.300814246746624,2023.0,3.0,55.0,0.09531017980432487,0.0005012531328320802,0.05012531328320802,12.0,30.0,25.0,18.0,0.0,40.0,-40.0
1567,Widening and Strengthening to 4LPS/2LPS from km 0.000 to 35.800 Kuakhia - Mangalpur section of NH 20 in the state of Odisha on Annual Plan 2021-22,MoRTH,617899,N24002136,10133,Odisha,2022-03-01,2024-02-01,2026-02-01,2026-11-01,636.1,636.1,292.74,56.11,April 2026,0,1,6.456926629122442,2022.0,3.0,47.0,5.682695022325716,0.46021065870146205,-10.088934129853797,26.0,24.0,23.0,-2.0,1.0,108.33333333333333,-52.22333333333333
1568,construction or By-pass road on NH-26 for Nabrangpur Town,MoRTH,617902,-,-,Odisha,2023-03-01,2024-12-01,2026-12-01,2026-12-01,168.95,168.95,7.84,21.0,April 2026,0,0,5.135504276142125,2023.0,3.0,45.0,2.179286876649552,0.04640426161586268,-16.35957383841373,16.0,24.0,21.0,8.0,0.0,66.66666666666666,-45.66666666666666
1569,Construction of Bypass road to Balangir town from km 72/400 Desing km 0/0 to km 79/800 Design km 11/670 of NH-26 in the State of Odisha.,MoRTH,617904,N24001862,-,Odisha,2022-02-01,2023-04-01,2025-10-01,2026-07-01,238.78,238.78,6.09,55.0,April 2026,0,1,5.4797218362795075,2022.0,2.0,44.0,1.958685340544036,0.02550464863053857,-52.449535136946146,36.0,30.0,14.0,-6.0,1.0,120.0,-65.0
1570,Construction of 4 lane ROB with approaches in lieu of LC No. RV-172 at km 176.00 of NH-201 present NH-26 at Kesinga including land acquisition in the state of Odisha on EPC mode under Annual Plan 2021-22,MoRTH,617905,N24001865,-,Odisha,2021-12-01,2023-05-01,2025-05-01,2026-10-01,324.09,324.09,84.57,70.09,April 2026,0,1,5.784102067070543,2021.0,12.0,41.0,4.449334754429963,0.2609460335092104,-43.99539664907896,35.0,24.0,17.0,-11.0,1.0,145.83333333333331,-75.74333333333331
1571,Widening and Strengthening to 2LPS including LA from km 318.970 to 353.450 Balikuda-Mulkani Section of NH-55 under NHO in Annual Plan 2022-23 in the State of Odisha. Job No. NH-55-OD-2022-23-656,MoRTH,617920,-,10138,Odisha,2022-01-01,2025-06-01,2027-06-01,2027-06-01,511.54,511.54,0.0,3.0,April 2026,0,0,6.239378756747404,2022.0,1.0,65.0,0.0,0.0,-3.0,10.0,24.0,41.0,14.0,0.0,41.66666666666667,-38.66666666666667
1572,Widening and strengthening to 2LPS including LA of Kandarpur-Balikuda from km 277/500 to 318/970 of NH-55 in the State of Odisha under Annual Plan 2021-22.,MoRTH,617921,N24001858,-,Odisha,2022-03-01,2023-06-01,2025-06-01,2026-05-01,499.79,499.79,129.74,60.65,April 2026,0,1,6.216186851535406,2022.0,3.0,39.0,4.873210618184584,0.2595890273915044,-34.69109726084956,34.0,24.0,15.0,-10.0,1.0,141.66666666666669,-81.01666666666668
1573,Construction of Jharsuguda Bypass including Land acqusition on NH-49 from km 258.636 to km 283.300 design chainage 258.636 to km 289.876 under NHO in Annual Plan 2022-23 for the state of Odisha Job No.NH-49-OD-2022-23-655,MoRTH,617922,-,10139,Odisha,2021-09-01,2025-01-01,2027-07-01,2027-07-01,587.1,587.1,52.43,21.0,April 2026,0,0,6.3768970014659105,2021.0,9.0,70.0,3.97837238596968,0.08930335547606881,-12.06966445239312,15.0,30.0,40.0,15.0,0.0,50.0,-29.0
1574,Construction of Daspalla Bypass from km 195.250 To 200.635 of NH-57 including land acquisition in the state of Odisha on EPC mode under Annual Plan 2022-23.,MoRTH,617923,-,-,Odisha,2023-02-01,2025-05-01,2027-05-01,2027-05-01,155.97,155.97,36.6,20.0,April 2026,0,0,5.056054704287115,2023.0,2.0,51.0,3.6270040503958487,0.23466051163685325,3.466051163685325,11.0,24.0,27.0,13.0,0.0,45.83333333333333,-25.83333333333333
1575,Construction of bypass to Nayagarh town from km 235.469 to 252.482 of NH-57 including land acquisition in the state of Odisha.,MoRTH,617924,N24001860,-,Odisha,2022-01-01,2023-05-01,2025-04-01,2026-03-01,300.33,300.33,82.33,100.0,April 2026,0,1,5.708206009715981,2022.0,1.0,39.0,4.422808628394115,0.2741317883661306,-72.58682116338694,35.0,23.0,16.0,-12.0,1.0,152.17391304347828,-52.17391304347828
1576,Construction of Bypass to Khordha town from Km 294/000 to 300/300 on NH-57 including LA in the State of Odisha on EPC mode.,MoRTH,617925,N24001861,-,Odisha,2022-02-01,2023-05-01,2024-11-01,2026-06-01,157.49,157.49,33.61,82.0,April 2026,0,1,5.065691499844334,2022.0,2.0,33.0,3.544142657647253,0.2134103752619214,-60.65896247380786,35.0,18.0,15.0,-17.0,1.0,194.44444444444443,-112.44444444444443
1577,Construction of Bypass on NH-59 from Km 336/350 to 349/910 13.56 km near Berhampur town including 4-lane RoB in the state of Odisha.,MoRTH,617930,N24001859,-,Odisha,2021-03-01,2022-03-01,2025-12-01,2026-06-01,196.94,196.94,51.16,75.0,April 2026,0,1,5.287963954468545,2021.0,3.0,57.0,3.9543159176183975,0.2597745506245557,-49.02254493754443,49.0,45.0,12.0,-4.0,1.0,108.88888888888889,-33.888888888888886
1578,Construction of four lane ROB and its approaches in lieu of existing Level Crossing No. RV-71 at km 435 on NH-217 New NH-353 at Khariar including land acquisition under NHO in Annual Plan 2021-22 for the state of Odisha for F.Y. 2021-22 to F.Y 2033-34,MoRTH,618003,N24001419,-,Odisha,2021-11-01,2023-06-01,2024-12-01,2026-06-01,154.49,154.49,22.32,72.0,April 2026,0,1,5.046581420869725,2021.0,11.0,37.0,3.1493113614822916,0.1444753705741472,-57.55246294258528,34.0,18.0,19.0,-16.0,1.0,188.88888888888889,-116.88888888888889
1579,"Widening & strengthenlng to 2LPS from km 0,000 to 40.000 Dhaugaon- Podamari section of NH 326 in the State of Odisha under Annual Plan 2021.22.",MoRTH,618012,N24002135,-,Odisha,2022-03-01,2024-02-01,2026-02-01,2026-06-01,186.52,186.52,42.83,60.0,April 2026,0,1,5.233885506388648,2022.0,3.0,47.0,3.780318514430718,0.22962684966759594,-37.037315033240404,26.0,24.0,23.0,-2.0,1.0,108.33333333333333,-48.33333333333333
1580,Construction of Dharmagarh Bypass on NH-130C including land acquisition in the state of Odisha on EPC Mode under Annual plan 2022-23.,MoRTH,618079,-,-,Odisha,2023-03-01,2025-04-01,2026-10-01,2026-10-01,172.66,172.66,0.0,15.0,April 2026,0,0,5.157099364632499,2023.0,3.0,43.0,0.0,0.0,-15.0,12.0,18.0,25.0,6.0,0.0,66.66666666666666,-51.66666666666666
1581,Widening to 2 lane with paved shoulded of Jareikela Jharkhand/Odisha Border - Dhabaleswar section from 0/0 to 36/0 of NH-320D in the State of Odisha under Annual Plan 2021-22.,MoRTH,618122,-,-,Odisha,2022-03-01,2024-10-01,2026-10-01,2026-10-01,172.09,172.09,0.0,20.25,April 2026,0,0,5.153811690438308,2022.0,3.0,55.0,0.0,0.0,-20.25,18.0,24.0,31.0,6.0,0.0,75.0,-54.75
1582,Bhadrak KM 136.500 to Baleshwar KM 199.141,National Highways Authority of India [NHAI],618523,N24000738,10376,Odisha,2014-11-01,2019-03-01,2021-09-01,2026-11-01,844.67,1394.82,538.51,91.32,April 2026,1,1,6.740129212586786,2014.0,11.0,82.0,6.290661320207592,0.6375389205251756,-27.566107947482436,85.0,30.0,52.0,-55.0,1.0,283.33333333333337,-192.01333333333338
1583,"Construction of 6-lane flyover at Ainthapali junction and a 2-lane ROB LHS on NH-53 Earlier NH-6 in Sambalpur, on EPC mode in Odisha under NHO",National Highways Authority of India [NHAI],618591,-,-,Odisha,2024-03-01,2024-06-01,2026-12-01,2026-12-01,374.17,211.74,97.05,50.0,April 2026,0,0,5.927379256579233,2024.0,3.0,33.0,4.585477552642355,0.2593740812999439,-24.062591870005612,22.0,30.0,3.0,8.0,0.0,73.33333333333333,-23.33333333333333
1584,"Balance work of 8 nos. of Elephant Underpasses EUPs, 1 no. of Vehicular Underpass VUP, 1 nos. of Light Vehicular Underpass LVUP, 1 nos. of Pedestrian Underpass PUP, 1 nos. of Foot Over Bridge FOB and A2 side approach of Jharpokharia Flyover at Km.215.270 in Baharagora-Singhara section of NH-49",National Highways Authority of India [NHAI],618592,-,-,Odisha,2023-09-01,2024-11-01,2026-05-01,2027-03-01,320.64,244.85,33.71,18.0,April 2026,0,1,5.773432907679949,2023.0,9.0,32.0,3.547027829873695,0.10513348303393215,-7.486651696606785,17.0,18.0,14.0,1.0,0.0,94.44444444444444,-76.44444444444444
1585,Balance work of Rehabilitation and Upgradation to four laning of Baharagora Singhara section of NH-49 from Km.229.727 to Km.238.990 Length 9.263 Km. including construction of five nos. of Elephant Underpasses EUP and fourteen nos. of Animal Underpasses AUP inside the buffer zone of Similipal Tiger Reserve Area in Bangriposi Ghat section in the State of Odisha on EPC Mode,National Highways Authority of India [NHAI],618593,-,-,Odisha,2025-03-01,2025-05-01,2027-11-01,2027-11-01,263.32,163.07,8.76,8.8,April 2026,0,0,5.577160490332613,2025.0,3.0,32.0,2.278292400425001,0.03326750721555522,-5.473249278444479,11.0,30.0,2.0,19.0,0.0,36.666666666666664,-27.866666666666664
1586,6L Greenfield Kaliagura Baunsaguar Section of NH-130-CD Road from km 249000 to km 293000 Package OD-5,National Highways Authority of India [NHAI],618677,N24001667,10480,Odisha,2021-09-01,2022-05-01,2024-05-01,2026-06-01,1539.75,1918.49,981.3,94.81,April 2026,1,1,7.340024589842352,2021.0,9.0,32.0,6.8898967606808235,0.6373112518265952,-31.078874817340484,47.0,24.0,8.0,-23.0,1.0,195.83333333333331,-101.02333333333331
1587,6L Greenfield Baunsaguar - Baraja Section of NH-130-CD Road from km 293000 to km 338500 Package OD-6,National Highways Authority of India [NHAI],618678,N24001678,10481,Odisha,2021-08-01,2022-06-01,2024-05-01,2026-06-01,1265.59,1635.44,874.99,98.96,April 2026,1,1,7.144083528898786,2021.0,8.0,33.0,6.77535467534612,0.6913692428037517,-29.823075719624825,46.0,23.0,10.0,-23.0,1.0,200.0,-101.04
1588,6L Greenfield Kandili - Aluru Section of NH-130-CD Road from km 342500 to km 365033 Package-OD-8,National Highways Authority of India [NHAI],618680,N24001665,10483,Odisha,2021-12-01,2022-10-01,2024-10-01,2026-05-01,1492.74,1912.84,1032.78,97.47,April 2026,1,1,7.309038321096743,2021.0,12.0,34.0,6.94097726647304,0.6918686442381125,-28.283135576188755,42.0,24.0,10.0,-18.0,1.0,175.0,-77.53
1589,6L Flyover including RE Wall approaches with Flexible Pavement in the Elephant Corridor of Angul Sambalpur Section of NH-42 New NH-55 Km.202.533,National Highways Authority of India [NHAI],618704,-,-,Odisha,2023-09-01,2024-06-01,2027-01-01,2026-06-01,150.86,106.32,102.13,99.98,April 2026,0,0,5.022959043785088,2023.0,9.0,40.0,4.635990328327978,0.6769852843696141,-32.28147156303859,22.0,31.0,9.0,9.0,0.0,70.96774193548387,29.012258064516132
1590,"4L Godibandha to Ballhar Chhak, Ballhar Chhak to Banarpal & Banarpal to Start of Angul bypass at Km.314.130 to Km.321.035 of NH53, at Km.75.200 to Km.84.000 of NH149 & at Km.84.000 to Km.86.100 of NH55",National Highways Authority of India [NHAI],618705,-,12085,Odisha,2024-12-01,2026-02-01,2028-02-01,2028-02-01,973.12,973.12,153.23,1.5,April 2026,0,0,6.881534499339055,2024.0,12.0,38.0,5.0384449947355225,0.15746259454126932,14.246259454126932,2.0,24.0,14.0,22.0,0.0,8.333333333333332,-6.833333333333332
1591,Balance work of Panikoili Rimoli Section of new NH-20 from Km 0.00 to Km. 163.000,National Highways Authority of India [NHAI],618819,N24001647,-,Odisha,2020-09-01,2021-03-01,2022-03-01,2022-07-01,183.03,200.79,89.36,99.0,April 2026,1,1,5.215098787797103,2020.0,9.0,18.0,4.5038016915998025,0.4882259738840627,-50.17740261159373,61.0,12.0,6.0,-49.0,1.0,508.3333333333333,-409.3333333333333
1592,Rehabilitation and Up gradation from 4 to 8 laning of Chandikhole Paradip Section of NH-53 Old NH 5A from Km.39.000 to Km.60.00 Package-3,National Highways Authority of India [NHAI],618820,N24002079,10586,Odisha,2023-03-01,2023-12-01,2025-12-01,2026-09-01,861.84,938.55,383.65,91.0,April 2026,1,1,6.760229274126516,2023.0,3.0,33.0,5.952333829904943,0.44515223243293417,-46.48477675670658,28.0,24.0,9.0,-4.0,1.0,116.66666666666667,-25.66666666666667
1593,Rehabilitation and Up gradation from 4 to 8 laning of Chandikhole Paradip Section of NH-53 Old NH 5A from Km 18.00 to Km 39.00 in the State of Odisha on HAM mode Package-2,National Highways Authority of India [NHAI],618821,N24002080,10587,Odisha,2023-03-01,2023-12-01,2025-12-01,2026-08-01,920.47,950.4,412.89,91.0,April 2026,1,1,6.825970220964089,2023.0,3.0,33.0,6.025600238037596,0.448564320401534,-46.1435679598466,28.0,24.0,9.0,-4.0,1.0,116.66666666666667,-25.66666666666667
1594,Rehabilitation and Up gradation from 4 to 8 laning of Chandikhole Paradip Section of NH-53 Old NH 5A from Km.0.00 to Km.18.00Package-1,National Highways Authority of India [NHAI],618822,-,10588,Odisha,2023-03-01,2023-12-01,2025-12-01,2026-08-01,929.91,869.45,365.01,92.3,April 2026,0,1,6.836162602357152,2023.0,3.0,33.0,5.902660655432488,0.3925218569538988,-53.04781430461012,28.0,24.0,9.0,-4.0,1.0,116.66666666666667,-24.366666666666674
1595,3L Major Bridge over River Brahmani at Km. 401.250 Duburi - Chandikhole Section of NH-200 New NH -53,National Highways Authority of India [NHAI],618908,N24002081,-,Odisha,2022-04-01,2022-08-01,2025-01-01,2026-12-01,153.61,103.68,73.59,38.0,April 2026,0,1,5.040905817114504,2022.0,4.0,33.0,4.312006449967072,0.47907037302258965,9.907037302258964,44.0,29.0,4.0,-15.0,1.0,151.72413793103448,-113.72413793103448
1596,4-L of Rajamunda to Barkote Section of NH-23 from km. 287.200 to km. 337.185,National Highways Authority of India [NHAI],618913,N24000739,10660,Odisha,2017-10-01,2018-12-01,2021-06-01,2024-12-01,609.63,630.97,114.77,96.52,April 2026,1,1,6.41449121109515,2017.0,10.0,44.0,4.751605464217637,0.18826173252628642,-77.69382674737136,88.0,30.0,14.0,-58.0,1.0,293.3333333333333,-196.81333333333333
1597,6L of Bhubaneswar - Jagatpur - Chandikhole Section of NH-16,National Highways Authority of India [NHAI],619075,-,-,Odisha,2009-01-01,2011-12-01,2014-06-01,2026-05-01,639.3,632.89,52.23,97.48,April 2026,0,1,6.461936816524757,2009.0,1.0,65.0,3.974622147184666,0.08169873298920695,-89.31012670107931,172.0,30.0,35.0,-142.0,1.0,573.3333333333334,-475.85333333333335
1598,6L of Badakumari - Karki Section from Km 179.000 to km 226.500 of NH-130-CD Package OD-3,National Highways Authority of India [NHAI],619109,N24001668,11784,Odisha,2021-03-01,2022-04-01,2024-04-01,2026-05-01,1101.76,1374.43,645.61,99.7,April 2026,1,1,7.005571407182428,2021.0,3.0,37.0,6.471743330683651,0.5859806128376416,-41.10193871623584,48.0,24.0,13.0,-24.0,1.0,200.0,-100.3
1599,Four Laning of Angul to Sambalpur from Km.112.000 to Km.265.000,National Highways Authority of India [NHAI],619118,N24000619,-,Odisha,2016-09-01,2017-03-01,2019-08-01,2026-05-01,2510.04,2632.91,1194.15,99.98,April 2026,1,1,7.828452288939109,2016.0,9.0,35.0,7.086026979500809,0.47574939044796105,-52.4050609552039,109.0,29.0,6.0,-80.0,1.0,375.86206896551727,-275.88206896551725
1600,Cuttack-Angul Section of NH-42 New NH-55 from km 0.400 to km 60.200 Pkg-I in the State of Odisha,National Highways Authority of India [NHAI],619119,N24000715,11789,Odisha,2017-10-01,2018-01-01,2020-07-01,2026-06-01,999.32,1178.31,512.79,99.0,April 2026,1,1,6.9080752277930575,2017.0,10.0,33.0,6.241814621660377,0.5131389344754432,-47.686106552455676,99.0,30.0,3.0,-69.0,1.0,330.0,-231.0
1601,4 Laning of Talcher to end of Kamakhyanagar Bypass km 8.844 - km 15.725 of NH- 149 and km 301.875 - km 335.946 of NH-53 Pkg-I,National Highways Authority of India [NHAI],619157,N24000734,11814,Odisha,2018-01-01,2019-02-01,2021-08-01,2026-10-01,795.18,810.71,402.98,99.0,April 2026,1,1,6.679825290933967,2018.0,1.0,43.0,6.001365371785244,0.5067783394954603,-48.32216605045397,86.0,30.0,13.0,-56.0,1.0,286.6666666666667,-187.66666666666669
1602,4 Laning of Duburi Chandikhole from km 388.376 to km 428.074 Pkg-III,National Highways Authority of India [NHAI],619158,N24000733,11815,Odisha,2018-01-01,2020-02-01,2022-08-01,2026-06-01,789.0,907.61,572.09,86.0,April 2026,1,1,6.672032945461067,2018.0,1.0,55.0,6.35104277244367,0.7250823827629912,-13.491761723700876,74.0,30.0,25.0,-44.0,1.0,246.66666666666669,-160.66666666666669
1603,Rehabilitation and Up gradation from 4 to 8 laning of Chandikhole Paradip Section of NH-53 Old NH 5A from Km.60.000 to Km.76.646 Package-4,National Highways Authority of India [NHAI],619181,-,11884,Odisha,2023-03-01,2024-11-01,2026-10-01,2027-10-01,882.45,1009.92,163.87,32.0,April 2026,1,1,6.783834697062659,2023.0,3.0,43.0,5.105157284573087,0.18569890645362344,-13.430109354637654,17.0,23.0,20.0,6.0,0.0,73.91304347826086,-41.91304347826086
1604,6L of Hatibena - Badakumari Section from Km 146.50 to km 179.00 of NH-130-CD Package OD-2,National Highways Authority of India [NHAI],619213,-,11903,Odisha,2021-02-01,2022-03-01,2024-03-01,2026-05-01,791.17,1070.63,727.37,99.95,April 2026,1,1,6.674776015245816,2021.0,2.0,37.0,6.59080916084383,0.9193599352857161,-8.014006471428388,49.0,24.0,13.0,-25.0,1.0,204.16666666666666,-104.21666666666665
1605,Cuttack-Angul Section of NH-42 New NH-55 from Km.60.200 to Km. 112.000 Pkg-II in the State of Odisha,National Highways Authority of India [NHAI],619215,-,11905,Odisha,2017-10-01,2018-03-01,2020-09-01,2026-06-01,991.41,1168.82,499.5,99.66,April 2026,1,1,6.900136328348901,2017.0,10.0,35.0,6.215607598755275,0.5038278815021031,-49.27721184978969,97.0,30.0,5.0,-67.0,1.0,323.3333333333333,-223.67333333333332
1606,Development to 4-lane with paved shoulder for the road section Talwandi Sabo- Raman road to refinery Road junction with Bathinda Dabwali Road of NH-254 from existing Km 131.600 to Km 155.650 Design Km 131600 to km 155600 in the State of Punjab. Job No NH-254-PB-2022-23-565,MoRTH,618010,-,10163,Punjab,2023-03-01,2025-05-01,2026-11-01,2026-11-01,546.67,546.67,0.0,45.0,April 2026,0,0,6.305672915777904,2023.0,3.0,44.0,0.0,0.0,-45.0,11.0,18.0,26.0,7.0,0.0,61.111111111111114,-16.111111111111114
1607,Work of Widening/upgradation of 2-Lane with paved shoulder of Sri Muktsar Sahib to Malout road from Km 279.400 to Km 307.060 section of NH-354 in the State of Punjab on EPC mode. Job No. NH-354-PB-2021-22-555,MoRTH,618023,N24001961,-,Punjab,2022-03-01,2023-10-01,2025-04-01,2026-03-01,152.58,152.58,0.0,100.0,April 2026,0,1,5.034221603902398,2022.0,3.0,37.0,0.0,0.0,-100.0,30.0,18.0,19.0,-12.0,1.0,166.66666666666669,-66.66666666666669
1608,Up-gradation to two lane with paved shoulder configuration of NH-354 Section Arifkes- Ferozepur-Muktsar-Malaut from Km 201.500 to Km 212.500 & Km 229.690 to Km 269.960 and strengthening of existing pavement from Km 212.500 to Km 229.690 excluding Km 218.500 to 223.690 of NH-354 on EPC Mode in the State of Punjab. Job No. NH-354-PB-2020-21-532,MoRTH,618024,N24001960,-,Punjab,2021-03-01,2023-10-01,2025-04-01,2026-06-01,263.19,263.19,0.0,83.0,April 2026,0,1,5.576668541258341,2021.0,3.0,49.0,0.0,0.0,-83.0,30.0,18.0,31.0,-12.0,1.0,166.66666666666669,-83.66666666666669
1609,Delhi-Amritsar-Katra Expressway Phase-I Pkg-VII from Junction with Patiala-Bathinda road NH-7 near Bhawanigarh to Junction with Ludhiana-Malerhkotla SH-11 near Bhogiwal village Km 188830 to km 225770,National Highways Authority of India [NHAI],618487,N24001415,10345,Punjab,2020-12-01,2022-07-01,2024-07-01,2026-06-01,1759.82,1774.32,1250.45,95.8,April 2026,1,1,7.473534888621166,2020.0,12.0,43.0,7.132058158016194,0.710555625007103,-24.744437499289702,45.0,24.0,19.0,-21.0,1.0,187.5,-91.7
1610,Delhi-Amritsar-Katra Expressway Phase-I Pkg-VIII from Junction with Ludhiana- Malerkotla SH-11 near Bhogiwal village to Junction with Ludhiana-Moga road NH-5 near Mullanpur Dakha Km 225770 to km 260860,National Highways Authority of India [NHAI],618488,N24001416,10346,Punjab,2020-12-01,2023-03-01,2025-03-01,,1895.74,2034.94,751.95,31.08,April 2026,1,-1,7.547891902028195,2020.0,12.0,51.0,6.623998824532828,0.3966524945403906,8.585249454039058,37.0,24.0,27.0,-13.0,1.0,154.16666666666669,-123.08666666666669
1611,Delhi-Amritsar-Katra Expressway Phase-I Pkg-IX from Junction with Ludhiana-Moga road NH-5 near Mullanpur Dakha to Junction with Jalandhar - Moga road NH-703 near Kang Sahibu village Km 260860 to km 303900,National Highways Authority of India [NHAI],618489,N24001417,10347,Punjab,2020-12-01,2022-07-01,2024-07-01,2027-03-01,1851.47,2407.14,1348.9,73.26,April 2026,1,1,7.524275162707129,2020.0,12.0,43.0,7.207785794614781,0.7285562282942744,-0.40437717057257316,45.0,24.0,19.0,-21.0,1.0,187.5,-114.24
1612,Delhi-Amritsar-Katra Expressway Phase-I Pkg-X from Jn. with Jalandhar - Moga road NH-703 to Jn. with Jalandhar-Kapurthala road NH-703A and to Jn. with Kapurthala - Sultanpur Lodhi road NH-703A km 000 to km 24000 to Amritsar connectivity,National Highways Authority of India [NHAI],618490,N24001418,10348,Punjab,2020-12-01,2022-07-01,2024-07-01,2025-09-01,2177.54,2062.74,1004.28,62.99,April 2026,0,1,7.686410206646677,2020.0,12.0,43.0,6.913021388654637,0.4611993350294369,-16.870066497056314,45.0,24.0,19.0,-21.0,1.0,187.5,-124.50999999999999
1613,Delhi-Amritsar-Katra Expressway Phase-I Pkg-XI from Junction with Jalandhar - Kapurthala road NH-703A near khojewal village to Junction with Amritsar-Mehta- SriHargobindpur-Tanda road NH-503A near SriHargobindpur Km 319400 to km 362420,National Highways Authority of India [NHAI],618491,N24001419,10349,Punjab,2021-03-01,2022-11-01,2024-11-01,,2175.35,2206.71,941.19,43.45,April 2026,1,-1,7.685404440629804,2021.0,3.0,44.0,6.848206952751753,0.4326614108074563,-0.18385891925437647,41.0,24.0,20.0,-17.0,1.0,170.83333333333331,-127.38333333333331
1614,Delhi-Amritsar-Katra Expressway Phase-I Pkg-XII from Junction with Amritsar-Mehta- SriHargobindpur-Tanda road NH-503A near SriHargobindpur to Junction with Pathankot-Gurdaspur road NH-54 near Gurdaspur Km 362420 to km 397700,National Highways Authority of India [NHAI],618492,N24001420,10350,Punjab,2021-03-01,2024-01-01,2025-12-01,2027-02-01,1734.18,1538.47,470.92,27.05,April 2026,0,1,7.458866433397369,2021.0,3.0,57.0,6.15680947969482,0.2715519726902628,0.10519726902628079,27.0,23.0,34.0,-4.0,1.0,117.3913043478261,-90.3413043478261
1615,Delhi-Amritsar-Katra Expressway Phase-I Spur-I from Jn. with Kapurthala - Sultanpur Lodhi Road NH-703A near Isharwal village to Jn. with Kapurthala - Tarn Taran road NH-703AA near Goinwal Sahib [Km 24000 to Km 41000 of Amritsar connectivity],National Highways Authority of India [NHAI],618493,N24002102,10351,Punjab,2021-12-01,2023-04-01,2026-04-01,2028-03-01,2165.23,1519.6,396.24,31.77,April 2026,0,1,7.680743608442476,2021.0,12.0,52.0,5.9845406320351575,0.1830013439680773,-13.469865603192272,36.0,36.0,16.0,0.0,0.0,100.0,-68.23
1616,Greenfield connectivity from Govindsar village on Delhi Amritsar Katra Expressway to Talwara village on NH-44 Pathankot by-pass,National Highways Authority of India [NHAI],618551,-,10397,Punjab,2024-11-01,2025-07-01,2027-07-01,2027-07-01,666.81,690.47,48.07,24.75,April 2026,1,0,6.5040037019407135,2024.0,11.0,32.0,3.893247850101812,0.07208950075733718,-17.541049924266282,9.0,24.0,8.0,15.0,0.0,37.5,-12.75
1617,Development of 6L Greenfield Jalandhar Bypass starting from Kahlwan NH-03 ending at Kang Sahbu NH-703 via Sarmastpur NH-44 - Madara NH-03 - Khajurla NH-44,National Highways Authority of India [NHAI],618552,N24001637,10398,Punjab,2021-03-01,2023-01-01,2025-01-01,2027-06-01,1754.84,2167.39,800.1,48.2,April 2026,1,1,7.47070265387061,2021.0,3.0,46.0,6.685985783221071,0.45593900298602724,-2.6060997013972766,39.0,24.0,22.0,-15.0,1.0,162.5,-114.3
1618,6L of Jodhpur Romana Bathinda - Mandi Dabwali Punjab Haryana Border section of NH-54 from km. 0.000 to km. 27.400 of NH-54,National Highways Authority of India [NHAI],618610,N24002075,10437,Punjab,2020-05-01,2023-08-01,2025-08-01,2026-05-01,789.26,1318.91,518.65,99.0,April 2026,1,1,6.67236200523901,2020.0,5.0,63.0,6.253155508034431,0.6571345310797455,-33.286546892025456,32.0,24.0,39.0,-8.0,1.0,133.33333333333331,-34.333333333333314
1619,6L Amritsar-Bathinda Greenfield section from village Tiba on NE-5A to Jn. with Moga Jalandhar road NH-703 near Dharamkot from km 0.000 to km 39.000 of NH-754A Pkg-1,National Highways Authority of India [NHAI],618617,N24001640,10443,Punjab,2021-03-01,2022-11-01,2024-11-01,2027-06-01,1229.38,1549.32,772.73,70.28,April 2026,1,1,7.1150783437428045,2021.0,3.0,44.0,6.651222975522572,0.6285526037514845,-7.424739624851554,41.0,24.0,20.0,-17.0,1.0,170.83333333333331,-100.55333333333331
1620,6L Amritsar-Bathinda Greenfield section from Jn. with Bhagta Bhai Ka-Bhadaur Road near Dyalpura Bhai Ka to Jn. with Mandi Dabwali Bathinda Road on NH-54 near Sangat Kalan from km 93.000 to km 154.866 of NH-754A Pkg-3,National Highways Authority of India [NHAI],618618,N24002076,10444,Punjab,2021-03-01,2024-06-01,2026-06-01,2026-06-01,2029.17,2677.23,513.42,72.0,April 2026,1,0,7.615874812371878,2021.0,3.0,63.0,6.243040052416426,0.25301970756516207,-46.698029243483795,22.0,24.0,39.0,2.0,0.0,91.66666666666666,-19.666666666666657
1621,6L Access Controlled Ludhiana-Bathinda Greenfield highway from Jn. with Amritsar- Bathanda Greenfield Road NH-754A near Rampura Phul to Jn. with Moga-Barnala Road NH-703 near village Tallewal from Km 0.0 to Km 30.3 of NH-754AD Pkg-1,National Highways Authority of India [NHAI],618647,N24002091,10462,Punjab,2021-06-01,2023-09-01,2025-09-01,2026-07-01,906.51,1020.52,490.17,81.5,April 2026,1,1,6.810704585362041,2021.0,6.0,51.0,6.1967903000492175,0.5407221100704901,-27.427788992950994,31.0,24.0,27.0,-7.0,1.0,129.16666666666669,-47.666666666666686
1622,Moga - Bagha Purana - Bajakhana from km. 0.00 to km. 43.32,National Highways Authority of India [NHAI],618764,N24001639,10545,Punjab,2020-05-01,2022-12-01,2024-12-01,2026-05-01,1032.59,1264.17,663.72,76.0,April 2026,1,1,6.940793458058934,2020.0,5.0,55.0,6.499365899356726,0.6427720586099034,-11.722794139009665,40.0,24.0,31.0,-16.0,1.0,166.66666666666669,-90.66666666666669
1623,4L of Greenfield section from Sirhind to Mohali,National Highways Authority of India [NHAI],618776,-,10552,Punjab,2022-03-01,2023-05-01,2025-05-01,2026-06-01,1237.65,1301.15,979.97,88.82,April 2026,1,1,7.121777355846786,2022.0,3.0,38.0,6.888541878057998,0.7917989738617541,-9.640102613824581,35.0,24.0,14.0,-11.0,1.0,145.83333333333331,-57.01333333333332
1624,4/6L Greenfield LudhianaRupnagar highway from Jn. with NE-5 village near to ManewalLudhiana to Jn. with NH-205 near Bheora Village Rupnagar from Km 66.0 to Km 91.0 i/c spur to Kharar from Km 0.0 to Km 19.5 with Ludhiana bypass of NH-205K Pkg-3,National Highways Authority of India [NHAI],618785,N24001630,10559,Punjab,2021-07-01,2023-02-01,2025-02-01,2026-05-01,1501.02,1815.13,992.99,78.6,April 2026,1,1,7.314566147814657,2021.0,7.0,43.0,6.901727146243795,0.6615434837643736,-12.44565162356264,38.0,24.0,19.0,-14.0,1.0,158.33333333333331,-79.73333333333332
1625,4L of Phagwara - Hoshiarpur,National Highways Authority of India [NHAI],618786,-,10560,Punjab,2022-11-01,2025-03-01,2027-03-01,2027-07-01,1196.38,1503.79,160.92,13.97,April 2026,1,1,7.0878911154955695,2022.0,11.0,52.0,5.087102386099101,0.13450575903976994,-0.5194240960230072,13.0,24.0,28.0,11.0,0.0,54.166666666666664,-40.196666666666665
1626,4L of Fazilka to Abohar section of NH-07 including construction of Greenfield Abohar & Fazilka Bypasses,National Highways Authority of India [NHAI],618793,-,10566,Punjab,2023-03-01,2024-04-01,2026-04-01,2027-07-01,1409.88,1674.04,569.17,60.0,April 2026,1,1,7.251968902169573,2023.0,3.0,37.0,6.345934561976248,0.40370102420064113,-19.629897579935886,24.0,24.0,13.0,0.0,0.0,100.0,-40.0
1627,Amritsarairport Junction - Ramdas from km. 100.835 to km. 139.813 Pkg - IV,National Highways Authority of India [NHAI],618794,N24001644,-,Punjab,2020-12-01,2022-03-01,2023-09-01,2026-05-01,524.88,416.58,387.07,96.0,April 2026,0,1,6.265073049828404,2020.0,12.0,33.0,5.961185735722053,0.737444749276025,-22.255525072397504,49.0,18.0,15.0,-31.0,1.0,272.22222222222223,-176.22222222222223
1628,Amritsar Bypass Pkg III from km. 71.496 to km. 105.158,National Highways Authority of India [NHAI],618795,N24001642,10567,Punjab,2021-02-01,2022-08-01,2024-08-01,2026-12-01,1474.77,1228.42,866.12,81.05,April 2026,0,1,7.2969351664599325,2021.0,2.0,42.0,6.765177375507495,0.5872915776697384,-22.320842233026156,44.0,24.0,18.0,-20.0,1.0,183.33333333333331,-102.28333333333332
1629,4L of Beas-Mehta-Batala-Dera Baba Nanak from intersection with Jalandhar-Amritsar Highway NH-3 near Beas till start of Batala Bypass near Village Acchhal from Km. 0.000 to Km. 31.300 Pkg-1,National Highways Authority of India [NHAI],618809,N24002101,10576,Punjab,2021-08-01,2023-06-01,2025-06-01,2027-05-01,809.51,966.99,499.54,65.99,April 2026,1,1,6.697663679162542,2021.0,8.0,46.0,6.215687515641756,0.6170893503477413,-4.281064965225866,34.0,24.0,22.0,-10.0,1.0,141.66666666666669,-75.67666666666669
1630,4L of existing Beas Baba Bakala - Dera Baba Nanak Section from start of Batala Bypass till intersection with Ajnala Gurdaspur Highway NH 354 near Dera Baba Nanak from Km. 31.300 to Km. 69.100 with Additional batala Bypass Pkg-II,National Highways Authority of India [NHAI],618810,N24002100,10577,Punjab,2021-10-01,2023-06-01,2025-06-01,2027-03-01,1003.38,993.6,590.84,78.99,April 2026,0,1,6.912125714699672,2021.0,10.0,44.0,6.383236328084144,0.5888496880543762,-20.105031194562372,34.0,24.0,20.0,-10.0,1.0,141.66666666666669,-62.67666666666669
1631,4L of Amritsar-Ghoman - Tanda - Una Section from Km 8.270 to Km 54.000 of NH- 503A Package-I,National Highways Authority of India [NHAI],618906,N24001643,10655,Punjab,2020-12-01,2022-06-01,2024-06-01,2026-12-01,857.91,1443.47,517.34,67.1,April 2026,1,1,6.755664143503331,2020.0,12.0,42.0,6.2506313975988474,0.603023627187001,-6.797637281299899,46.0,24.0,18.0,-22.0,1.0,191.66666666666669,-124.56666666666669
1632,6L Amritsar-Bathinda Greenfield section from Jn. with Moga Jalandhar road NH-703 near Dharamkot to Jn. with Bhagta Bhai Ka-Bhadaur Road near Dyalpura Bhai Ka from km 39.000 to km 93.000 of NH-754A Pkg-2,National Highways Authority of India [NHAI],619099,-,11777,Punjab,2021-03-01,2024-06-01,2026-06-01,2027-06-01,1801.37,2172.71,597.42,64.2,April 2026,1,1,7.496857744505479,2021.0,3.0,63.0,6.394292848561642,0.3316475793423894,-31.03524206576106,22.0,24.0,39.0,2.0,0.0,91.66666666666666,-27.466666666666654
1633,6L Access Controlled Ludhiana-Bathinda Greenfield highway from Jn. with Moga- Barnala Road NH-703 near village Tallewal to Jn. with Delhi-Katra Expressway NE-5 near Ludhiana village Ballowal from Km 30.300 to Km 75.543 of NH-754AD Pkg-2,National Highways Authority of India [NHAI],619105,-,11780,Punjab,2021-07-01,2025-09-01,2027-09-01,2027-09-01,1555.13,1564.66,195.79,20.09,April 2026,1,0,7.349957248806275,2021.0,7.0,74.0,5.2821371703189985,0.1258994424903384,-7.500055750966158,7.0,24.0,50.0,17.0,0.0,29.166666666666668,-9.076666666666668
1634,Delhi-Amritsar-Katra Expressway Phase-I Spur-III from Junction with Amritsar- Jalandhar road NH-3 near Bhishambarpura to Junction with Amritsar-Anjala road NH- 354 near Amritsar Airport [Km 71000 to Km 99000 of Amritsar connectivity],National Highways Authority of India [NHAI],619200,-,11891,Punjab,2021-03-01,2022-11-01,2024-10-01,2027-06-01,1641.75,1951.7,1007.55,32.47,April 2026,1,1,7.4041269457779775,2021.0,3.0,43.0,6.916268934747341,0.6137048880767474,28.90048880767474,41.0,23.0,20.0,-18.0,1.0,178.26086956521738,-145.79086956521738
1635,4/6L Greenfield Ludhiana Rupnagar highway from Jn. with NE-5 village near to ManewalLudhiana to Jn. with NH-205 near Bheora Village Rupnagar from Km. 0.00 to Km. 37.7 including spur to Kharar with Ludhiana bypass of NH-205K Pkg-1,National Highways Authority of India [NHAI],619318,-,12155,Punjab,2021-05-01,2022-12-01,2024-12-01,2027-12-01,1368.91,1382.48,487.99,15.31,April 2026,1,1,7.222500323233606,2021.0,5.0,43.0,6.192342039368019,0.35648070362551226,20.33807036255122,40.0,24.0,19.0,-16.0,1.0,166.66666666666669,-151.35666666666668
1636,Beawer Gomti 4LPS from km 58.245 to km 108.600 Pkg-I,MoRTH,617887,N24001411,-,Rajasthan,2020-12-01,2021-10-01,2023-10-01,2025-12-01,379.23,379.23,179.11,99.0,April 2026,0,1,5.940776332780459,2020.0,12.0,34.0,5.193567775348966,0.47229913245260136,-51.770086754739864,54.0,24.0,10.0,-30.0,1.0,225.0,-126.0
1637,"Construction of Two lane with Paved Shoulder for Fatehpur Bypass Design Km 0.000 to Km 7.400 , Mandawa Bypass Design Km 20.925 to Km 27.300 & Jhunjhunu Bypass Design Km 41.625 to Km 54.689 of NH-11 on EPC Mode in the state of Rajasthan .",MoRTH,617891,N24001866,-,Rajasthan,2022-03-01,2023-02-01,2024-08-01,2025-08-01,186.29,186.29,66.7,100.0,April 2026,0,1,5.232658217741762,2022.0,3.0,29.0,4.215086179918229,0.35804391003274466,-64.19560899672553,38.0,18.0,11.0,-20.0,1.0,211.11111111111111,-111.11111111111111
1638,Upgradation to Two Lane Paved Shoulder in km 33/0 to 126/520 of NH-23 Old NH- 11B Kothun-Lalsot-Karoli-Dholpur road in the state of Rajasthan under EPC mode Length-93.52 Km.,MoRTH,617900,N24001530,-,Rajasthan,2021-12-01,2022-09-01,2024-09-01,2025-09-01,150.11,150.11,12.2,97.0,April 2026,0,1,5.018008048425669,2021.0,12.0,33.0,2.580216829592325,0.08127373259609619,-88.87262674039039,43.0,24.0,9.0,-19.0,1.0,179.16666666666669,-82.16666666666669
1639,Widening of Pachpadra-Bagundi Section to 4 Lane from Km 73/60 to 95/70 of NH-25 on EPC mode in the state of Rajasthan.,MoRTH,617901,N24001528,-,Rajasthan,2022-01-01,2022-12-01,2024-12-01,2026-03-01,194.88,194.88,48.47,98.58,April 2026,0,1,5.277502226834117,2022.0,1.0,35.0,3.901366425239617,0.2487171592775041,-73.7082840722496,40.0,24.0,11.0,-16.0,1.0,166.66666666666669,-68.08666666666669
1640,Construction of 2 lane with paved shoulder for the work of Development of remaining sections of NH-325 Balotra to sanderao via Jalore to 2 lane with paved shoulder configuration by Construction of Byasses for town portions1 Asotra- Brahmdham bypass 2Siwana Bypass 3 Mokalsar Bypass 4 Major realignment at Kathadi 5 Major realignment at Bishangarh 6 Jalore Bypass 7 Ahore Town portion 8 Dujana Bypass in the state of Rajasthan on EPC Mode,MoRTH,618011,N24001527,-,Rajasthan,2021-12-01,2022-05-01,2024-05-01,2026-05-01,411.44,411.44,66.63,87.6,April 2026,0,1,6.022090740649743,2021.0,12.0,29.0,4.214051671586849,0.16194341823838226,-71.40565817616177,47.0,24.0,5.0,-23.0,1.0,195.83333333333331,-108.23333333333332
1641,Upgradation to Two-lane with paved shoulder of Hanumangarh to Kenchiyan section from Km 0.000existing chainage-Km 23.200 to Km 49.605existing chainage-Km 74.645 of NH-54 in the State of Rajasthan on EPC mode.,MoRTH,618069,N24002167,-,Rajasthan,2022-03-01,2024-10-01,2026-10-01,2026-10-01,334.64,334.64,0.0,68.0,April 2026,0,0,5.816039157001868,2022.0,3.0,55.0,0.0,0.0,-68.0,18.0,24.0,31.0,6.0,0.0,75.0,-7.0
1642,Up-gradation to 2 lane with paved shoulder from Neechli Oden Nathdwara at Design Km 88.800 existing km 55.95 to Bhatewar at Design Km 142.028 existing km 0.00 of NH-162E in the State of Rajasthan on EPC mode.,MoRTH,618092,N24002168,10178,Rajasthan,2023-02-01,2024-10-01,2026-10-01,2026-10-01,606.61,606.61,0.0,52.5,April 2026,0,0,6.409533228782365,2023.0,2.0,44.0,0.0,0.0,-52.5,18.0,24.0,20.0,6.0,0.0,75.0,-22.5
1643,Up-gradation to 2 lane with Paved shoulder from Charbhuja at Design km 0.00 existing km 150.00 to Neechli Oden Nathdwara at Design ch. Km 88.800 existing km 55.950 of NH-162E on EPC mode.,MoRTH,618093,N24001927,10179,Rajasthan,2022-02-01,2023-09-01,2025-09-01,,838.43,838.43,55.04,0.0,April 2026,0,-1,6.732723090074991,2022.0,2.0,43.0,4.0260657214688065,0.06564650596949059,6.564650596949059,31.0,24.0,19.0,-7.0,1.0,129.16666666666669,-129.16666666666669
1644,Upgradation to 2-Lane with Paved Shoulder from Design Km 36300 to Design Chainage 47918 and from Design Ch 69900 to Design Ch 83940 of NH-248A Natni Ka Bara in the State of Rajasthan on EPC Mode.,MoRTH,618117,-,-,Rajasthan,2024-02-01,2024-11-01,2026-05-01,2026-05-01,154.89,154.89,11.94,23.0,April 2026,0,0,5.04915063032459,2024.0,2.0,27.0,2.5603232890727545,0.07708696494286268,-15.291303505713731,17.0,18.0,9.0,1.0,0.0,94.44444444444444,-71.44444444444444
1645,Upgradation of two lane paved shoulder from Shahpura existing km. 0.00 Design Ch. 000 to Thanagazi existing Km.37352 Design Ch. 36810 of NH-248A on EPC mode in the State of Rajasthan.,MoRTH,618118,N24001867,-,Rajasthan,2022-03-01,2023-02-01,2024-07-01,2025-07-01,174.34,174.34,63.55,100.0,April 2026,0,1,5.1667269461604395,2022.0,3.0,28.0,4.167440117292651,0.364517609269244,-63.5482390730756,38.0,17.0,11.0,-21.0,1.0,223.52941176470588,-123.52941176470588
1646,Construction of 2 lane with Paved Shoulder for Northern Bypass Phase-II of Kota city in the State of Rajasthan.,MoRTH,618200,N24001928,-,Rajasthan,2022-03-01,2023-10-01,2025-04-01,2027-02-01,317.74,317.74,6.07,36.87,April 2026,0,1,5.764375723431487,2022.0,3.0,37.0,1.9558604799084813,0.019103669667023353,-34.95963303329766,30.0,18.0,19.0,-12.0,1.0,166.66666666666669,-129.79666666666668
1647,Balance work of Rehabilitation and Up-gradation to 4-Lane configuration of Ras- Beawar Section Km 00.000 to km 30.050 of NH-158 in the State of Rajasthan under Green National Highway Corridor Project GNHCP.,MoRTH,618235,-,-,Rajasthan,2025-01-01,2025-06-01,2026-12-01,2026-12-01,278.1,278.1,28.57,37.16,April 2026,0,0,5.6315701405422764,2025.0,1.0,23.0,3.3867603338643857,0.10273282991729593,-26.886717008270402,10.0,18.0,5.0,8.0,0.0,55.55555555555556,-18.39555555555556
1648,Delhi-Vadodara Greenfield Alignment NH-148N Pkg-14 Ch. 388.420 to Ch. 419.000 [Junction with NH- 76 to Junction with NH-12 near village Ummedpura],National Highways Authority of India [NHAI],618456,N24001568,10315,Rajasthan,2019-11-01,2021-05-01,2023-05-01,2025-03-01,1119.35,1194.17,975.7,99.8,April 2026,1,1,7.021396415471186,2019.0,11.0,42.0,6.884179542453431,0.8716665922186985,-12.633340778130147,59.0,24.0,18.0,-35.0,1.0,245.83333333333334,-146.03333333333336
1649,Delhi-Vadodara Greenfield Alignment NH-148N Pkg-10 Ch. 292.950 to Ch. 319.400 [End of Interchange on NH-166 near village Mui to Hardeoganj village near Indergarh],National Highways Authority of India [NHAI],618457,N24001567,10316,Rajasthan,2019-11-01,2021-05-01,2023-05-01,2026-07-01,1272.97,1265.16,1091.66,95.25,April 2026,0,1,7.149893287974162,2019.0,11.0,42.0,6.996370369335783,0.8575693064251318,-9.493069357486817,59.0,24.0,18.0,-35.0,1.0,245.83333333333334,-150.58333333333334
1650,Delhi-Vadodara Greenfield Alignment NH-148N Pkg-15 Ch. 419.000 to Ch.427.300 [Junction with NH-12 near village Ummedpura to Major bridge over Takli river near Nayagaon Jageer village],National Highways Authority of India [NHAI],618458,N24001612,10317,Rajasthan,2020-07-01,2021-07-01,2024-01-01,2026-07-01,1854.68,1854.68,1386.51,93.44,April 2026,0,1,7.526006484688076,2020.0,7.0,42.0,7.235266052801825,0.7475737054370565,-18.68262945629435,57.0,30.0,12.0,-27.0,1.0,190.0,-96.56
1651,Sangariya near Chautala-Rasisar near Bikaner section of NH-754K Phase-I AJ/SR- Package-7,National Highways Authority of India [NHAI],618611,-,10438,Rajasthan,2019-02-01,2021-06-01,2023-06-01,2026-05-01,520.63,548.42,426.0,100.0,April 2026,1,1,6.256958524295923,2019.0,2.0,52.0,6.056784013228625,0.8182394406776405,-18.17605593223594,58.0,24.0,28.0,-34.0,1.0,241.66666666666666,-141.66666666666666
1652,Deogarh near Dhandhaniya-Rajasthan/Gujarat Border Phase-I AJ/DRGB-Package-6,National Highways Authority of India [NHAI],618612,N24001563,10439,Rajasthan,2019-10-01,2021-08-01,2023-08-01,2026-05-01,846.59,740.62,676.17,100.0,April 2026,0,1,6.7423970283066135,2019.0,10.0,46.0,6.517922349218637,0.7986983073270414,-20.130169267295855,56.0,24.0,22.0,-32.0,1.0,233.33333333333334,-133.33333333333334
1653,Deogarh near Dhandhaniya-Rajasthan/Gujarat Border Phase-I AJ/DRGB-Package-7,National Highways Authority of India [NHAI],618613,N24001564,10440,Rajasthan,2019-10-01,2021-07-01,2023-07-01,2026-05-01,662.08,597.77,508.83,99.2,April 2026,0,1,6.496895646556665,2019.0,10.0,45.0,6.234077336817133,0.7685325036249395,-22.34674963750605,57.0,24.0,21.0,-33.0,1.0,237.5,-138.3
1654,6L access controlled Highway from Km 40080 to Km 86513 Mator to Barodameo Section,National Highways Authority of India [NHAI],618757,-,10539,Rajasthan,2022-09-01,2024-03-01,2026-03-01,2026-05-01,2010.2,1565.88,707.67,37.24,April 2026,0,1,7.606486837835983,2022.0,9.0,42.0,6.563389973891583,0.3520395980499452,-2.0360401950054765,25.0,24.0,18.0,-1.0,1.0,104.16666666666667,-66.92666666666668
1655,6L accesscontrolled highway from km 0000 to km 40080 Paniyala to Mator Section of Paniyala-Barodameo ICR,National Highways Authority of India [NHAI],618758,-,10540,Rajasthan,2022-09-01,2024-09-01,2026-09-01,2026-09-01,1764.86,1239.24,310.12,36.82,April 2026,0,0,7.476393102823272,2022.0,9.0,48.0,5.740178689847492,0.17571932051267525,-19.248067948732476,19.0,24.0,24.0,5.0,0.0,79.16666666666666,-42.34666666666666
1656,Tanot -Ramgarh-Bhadasar-Jaisalmer NH-68 and BhadasarMokal-Sarkaritala up to Pakisthan Border NH-968 Pkg-BM/5,National Highways Authority of India [NHAI],618796,N24000795,10568,Rajasthan,2018-02-01,2019-04-01,2021-04-01,2026-05-01,828.58,830.37,405.43,100.0,April 2026,1,1,6.7209195486208575,2018.0,2.0,38.0,6.007411712437429,0.48930700716889136,-51.069299283110865,84.0,24.0,14.0,-60.0,1.0,350.0,-250.0
1657,Mayjilar Jaisalmer with Jaisalmer Bypass Link Road Section of NH-11 Part of BM-7 & Sundra Myajilar Ambsingh ki Dhani Road part of Munabao Tanot project NH-70,National Highways Authority of India [NHAI],618797,-,-,Rajasthan,2025-03-01,2025-12-01,2027-12-01,2027-12-01,1237.71,927.02,0.54,5.6,April 2026,0,0,7.121825794507305,2025.0,3.0,33.0,0.43178241642553783,0.000436289599340718,-5.556371040065928,4.0,24.0,9.0,20.0,0.0,16.666666666666664,-11.066666666666665
1658,4L of Karwar Km. 281.980 of NH-62 Nagaur road to Dangiyavas of Jodhpur Ring Road Pkg-II,National Highways Authority of India [NHAI],618838,N24001558,10600,Rajasthan,2021-11-01,2022-08-01,2024-08-01,2026-05-01,736.75,512.77,400.17,99.0,April 2026,0,1,6.603605013823048,2021.0,11.0,33.0,5.994385277618959,0.5431557516118086,-44.68442483881914,44.0,24.0,9.0,-20.0,1.0,183.33333333333331,-84.33333333333331
1659,Construction of Four lane Elevated Structure at Raniwada Circle in Sanchore City on NH-68,National Highways Authority of India [NHAI],618853,-,-,Rajasthan,2024-01-01,2024-07-01,2026-07-01,2026-07-01,353.3,241.34,174.42,80.94,April 2026,0,0,5.870144011871426,2024.0,1.0,30.0,5.167183098523235,0.49368808378148876,-31.57119162185112,21.0,24.0,6.0,3.0,0.0,87.5,-6.560000000000002
1660,4L Greenfield spur from Delhi-Vadodara Greenfield expressway near Bandikui to Jaipur,National Highways Authority of India [NHAI],619063,N24001557,11758,Rajasthan,2022-03-01,2022-11-01,2024-11-01,2026-05-01,1636.15,2170.39,1205.29,100.0,April 2026,1,1,7.400712204205645,2022.0,3.0,32.0,7.095304812725156,0.7366622864651773,-26.333771353482277,41.0,24.0,8.0,-17.0,1.0,170.83333333333331,-70.83333333333331
1661,Construction of two lane with paved shoulder of Ghatol Bypass from km 133.250 to km 140.950 of NH-56 old NH No. 113 on EPC mode in the State of Rajasthan.,MoRTH,619251,-,-,Rajasthan,2025-03-01,2026-03-01,2027-09-01,,170.49,170.49,0.0,0.0,April 2026,0,-1,5.1445249558680555,2025.0,3.0,30.0,0.0,0.0,0.0,1.0,18.0,12.0,17.0,0.0,5.555555555555555,-5.555555555555555
1662,Construction of two lane with paved shoulder Gangtok Bypass Road from Ranipool to Burtuk Ch 0.00 Km to 23.316 L23.316 Km in the State of Sikkim,MoRTH,618071,N24001442,-,Sikkim,2021-10-01,2022-05-01,2024-05-01,2026-06-01,385.15,342.89,0.0,90.0,April 2026,0,1,5.956225895015272,2021.0,10.0,31.0,0.0,0.0,-90.0,47.0,24.0,7.0,-23.0,1.0,195.83333333333331,-105.83333333333331
1663,Construction/Up gradation of Existing road to 2 Lane with Paved Shoulder including Geometric Improvement from Ranipool to Pakyong Balance work from Km 2.000 to 16.167 of NH-717-A on EPC basis under SARDP-NE Phase A in the State of Sikkim,NHIDCL,618426,-,-,Sikkim,2018-03-01,2023-01-01,2024-07-01,2026-12-01,264.84,380.94,0.0,85.15,April 2026,1,1,5.582894624046339,2018.0,3.0,76.0,0.0,0.0,-85.15,39.0,18.0,58.0,-21.0,1.0,216.66666666666666,-131.51666666666665
1664,Realignment of NH-717A from Design Ch.0.00 Km 77.800 of NH-10 to Design Ch.2.00 Km 3.100 of NH-717A with two lane paved shoulder including Major Bridge of 680 m in the State of Sikkim on EPC Mode-COS work,NHIDCL,618428,-,-,Sikkim,2021-01-01,2021-04-01,2023-04-01,2026-05-01,264.84,380.94,61.11,97.57,April 2026,1,1,5.582894624046339,2021.0,1.0,27.0,4.128907006571212,0.2307430901676484,-74.49569098323515,60.0,24.0,3.0,-36.0,1.0,250.0,-152.43
1665,Construction & Upgradation of existing road to 2-lane with paved shoulder from New Rolep Bridge at km 37.600 to Chochenpheri at km 52.00 in the section of Rongli to Chochenpheri of NH 717B Pkg-II C,NHIDCL,618446,N24001337,-,Sikkim,2020-10-01,2021-05-01,2024-05-01,2026-06-01,493.42,478.79,0.0,77.07,April 2026,0,1,6.203385358399711,2020.0,10.0,43.0,0.0,0.0,-77.07,59.0,36.0,7.0,-23.0,1.0,163.88888888888889,-86.81888888888889
1666,Construction of 2-Laning with Paved Shoulder of New Greenfield Alignment From Helipad near Menla at Km 82000 to Menla at Km 94030 of Rhenock-Menla Spur NH- 717B Package-IIIB on EPC Basis under SARDP-NE Phase 'A' in the State of Sikkim.,NHIDCL,618447,N24001362,-,Sikkim,2021-01-01,2021-02-01,2024-02-01,2026-05-01,410.6,379.3,0.0,81.83,April 2026,0,1,6.020052003959894,2021.0,1.0,37.0,0.0,0.0,-81.83,62.0,36.0,1.0,-26.0,1.0,172.22222222222223,-90.39222222222223
1667,Construction of 2-Laning with Paved Shoulder of New Greenfield Alignment From Chochenpheri at Km 52000 to Helipad near Menla at Km 82000 of Rhenock-Menla Spur NH-717B Package-IIIA on EPC Basis under SARDP-NE Phase 'A' in the State of Sikkim.,NHIDCL,618448,N24001338,10311,Sikkim,2020-10-01,2020-12-01,2023-12-01,2026-10-01,816.79,786.6,32.28,60.88,April 2026,0,1,6.706605579927191,2020.0,10.0,38.0,3.5049566159530077,0.039520562200810495,-56.927943779918955,64.0,36.0,2.0,-28.0,1.0,177.77777777777777,-116.89777777777778
1668,Construction & Upgradation of existing road to 2-lane with paved shoulder from km27.200 End of Rongli bypass to km37.600New Rolep Bridge of Rhenok-Menla spur NH-717B on EPC Mode under SARDP-NE Phase-A in Sikkim Pkg-II B,NHIDCL,618449,N24001336,-,Sikkim,2020-07-01,2020-10-01,2023-04-01,2026-09-01,230.45,244.91,0.0,80.46,April 2026,1,1,5.444363867477279,2020.0,7.0,33.0,0.0,0.0,-80.46,66.0,30.0,3.0,-36.0,1.0,220.00000000000003,-139.54000000000002
1669,Rehabilitation & Upgradation of existing road to 2-lane with paved shoulder including geometric improvement of section from start of Rabangla km33.600 to km58.840 under SARDP-NE Phase A Pkg- IV,NHIDCL,618450,N24001327,-,Sikkim,2020-07-01,2020-10-01,2022-05-01,2026-06-01,292.8,292.8,1.91,65.1,April 2026,0,1,5.682899263739777,2020.0,7.0,22.0,1.0681530811834012,0.006523224043715846,-64.4476775956284,66.0,19.0,3.0,-47.0,1.0,347.3684210526316,-282.26842105263165
1670,"Construction of Bypass to Madurai Achambathu Viratipathu in between km 6/850 10/382 of NH 49 Extn New NH 85 including Land Acquisition on Engineering, Procurement & Construction EPC basis Contract under NH O Annual Plan 2021-22 in the state of Tamil Nadu job No.NH-49 Extn New NH 85 - TN-2021-22-997",MoRTH,617962,N24002165,-,Tamil Nadu,2022-03-01,2024-09-01,2026-08-01,2026-08-01,238.97,260.07,119.33,93.0,April 2026,1,0,5.4805139155288405,2022.0,3.0,53.0,4.7902379684500715,0.49935138301878895,-43.064861698121106,19.0,23.0,30.0,4.0,0.0,82.6086956521739,10.391304347826093
1671,Bangalore Chennai Expressway Phase-III Package II Walajahpet to Arakkonam from Km 180.000 to Km 204.500,National Highways Authority of India [NHAI],618478,N24001718,10337,Tamil Nadu,2021-01-01,2022-07-01,2024-07-01,2026-07-01,1106.65,1106.65,590.04,93.04,April 2026,0,1,7.0099959329286845,2021.0,1.0,42.0,6.381883697010875,0.5331767044684407,-39.72232955315594,45.0,24.0,18.0,-21.0,1.0,187.5,-94.46
1672,Bangalore Chennai Expressway Phase-III Package III Arakkonam to Kancheepuram from Km 204.500 to Km 230.000,National Highways Authority of India [NHAI],618479,N24001717,10338,Tamil Nadu,2020-12-01,2022-08-01,2024-07-01,2027-09-01,1525.1,1525.1,360.29,53.56,April 2026,0,1,7.330470740496829,2020.0,12.0,43.0,5.889680959940498,0.23624024654121045,-29.93597534587896,44.0,23.0,20.0,-21.0,1.0,191.30434782608697,-137.74434782608697
1673,Construction of Trumpet Interchange Connecting Bangalore Chennai Expressway km.261705 to km. 262800 with Maduravoyal to Walajapet Section of NH 48 near Sriperumbudur Toll Plaza at km. 35700,National Highways Authority of India [NHAI],618480,-,-,Tamil Nadu,2023-05-01,2024-02-01,2025-08-01,2026-10-01,162.55,162.56,43.1,24.13,April 2026,1,1,5.097118753984393,2023.0,5.0,27.0,3.7864597824528,0.265149184866195,2.384918486619501,26.0,18.0,9.0,-8.0,1.0,144.44444444444443,-120.31444444444443
1674,4L Bangalore-Chennai Expressway from Km. 230.000 to Km. 261.705 of Kanchepuram to Sriperumbudur Section Phase-III/Package-IV,National Highways Authority of India [NHAI],618481,N24001719,10339,Tamil Nadu,2021-02-01,2022-07-01,2024-07-01,2026-10-01,3605.73,3605.73,903.19,83.45,April 2026,0,1,8.190556823652123,2021.0,2.0,41.0,6.807039515299238,0.25048741863644813,-58.40125813635519,45.0,24.0,17.0,-21.0,1.0,187.5,-104.05
1675,Karaipettai to Walajapet from Km 71.015 to 107.091,National Highways Authority of India [NHAI],618521,N24001723,10375,Tamil Nadu,2018-08-01,2019-02-01,2021-02-01,2026-05-01,766.51,766.51,439.37,93.55,April 2026,0,1,6.643151508692433,2018.0,8.0,30.0,6.087615282637252,0.5732084382460764,-36.22915617539236,86.0,24.0,6.0,-62.0,1.0,358.33333333333337,-264.78333333333336
1676,Balance Works for six laning of Sriperumbudur to karaipettai section of NH-4 New NH- 48 from 37000 Existing Km 37000 to Km 71015 Existing Km 71000 in Tamilnadu on EPC mode underNHDP Phase-V,National Highways Authority of India [NHAI],618522,-,-,Tamil Nadu,2024-06-01,2025-01-01,2026-10-01,2027-02-01,411.16,411.16,81.11,31.16,April 2026,0,1,6.0214116234759345,2024.0,6.0,28.0,4.4080598117206975,0.1972711353244479,-11.43288646755521,15.0,21.0,7.0,6.0,0.0,71.42857142857143,-40.268571428571434
1677,Improving the Alignment of Thoppur Ghat Section from Km 158.500 to Km 165.100 in Dharmapuri - Salem Section of NH-44,National Highways Authority of India [NHAI],618561,-,10407,Tamil Nadu,2024-03-01,2025-03-01,2028-03-01,2028-03-01,904.99,731.09,165.29,35.62,April 2026,0,0,6.809028268454472,2024.0,3.0,48.0,5.113733252099823,0.18264290213151527,-17.35570978684847,13.0,36.0,12.0,23.0,0.0,36.11111111111111,-0.4911111111111097
1678,Dindigul Bypass - Samyanallore from km. 373.275 to km. 426.00,National Highways Authority of India [NHAI],618562,-,-,Tamil Nadu,2005-06-01,2006-07-01,2009-01-01,,579.0,295.5,1.4,100.0,April 2026,0,-1,6.363028103540465,2005.0,6.0,43.0,0.8754687373538999,0.0024179620034542313,-99.75820379965458,237.0,30.0,13.0,-207.0,1.0,790.0,-690.0
1679,4L of Madurai Ring Road Phase 1 [Vadipatti-Thamrapatti] from km 0.00 - km 29.960,National Highways Authority of India [NHAI],618563,N24001606,10408,Tamil Nadu,2018-12-01,2020-03-01,2022-03-01,2026-06-01,900.05,900.05,669.19,97.8,April 2026,0,1,6.80356074996428,2018.0,12.0,39.0,6.507561254272764,0.743503138714516,-23.449686128548393,73.0,24.0,15.0,-49.0,1.0,304.16666666666663,-206.36666666666662
1680,4L of left-over works including additional structures from Kerala/Tamil Nadu border to Kanyakumari Section from Km 43.0 to Km 96.174 of NH66,National Highways Authority of India [NHAI],618608,N24002113,10436,Tamil Nadu,2022-11-01,2023-08-01,2025-08-01,2026-10-01,1564.23,1263.42,907.2,76.1,April 2026,0,1,7.355788057032207,2022.0,11.0,33.0,6.811464618663851,0.5799658617978175,-18.103413820218243,32.0,24.0,9.0,-8.0,1.0,133.33333333333331,-57.23333333333332
1681,6L of Pondavakkam to Kannigaipair from km 96.040 to km 116.100 of NH 716B Pkg- IV,National Highways Authority of India [NHAI],618635,N24001818,10453,Tamil Nadu,2021-02-01,2023-01-01,2025-01-01,2026-11-01,1359.81,1359.81,335.27,37.44,April 2026,0,1,7.215835389673111,2021.0,2.0,47.0,5.817914408701114,0.24655650421750097,-12.784349578249902,39.0,24.0,23.0,-15.0,1.0,162.5,-125.06
1682,Trichy 135.800 to Karur 218.000 section of NH-67 - Trichy Bypass,National Highways Authority of India [NHAI],618743,-,-,Tamil Nadu,2006-12-01,2007-07-01,2024-10-01,,876.88,360.88,66.59,100.0,April 2026,0,-1,6.777509910034658,2006.0,12.0,214.0,4.213460043112263,0.07593969528327708,-92.4060304716723,225.0,207.0,7.0,-18.0,1.0,108.69565217391303,-8.695652173913032
1683,4L of Thirumangalam to Vadugapatti section from km 0.000 to km 36.000 of NH-744,National Highways Authority of India [NHAI],618744,N24002084,10531,Tamil Nadu,2022-03-01,2023-02-01,2025-02-01,2026-06-01,1076.97,791.6,679.48,95.41,April 2026,0,1,6.9828349217681565,2022.0,3.0,35.0,6.522798431505324,0.6309182242773708,-32.31817757226292,38.0,24.0,11.0,-14.0,1.0,158.33333333333331,-62.92333333333332
1684,4L of Vadugapatti to Therkuvenganallur Rajapalyam section from km 36.000 to km 71.600 of NH-744,National Highways Authority of India [NHAI],618745,N24002114,10532,Tamil Nadu,2022-02-01,2023-04-01,2025-04-01,2026-05-01,1317.6,1137.16,926.56,99.98,April 2026,0,1,7.184325846679199,2022.0,2.0,38.0,6.8325574824162345,0.7032179720704311,-29.658202792956885,36.0,24.0,14.0,-12.0,1.0,150.0,-50.019999999999996
1685,Melur - Pilayarpatti - Karaikudi from km 99.920 of NH 38 to km 12.9 of NH 383 Ext.,National Highways Authority of India [NHAI],618756,N24001605,10538,Tamil Nadu,2018-12-01,2020-03-01,2022-03-01,2026-07-01,1103.86,1085.41,774.36,92.15,April 2026,0,1,7.007473909092552,2018.0,12.0,39.0,6.653327437628161,0.7015020020654794,-21.99979979345207,73.0,24.0,15.0,-49.0,1.0,304.16666666666663,-212.01666666666662
1686,Tuticorin - Tirunelveli from km. 0.00 to km. 47.250,National Highways Authority of India [NHAI],618773,-,-,Tamil Nadu,2009-11-01,2010-04-01,2012-04-01,,449.85,452.48,1.17,100.0,April 2026,1,-1,6.111134689945915,2009.0,11.0,29.0,0.7747271675523681,0.002600866955651884,-99.73991330443481,192.0,24.0,5.0,-168.0,1.0,800.0,-700.0
1687,Construction of New Double Tier 4L Elevated Corridor from Chennai Port to Maduravoyal in Chennai District from km -0.342 to Km 20.593 and Package II from Km 4.604 to Km 9.700,National Highways Authority of India [NHAI],618800,N24002109,10570,Tamil Nadu,2023-03-01,2023-11-01,2026-05-01,2027-11-01,1616.97,1616.97,185.63,17.54,April 2026,0,1,7.3889275560373955,2023.0,3.0,38.0,5.229128047195038,0.11480114040458388,-6.059885959541612,29.0,30.0,8.0,1.0,0.0,96.66666666666667,-79.12666666666667
1688,Construction of New Double Tier 4-lane Elevated Corridor from Chennai Port to Maduravoyal in Chennai District from Km -0342 to Km 20223 Package 1 from Km - 0342 to Km 4604,National Highways Authority of India [NHAI],618801,N24002110,10571,Tamil Nadu,2023-03-01,2023-11-01,2026-05-01,2027-11-01,1388.59,1388.59,200.25,21.93,April 2026,0,1,7.236764018585515,2023.0,3.0,38.0,5.304547916298673,0.144211034214563,-7.5088965785437,29.0,30.0,8.0,1.0,0.0,96.66666666666667,-74.73666666666668
1689,Poondiyankuppam Km.67.000 to Sattanathapuram Km.123.800,National Highways Authority of India [NHAI],618846,-,10605,Tamil Nadu,2018-03-01,2022-01-01,2024-01-01,2026-06-01,2565.63,2319.35,1084.43,99.8,April 2026,0,1,7.850349033357338,2018.0,3.0,70.0,6.989731500827217,0.42267591195924586,-57.53240880407541,51.0,24.0,46.0,-27.0,1.0,212.5,-112.7
1690,Four Laning of Trichy - Dindigul from km. 333.00 to km. 421.273 of NH-45,National Highways Authority of India [NHAI],618874,-,-,Tamil Nadu,2006-12-01,2008-01-01,2010-07-01,2026-05-01,1003.11,435.81,9.43,100.0,April 2026,0,1,6.911856856003212,2006.0,12.0,43.0,2.344686269012681,0.009400763625125859,-99.05992363748742,219.0,30.0,13.0,-189.0,1.0,730.0,-630.0
1691,4L of Madathukulam - Pollachi from km. 74.38 to km. 116.95 of old NH-209 New NH- 83,National Highways Authority of India [NHAI],618894,N24001602,10643,Tamil Nadu,2019-01-01,2020-12-01,2022-12-01,2026-06-01,1772.13,1772.13,499.6,91.84,April 2026,0,1,7.480501625439295,2019.0,1.0,47.0,6.215807378997674,0.2819206265906,-63.647937340940004,64.0,24.0,23.0,-40.0,1.0,266.66666666666663,-174.82666666666663
1692,Kamalapuram to Oddanchatram from km. 0.00 to km. 35.822,National Highways Authority of India [NHAI],618895,N24001601,10644,Tamil Nadu,2019-01-01,2021-01-01,2023-01-01,2026-07-01,1319.42,1319.42,417.69,91.93,April 2026,0,1,7.185705146789498,2019.0,1.0,48.0,6.037130789291114,0.3165709175243667,-60.272908247563336,63.0,24.0,24.0,-39.0,1.0,262.5,-170.57
1693,4L of Sethiyathope -Cholapuram section from Km. 65.960 to Km. 116.440 section of NH45 C Pkg-II,National Highways Authority of India [NHAI],618897,N24000708,10646,Tamil Nadu,2017-03-01,2018-08-01,2020-08-01,2026-04-01,2356.19,2356.9,1011.39,100.0,April 2026,1,1,7.765225510633361,2017.0,3.0,41.0,6.9200691511034185,0.4292480657332388,-57.075193426676115,92.0,24.0,17.0,-68.0,1.0,383.33333333333337,-283.33333333333337
1694,Balance Works for Four laning of Vikravandi to Sethiyathope section from Km 0.0 to Km 65.96 of NH-45C in Tamil Nadu under NHDP Phase-IV on EPC mode,National Highways Authority of India [NHAI],618898,-,10647,Tamil Nadu,2025-01-01,2025-06-01,2027-06-01,2027-06-01,1163.17,834.46,166.37,26.7,April 2026,0,0,7.0597636657373615,2025.0,1.0,29.0,5.120206930525547,0.14303154311063732,-12.396845688936267,10.0,24.0,5.0,14.0,0.0,41.66666666666667,-14.966666666666672
1695,Kallagam km.38.700 to Meensurutti Km.98.433 of NH-227 in Tamil Nadu,National Highways Authority of India [NHAI],618899,-,10648,Tamil Nadu,2018-02-01,2019-04-01,2021-04-01,2026-05-01,1499.12,1499.12,682.68,100.0,April 2026,0,1,7.313300383890472,2018.0,2.0,38.0,6.527489971895715,0.45538716046747424,-54.461283953252575,84.0,24.0,14.0,-60.0,1.0,350.0,-250.0
1696,Salem - Ulundurpet section from km 0.313 to km 136.670 of NH-68,National Highways Authority of India [NHAI],618943,-,10681,Tamil Nadu,2006-12-01,2008-01-01,2011-01-01,2026-05-01,861.23,1019.85,137.29,100.0,April 2026,1,1,6.759522056418916,2006.0,12.0,49.0,4.929352929476567,0.15941153931005653,-84.05884606899434,219.0,36.0,13.0,-183.0,1.0,608.3333333333333,-508.33333333333326
1697,Construction of New Double Tier 4L Elevated Corridor from Chennai Port to Maduravoyal in Chennai District from km -0.342 to Km 20.593 and Package IV from Km 14.185 to Km 20.593,National Highways Authority of India [NHAI],619045,-,11596,Tamil Nadu,2023-03-01,2023-11-01,2026-05-01,2027-11-01,1205.4,1210.21,62.01,7.91,April 2026,1,1,7.095395997253692,2023.0,3.0,38.0,4.143293443953964,0.05144350423096067,-2.7656495769039333,29.0,30.0,8.0,1.0,0.0,96.66666666666667,-88.75666666666667
1698,6-laning of Krishnagiri Km.0.000 to Walajahpet Km.148.300 section on NH-46 under NHDP-V,National Highways Authority of India [NHAI],619074,-,-,Tamil Nadu,2009-12-01,2011-06-01,2013-12-01,2026-06-01,1673.17,781.74,269.61,99.99,April 2026,0,1,7.423072799059316,2009.0,12.0,48.0,5.600678669968875,0.16113724247984365,-83.87627575201563,178.0,30.0,18.0,-148.0,1.0,593.3333333333334,-493.34333333333336
1699,Thumbipadi-Namakkal from km. 180.00 to km. 248.625 Package No. NS-2/BOT/TN- 02,National Highways Authority of India [NHAI],619083,-,-,Tamil Nadu,2005-06-01,2006-08-01,2009-02-01,2026-08-01,255.53,395.43,206.64,100.0,April 2026,1,1,5.547245616835974,2005.0,6.0,44.0,5.3358058109590285,0.8086721715649825,-19.132782843501744,236.0,30.0,14.0,-206.0,1.0,786.6666666666666,-686.6666666666666
1700,Start of Karur Bypass - Dindigul from km. 292.600 to km. 305.600 Contract Package No. NS2/BOT/TN-4,National Highways Authority of India [NHAI],619084,-,-,Tamil Nadu,2005-08-01,2006-10-01,2009-04-01,2026-10-01,461.54,515.03,42.28,100.0,April 2026,1,1,6.136733039699226,2005.0,8.0,44.0,3.767690634538226,0.09160636131212896,-90.8393638687871,234.0,30.0,14.0,-204.0,1.0,780.0,-680.0
1701,Chengapalli km 102.035 to Neelambur Km144.680 and Madukkarai Km 170.880 to Walayar K183.010 Package No. NS-2/BOT/TN-08,National Highways Authority of India [NHAI],619086,-,-,Tamil Nadu,2009-10-01,2010-09-01,2013-03-01,2026-10-01,852.0,285.55,5.09,100.0,April 2026,0,1,6.748759547491679,2009.0,10.0,41.0,1.8066480817218056,0.005974178403755868,-99.40258215962442,187.0,30.0,11.0,-157.0,1.0,623.3333333333334,-523.3333333333334
1702,Thorapalli - Agraharam - Jittandahalli Section from km 23.350 to km 60.100 [Hosur to Dhamrapuri Pkg-2],National Highways Authority of India [NHAI],619094,N24001694,11773,Tamil Nadu,2019-02-01,2021-12-01,2023-12-01,2026-12-01,1243.57,1272.11,623.59,82.56,April 2026,1,1,7.126545367714767,2019.0,2.0,58.0,6.437095434474255,0.5014514663428677,-32.41485336571323,52.0,24.0,34.0,-28.0,1.0,216.66666666666666,-134.10666666666665
1703,Mahabalipuram - Pondicherry Pkg-I [Mamallapuram to Mugaiyur],National Highways Authority of India [NHAI],619129,N24001721,11798,Tamil Nadu,2019-02-01,2022-05-01,2024-05-01,2026-12-01,1360.54,1477.94,575.41,58.65,April 2026,1,1,7.216371691043248,2019.0,2.0,63.0,6.356819213038024,0.4229276610757493,-16.357233892425064,47.0,24.0,39.0,-23.0,1.0,195.83333333333331,-137.1833333333333
1704,Mahabalipuram - Pondicherry Pkg-II [Mugaiyur to Marakkanam],National Highways Authority of India [NHAI],619130,N24002111,11799,Tamil Nadu,2019-02-01,2023-12-01,2025-12-01,2027-02-01,1116.13,1463.75,531.32,53.41,April 2026,1,1,7.018518175466409,2019.0,2.0,82.0,6.277244812270166,0.47603773753953393,-5.806226246046606,28.0,24.0,58.0,-4.0,1.0,116.66666666666667,-63.256666666666675
1705,Four Laning of Chettikulam to Natham section of NH-785,National Highways Authority of India [NHAI],619131,N24000826,11800,Tamil Nadu,2018-03-01,2018-11-01,2020-11-01,2026-06-01,837.61,823.93,169.31,99.75,April 2026,0,1,6.731745759301863,2018.0,3.0,32.0,5.137620305850745,0.2021346450018505,-79.53653549981495,89.0,24.0,8.0,-65.0,1.0,370.83333333333337,-271.08333333333337
1706,Construction of New Double Tier 4L Elevated Corridor from Chennai Port to Maduravoyal in Chennai District from km -0.342 to Km 20.593 and Package III from Km 9.700 to Km 14.185,National Highways Authority of India [NHAI],619139,-,11805,Tamil Nadu,2023-03-01,2023-11-01,2026-05-01,2027-11-01,1299.36,1299.36,146.74,16.88,April 2026,0,1,7.1703964281904335,2023.0,3.0,38.0,4.9954539721005915,0.11293252062553874,-5.586747937446125,29.0,30.0,8.0,1.0,0.0,96.66666666666667,-79.78666666666668
1707,Access Controlled Highway of 4 Lane with Paved Shoulders from Tiruvallur Design Chainage Km 1756 to TN/AP Broder Design Chainage Km 6151 of NH-716 Chennai- Tirupati Package-1,National Highways Authority of India [NHAI],619161,-,11816,Tamil Nadu,2024-03-01,2024-12-01,2026-12-01,2027-02-01,1376.1,1247.7,133.77,34.5,April 2026,0,1,7.22773511773308,2024.0,3.0,33.0,4.903569621781068,0.09720950512317421,-24.779049487682578,16.0,24.0,9.0,8.0,0.0,66.66666666666666,-32.16666666666666
1708,"Balance works of four lane from km 43.950 Thiruvallur Bypass to km 61.470 Veppampattu Bypass passing through Thannerkulam, Thozur and Sevapet Bypass 17.520 kms of Tirupathi- Tiruttani- Chennai section of NH 205",National Highways Authority of India [NHAI],619222,-,11910,Tamil Nadu,2022-03-01,2022-09-01,2024-09-01,2026-05-01,467.99,699.68,450.86,97.92,April 2026,1,1,6.150581446257343,2022.0,3.0,30.0,6.113372397341315,0.9633966537746533,-1.5803346225346644,43.0,24.0,6.0,-19.0,1.0,179.16666666666669,-81.24666666666668
1709,6-laning of km 9.900 to km 19/948 Aramgarh to Shamshabad Section of Hyderabad- Bangalore section of NH-44 Under NHO EPC basis in the state of Telangana,MoRTH,617913,N24000987,-,Telangana,2018-01-01,2018-05-01,2020-05-01,2026-06-01,283.15,300.7,480.38,92.62,April 2026,1,1,5.649502267743131,2018.0,1.0,28.0,6.17665697899362,1.696556595444111,77.03565954441109,95.0,24.0,4.0,-71.0,1.0,395.83333333333337,-303.21333333333337
1710,Widening to two/four lane with paved shoulder from Km.180.600 to Km.223.000 of NH-63 on Nizamabad-Jagadalpur road on EPC mode under NHO in the state of Telangana.,MoRTH,617936,N24000981,-,Telangana,2016-10-01,2017-03-01,2019-03-01,,253.99,183.26,0.0,100.0,April 2026,0,-1,5.541224328703197,2016.0,10.0,29.0,0.0,0.0,-100.0,109.0,24.0,5.0,-85.0,1.0,454.1666666666667,-354.1666666666667
1711,6-Laning of Pune-Hyderabad Section of NH-65 from Km 493/0 to Km 524/0 from Sangareddy X Roads to Madinaguda in the State of Telangana,MoRTH,617939,-,10143,Telangana,2023-03-01,2024-07-01,2026-07-01,2026-07-01,1297.75,1297.75,0.0,37.5,April 2026,0,0,7.169157542413437,2023.0,3.0,40.0,0.0,0.0,-37.5,21.0,24.0,16.0,3.0,0.0,87.5,-50.0
1712,"Rehabilitation and Upgradation of LB-Nagar to Malkapur section to 6-Lane main carriageway with service roads, drains cum footpath, including VUPs and widening of Minor bridge & road safety provisions from Km. 15/00 to Km 40/00 of NH-65 Old NH-9 under NH O for the year 2020-21 in the state of Telangana on EPC Mode.",MoRTH,617940,N24002004,10144,Telangana,2021-03-01,2022-07-01,2024-07-01,2026-06-01,545.11,545.11,273.9,80.59,April 2026,0,1,6.302820420654982,2021.0,3.0,40.0,5.6164073951712,0.5024673919025517,-30.343260809744827,45.0,24.0,16.0,-21.0,1.0,187.5,-106.91
1713,Construction of six lane elevated corridor from km 7.950 Uppal to km 14.200 of NH- 163 to De-Congest the urban limits of Hyderabad-Bhoopalapatnam section on EPC mode in the state of Telangana,MoRTH,617980,N24000994,10157,Telangana,2018-03-01,2018-07-01,2020-07-01,2026-10-01,626.76,626.76,16.13,51.7,April 2026,0,1,6.442157927819218,2018.0,3.0,28.0,2.8408313123360287,0.025735528751037077,-49.126447124896295,93.0,24.0,4.0,-69.0,1.0,387.5,-335.8
1714,Widening to Two with Paved shoulders from Km 59.500 to Km 132.033 of Manneguda- Ravunapally section of NH-163 Erstwhile SH-4 in the State of Telangana on EPC mode under NH O Annual Plan 2016-17,MoRTH,617981,-,-,Telangana,2017-03-01,2017-05-01,2019-05-01,2026-05-01,359.0,359.0,0.0,99.92,April 2026,0,1,5.886104031450156,2017.0,3.0,26.0,0.0,0.0,-99.92,107.0,24.0,2.0,-83.0,1.0,445.8333333333333,-345.9133333333333
1715,Widening and strengthening of existing 2-lane to 2- lane with paved shoulders from km 159/0 to 165/4 and 186/0 to 215/0 of NH-163 on EPC mode int the state of Telangana,MoRTH,617982,N24000988,-,Telangana,2018-01-01,2018-06-01,2019-11-01,2020-12-01,230.03,230.03,0.0,0.0,April 2026,0,1,5.442547572219269,2018.0,1.0,22.0,0.0,0.0,0.0,94.0,17.0,5.0,-77.0,1.0,552.9411764705882,-552.9411764705882
1716,Widening & Strengthening of Existing 2LPS to 4 lane PS from Km 150000 to Km 159000 and Km 165400 to Km 186000 of NH-163 old NH-202 under NH O for the year 2020-21 on EPC Mode in the state of Telangana.,MoRTH,617983,N24001925,-,Telangana,2021-03-01,2022-07-01,2024-07-01,2026-06-01,317.19,300.56,175.26,87.0,April 2026,0,1,5.7626486886342425,2021.0,3.0,40.0,5.171960177671514,0.5525394873734986,-31.74605126265014,45.0,24.0,16.0,-21.0,1.0,187.5,-100.5
1717,Rehabilitation & upgradation of NH - 167 from design km 187.723 to 234.434 Miryalaguda to Kodad section to two lane with paved shoulder on EPC mode in the state of Telangana,MoRTH,617992,N24001281,-,Telangana,2018-03-01,2018-09-01,2020-09-01,2026-06-01,322.81,322.81,148.48,98.14,April 2026,0,1,5.780156924027929,2018.0,3.0,30.0,5.0071626046172835,0.45996096775192835,-52.14390322480717,91.0,24.0,6.0,-67.0,1.0,379.16666666666663,-281.02666666666664
1718,Rehabilitation and upgradation of NH-167 from design km 157.707 to 187.723 design length 30.016 km to two lane with paved shoulders of Alinagar-Miryalaguda Sec on EPC mode in the state of Telangana,MoRTH,617993,-,-,Telangana,2018-02-01,2018-05-01,2019-11-01,2026-06-01,220.28,220.28,0.0,97.74,April 2026,0,1,5.399428867916448,2018.0,2.0,21.0,0.0,0.0,-97.74,95.0,18.0,3.0,-77.0,1.0,527.7777777777777,-430.0377777777777
1719,Rehabilitation and upgradation of NH-167 from design km 113.900 to 154.479 Mallepally Haliya section to two lane with paved shoulders on EPC mode in the stte of Telangana,MoRTH,617994,N24001263,-,Telangana,2018-02-01,2018-06-01,2019-11-01,2025-12-01,294.13,257.61,239.25,88.22,April 2026,0,1,5.687415937235904,2018.0,2.0,21.0,5.481680047850402,0.8134158365348656,-6.878416346513433,94.0,17.0,4.0,-77.0,1.0,552.9411764705882,-464.72117647058815
1720,Widening to Two Lane with Paved Shoulders from Km 67.000 to Km 114.425 of Kalwakurthy- Mallapally Section of NH 167 Erstwhile section of SH 18 in the State of Telangana on EPC mode under NH O Annual Plan 2016-17,MoRTH,617995,N24001323,-,Telangana,2017-01-01,2017-05-01,2019-05-01,2025-12-01,300.0,300.0,175.1,99.2,April 2026,0,1,5.707110264748875,2017.0,1.0,28.0,5.17105201550216,0.5836666666666667,-40.833333333333336,107.0,24.0,4.0,-83.0,1.0,445.8333333333333,-346.6333333333333
1721,Widening to 2/4 Lane with paved shoulders from Km 182.120 to Km 227.600 of NH 167 on Haggari-Jadcherla Road on EPC mode under NHO in the state of Telangana,MoRTH,617996,N24002132,-,Telangana,2016-10-01,2017-02-01,2019-02-01,2026-03-01,298.0,298.0,234.7,95.6,April 2026,0,1,5.700443573390687,2016.0,10.0,28.0,5.462559809942086,0.7875838926174497,-16.841610738255028,110.0,24.0,4.0,-86.0,1.0,458.3333333333333,-362.73333333333335
1722,"Construction of 4-lane flyover at Amberpet-X road, Hyderabad on NH-202 in the State of Telangana",MoRTH,618001,N24001416,-,Telangana,2018-05-01,2021-06-01,2023-06-01,2026-06-01,216.53,265.88,154.05,92.1,April 2026,1,1,5.382336772051611,2018.0,5.0,61.0,5.043747645546458,0.7114487599870688,-20.955124001293115,58.0,24.0,37.0,-34.0,1.0,241.66666666666666,-149.56666666666666
1723,Rehabiitation and upgradation from km 121/000 to 154/000 Nakrekal to Mallampally section of NH-365 to 2 lane with paved shoulders in the state of Telangana in the EPC mode,MoRTH,618025,N24000997,-,Telangana,2018-03-01,2018-06-01,2019-12-01,2026-05-01,192.67,192.67,141.81,96.0,April 2026,0,1,5.26615567973964,2018.0,3.0,21.0,4.961515075464842,0.7360253282815177,-22.397467171848234,94.0,18.0,3.0,-76.0,1.0,522.2222222222223,-426.2222222222223
1724,Rehabilitation and upgradation to two lane with paved shoulders from Km 0/000 to 72/6 of NH-365 Nakrekal to Tanamcherla section under NHDP IV in the state of Telangana under EPC mode,MoRTH,618026,N24000996,10165,Telangana,2017-06-01,2017-11-01,2019-10-01,2026-05-01,605.08,605.08,585.2,99.9,April 2026,0,1,6.407011990557659,2017.0,6.0,28.0,6.373661028276792,0.967144840351689,-3.1855159648310973,101.0,23.0,5.0,-78.0,1.0,439.1304347826087,-339.23043478260865
1725,Widening to two lane with paved shoulders from Km 0/000 to Km 45/946 of Nizampet- Narayankhed-bidar section of NH-161B in the state of Telangana under Annual Plan 2021-22 on EPC mode under NHO,MoRTH,618091,-,10177,Telangana,2022-03-01,2024-02-01,2026-02-01,2027-03-01,512.98,512.98,117.6,41.8,April 2026,0,1,6.242184354192295,2022.0,3.0,47.0,4.775756486563625,0.22924870365316385,-18.87512963468361,26.0,24.0,23.0,-2.0,1.0,108.33333333333333,-66.53333333333333
1726,Widening to two lane with paved shoulders from Km 0/000 to Km 79/300 of Kalwakurthy - Kollapur section of NH-167K in the state of Telangana under annual plan 2021-22 on EPC mode under NHO.,MoRTH,618104,N24002007,10183,Telangana,2022-03-01,2023-07-01,2025-07-01,2026-06-01,886.69,886.69,573.13,85.66,April 2026,0,1,6.788622582943796,2022.0,3.0,40.0,6.35285585151289,0.646370208302789,-21.022979169721097,33.0,24.0,16.0,-9.0,1.0,137.5,-51.84
1727,Widening and strengthening to 4 lane / 2-lane with paved shoulders of Mahabubnagar - Chincholi section from km 60/255 to Km 102/834 of NH-167N in the State of Telangana on EPC mode.,MoRTH,618105,N24002010,10184,Telangana,2022-03-01,2023-10-01,2025-10-01,2026-11-01,631.49,631.49,92.56,30.8,April 2026,0,1,6.449664410200012,2022.0,3.0,43.0,4.538602941715978,0.1465739758349301,-16.14260241650699,30.0,24.0,19.0,-6.0,1.0,125.0,-94.2
1728,Widening and Strengthening to 2/4 lane with paved shoulders of Mahabubnagar Chincholi section from Km 0/0 to Km 60/255 of NH-167N in the state of Telangana under Annual plan 2021-22 on EPC modepackage-I under NHO Job No.167N-TS- 2021-22-75,MoRTH,618106,N24002009,10185,Telangana,2022-01-01,2023-01-01,2025-01-01,2026-05-01,703.68,703.68,279.58,90.69,April 2026,0,1,6.557743799058939,2022.0,1.0,36.0,5.636858889290626,0.3973112778535698,-50.958872214643016,39.0,24.0,12.0,-15.0,1.0,162.5,-71.81
1729,Widening to 2 lane with paved shoulders from 0.00 to 32.970 ofAdilabadto Bela section of NH 353B in the State of Telangana,MoRTH,618130,-,-,Telangana,2022-10-01,2024-05-01,2026-05-01,2026-05-01,490.92,490.92,0.0,75.38,April 2026,0,0,6.198316101645214,2022.0,10.0,43.0,0.0,0.0,-75.38,23.0,24.0,19.0,1.0,0.0,95.83333333333334,-20.453333333333347
1730,Widening & strengthening of existing carriageway in 2 lane with paved shoulders from km 25/0 to 59/2 design Ch km 25.467 to 59.200 of NH - 353C on EPC mode in the state of Telangana,MoRTH,618132,N24000989,-,Telangana,2018-02-01,2018-06-01,2020-06-01,,206.13,206.13,152.77,98.57,April 2026,0,-1,5.333346615467431,2018.0,2.0,28.0,5.035457979527601,0.7411342356765149,-24.4565764323485,94.0,24.0,4.0,-70.0,1.0,391.66666666666663,-293.09666666666664
1731,Widening to two/four lane with paved shoulders from Km.34.250 to Km.71.830 of NH- 365A on Kodad-Khammam-Kurvi road.,MoRTH,618140,-,-,Telangana,2022-10-01,2025-02-01,2027-01-01,2027-01-01,445.76,445.76,18.32,10.8,April 2026,0,0,6.102021537672626,2022.0,10.0,51.0,2.961140828784372,0.04109834888729361,-6.690165111270639,14.0,23.0,28.0,9.0,0.0,60.86956521739131,-50.069565217391315
1732,Widening and Improvement of existing carriage way to 2 lane with paved shoulders from Km. 86/160 to 131/730 of Jangaon-Duddeda section of NH-365B in the State of Telangana on EPC Mode,MoRTH,618141,N24001450,-,Telangana,2022-01-01,2022-12-01,2024-12-01,2026-05-01,423.48,423.48,160.07,76.92,April 2026,0,1,6.0508648903894295,2022.0,1.0,35.0,5.081839053102588,0.3779871540568622,-39.121284594313785,40.0,24.0,11.0,-16.0,1.0,166.66666666666669,-89.74666666666668
1733,Widening to Two lane with Paved shoulders from km.40/410 to 84/037 of Thirumanlagiri-- Suryapet Section of NH-365B earstwhile section of SH-16,MoRTH,618142,N24002025,-,Telangana,2017-01-01,2017-05-01,2019-05-01,2019-09-01,244.54,244.54,0.0,99.96,April 2026,0,1,5.503459866752694,2017.0,1.0,28.0,0.0,0.0,-99.96,107.0,24.0,4.0,-83.0,1.0,445.8333333333333,-345.87333333333333
1734,widening to two lane with Paved shoulders from Km.0/970 to Km.40/410 of Jangaon - Thirumal giriof NH- 365B in the state of Telanganaon EPC mode under NHO Annual Plan 2016-17,MoRTH,618143,N24000983,-,Telangana,2017-03-01,2017-11-01,2019-10-01,2019-10-01,197.0,197.0,0.0,92.74,April 2026,0,0,5.288267030694535,2017.0,3.0,31.0,0.0,0.0,-92.74,101.0,23.0,8.0,-78.0,1.0,439.1304347826087,-346.3904347826087
1735,Widening to Two lane with paved shoulders from 106/830 to 158/496 of Yellareddy- Rudrur Section of NH-765D in the state of Telangana on EPC mode under NHO under Annual plan 2022-23,MoRTH,618182,-,-,Telangana,2022-10-01,2024-07-01,2026-07-01,2026-07-01,499.88,499.88,187.35,63.44,April 2026,0,0,6.216366551437055,2022.0,10.0,45.0,5.23830193413805,0.3747899495879011,-25.961005041209887,21.0,24.0,21.0,3.0,0.0,87.5,-24.060000000000002
1736,Widening to 2 lane with paved shoulders from Km 62/920 to km 106/830 of Medak - Yellareddy section in the State of Telangana under Annual Plan 2022-23 on EPC mode under NHO,MoRTH,618183,-,-,Telangana,2022-10-01,2024-08-01,2026-08-01,2026-08-01,399.01,399.01,0.0,66.04,April 2026,0,0,5.991489546795487,2022.0,10.0,46.0,0.0,0.0,-66.04,20.0,24.0,22.0,4.0,0.0,83.33333333333334,-17.293333333333337
1737,"Rehabilitation and Up-gradation of Valigonda to Thorrur Section to Two Lane with Paved Shoulders from Km 39.180 to Km 108.300 of NH-930P in the State of Telangana on Engineering, Procurement and Construction EPC Basis",MoRTH,618186,N24002003,10201,Telangana,2022-01-01,2022-12-01,2024-12-01,2026-05-01,549.28,549.28,296.89,94.01,April 2026,0,1,6.310427239592795,2022.0,1.0,35.0,5.696724290844294,0.5405075735508302,-39.95924264491698,40.0,24.0,11.0,-16.0,1.0,166.66666666666669,-72.65666666666668
1738,Widening to two lane with paved shoulders of 'Bodhan Basar Bhainsa ' section from Km 38/900 to 95/300 of NH-161BB in the state of Telangana under Annual Plan 2021- 22 on EPC Mode under NH O.,MoRTH,618190,N24002005,10204,Telangana,2022-03-01,2023-03-01,2025-03-01,2026-05-01,644.45,644.45,349.38,98.6,April 2026,0,1,6.469947747952719,2022.0,3.0,36.0,5.8590182798076755,0.5421367057180541,-44.386329428194585,37.0,24.0,12.0,-13.0,1.0,154.16666666666669,-55.56666666666669
1739,Widening to 2 lane with Paved Shoulders of Siddipet-Elkathurthy section from Km 69/978 to km 133/619 of NH-765DG in the State of Telangana under Annual plan 2021-22 on EPC mode,MoRTH,618196,N24002008,10205,Telangana,2022-01-01,2022-12-01,2024-12-01,2026-06-01,578.85,578.85,0.0,85.0,April 2026,0,1,6.3627694494027125,2022.0,1.0,35.0,0.0,0.0,-85.0,40.0,24.0,11.0,-16.0,1.0,166.66666666666669,-81.66666666666669
1740,Widening to 2 lane with Paved Shoulders of Medak - Siddipet section from Km 0/0 to km 69/978 of NH-765DG in the State of Telangana under Annual plan 2021-22 on EPC mode,MoRTH,618197,N24002001,10206,Telangana,2022-01-01,2023-01-01,2025-01-01,2026-06-01,882.18,882.18,347.73,74.06,April 2026,0,1,6.783529030338895,2022.0,1.0,36.0,5.854297983820884,0.3941712575664831,-34.64287424335169,39.0,24.0,12.0,-15.0,1.0,162.5,-88.44
1741,Improvement of Geometrics of Kalkallu to Gundla Pochanpalli from Km 454.00 to Km 471.00 of NH-44,National Highways Authority of India [NHAI],618558,N24001555,10404,Telangana,2022-03-01,2023-01-01,2025-01-01,2026-07-01,955.49,903.17,427.43,35.96,April 2026,0,1,6.863270334042593,2022.0,3.0,34.0,6.060127364132952,0.4473411548001549,8.774115480015489,39.0,24.0,10.0,-15.0,1.0,162.5,-126.53999999999999
1742,6L of existing 4L from Gundlapochampally to Bowenpally from km 471.300 to km 481.331 of NH-44,National Highways Authority of India [NHAI],618559,N24001556,10405,Telangana,2021-12-01,2022-08-01,2024-07-01,2026-04-01,521.53,528.21,256.53,50.5,April 2026,1,1,6.2586823984586575,2021.0,12.0,31.0,5.5511362181719965,0.4918796617644239,-1.3120338235576128,44.0,23.0,8.0,-21.0,1.0,191.30434782608697,-140.80434782608697
1743,Improvement of Geometrics of Thondupally to Kothur from Km 22.300 to Km 34.14 of NH-44,National Highways Authority of India [NHAI],618560,N24002082,10406,Telangana,2022-03-01,2023-03-01,2024-09-01,,541.58,527.43,72.23,17.05,April 2026,0,-1,6.2963355399804435,2022.0,3.0,30.0,4.2936051730729785,0.13336903135270875,-3.713096864729126,37.0,18.0,12.0,-19.0,1.0,205.55555555555554,-188.50555555555553
1744,Khammam-Devarapalle Pkg I [4L Access Controlled Greenfield from Thallampadu village to Somavaram village Design Chainage 0000 to 33604],National Highways Authority of India [NHAI],618746,N24001482,10533,Telangana,2021-01-01,2022-10-01,2024-10-01,2026-10-01,797.36,1337.18,635.3,95.8,April 2026,1,1,6.682559623541796,2021.0,1.0,45.0,6.455670150238746,0.7967542891542089,-16.124571084579117,42.0,24.0,21.0,-18.0,1.0,175.0,-79.2
1745,4L of Karimnagar-Warangal section from km 49.500 to km 117.820 of NH-563,National Highways Authority of India [NHAI],618765,N24002083,10546,Telangana,2022-03-01,2023-07-01,2025-07-01,2026-07-01,2146.86,2486.51,961.92,92.4,April 2026,1,1,7.672227276595896,2022.0,3.0,40.0,6.869970334619379,0.4480590257399178,-47.594097426008226,33.0,24.0,16.0,-9.0,1.0,137.5,-45.099999999999994
1746,4L Access Controlled Greenfield Highway Section Mancherial Warangal from Pangidipalle village at Design Ch. 72.350 Km to Oorugonda village at Design Ch. 112.240 KmPackage-III,National Highways Authority of India [NHAI],618811,-,10578,Telangana,2023-03-01,2025-06-01,2027-06-01,2027-06-01,1183.71,1170.64,83.68,0.0,April 2026,0,0,7.077253297880605,2023.0,3.0,51.0,4.4388794462666645,0.0706929906818393,7.0692990681839305,10.0,24.0,27.0,14.0,0.0,41.66666666666667,-41.66666666666667
1747,4L Access Controlled Greenfield Section Mancherial Warangal from Puttapaka village at Design Ch. 35.300 Km to Pangidipalle village at Design Ch. 72.350 KmPackage-II,National Highways Authority of India [NHAI],618812,-,10579,Telangana,2023-01-01,2025-06-01,2027-06-01,2027-12-01,1129.33,1145.41,78.94,6.3,April 2026,1,1,7.030264904470579,2023.0,1.0,53.0,4.3812763532831775,0.06989985212471111,0.6899852124711119,10.0,24.0,29.0,14.0,0.0,41.66666666666667,-35.366666666666674
1748,4L Access Controlled Greenfield Section Mancherial Warangal from Narva village at Design Ch. 3.834 Km to Puttapaka village at Design Ch. 35.300 Km Package-I,National Highways Authority of India [NHAI],618813,-,10580,Telangana,2023-03-01,2024-12-01,2026-12-01,2027-10-01,1127.9,1104.27,110.86,9.0,April 2026,0,1,7.028998986267501,2023.0,3.0,45.0,4.717248089393442,0.09828885539498182,0.8288855394981827,16.0,24.0,21.0,8.0,0.0,66.66666666666666,-57.66666666666666
1749,4L Access Controlled Greenfield Highway section on NH163G Warangal-Khammam from Oorugonda village in Hanamkonda District at Design Ch. 112.240 Km to Venkatpur village in Warangal District at Design Ch. 150.240 KmPackage-I,National Highways Authority of India [NHAI],618814,-,10581,Telangana,2023-03-01,2025-06-01,2027-06-01,2028-05-01,1142.6,1140.82,65.67,0.0,April 2026,0,1,7.041936460448157,2023.0,3.0,51.0,4.199755076629969,0.057474181690880456,5.7474181690880455,10.0,24.0,27.0,14.0,0.0,41.66666666666667,-41.66666666666667
1750,4L Access Controlled Greenfield Highway section on NH-163G Warangal-Khammam from Venkatpur village in Warangal District at Design Ch. 150.240 Km to Thallasenkesa village in Mahabubabed District at Design Ch. 189.650 kmPackage-II,National Highways Authority of India [NHAI],618815,-,10582,Telangana,2023-03-01,2024-04-01,2026-04-01,2026-10-01,1092.88,1083.11,304.89,65.68,April 2026,0,1,6.997486287751731,2023.0,3.0,37.0,5.723225560200808,0.2789784788814874,-37.78215211185126,24.0,24.0,13.0,0.0,0.0,100.0,-34.31999999999999
1751,4L Access Controlled Greenfield Highway section on NH-163G Khammam Vijayawada from V. Venkatayapalem village at Design Ch. 220.480 Km to BrahmanapalliK village at Design Ch. 250.400 Km Package-I.,National Highways Authority of India [NHAI],618817,-,10584,Telangana,2023-03-01,2025-03-01,2027-03-01,2027-06-01,973.45,1021.96,227.62,42.15,April 2026,1,1,6.881873209268033,2023.0,3.0,48.0,5.432061236597632,0.2338281370383687,-18.76718629616313,13.0,24.0,24.0,11.0,0.0,54.166666666666664,-12.016666666666666
1752,Hyderabad - Maneguda,National Highways Authority of India [NHAI],618944,-,10682,Telangana,2021-10-01,2024-11-01,2026-11-01,2027-05-01,958.86,1218.49,193.26,15.78,April 2026,1,1,6.866787440493834,2021.0,10.0,61.0,5.269197467974185,0.20155184281334082,4.375184281334084,17.0,24.0,37.0,7.0,0.0,70.83333333333334,-55.05333333333334
1753,4L of Kodad Design Km 0.00/Existing Km 185.00 of NH-65 to Khammam Design Km 31.800/Existing Km 29.400 of NH-365A,National Highways Authority of India [NHAI],618945,N24001522,10683,Telangana,2021-01-01,2022-01-01,2024-05-01,2026-05-01,1149.17,1606.99,787.84,99.98,April 2026,1,1,7.047665036519053,2021.0,1.0,40.0,6.670563511941868,0.6855730657779092,-31.42269342220908,51.0,28.0,12.0,-23.0,1.0,182.14285714285714,-82.16285714285713
1754,Upgradation to Two Lane with Paved Shoulders from Km 0.000 to Km 41.920 Green Field Alignment of Gowrelly to Valigonda Section of NH-930P in the State of Telangana on EPC Mode under Annual Plan 2022-23,MoRTH,619009,-,12154,Telangana,2022-11-01,2026-05-01,2028-04-01,,690.33,690.33,0.0,0.0,April 2026,0,-1,6.538617278508967,2022.0,11.0,65.0,0.0,0.0,0.0,-1.0,23.0,42.0,24.0,0.0,-4.3478260869565215,4.3478260869565215
1755,Khammam-Devarapalle Pkg II [4L Access Controlled Greenfield from Somavaram village to Chintagudem village Design Chainage 33604 to 63117],National Highways Authority of India [NHAI],619128,N24001483,11797,Telangana,2021-01-01,2022-09-01,2024-09-01,2026-05-01,615.78,981.64,431.67,98.02,April 2026,1,1,6.424512396301874,2021.0,1.0,44.0,6.069975312726496,0.7010133489233168,-27.918665107668318,43.0,24.0,20.0,-19.0,1.0,179.16666666666669,-81.14666666666669
1756,Thanamcherla-Jamandlapally 2LPS,National Highways Authority of India [NHAI],619165,-,-,Telangana,2013-11-01,2014-03-01,2023-02-01,2026-05-01,177.18,18.65,8.31,100.0,April 2026,0,1,5.182794275292498,2013.0,11.0,111.0,2.231089091288976,0.04690145614629191,-95.30985438537081,145.0,107.0,4.0,-38.0,1.0,135.5140186915888,-35.5140186915888
1757,Rehabilitation and upgradation of NH-221 from km 121/0 to 165/0 Rudrampur to Bhadrachalam section to two lane with paved shoulder under NHDPIV in the state of Telangana through EPC mode,MoRTH,619193,-,-,Telangana,2015-01-01,2015-02-01,2017-02-01,2026-05-01,295.47,334.82,375.14,82.76,April 2026,1,1,5.691946032880246,2015.0,1.0,25.0,5.929961414513932,1.2696382035401224,44.20382035401224,134.0,24.0,1.0,-110.0,1.0,558.3333333333333,-475.57333333333327
1758,Construction of 4 lane Bypass to Nalgonda Town lrorn Km 000 Existing Ch. 181590 to Km 14.00 Existing Ch. 28/685 ol Nakrekal to Nagarjunsagar Section of NH -565 in the State of Telangara on EPC under Annual Plan 2024 -25,MoRTH,619253,-,12153,Telangana,2024-10-01,2025-10-01,2027-10-01,,516.17,516.17,0.0,43.13,April 2026,0,-1,6.248371640574997,2024.0,10.0,36.0,0.0,0.0,-43.13,6.0,24.0,12.0,18.0,0.0,25.0,18.130000000000003
1759,Improvement & widening of existing NH-08 to 4-lane with Paved Shoulder from Champak Nagar to Khayerpur section design Km 242500 to Km 261610 in the state of Tripura on EPC basis under NHO-NE,NHIDCL,618350,N24002205,10272,Tripura,2023-12-01,2024-09-01,2026-09-01,2027-03-01,920.66,920.66,0.0,43.8,April 2026,0,1,6.826176391989109,2023.0,12.0,33.0,0.0,0.0,-43.8,19.0,24.0,9.0,5.0,0.0,79.16666666666666,-35.36666666666666
1760,Improvement and Widening to 2-lane with paved shoulder of road from design Km 72.000 Pati Chhari to design Km 107.654 Harina Total length 35.654 Km on Teliamura to Harina section of NH 208 in the state of Tripura on EPC mode under JICA ODA Loan Phase VI Package-4,NHIDCL,618367,N24002228,10282,Tripura,2024-01-01,2024-12-01,2026-12-01,2026-12-01,726.9,726.9,194.74,8.65,April 2026,0,0,6.590163676124212,2024.0,1.0,35.0,5.276787247997674,0.2679048012106205,18.140480121062048,16.0,24.0,11.0,8.0,0.0,66.66666666666666,-58.01666666666666
1761,Improvement and Widening to 2-lane with paved shoulder of road from design Km 36.000 Rangamati to design Km 72.000 Pati Chhari Total length 36.000 Km on Teliamura to Harina section of NH 208 in the state of Tripura on EPC mode under JICA ODA Loan Phase VI Package-3,NHIDCL,618368,N24002162,10283,Tripura,2024-01-01,2024-09-01,2026-09-01,2026-09-01,670.9,670.9,0.0,14.0,April 2026,0,0,6.510109519926104,2024.0,1.0,32.0,0.0,0.0,-14.0,19.0,24.0,8.0,5.0,0.0,79.16666666666666,-65.16666666666666
1762,Improvement and Widening to 2-lane with paved shoulder of road from existing Km 438.170 Khowai Chowmuhani to existing Km 439.410 South Pulinpur of NH-08 and from design Km 0.000 South Pulinpur to design Km 36.00 near Rangamati of NH 208 on Khowai Teliamura- Harina section Total length 37.24 in the state of Tripura on EPC mode under JICA ODA Loan Phase VI Package-2,NHIDCL,618369,N24002161,10284,Tripura,2024-01-01,2024-09-01,2026-09-01,2026-09-01,657.21,657.21,0.0,57.95,April 2026,0,0,6.489524029344299,2024.0,1.0,32.0,0.0,0.0,-57.95,19.0,24.0,8.0,5.0,0.0,79.16666666666666,-21.216666666666654
1763,Improvement and Widening to 2-lane with paved shoulder of road from Km 101.300 to km 127.319 Total Length 26.019 Km i.e. the Khowai Teliamura-Amarpur-Harina- Sabroom section of NH 208 in the state of Tripura on EPC under JICA ODA Loan Phase VI Package-1,NHIDCL,618370,N24002160,-,Tripura,2024-01-01,2024-07-01,2026-07-01,2026-12-01,431.78,431.78,0.0,58.12,April 2026,0,1,6.070229515743637,2024.0,1.0,30.0,0.0,0.0,-58.12,21.0,24.0,6.0,3.0,0.0,87.5,-29.380000000000003
1764,Rehabilitation and up-gradation of road from design km 25.250 to km 36.460 Total lengh 11.210 km of Kailashahar-Kurti Bridge section on NH-208A to 2-lane with paved shoulder on EPC basis under NHO Package-III- Balance Work,NHIDCL,618385,N24002159,-,Tripura,2020-02-01,2024-09-01,2026-03-01,2026-03-01,174.43,174.43,0.0,41.9,April 2026,0,0,5.1672401029410935,2020.0,2.0,73.0,0.0,0.0,-41.9,19.0,18.0,55.0,-1.0,1.0,105.55555555555556,-63.65555555555556
1765,Rehabilitation & Upgradation of Road from Km 0.00 to Km 18.600 Total length-18.600 km of Kumarghat-Kailashahar section on NH-208 to 2-lane with Paved shoulder on EPC bais under NHO,NHIDCL,618386,N24001263,-,Tripura,2020-02-01,2020-07-01,2022-01-01,2024-10-01,277.5,302.03,0.0,0.0,April 2026,1,1,5.629418059367339,2020.0,2.0,23.0,0.0,0.0,0.0,69.0,18.0,5.0,-51.0,1.0,383.33333333333337,-383.33333333333337
1766,Melaghar-Srimantapur section on NH-08 Spur from Km 23 to Km 34.500 11.5 Km and overlay from Km 20.30 to Km 22.00 1.7 Km Total Length 13.2 Km,NHIDCL,618411,N24001914,-,Tripura,2023-01-01,2023-05-01,2024-11-01,2026-06-01,195.95,195.95,86.26,69.78,April 2026,0,1,5.282949889416915,2023.0,1.0,22.0,4.468892167695464,0.4402143403929574,-25.75856596070426,35.0,18.0,4.0,-17.0,1.0,194.44444444444443,-124.66444444444443
1767,"Construction of 4-Lane with paved shoulder Agartala bypass Western side, length 25.402 km connecting NH-8 near Amtali to NH-108B near Lembuchhera in the state of Tripura on EPC basis under NHO-NE",NHIDCL,618417,N24002132,10305,Tripura,2023-03-01,2024-03-01,2027-03-01,2027-03-01,2026.05,2026.05,292.55,9.2,April 2026,0,0,7.614336813143335,2023.0,3.0,48.0,5.682047982510195,0.14439426470225317,5.239426470225318,25.0,36.0,12.0,11.0,0.0,69.44444444444444,-60.24444444444444
1768,Construction of Jasra Bypass with four lane paved shoulder configurationfrom Km 379.670 on NH-76New NH-35 to Km 18.00 on NH-27New NH-30 on EPC in the State of Uttar Pradesh.,MoRTH,617957,N24002120,-,Uttar Pradesh,2023-02-01,2024-03-01,2025-09-01,,274.06,274.06,0.0,91.85,April 2026,0,-1,5.616989255686562,2023.0,2.0,31.0,0.0,0.0,-91.85,25.0,18.0,13.0,-7.0,1.0,138.88888888888889,-47.03888888888889
1769,Rehabilitation and upgradation to four lane road from km 70.500 to km 78.600 of NH- 92 under EPC mode in the State of Uttar Pradesh,MoRTH,617963,N24002211,-,Uttar Pradesh,2022-01-01,2025-01-01,2027-01-01,2027-07-01,296.02,351.78,0.0,35.0,April 2026,1,1,5.693799476602799,2022.0,1.0,60.0,0.0,0.0,-35.0,15.0,24.0,36.0,9.0,0.0,62.5,-27.5
1770,"Widening to Four Lane rigid pavement configuration from Km 90.00 to Km 100.800 on NH-96 Km 42.0 to Km 53.300 as per new NH-330,design length of 11.300 km under EPC mode in the state of Uttar Pradesh.",MoRTH,617964,N24002199,-,Uttar Pradesh,2022-12-01,2024-11-01,2026-11-01,2026-11-01,309.63,309.63,32.4,25.0,April 2026,0,0,5.738602493300822,2022.0,12.0,47.0,3.5085558999826545,0.10464102315667086,-14.535897684332914,17.0,24.0,23.0,7.0,0.0,70.83333333333334,-45.83333333333334
1771,"Construction of four-lane elevated viaduct from km.4634 to km.6345 on NH-24A including Retaining wall, service lane, at grade road and improvement of junctions, on EPC mode",MoRTH,618008,N24001730,-,Uttar Pradesh,2021-03-01,2022-03-01,2023-09-01,2024-12-01,185.09,269.81,175.09,100.0,April 2026,1,1,5.226230427653136,2021.0,3.0,30.0,5.1709952279726865,0.9459722297260792,-5.4027770273920765,49.0,18.0,12.0,-31.0,1.0,272.22222222222223,-172.22222222222223
1772,Balance work of Construction of Ring Road for Raebareli City on eastern side of NH- 24B Phase-1 on EPC mode.,MoRTH,618009,N24000331,-,Uttar Pradesh,2019-12-01,2020-10-01,2022-04-01,2026-06-01,319.96,347.8,0.0,95.0,April 2026,1,1,5.771316504773571,2019.0,12.0,28.0,0.0,0.0,-95.0,66.0,18.0,10.0,-48.0,1.0,366.66666666666663,-271.66666666666663
1773,Construction of Balrampur bypass with 2L flexible pavement configuration from km.223.000 of NH-330 to km.328.300 of NH-730 under EPC mode,MoRTH,618054,N24002150,10171,Uttar Pradesh,2022-12-01,2024-08-01,2026-02-01,2026-08-01,515.69,515.69,104.56,46.0,April 2026,0,1,6.247443081515765,2022.0,12.0,38.0,4.659279511635123,0.20275747057340648,-25.72425294265935,20.0,18.0,20.0,-2.0,1.0,111.11111111111111,-65.11111111111111
1774,Construction of Pratapgarh Bypass Extension connecting NH-31 to NH-330 on EPC mode in the State of Uttar Pradesh.,MoRTH,618055,N24002016,-,Uttar Pradesh,2022-10-01,2024-01-01,2025-06-01,2026-06-01,225.17,225.17,0.0,73.0,April 2026,0,1,5.42128692889172,2022.0,10.0,32.0,0.0,0.0,-73.0,27.0,17.0,15.0,-10.0,1.0,158.8235294117647,-85.8235294117647
1775,Improvement and Up-gradation to two Lane with Paved Shoulder Configuration from existing km. 420.00 Shohrathgarh to km. 454.00 Uska Bazar of NH-730 in the state of Uttar Pradesh EPC basis,MoRTH,618056,N24002121,-,Uttar Pradesh,2022-01-01,2024-03-01,2025-09-01,2026-12-01,509.65,484.42,98.47,56.0,April 2026,0,1,6.235684424024108,2022.0,1.0,44.0,4.599856091164322,0.1932110271755126,-36.67889728244874,25.0,18.0,26.0,-7.0,1.0,138.88888888888889,-82.88888888888889
1776,Construction of Shohratgarh Bypass on NH-730 under EPC mode in the State of Uttar Pradesh,MoRTH,618057,N24001997,-,Uttar Pradesh,2022-10-01,2023-11-01,2025-05-01,2026-12-01,189.31,189.31,0.0,49.22,April 2026,0,1,5.248654321528936,2022.0,10.0,31.0,0.0,0.0,-49.22,29.0,18.0,13.0,-11.0,1.0,161.11111111111111,-111.89111111111112
1777,Widening & Strenghteningof section from Bharthana chowk to Kodarkoot km.0.00 to km.40.00 of NH-91-A on EPC mode,MoRTH,618063,N24001587,-,Uttar Pradesh,2020-03-01,2023-03-01,2024-09-01,2026-06-01,262.37,343.77,112.46,92.0,April 2026,1,1,5.573559887606227,2020.0,3.0,54.0,4.731450351898421,0.4286313221786027,-49.136867782139724,37.0,18.0,36.0,-19.0,1.0,205.55555555555554,-113.55555555555554
1778,Construction of Amethi bypass Part-II at km.30.050 of NH-931 under EPC mode in the state of Uttar Pradesh,MoRTH,618066,N24002214,-,Uttar Pradesh,2022-12-01,2025-02-01,2027-02-01,2027-02-01,283.86,283.86,24.5,43.0,April 2026,0,0,5.65199783150644,2022.0,12.0,50.0,3.2386784521643803,0.08631015289227083,-34.36898471077292,14.0,24.0,26.0,10.0,0.0,58.333333333333336,-15.333333333333336
1779,"Rehabilitation & Up-gradation from design Km. 0.000 to Km. 69.280 of NH-931 Pratapgarh - Amethi - Gauriganj -Musafirkhana to two lane with paved shoulder on Engineering, Procurement & Construction EpC mode in the State of Uttar Pradesh",MoRTH,618067,-,10172,Uttar Pradesh,2023-05-01,2025-11-01,2027-11-01,2027-11-01,1086.3,1086.3,0.0,4.0,April 2026,0,0,6.9914528380037035,2023.0,5.0,54.0,0.0,0.0,-4.0,5.0,24.0,30.0,19.0,0.0,20.833333333333336,-16.833333333333336
1780,Construction of two lane with paved shoulder from existing Km.0.000 to Km.55.610 design km. 0.000 to km. 54.048 of NH-124D,MoRTH,618075,N24002031,10174,Uttar Pradesh,2021-12-01,2024-02-01,2026-02-01,2026-06-01,840.93,773.58,167.6,64.0,April 2026,0,1,6.735696875394464,2021.0,12.0,50.0,5.127529045567755,0.199303152462155,-44.0696847537845,26.0,24.0,26.0,-2.0,1.0,108.33333333333333,-44.33333333333333
1781,Construction of Mariahu Bypass with four lane paved shoulder configuration Km. 53.540 to Km.59.200 of NH-135A on EPC mode in the state of Uttar Pradesh,MoRTH,618081,N24002115,-,Uttar Pradesh,2023-03-01,2024-02-01,2026-02-01,2026-06-01,438.24,362.39,0.0,52.0,April 2026,0,1,6.085045960729513,2023.0,3.0,35.0,0.0,0.0,-52.0,26.0,24.0,11.0,-2.0,1.0,108.33333333333333,-56.33333333333333
1782,Widening & Upgradation to four lane configuration from Km.34.900 Bhadohi to km.73.134 Jaunpur of NH-135A on EPC mode,MoRTH,618082,N24001479,-,Uttar Pradesh,2021-03-01,2022-11-01,2024-05-01,2026-06-01,395.62,392.03,0.0,94.0,April 2026,0,1,5.982978643457684,2021.0,3.0,38.0,0.0,0.0,-94.0,41.0,18.0,20.0,-23.0,1.0,227.77777777777777,-133.77777777777777
1783,Improvement and upgradation to two lane with Paved Shoulder configuration from existing km 55.00 to km 90.00 Design length 34.76 of NH-227A near Chhapia Village to near Sikriganj in the State of UP on EPC Mode.,MoRTH,618110,N24001469,-,Uttar Pradesh,2021-11-01,2022-11-01,2024-05-01,2025-07-01,307.11,307.11,125.88,0.0,April 2026,0,1,5.730456862070388,2021.0,11.0,30.0,4.843241757886537,0.40988570870372176,40.98857087037218,41.0,18.0,12.0,-23.0,1.0,227.77777777777777,-227.77777777777777
1784,Improvement and upgradation to two lane with paved shoulder configuration from existing km 90.00 to 130.00 Design length 39.15 of NH-227A near Sikriganj to Barhalganj in the State of UP on EPC Mode.,MoRTH,618111,N24002015,-,Uttar Pradesh,2021-08-01,2023-12-01,2025-06-01,2026-05-01,403.36,345.34,0.0,94.0,April 2026,0,1,6.0023055702858565,2021.0,8.0,46.0,0.0,0.0,-94.0,28.0,18.0,28.0,-10.0,1.0,155.55555555555557,-61.55555555555557
1785,"Improvement and up-gradation of NH-227B 84 Kosi Parikrama Marg Package I, from km 228.920 Jagarnathpur to Km 235.960/0.000 MakhaudaDham to Km 29.000 Sarpur in the State of Uttar Pradesh on EPC basis",MoRTH,618112,N24002240,10186,Uttar Pradesh,2022-03-01,2025-05-01,2026-11-01,2026-11-01,912.5,912.5,0.0,3.0,April 2026,0,0,6.817283375818062,2022.0,3.0,56.0,0.0,0.0,-3.0,11.0,18.0,38.0,7.0,0.0,61.111111111111114,-58.111111111111114
1786,"Improvement and up-gradation of NH-227B 84 Kosi Parikrama Marg Package III, from Km.47.800 Gosaiganj to Km.73.300 Bikapur in the State of Uttar Pradesh on EPC basis.",MoRTH,618113,N24002241,10187,Uttar Pradesh,2022-03-01,2025-05-01,2026-11-01,2026-11-01,587.97,587.97,37.42,28.0,April 2026,0,0,6.378375248568339,2022.0,3.0,56.0,3.6485781573404106,0.0636427028589894,-21.63572971410106,11.0,18.0,38.0,7.0,0.0,61.111111111111114,-33.111111111111114
1787,"Improvement and up-gradation of NH-227B 84 Kosi Parikrama Marg PackageV, from Design Km.140.960 Patranga to Km.160.200 Bahuvan Madar Majha on EPC mode in the State of Uttar Pradesh",MoRTH,618114,-,12089,Uttar Pradesh,2023-03-01,2026-02-01,2028-08-01,2028-08-01,1192.33,1192.33,0.0,0.0,April 2026,0,0,7.084502997426646,2023.0,3.0,65.0,0.0,0.0,0.0,2.0,30.0,35.0,28.0,0.0,6.666666666666667,-6.666666666666667
1788,lmprovement and Up-gradation from Km. 73.300 Bikapur to Km.140.960 Patranga of NH-227B 84 Kosi Parikrama Marg to 2LPS along with Parikrama Path,MoRTH,618116,-,-,Uttar Pradesh,2022-11-01,2026-01-01,2028-01-01,2028-01-01,1679.75,1679.75,66.99,25.4,April 2026,0,0,7.426995401349146,2022.0,11.0,62.0,4.219360635538369,0.03988093466289626,-21.411906533710372,3.0,24.0,38.0,21.0,0.0,12.5,12.899999999999999
1789,Rehabilitation and upgradation from km 51.600 to km 75.700 of NH-321G Nuhkhas to Etah section to two lane with paved shoulder configuration under EPC mode in the State of Uttar Pradesh,MoRTH,618124,N24002116,-,Uttar Pradesh,2022-01-01,2024-02-01,2025-08-01,2026-06-01,343.54,343.54,75.71,65.0,April 2026,0,1,5.842210194018223,2022.0,1.0,43.0,4.3400320779712045,0.22038190603714267,-42.96180939628573,26.0,18.0,25.0,-8.0,1.0,144.44444444444443,-79.44444444444443
1790,"Improvement and up-gradation to 2LPS of NH-227B 84-Kosi Parikrama Marg PackageVI, Design Km 160200 Bahuvan Madar Majha to Km 224040 Jagarnathpur under HAM",MoRTH,618162,-,-,Uttar Pradesh,2023-05-01,2026-01-01,2028-01-01,2028-01-01,2008.7,2008.7,0.0,5.0,April 2026,0,0,7.605740736182332,2023.0,5.0,56.0,0.0,0.0,-5.0,3.0,24.0,32.0,21.0,0.0,12.5,-7.5
1791,"Rehabilitation and Up-gradation from km. 0000 to km.40390 of NH-730S MaharajganjNichloulThuthibari to two lane with paved shoulders in the State of U.P. on Engineering, Procurement & Construction EPC Basis.",MoRTH,618163,N24001418,10195,Uttar Pradesh,2023-03-01,2024-06-01,2025-12-01,2026-12-01,809.25,603.19,0.0,58.0,April 2026,0,1,6.697342842021657,2023.0,3.0,33.0,0.0,0.0,-58.0,22.0,18.0,15.0,-4.0,1.0,122.22222222222223,-64.22222222222223
1792,Construction of four lane highway with paved shoulder from Km.74.700 to Km.112.950 of NH-731A i/c Yamuna Bridge on HAM in the state of Uttar Pradesh.,MoRTH,618164,N24001419,10196,Uttar Pradesh,2022-03-01,2024-06-01,2026-06-01,2026-06-01,1141.67,1157.31,0.0,85.0,April 2026,1,0,7.041122908198164,2022.0,3.0,51.0,0.0,0.0,-85.0,22.0,24.0,27.0,2.0,0.0,91.66666666666666,-6.666666666666657
1793,Construction of 4-lane highway with paved shoulders from Km 49.155 to Km 74.700 of NH-731A on Hybrid Annuity Mode in the state of Uttar Pradesh,MoRTH,618165,N24001545,10197,Uttar Pradesh,2022-01-01,2024-02-01,2026-01-01,2026-06-01,1156.72,1156.72,0.0,98.0,April 2026,0,1,7.054207832695181,2022.0,1.0,48.0,0.0,0.0,-98.0,26.0,23.0,25.0,-3.0,1.0,113.04347826086956,-15.043478260869563
1794,Construction of 4-lane green field highway from Km. 35.000 to Km. 49.155 of NH- 731A with paved shoulders on Hybrid Annuity Mode in the state of Uttar Pradesh,MoRTH,618166,N24001647,10198,Uttar Pradesh,2022-01-01,2023-10-01,2025-10-01,2026-06-01,697.66,697.66,0.04,99.0,April 2026,0,1,6.549164214742565,2022.0,1.0,45.0,0.039220713153281295,5.7334518246710435e-05,-98.99426654817533,30.0,24.0,21.0,-6.0,1.0,125.0,-26.0
1795,Rehabilitation & Upgradation of NH-731A from Km.0.00 to Km.35.00 to 2-lane with paved shoulder under EPC mode,MoRTH,618167,N24001590,-,Uttar Pradesh,2021-03-01,2022-08-01,2023-08-01,2026-05-01,264.86,264.86,0.0,93.0,April 2026,0,1,5.582969854439453,2021.0,3.0,29.0,0.0,0.0,-93.0,44.0,12.0,17.0,-32.0,1.0,366.66666666666663,-273.66666666666663
1796,Widening to four lane with paved shoulder from Design Km.49.200 to Km.89.285 of NH-731B on EPC mode in the state of Uttar Pradesh,MoRTH,618168,N24001792,10199,Uttar Pradesh,2022-03-01,2024-01-01,2026-01-01,2027-01-01,917.91,965.3,128.0,56.0,April 2026,1,1,6.823188185024619,2022.0,3.0,46.0,4.859812404361672,0.13944722249458008,-42.05527775054199,27.0,24.0,22.0,-3.0,1.0,112.5,-56.5
1797,Construction of Two Lane with paved shoulder highway from Design Ch.0.000 to Ch.49.2OO of NH-731B on EPC Mode,MoRTH,618169,N24001730,10200,Uttar Pradesh,2022-03-01,2023-11-01,2025-11-01,2026-07-01,640.18,602.76,239.2,95.98,April 2026,0,1,6.463310228733024,2022.0,3.0,44.0,5.481471909645883,0.3736449123683964,-58.61550876316036,29.0,24.0,20.0,-5.0,1.0,120.83333333333333,-24.853333333333325
1798,"Rehabilitation and upgradation of Salon - Jais - Jagdishpur Road section of NH-931A, from design Chainage km 0.000 to km 5.740 to four lane divided carriageway and from design Chainage km 5.740 to km 53.500 to two lane with paved Total length km 53.500 along with One time improvement in 04 no's of realigned/bypassed built-up areas in a total length of 9.732 km in the state of Uttar Pradesh on EPC mode",MoRTH,618187,-,10202,Uttar Pradesh,2023-05-01,2025-10-01,2027-10-01,2027-10-01,947.15,947.15,0.0,4.0,April 2026,0,0,6.854512717586418,2023.0,5.0,53.0,0.0,0.0,-4.0,6.0,24.0,29.0,18.0,0.0,25.0,-21.0
1799,Rehabilitation and upgradation to 2-lane with paved sholuders configuration of Near Karri village-Etawah section Km30.000 to Km 57.346 Pakage-II of NH-92 in state of Uttar Pradesh undergreen national Highway Corridor ProjectGNHCP with the loan assistance of world Bank on EPC mode.,MoRTH,618229,N24001462,-,Uttar Pradesh,2020-04-01,2022-08-01,2024-02-01,2025-02-01,211.09,206.56,0.0,100.0,April 2026,0,1,5.357010712887255,2020.0,4.0,46.0,0.0,0.0,-100.0,44.0,18.0,28.0,-26.0,1.0,244.44444444444446,-144.44444444444446
1800,Construction of 6-lane bridge on Ganga on NH-96 and its approaches in Phaphamau Allahabad on EPC mode,MoRTH,618233,N24001421,10222,Uttar Pradesh,2018-07-01,2021-02-01,2024-02-01,2026-09-01,1948.25,1465.41,0.0,87.91,April 2026,0,1,7.57519996218971,2018.0,7.0,67.0,0.0,0.0,-87.91,62.0,36.0,31.0,-26.0,1.0,172.22222222222223,-84.31222222222223
1801,Rehabilitation and upgradation to 2-lane with paved sholuders configuration of Bewar- naer Karri village section Km0.00 to Km30.00 Pakage-I of NH-92 in state of Uttar Pradesh undergreen national Highway Corridor Project GNHCP with the loan assistance of world Bank on EPC mode.,MoRTH,618240,N24001461,-,Uttar Pradesh,2020-04-01,2022-09-01,2024-03-01,2026-06-01,236.47,236.47,0.0,90.0,April 2026,0,1,5.470041299706711,2020.0,4.0,47.0,0.0,0.0,-90.0,43.0,18.0,29.0,-25.0,1.0,238.88888888888889,-148.88888888888889
1802,Construction of Basti Ring Road Phase-I with 4L configuration for Basti City in the state of Uttar Pradesh on HAM mode,MoRTH,618243,N24002245,10224,Uttar Pradesh,2022-12-01,2025-06-01,2027-06-01,2027-06-01,1138.72,1138.72,0.0,27.0,April 2026,0,0,7.038537897185386,2022.0,12.0,54.0,0.0,0.0,-27.0,10.0,24.0,30.0,14.0,0.0,41.66666666666667,-14.666666666666671
1803,Construction of Raebareli Ring Road Phase-2 with four Lane configuration for Raebareli City in the state of Uttar Pradesh on Hybrid Annuity Model HAM basis,MoRTH,618244,N24002235,10225,Uttar Pradesh,2022-03-01,2025-05-01,2027-05-01,2027-05-01,1273.72,1273.72,0.0,44.37,April 2026,0,0,7.150481825632056,2022.0,3.0,62.0,0.0,0.0,-44.37,11.0,24.0,38.0,13.0,0.0,45.83333333333333,-1.4633333333333312
1804,Construction of 4 lane Mirzapur bypass including bridge over river Ganga from km 0.000 to km 15.000 of NH 135A in the State of Uttar Pradesh on HAM Mode.,MoRTH,618247,-,-,Uttar Pradesh,2024-03-01,2026-01-01,2029-01-01,2029-01-01,1708.62,1708.62,0.0,2.0,April 2026,0,0,7.444026402579467,2024.0,3.0,58.0,0.0,0.0,-2.0,3.0,36.0,22.0,33.0,0.0,8.333333333333332,-6.333333333333332
1805,Widening to 4 lane from km. 139.00 to km 179.20 of NH-135A Pkg-III Jaunpur Akbarpur section and Akbarpur bypass on Hybrid Annuity Mode in the state of Uttar Pradesh.,MoRTH,618248,-,-,Uttar Pradesh,2023-05-01,2026-01-01,2028-01-01,2028-01-01,1653.15,1653.15,0.0,10.0,April 2026,0,0,7.411042560709827,2023.0,5.0,56.0,0.0,0.0,-10.0,3.0,24.0,32.0,21.0,0.0,12.5,-2.5
1806,Widening to 4 lane from km. 108.50 to km 139.00 of NH-135A Pkg-II Jaunpur Akbarpur section on Hybrid Annuity Mode in the state of Uttar Pradesh,MoRTH,618249,N24002234,10227,Uttar Pradesh,2023-03-01,2025-03-01,2027-03-01,2027-03-01,1511.57,1511.57,0.0,32.0,April 2026,0,0,7.3215654698258,2023.0,3.0,48.0,0.0,0.0,-32.0,13.0,24.0,24.0,11.0,0.0,54.166666666666664,-22.166666666666664
1807,"Improvement and Up-gradation to two Lane with Paved Shoulder/Four Lane configuration from existing Km 130.000 to Km 191.000 design km 131.500 to Km 188.735, Design length 57.235 Km of NH-227A near Barhalganj to Mehrauna Ghat in the state of Uttar Pradesh on Hybrid Annuity Model HAM basis",MoRTH,618252,N24002201,10230,Uttar Pradesh,2022-01-01,2024-11-01,2027-05-01,2027-05-01,974.19,1344.61,0.82,48.0,April 2026,1,0,6.882632323807678,2022.0,1.0,64.0,0.598836501088704,0.0008417249201901066,-47.91582750798099,17.0,30.0,34.0,13.0,0.0,56.666666666666664,-8.666666666666664
1808,"Construction of Salempur bypass to 4LPS from km 64.000 of NH-727A Km 171.00 of Sonauli Balia Marg, old SH-01, near Mahadahan Chauraha to km 61.500 of NH-727B Km 178.500 of Sonauli Balia Marg, old SH-01, near near Ahirauli Village under Hybrid Annuity Mode HAM in the State of Uttar Pradesh",MoRTH,618260,-,10231,Uttar Pradesh,2022-03-01,2025-11-01,2027-11-01,2027-11-01,1348.06,1348.06,0.0,25.0,April 2026,0,0,7.207163332609325,2022.0,3.0,68.0,0.0,0.0,-25.0,5.0,24.0,44.0,19.0,0.0,20.833333333333336,4.166666666666664
1809,Construction of Deoria Bypass from existing Km. 27.140 to existing Km. 46.780 Design Km. 49.109 on NH727A Design length 21.969 Km. to four lane with paved shoulder configuration under Hybrid Annuity Mode HAM in the State of Uttar Pradesh,MoRTH,618262,-,10232,Uttar Pradesh,2023-03-01,2025-08-01,2027-07-01,2027-07-01,1734.7,1734.7,0.0,10.0,April 2026,0,0,7.459166069226836,2023.0,3.0,52.0,0.0,0.0,-10.0,8.0,23.0,29.0,15.0,0.0,34.78260869565217,-24.782608695652172
1810,"Rehabilitation and Up-gradation to 2LPS from Km. 0.000 to Km. 7.800 and Km. 35.400 to Km. 52.345 Design length 24.745 Km., except Bihar portion of NH-727B Tamkuhiraj to Bihar Border and Bihar Border to Majhauli on EPC mode in the State of Uttar Pradesh",MoRTH,618263,N24002213,10233,Uttar Pradesh,2023-03-01,2025-01-01,2026-07-01,2026-07-01,701.02,701.02,0.0,81.18,April 2026,0,0,6.553961893648468,2023.0,3.0,40.0,0.0,0.0,-81.18,15.0,18.0,22.0,3.0,0.0,83.33333333333334,-2.153333333333336
1811,"Widening and Strengthening to two Lane with Paved Shoulder/Four Lane with paved shoulder configuration from km. 61.500 of NH-727B near Nawalpur km 178.500 of Sonauli Balia Marg, Old SH-01 i.e. end point of Salempur Bypass to km. 106.495 of NH-727B near Sikanderpur under EPC mode",MoRTH,618264,-,10234,Uttar Pradesh,2023-05-01,2025-12-01,2028-05-01,2028-05-01,2061.86,2061.86,0.0,25.0,April 2026,0,0,7.631848648432096,2023.0,5.0,60.0,0.0,0.0,-25.0,4.0,29.0,31.0,25.0,0.0,13.793103448275861,11.206896551724139
1812,Rehabilitation and upgradation to 2-lane with paved sholuders configuration of Miranpur Katra to radhaita section of NH-730CKm.114.000 to Km 137.250pakage-III in state of Uttar Pradesh undergreen national Highway Corridor ProjectGNHCP with the loan assistance of world Bank on EPC mode.,MoRTH,618265,N24001457,-,Uttar Pradesh,2020-04-01,2022-07-01,2024-07-01,2026-06-01,172.5,169.56,0.0,89.0,April 2026,0,1,5.156177599386914,2020.0,4.0,51.0,0.0,0.0,-89.0,45.0,24.0,27.0,-21.0,1.0,187.5,-98.5
1813,Rehabilitation and upgradation to 2-lane with paved sholuders configuration of Bewar- Allahaganj- section of NH-730C Km.0.000 to Km 52.770 pakage-I in state of Uttar Pradesh undergreen national Highway Corridor Project GNHCP with the loan assistance of world Bank on EPC mode.,MoRTH,618266,N24001471,-,Uttar Pradesh,2020-04-01,2022-11-01,2024-11-01,2026-06-01,325.24,340.16,0.0,98.0,April 2026,1,1,5.787633306826145,2020.0,4.0,55.0,0.0,0.0,-98.0,41.0,24.0,31.0,-17.0,1.0,170.83333333333331,-72.83333333333331
1814,6L Greenfield Kanpur - Lucknow Expressway Pkg II from km. 28.500 to km. 73.744,National Highways Authority of India [NHAI],618498,N24001731,10356,Uttar Pradesh,2021-12-01,2022-11-01,2025-05-01,2026-04-01,2471.56,2489.0,1178.84,99.8,April 2026,1,1,7.813009330138729,2021.0,12.0,41.0,7.07313411504578,0.47696191878813377,-52.10380812118662,41.0,30.0,11.0,-11.0,1.0,136.66666666666666,-36.86666666666666
1815,6L Elevated Kanpur - Lucknow Exeressway Pkg-1 from Km. 10980 to Km. 28500,National Highways Authority of India [NHAI],618499,N24001745,10357,Uttar Pradesh,2021-12-01,2023-02-01,2025-07-01,2026-05-01,1972.94,1943.27,766.29,94.14,April 2026,0,1,7.5877868243947075,2021.0,12.0,43.0,6.642864826386585,0.3884000527132097,-55.29999472867903,38.0,29.0,14.0,-9.0,1.0,131.0344827586207,-36.8944827586207
1816,Construction of 4L Connector from Delhi Meerut Expressway Km 50.000 of Pkg IV to Km 8.520 of NH-235 Pkg-5,National Highways Authority of India [NHAI],618500,N24001772,10358,Uttar Pradesh,2021-09-01,2022-03-01,2024-03-01,2026-05-01,1081.39,1116.19,419.14,76.0,April 2026,1,1,6.98692683808515,2021.0,9.0,30.0,6.040587989067534,0.38759374508734123,-37.240625491265874,49.0,24.0,6.0,-25.0,1.0,204.16666666666666,-128.16666666666666
1817,Varanasi Ring Road Pkg-II connecting Sandaha Village km 11.70 / NH-29 with Revasa Village km 818.80 / NH-2,National Highways Authority of India [NHAI],618529,N24001826,10380,Uttar Pradesh,2017-12-01,2019-02-01,2022-02-01,2026-10-01,1991.71,1832.66,1008.02,94.79,April 2026,0,1,7.597250800342803,2017.0,12.0,50.0,6.916734841762714,0.5061078169010549,-44.179218309894516,86.0,36.0,14.0,-50.0,1.0,238.88888888888889,-144.0988888888889
1818,Construction of Ring Road around Kanpur from Ch.68.650 to Ch.93.209 Jarkala to Pakari Package-IV in State of Uttar Pradesh.,National Highways Authority of India [NHAI],618536,-,10385,Uttar Pradesh,2023-02-01,2024-12-01,2027-06-01,2027-06-01,1603.53,1192.16,196.64,32.83,April 2026,0,0,7.380586157788642,2023.0,2.0,52.0,5.2864471939775495,0.12262944877863213,-20.567055122136786,16.0,30.0,22.0,14.0,0.0,53.333333333333336,-20.503333333333337
1819,Construction of Ring Road around Kanpur from Km.000 to Km. 23.325 Chachendi Sachendi I to Maharajpur Package-I,National Highways Authority of India [NHAI],618537,N24002104,10386,Uttar Pradesh,2023-01-01,2023-12-01,2026-06-01,2026-06-01,1753.75,1311.7,392.07,55.72,April 2026,0,0,7.470081675610531,2023.0,1.0,41.0,5.973987713056649,0.22356094084105488,-33.363905915894506,28.0,30.0,11.0,2.0,0.0,93.33333333333333,-37.61333333333333
1820,Construction of Ring Road around kanpur from Ch.51.200 to Ch. 68.650 Badarka to Harbanch-Uchti Pkg-III,National Highways Authority of India [NHAI],618538,-,10387,Uttar Pradesh,2023-09-01,2025-01-01,2027-07-01,2027-07-01,1792.68,1126.75,193.85,22.81,April 2026,0,0,7.492024654356216,2023.0,9.0,46.0,5.272230031784718,0.10813419015105874,-11.996580984894125,15.0,30.0,16.0,15.0,0.0,50.0,-27.19
1821,Construction of Ring Road Kanpur from Ch. 32.090 to Ch.51.200 Transganaga to Sathara Package-II B,National Highways Authority of India [NHAI],618539,-,10388,Uttar Pradesh,2024-08-01,2025-03-01,2027-09-01,2027-09-01,1089.41,1106.92,38.74,13.67,April 2026,1,0,6.994309051286712,2024.0,8.0,37.0,3.6823582371236707,0.03556053276544184,-10.113946723455816,13.0,30.0,7.0,17.0,0.0,43.333333333333336,-29.663333333333334
1822,Construction of Ring Road around Kanpur from Ch.23.325 to Ch.32.090 Chaudhariya to Transganga Package-IIA,National Highways Authority of India [NHAI],618540,-,10389,Uttar Pradesh,2024-08-01,2025-11-01,2027-10-01,2028-04-01,1089.41,977.45,190.16,42.85,April 2026,0,1,6.994309051286712,2024.0,8.0,38.0,5.253110773709958,0.17455319852029996,-25.394680147970004,5.0,23.0,15.0,18.0,0.0,21.73913043478261,21.110869565217392
1823,6L of Agra Bypass Northern connecting Km. 174.500 of NH-2 new NH-19 to Km. 141.000 of Yamuna Expressways,National Highways Authority of India [NHAI],618553,N24001852,10399,Uttar Pradesh,2022-01-01,2023-02-01,2025-02-01,2026-05-01,957.62,1034.42,758.4,99.7,April 2026,1,1,6.865494750267535,2022.0,1.0,37.0,6.632528647797702,0.7919634092855203,-20.50365907144797,38.0,24.0,13.0,-14.0,1.0,158.33333333333331,-58.63333333333331
1824,Construction of left out portion of Agra Inner Ring Road connecting village Deori to NH-44 village Bad from Km. 0.000 to Km. 7.772,National Highways Authority of India [NHAI],618554,N24001853,10400,Uttar Pradesh,2022-07-01,2023-03-01,2024-09-01,2026-06-01,879.26,787.58,623.64,91.7,April 2026,0,1,6.7802173183796075,2022.0,7.0,26.0,6.437175483784673,0.7092782567158747,-20.772174328412532,37.0,18.0,8.0,-19.0,1.0,205.55555555555554,-113.85555555555554
1825,Strengthening of existing 4L Ayodhya Bypass Section from design Km. 121 600 to Km. 144020 of NH 28 New NH 27Pkg-3,National Highways Authority of India [NHAI],618565,N24002097,-,Uttar Pradesh,2023-03-01,2023-09-01,2025-03-01,2025-08-01,526.45,281.13,259.66,81.85,April 2026,0,1,6.268054074127818,2023.0,3.0,24.0,5.563216876102574,0.49322822680216544,-32.52717731978345,31.0,18.0,6.0,-13.0,1.0,172.22222222222223,-90.37222222222223
1826,4L Green Field Northern East side Gorakhpur Bypass 26.616 Kms starting from NH- 29E Chainage 83.308 and end at NH-28 Chainage 285.100,National Highways Authority of India [NHAI],618566,N24002096,10409,Uttar Pradesh,2023-02-01,2024-01-01,2026-01-01,2027-01-01,1973.98,1244.44,955.14,68.95,April 2026,0,1,7.5883135507016695,2023.0,2.0,35.0,6.862904345844241,0.48386508475263174,-20.563491524736833,27.0,24.0,11.0,-3.0,1.0,112.5,-43.55
1827,4/6L of Northern Ayodhya Bypass starting Km. 112.540 and ending Km. 139.928 north of existing NH-27 part-1 and part-2 south of NH-27 from km 0.000 to km 5.000.,National Highways Authority of India [NHAI],618567,-,10410,Uttar Pradesh,2024-08-01,2025-07-01,2028-01-01,2028-01-01,2289.34,1834.25,198.35,26.13,April 2026,0,0,7.736455557143186,2024.0,8.0,41.0,5.295062073827364,0.08664069120357831,-17.465930879642166,9.0,30.0,11.0,21.0,0.0,30.0,-3.870000000000001
1828,4/6L Southern Ayodhya Bypass from Km 5.000 to Km 37.172 starting near Km. 112.540 and ending at Km. 153.281 of NH-27,National Highways Authority of India [NHAI],618568,-,10411,Uttar Pradesh,2024-08-01,2025-03-01,2027-09-01,2027-09-01,2541.13,1983.05,265.58,35.14,April 2026,0,0,7.84075759127574,2024.0,8.0,37.0,5.585674386175872,0.10451255937319223,-24.688744062680776,13.0,30.0,7.0,17.0,0.0,43.333333333333336,-8.193333333333335
1829,4 -Laning of MP/UP Border to Kabarai section of NH-34&35 from km 197.000 to km 242.991 Length 45.991 Km Sagar-Kabrai Package-5 under Bharat Mala Pariyojana EC in MP & UP on HAM,National Highways Authority of India [NHAI],618669,-,10474,Uttar Pradesh,2022-10-01,2025-02-01,2027-02-01,2027-01-01,1632.93,1425.43,322.5,50.25,April 2026,0,0,7.398743434845021,2022.0,10.0,52.0,5.7791991139409555,0.1974977494442505,-30.50022505557495,14.0,24.0,28.0,10.0,0.0,58.333333333333336,-8.083333333333336
1830,"4 lanning of Aligarh Palwal section from km 0.00 to km 46.39 package -1 from khereshwar junction-kurana of NH33D , including khair & jattari bypass in the state of UP on HAM mode",National Highways Authority of India [NHAI],618690,-,10491,Uttar Pradesh,2024-03-01,2025-03-01,2027-03-01,2027-03-01,1663.38,1685.69,534.65,15.75,April 2026,1,0,7.417207960694364,2024.0,3.0,36.0,6.283480962708567,0.3214238478279166,16.39238478279166,13.0,24.0,12.0,11.0,0.0,54.166666666666664,-38.416666666666664
1831,Aligarh-Kanpur Pkg I [Aligarh-Bhadwas],National Highways Authority of India [NHAI],618692,-,10493,Uttar Pradesh,2018-03-01,2019-02-01,2022-06-01,2026-08-01,1226.64,2069.6,659.17,100.0,April 2026,1,1,7.112848906118289,2018.0,3.0,51.0,6.492497377611107,0.5373785299680427,-46.26214700319573,86.0,40.0,11.0,-46.0,1.0,215.0,-115.0
1832,DL/UP Border - EPE Crossing Pkg-02,National Highways Authority of India [NHAI],618710,N24001830,10505,Uttar Pradesh,2020-09-01,2021-05-01,2023-11-01,2026-05-01,2002.79,1889.78,1732.92,100.0,April 2026,0,1,7.6027956662946945,2020.0,9.0,38.0,7.458140020174685,0.865252972103915,-13.4747027896085,59.0,30.0,8.0,-29.0,1.0,196.66666666666666,-96.66666666666666
1833,6L access Controlled Greenfield Highway from Gogwan Jalalpur Shamli to Ranipur Barsi Saharanpur of Shamli -Ambala section Package-I Design Ch. Form km 00.600 to km 45.500,National Highways Authority of India [NHAI],618722,N24002036,10517,Uttar Pradesh,2022-06-01,2023-05-01,2025-05-01,2026-07-01,1843.59,1247.55,685.93,58.9,April 2026,0,1,7.520012309557389,2022.0,6.0,35.0,6.532232394745679,0.372062117932946,-21.6937882067054,35.0,24.0,11.0,-11.0,1.0,145.83333333333331,-86.93333333333331
1834,4L Spur of Meerut-Garh-Mukteshwar section connecting NH-119 and NH-58 bypassing Meerut Town of NH 709 A,National Highways Authority of India [NHAI],618761,N24001754,10543,Uttar Pradesh,2021-10-01,2023-02-01,2025-02-01,2026-07-01,991.89,977.73,815.91,95.22,April 2026,0,1,6.900619882481125,2021.0,10.0,40.0,6.7055289296733145,0.822581132988537,-12.961886701146298,38.0,24.0,16.0,-14.0,1.0,158.33333333333331,-63.113333333333316
1835,Four laning of Agra-Aligarh Section from Km. 0.000 Junction of NH-34 Aligarh Km 144.60 to Km. 28.000 near Asroi village in Hathras of NH-509 Package-I,National Highways Authority of India [NHAI],618768,-,12084,Uttar Pradesh,2024-06-01,2026-03-01,2028-03-01,2028-11-01,1309.08,1309.08,0.0,0.0,April 2026,0,1,7.17784348303287,2024.0,6.0,45.0,0.0,0.0,0.0,1.0,24.0,21.0,23.0,0.0,4.166666666666666,-4.166666666666666
1836,4L Spur of Panipat - Shamli connecting NH-709AD Panipat Shamli Muzaffarnagar and NH-709A Karnal Meerut bypassing Shamli district UP,National Highways Authority of India [NHAI],618770,N24001729,-,Uttar Pradesh,2021-10-01,2022-10-01,2024-10-01,2025-03-01,516.16,273.42,232.93,74.23,April 2026,0,1,6.248352304386352,2021.0,10.0,36.0,5.455021925305676,0.4512747985120893,-29.102520148791072,42.0,24.0,12.0,-18.0,1.0,175.0,-100.77
1837,4L of Bareilly-Pilibhit-Sitarganj from Km. 0.000 to Km. 32.500 of NH-30 Pkg-1,National Highways Authority of India [NHAI],618782,-,10557,Uttar Pradesh,2023-02-01,2024-03-01,2026-03-01,2026-11-01,1394.14,1394.14,561.53,58.86,April 2026,0,1,7.240750047642836,2023.0,2.0,37.0,6.332444465989737,0.4027787740112183,-18.582122598878172,25.0,24.0,13.0,-1.0,1.0,104.16666666666667,-45.30666666666667
1838,4L of Sonauli - Gorakhpur,National Highways Authority of India [NHAI],618798,N24002095,10569,Uttar Pradesh,2021-12-01,2023-03-01,2025-03-01,2026-06-01,2555.5,2275.43,1247.39,84.0,April 2026,0,1,7.846394414520054,2021.0,12.0,39.0,7.129610000111418,0.48811974173351597,-35.188025826648406,37.0,24.0,15.0,-13.0,1.0,154.16666666666669,-70.16666666666669
1839,Construction of two lane with paved shoulders bypass to Mungrabadshapur town starting from near Kodahu at Km 47/225 of NH-319D and ending near Nauwadandi at Km 219/720 of NH-31 under NHO in the state of Uttar Pradesh on EPC mode,National Highways Authority of India [NHAI],618843,-,-,Uttar Pradesh,2025-02-01,2025-09-01,2027-03-01,2027-09-01,197.6,165.28,36.16,12.39,April 2026,0,1,5.291292751611072,2025.0,2.0,25.0,3.6152329139456376,0.18299595141700403,5.909595141700404,7.0,18.0,7.0,11.0,0.0,38.88888888888889,-26.498888888888892
1840,Construction of Underpass beneath airport runway on NH-31 old NH-56 for proposed expansion of runway of Babatpur Airport Varanasi,National Highways Authority of India [NHAI],618848,-,10607,Uttar Pradesh,2025-02-01,2025-09-01,2027-09-01,2027-09-01,649.44,649.44,0.09,6.6,April 2026,0,0,6.477649056957522,2025.0,2.0,31.0,0.08617769624105233,0.00013858093126385807,-6.586141906873614,7.0,24.0,7.0,17.0,0.0,29.166666666666668,-22.56666666666667
1841,2L PS of Raebareli - Jagdishpur with 4L Jagdishpur Bypass Spur,National Highways Authority of India [NHAI],618854,N24001306,10610,Uttar Pradesh,2021-02-01,2022-01-01,2024-01-01,2025-06-01,706.41,752.52,515.53,97.2,April 2026,1,1,6.561610412945142,2021.0,2.0,35.0,6.247133370125589,0.7297886496510525,-24.221135034894758,51.0,24.0,11.0,-27.0,1.0,212.5,-115.3
1842,"Improvement and Up-Gradation of Existing Road to 2/4L PS from Km 40.000 to 88.750, start of Khutar bypass to start of Shahjahanpur bypass of NH 731Pkg-I",National Highways Authority of India [NHAI],618855,N24001727,10611,Uttar Pradesh,2022-03-01,2023-02-01,2025-02-01,2026-04-01,838.68,838.68,560.48,99.2,April 2026,0,1,6.733020866875615,2022.0,3.0,35.0,6.330576154666125,0.6682882625077503,-32.371173749224965,38.0,24.0,11.0,-14.0,1.0,158.33333333333331,-59.13333333333331
1843,"Improvement and Up-Gradation of Existing Road to 4L PS from Km 123.650 to 175.080, from Start of Shahabad Bypass to End of Hardoi bypass of NH 731 Pkg-2B",National Highways Authority of India [NHAI],618856,N24002094,10612,Uttar Pradesh,2022-09-01,2023-11-01,2025-11-01,2026-11-01,1101.79,1212.26,346.55,63.51,April 2026,1,1,7.00559861128118,2022.0,9.0,38.0,5.850908539546495,0.31453362255965295,-32.0566377440347,29.0,24.0,14.0,-5.0,1.0,120.83333333333333,-57.32333333333333
1844,"Improvement and Up-Gradation of Existing Road to 4L PS from Km 88.750 to 123.650, from Start of Shahjahanpur Bypass to start of Shahabad bypass of NH 731Pkg.-2A",National Highways Authority of India [NHAI],618858,-,10614,Uttar Pradesh,2022-09-01,2024-01-01,2026-01-01,2026-11-01,955.34,955.34,269.0,64.2,April 2026,0,1,6.8631134983590165,2022.0,9.0,40.0,5.598421958998375,0.2815751460213118,-36.04248539786882,27.0,24.0,16.0,-3.0,1.0,112.5,-48.3
1845,"Improvement and Up-Gradation of Existing Road to 4L PS from Km 229.070 to 260.800, End of Hardoi District to Lucknow Ring road of NH 731 Pkg-4",National Highways Authority of India [NHAI],618859,N24001732,10615,Uttar Pradesh,2021-09-01,2022-10-01,2024-10-01,2026-05-01,575.66,553.61,371.82,99.33,April 2026,0,1,6.357252838063248,2021.0,9.0,37.0,5.9210957294411,0.6459020949866241,-34.739790501337595,42.0,24.0,13.0,-18.0,1.0,175.0,-75.67
1846,4L from Mathura Bypass Start at Existing Km. 154.20 of NH-44 to Gaju Village at Km 32.982 of NH-530B Pkg-IB,National Highways Authority of India [NHAI],618864,N24001851,10619,Uttar Pradesh,2022-01-01,2023-03-01,2025-03-01,2026-05-01,1722.11,1820.77,1049.87,99.9,April 2026,1,1,7.451886076625917,2022.0,1.0,38.0,6.95737367150433,0.6096416605211049,-38.93583394788951,37.0,24.0,14.0,-13.0,1.0,154.16666666666669,-54.26666666666668
1847,4L from Gaju Village at Km. 32.982 to Devinagar Bypass End at Km. 208.000 of NH- 530B Pkg-1C.,National Highways Authority of India [NHAI],618865,N24001730,10620,Uttar Pradesh,2021-12-01,2023-01-01,2025-01-01,,1384.79,1496.44,823.04,99.99,April 2026,1,-1,7.234025653118753,2021.0,12.0,37.0,6.714219072420585,0.5943428245437936,-40.55571754562063,39.0,24.0,13.0,-15.0,1.0,162.5,-62.510000000000005
1848,"Four Lane Highway from Chandan Nagar Existing Km. 59.025 of NH 530B/Design Km. 179.5000 to Bareilly BypassStartExisting Km. 59.025 of NH 530B/Design Km. 218.000 Section of NH 530B, in the State of Uttar Pradesh on HAM Mode under NH0",National Highways Authority of India [NHAI],618866,-,10621,Uttar Pradesh,2024-12-01,2025-11-01,2027-11-01,2027-11-01,2077.0,1112.44,223.68,16.01,April 2026,0,0,7.639161171659173,2024.0,12.0,35.0,5.414677167664232,0.10769378911892152,-5.240621088107849,5.0,24.0,11.0,19.0,0.0,20.833333333333336,-4.823333333333334
1849,4L Kasganj-Badaun Section from Km. 123.100 to Km. 179.500 Pkg-III of NH530B,National Highways Authority of India [NHAI],618867,-,10622,Uttar Pradesh,2023-03-01,2025-05-01,2027-05-01,2027-04-01,2009.11,1936.61,191.05,28.21,April 2026,0,0,7.605944725923847,2023.0,3.0,50.0,5.257755754791914,0.09509185659321791,-18.70081434067821,11.0,24.0,26.0,13.0,0.0,45.83333333333333,-17.623333333333328
1850,4L from Devinagar Bypass End Existing Km. 208.000 of NH 530B/Design Km. 66.000 to Kasganj Bypass End Existing Km.150.100 of NH 530B/ Design Km. 123.100 of NH 530B,National Highways Authority of India [NHAI],618868,-,10623,Uttar Pradesh,2023-03-01,2024-06-01,2026-06-01,2026-06-01,2289.52,2223.71,486.52,62.48,April 2026,0,0,7.736534145006641,2023.0,3.0,39.0,6.189331315237399,0.21249868968168,-41.230131031831995,22.0,24.0,15.0,2.0,0.0,91.66666666666666,-29.18666666666666
1851,"Construction of 4/6 lane Highway of Southern Bareilly Bypass, starting at Ch. 237000 of NH 530 near Jhumka chauraha, Dhantiya village and ending at Ch. 267000 of NH 30 near Invertis University including Trumpet Interchange",National Highways Authority of India [NHAI],618869,-,-,Uttar Pradesh,2024-12-01,2025-12-01,2028-06-01,2028-06-01,1122.02,1869.59,129.68,10.21,April 2026,1,0,7.0237767640188595,2024.0,12.0,42.0,4.8727515867328695,0.11557726243738972,1.3477262437389719,4.0,30.0,12.0,26.0,0.0,13.333333333333334,-3.123333333333333
1852,Construction of Four Lane Highway form Ghazipur- Ballia-UP/Bihar State Border Greenfield section of NH-31 Package I [from Hridaipur km 0.000 to Shahapur km 42.500] on EPC Mode in the state of Uttar Pradesh.,National Highways Authority of India [NHAI],618883,N24002086,10634,Uttar Pradesh,2022-10-01,2023-07-01,2025-07-01,2026-06-01,1706.47,1579.59,844.84,99.11,April 2026,0,1,7.442768021744479,2022.0,10.0,33.0,6.7403302164242715,0.4950804877905853,-49.60195122094147,33.0,24.0,9.0,-9.0,1.0,137.5,-38.39
1853,Construction of Four Lane Highway from Ghazipur- Ballia-UP/Bihar State Border Greenfield section of NH-31 Package II [from Shahapur km 42.500 to Pindari km 78.150] on EPC Mode in the state of Uttar Pradesh.,National Highways Authority of India [NHAI],618884,N24002087,10635,Uttar Pradesh,2022-10-01,2023-10-01,2025-10-01,2026-08-01,1493.65,1311.44,705.07,95.5,April 2026,0,1,7.309647344703519,2022.0,10.0,36.0,6.559714382719835,0.47204499045961235,-48.295500954038765,30.0,24.0,12.0,-6.0,1.0,125.0,-29.5
1854,Construction of Four Lane Highway from Ghazipur- Ballia-UP/Bihar State Border Greenfield section of NH-31 Package IV [from Buxur Spur of length km 17.270 on EPC Mode in the state of Uttar Pradesh.,National Highways Authority of India [NHAI],618885,N24002089,10636,Uttar Pradesh,2022-10-01,2023-06-01,2025-06-01,2026-08-01,617.88,549.02,235.64,83.88,April 2026,0,1,6.427911392824875,2022.0,10.0,32.0,5.46653999896249,0.38136855052761054,-45.74314494723894,34.0,24.0,8.0,-10.0,1.0,141.66666666666669,-57.78666666666669
1855,Varanasi Gorakhpur Section Packege IV from km. 149.540 to km. 215.160 Mau- Gorakhpur,National Highways Authority of India [NHAI],618893,-,10642,Uttar Pradesh,2015-04-01,2017-04-01,2019-10-01,2026-05-01,2966.63,3475.65,865.21,97.35,April 2026,1,1,7.9955189334434085,2015.0,4.0,54.0,6.764127373391791,0.29164742485581285,-68.18525751441871,108.0,30.0,24.0,-78.0,1.0,360.0,-262.65
1856,4L Greenfield Western Side spur of Rampur-Rudrapur Section from Km 0.000 to Km 13.700 connecting NH-24 to NH-87 bypassing rampur town,National Highways Authority of India [NHAI],618911,N24002090,10658,Uttar Pradesh,2021-12-01,2023-05-01,2024-11-01,2026-05-01,646.27,637.83,166.33,63.79,April 2026,0,1,6.472763518115628,2021.0,12.0,35.0,5.119967910506483,0.25736921101087784,-38.05307889891222,35.0,18.0,17.0,-17.0,1.0,194.44444444444443,-130.65444444444444
1857,4L Behsuma at Km 39.250 Ex. Km 39240 To Bijnor at Km 78.810 Ex. Km 86590 Design Length 39.560 Km of NH-119 Pkg-II,National Highways Authority of India [NHAI],618923,-,10669,Uttar Pradesh,2023-03-01,2024-05-01,2026-05-01,2026-05-01,2158.2,2553.12,694.43,65.21,April 2026,1,0,7.677493061703795,2023.0,3.0,38.0,6.544530359281712,0.3217635066258919,-33.0336493374108,23.0,24.0,14.0,1.0,0.0,95.83333333333334,-30.62333333333335
1858,2L PS of Najibabad Kotdwar section from 112.575 to Km. 138.635 of NH 119,National Highways Authority of India [NHAI],618924,-,-,Uttar Pradesh,2021-10-01,2024-03-01,2025-09-01,2026-06-01,188.87,99.2,33.37,50.44,April 2026,0,1,5.246339627455324,2021.0,10.0,47.0,3.5371840908617425,0.1766823741197649,-32.771762588023506,25.0,18.0,29.0,-7.0,1.0,138.88888888888889,-88.44888888888889
1859,Bijnor-Kotawali,National Highways Authority of India [NHAI],618925,N24001738,-,Uttar Pradesh,2021-02-01,2021-11-01,2023-05-01,2026-05-01,300.58,334.48,264.54,96.53,April 2026,1,1,5.70903532093765,2021.0,2.0,27.0,5.581765488467756,0.8800984762791937,-8.52015237208063,53.0,18.0,9.0,-35.0,1.0,294.44444444444446,-197.91444444444446
1860,4L of Moradabad-Thakurdwara-Kashipur Section from Km. 0.000 to Km. 38.77 of NH- 734 Pkg-II,National Highways Authority of India [NHAI],618927,-,10671,Uttar Pradesh,2022-10-01,2024-03-01,2026-03-01,2026-12-01,2006.82,1890.05,878.74,47.51,April 2026,0,1,7.604804835359324,2022.0,10.0,41.0,6.779626409271504,0.43787683997568294,-3.722316002431704,25.0,24.0,17.0,-1.0,1.0,104.16666666666667,-56.65666666666667
1861,4L of Moradabad western side spur connecting NH-734 & NH-24 from Km. 0.000 to Km. 33.200 Pkg-I,National Highways Authority of India [NHAI],618929,-,10673,Uttar Pradesh,2022-11-01,2023-09-01,2025-09-01,2026-06-01,1841.92,1843.54,982.74,76.9,April 2026,1,1,7.5191065492399,2022.0,11.0,34.0,6.891361634495703,0.5335410875608061,-23.5458912439194,31.0,24.0,10.0,-7.0,1.0,129.16666666666669,-52.26666666666668
1862,4L Prayagraj Greenfield By-pass from design Km 50860 near Nibi Kala Uperhar to design Km 64763 on NH-19 near Khodaypur Kasgaon including Interchange loop at NH-19,National Highways Authority of India [NHAI],618959,N24002106,-,Uttar Pradesh,2023-08-01,2023-12-01,2025-03-01,,1017.99,427.54,406.6,100.0,April 2026,0,-1,6.926567219631883,2023.0,8.0,19.0,6.01028630134857,0.39941453255925896,-60.05854674407411,28.0,15.0,4.0,-13.0,1.0,186.66666666666666,-86.66666666666666
1863,4 Lane Inner Ring Road around Allahabad City Pkg-2 Prayagraj Southern Bypass 43.200 - 50.860,National Highways Authority of India [NHAI],618960,N24002105,10694,Uttar Pradesh,2023-08-01,2023-12-01,2026-06-01,2027-06-01,1377.51,1007.62,394.66,42.26,April 2026,0,1,7.228758484699418,2023.0,8.0,34.0,5.9805552565999465,0.2865024573324332,-13.609754266756681,28.0,30.0,4.0,2.0,0.0,93.33333333333333,-51.07333333333333
1864,4 Lane Inner Ring Road around Allahabad City Pkg-1 Prayagraj Southern Bypass 34.400 43.200,National Highways Authority of India [NHAI],618961,-,-,Uttar Pradesh,2025-02-01,2025-12-01,2027-12-01,2027-12-01,775.94,498.97,15.11,4.44,April 2026,0,0,6.655363127308804,2025.0,2.0,34.0,2.779440197188883,0.019473155140861405,-2.49268448591386,4.0,24.0,10.0,20.0,0.0,16.666666666666664,-12.226666666666663
1865,6L access control Greenfield highway of Vill-Khyawari to Vill-Latifpur at Saharanpur Bypass from Km. 82.000 to Km. 119.790 Pkg-4,National Highways Authority of India [NHAI],618968,N24001735,10698,Uttar Pradesh,2021-03-01,2022-09-01,2024-09-01,2026-05-01,1428.19,1439.35,1220.87,97.5,April 2026,1,1,7.264863129203421,2021.0,3.0,42.0,7.1081377510937465,0.854837241543492,-12.016275845650796,43.0,24.0,18.0,-19.0,1.0,179.16666666666669,-81.66666666666669
1866,6L access control Greenfield highway of Vill-Lohadda to Vill-Karaunda Mahajan from Km. 27.000 to Km. 56.500 Pkg-2,National Highways Authority of India [NHAI],618970,N24001734,10700,Uttar Pradesh,2021-03-01,2022-09-01,2024-09-01,2026-05-01,1335.45,1335.38,1016.38,92.89,April 2026,0,1,7.197772123730637,2021.0,3.0,42.0,6.924985974243803,0.7610767905949305,-16.78232094050695,43.0,24.0,18.0,-19.0,1.0,179.16666666666669,-86.27666666666669
1867,4L of Najibabad Bypass from Km. 105.423 to Km. 118.373 excluding 2.45 Km. of NH- 74 Bypass of NH-119,National Highways Authority of India [NHAI],619162,N24001753,11817,Uttar Pradesh,2022-01-01,2022-12-01,2024-06-01,2026-05-01,578.02,566.9,438.87,100.0,April 2026,0,1,6.361337019290758,2022.0,1.0,29.0,6.086479228711559,0.7592643853153871,-24.073561468461293,40.0,18.0,11.0,-22.0,1.0,222.22222222222223,-122.22222222222223
1868,6L access controlled Greenfield highway of Junction of EPE Vill.-Mavikalan to Vill.- Lohadda from Km. 0.000 to Km. 27.000 Pkg-1,National Highways Authority of India [NHAI],619168,N24001733,11822,Uttar Pradesh,2021-03-01,2022-09-01,2024-09-01,2026-05-01,1602.48,1497.94,1215.04,99.11,April 2026,0,1,7.379931546339491,2021.0,3.0,42.0,7.103354956721934,0.7582247516349657,-23.287524836503422,43.0,24.0,18.0,-19.0,1.0,179.16666666666669,-80.05666666666669
1869,6L access-controlled highway from Ganeshpur tonear Mohand of Ganeshpur Dehradun section from Km.0 to Km.8.3 of NH-72A Package-1,National Highways Authority of India [NHAI],619308,-,12098,Uttar Pradesh,2020-11-01,2021-10-01,2023-10-01,2026-07-01,836.24,835.74,808.7,98.92,April 2026,0,1,6.730110767739146,2020.0,11.0,35.0,6.696663808692069,0.9670668707548072,-2.213312924519272,54.0,24.0,11.0,-30.0,1.0,225.0,-126.08
1870,Landslide treatment work on NH 58 from Kodiyala Km. 266.130 to Devprayag Km. 296.925 10 location under EPC mode in the State of Uttarakhand on EPC Mode,MoRTH,617888,-,-,Uttarakhand,2023-01-01,2024-02-01,2025-02-01,2026-06-01,192.54,192.54,0.0,99.0,April 2026,0,1,5.265484209452796,2023.0,1.0,25.0,0.0,0.0,-99.0,26.0,12.0,13.0,-14.0,1.0,216.66666666666666,-117.66666666666666
1871,Treatment of landslide zone from location no. 01 to 28 km 62.860 to 152.750 on NH- 12509 in the State of Uttarakhand under EPC mode in NHO Annual Plan 2022-23,MoRTH,617889,-,-,Uttarakhand,2022-11-01,2023-06-01,2024-06-01,2026-05-01,192.22,192.22,0.0,97.0,April 2026,0,1,5.263829436089363,2022.0,11.0,19.0,0.0,0.0,-97.0,34.0,12.0,7.0,-22.0,1.0,283.33333333333337,-186.33333333333337
1872,Construction of Champawat Bypass with two lane with paved shoulder configuration starting from existing chainage 121.700 to existing chainage 129.450 Design Length 9.847 of NH-125 in District-Champawat in the state of Uttrakhand on EPC mode.,MoRTH,617890,-,-,Uttarakhand,2025-02-01,2026-01-01,2027-12-01,,220.89,220.89,0.0,5.0,April 2026,0,-1,5.402181763578325,2025.0,2.0,34.0,0.0,0.0,-5.0,3.0,23.0,11.0,20.0,0.0,13.043478260869565,-8.043478260869565
1873,Construction of 2 lane with paved shoulder of Kund Bypass from Design Km 35.130 to Km 47.700 existing Km 33.130 to Km 41.260 of NH-109 in the State of Uttarakhand,MoRTH,617929,N24000781,-,Uttarakhand,2018-02-01,2018-05-01,2020-05-01,2026-12-01,247.41,247.41,110.98,73.5,April 2026,0,1,5.51508060689796,2018.0,2.0,27.0,4.718320283920748,0.448567155733398,-28.643284426660202,95.0,24.0,3.0,-71.0,1.0,395.83333333333337,-322.33333333333337
1874,Construction of Rudraprayag tunnel of length 900.30 MTR including approaches and one major bridge on river Alaknanda connecting NH-107/old-109 to NH-07old-58 on EPC mode in the state of Uttarakhand.,MoRTH,617967,-,-,Uttarakhand,2021-02-01,2023-01-01,2025-07-01,2026-05-01,251.88,251.88,0.0,99.0,April 2026,0,1,5.532915067907362,2021.0,2.0,53.0,0.0,0.0,-99.0,39.0,30.0,23.0,-9.0,1.0,130.0,-31.0
1875,Construction & Widening Including Augustmuni Bypass Ch-16.545 to Ch - 19.890 to 2L/PS from Km 16.545-Km 33.130 & 45.980 -57.975 Augustmuni to Kund & Guptkashi to Sitapur on NH 109 in UK,MoRTH,617968,N24000779,-,Uttarakhand,2017-03-01,2018-02-01,2020-02-01,2024-03-01,418.89,418.89,422.72,95.0,April 2026,0,1,6.039992772212467,2017.0,3.0,35.0,6.0490728597282954,1.0091432118217194,5.914321182171946,98.0,24.0,11.0,-74.0,1.0,408.3333333333333,-313.3333333333333
1876,Reconstruction of existing 2 L/IL to 2L with paved shoulder from existing km 52.200 to 92.880 of NH-,MoRTH,617970,N24000775,-,Uttarakhand,2016-10-01,2017-06-01,2019-06-01,2023-10-01,282.08,282.08,166.13,100.0,April 2026,0,1,5.645729543207584,2016.0,10.0,32.0,5.1187719527008335,0.5889463981849121,-41.105360181508786,106.0,24.0,8.0,-82.0,1.0,441.6666666666667,-341.6666666666667
1877,Rehabilitation and upgradation of 2 lane with paved shoulder from existing km. 195.175 to km. 220.000 Design Chainage km71.300 to Km. 95.947 Excluding existing chainage Km 200.300 to Km 202.400 Design chainage Km 76.400 to Km 78.400 on Dharasu to Yamunotri Road of NH- 134 Old NH-94,MoRTH,617974,-,-,Uttarakhand,2025-05-01,2025-10-01,2028-04-01,,344.73,344.73,0.0,17.78,April 2026,0,-1,5.845658123607847,2025.0,5.0,35.0,0.0,0.0,-17.78,6.0,30.0,5.0,24.0,0.0,20.0,-2.219999999999999
1878,Rehabilitation and upgradation to 2 lane with paved shoulder configuration from km 122.00 Dharasu Bend to km 147.230 Silkyara Bend of NH-94 in the state of Uttarakhand,MoRTH,617975,N24000820,-,Uttarakhand,2017-03-01,2017-11-01,2019-11-01,2024-07-01,237.79,237.79,79.56,100.0,April 2026,0,1,5.475584504594719,2017.0,3.0,32.0,4.389002248410307,0.3345809327557929,-66.5419067244207,101.0,24.0,8.0,-77.0,1.0,420.8333333333333,-320.8333333333333
1879,Widening to 2 Lane from Existing Chainage Km 74.700 Km 100.660 Design Chainage Km 53.365 to Km 78.785 on NH- 507 in the State of Uttarakhand.,MoRTH,618039,-,-,Uttarakhand,2024-01-01,2025-10-01,2028-04-01,,346.82,346.82,0.0,29.64,April 2026,0,-1,5.851685104579697,2024.0,1.0,51.0,0.0,0.0,-29.64,6.0,30.0,21.0,24.0,0.0,20.0,9.64
1880,Rehabilitation and Upgradation to Two lanes with Paved Shoulders configuration and Strengthening from Km 175.00 to Km 196.00 Gumkhal to Satpuli of NH-119 New NH- 534 in the State of Uttarakhand under NHO Annual Plan 2021-22 under EPC mode,MoRTH,618040,-,-,Uttarakhand,2022-03-01,2025-01-01,2027-01-01,,452.81,452.81,0.0,42.0,April 2026,0,-1,6.117678608242217,2022.0,3.0,58.0,0.0,0.0,-42.0,15.0,24.0,34.0,9.0,0.0,62.5,-20.5
1881,Rehabilitation and upgrading to two lanes with paved shoulders and Strengthening of Kotdwar-Pauri-Srinagar road section from Km 232.00 to 274.470 on NH-119 New 534 Paidul to Srinagar in the State of Uttarakhand on EPC Mode under NHO Annual Plan 2021-22.,MoRTH,618041,-,-,Uttarakhand,2022-02-01,2025-12-01,2027-12-01,,299.31,299.31,0.0,2.0,April 2026,0,-1,5.70481527446815,2022.0,2.0,70.0,0.0,0.0,-2.0,4.0,24.0,46.0,20.0,0.0,16.666666666666664,-14.666666666666664
1882,Rehabilitation and up-gradation to 2-lane configuration of Bageshwar to Kangarchina road from km 129.600 to Km 161.600 Existing Chainage 136.00 to Km 169.00 of NH- 309Ain the State of Uttarakhand Package-IV under NHO Annual Plan 2021-22,MoRTH,618119,-,-,Uttarakhand,2022-03-01,2024-08-01,2027-02-01,,472.23,472.23,0.0,60.0,April 2026,0,-1,6.159581528234976,2022.0,3.0,59.0,0.0,0.0,-60.0,20.0,30.0,29.0,10.0,0.0,66.66666666666666,-6.666666666666657
1883,Widening to 2-lane with Hard Shoulder configuration of Mana Ch. 0.00 to Mana Pass Ch. 50.987 road on NH-07 under Bharatmala Pariyojna in the state of Uttarakhand under Annual Plan 2022-23 length 50.987,MoRTH,618207,-,10213,Uttarakhand,2022-10-01,2023-10-01,2027-10-01,2028-10-01,573.96,573.96,0.0,20.78,April 2026,0,1,6.354300473160187,2022.0,10.0,60.0,0.0,0.0,-20.78,30.0,48.0,12.0,18.0,0.0,62.5,-41.72
1884,Construction and upgradation of existing road to 2-lane with paved shoulder from existing chainage Km 509.725 to Km 528.000 design chainage Km 490.550 to Km 507.850 of NH-58 new NH-07 Benakuli bend to Mana Village in EPC mode under Chardham Programme in the State of Uttarakhand.,MoRTH,618208,-,-,Uttarakhand,2019-02-01,2019-11-01,2021-10-01,,180.1,180.1,0.0,95.0,April 2026,0,-1,5.199049364889368,2019.0,2.0,32.0,0.0,0.0,-95.0,77.0,23.0,9.0,-54.0,1.0,334.7826086956522,-239.7826086956522
1885,Construction & up gradation of existing road to 2-Lane with paved shoulder from existing chainage km 468000 to km 489350 Design Chainage km 465150 to km 471500 of NH-07 Old NH-58 including Joshimath bypass on EPC mode in the state of Uttarakhand Length 6.35 km,MoRTH,618209,-,-,Uttarakhand,2022-03-01,2022-09-01,2025-09-01,2027-08-01,258.85,258.85,0.0,35.6,April 2026,0,1,5.560104541454451,2022.0,3.0,42.0,0.0,0.0,-35.6,43.0,36.0,6.0,-7.0,1.0,119.44444444444444,-83.84444444444443
1886,Rehabilitation and upgradation of Askot-Lipulekh on EPC Basis for Phase-I Existing Km 72.00 to 107.620 Design Chainage Km 21330 to Km 56935 under Project Hirak of BRO in the state of Uttarakhand under Bharatmala Pariyojna Phase-I on EPC Mode Length-35.605 Km CA No EPC/MORT&H/HRK/01/2021-22,MoRTH,618210,-,10214,Uttarakhand,2020-09-01,2021-12-01,2023-12-01,2026-06-01,603.92,603.92,0.0,81.17,April 2026,0,1,6.40509621788254,2020.0,9.0,39.0,0.0,0.0,-81.17,52.0,24.0,15.0,-28.0,1.0,216.66666666666666,-135.49666666666667
1887,Improvement/construction of 2-lane with paved shoulder of Askote Llipulekh road from Tawaghat village to Budhi village design km. 56935 to km 95748 and from end of Tunnel portal to Kali Mandir design km 113828 to km. 133078 [total design length 58.063 km] under project Hirak of BRO in the state of Uttarakhand under Bharatmala Pariyojna on EPC Mode,MoRTH,618211,-,10215,Uttarakhand,2022-05-01,2024-11-01,2026-11-01,2026-11-01,649.6,649.6,0.0,29.72,April 2026,0,0,6.477895014039251,2022.0,5.0,54.0,0.0,0.0,-29.72,17.0,24.0,30.0,7.0,0.0,70.83333333333334,-41.113333333333344
1888,"STABILIZATION OF LAND SLIDE AND SLOPE PROTECTION AT KM 11.00 TO KM 11.08, 29,730 KM TO 30,060 KM, 30,400 KM TO 31,060 KM, 34,750 KM TO 35,300 KM, 38,950 KM TO 39,030 KM & 39,460 KM TO 39,540 KM TWO LOC CLUBBED, KM 40,400 TO KM 40,650, KM 43,500 KM 43,680, 52,460 RISHIKESH - DHARASU ROAD NH-94 ON EPC MODE IN THE STATE OF UTTARAKHAND. NOSE OF LAND SLIDE - 12 NOS",MoRTH,618212,-,-,Uttarakhand,2024-01-01,2025-10-01,2027-04-01,,197.26,197.26,0.0,15.06,April 2026,0,-1,5.289579300604752,2024.0,1.0,39.0,0.0,0.0,-15.06,6.0,18.0,21.0,12.0,0.0,33.33333333333333,-18.273333333333326
1889,Rehabilitation and Upgradation of road Rishikesh Dharasu Old NH-94 with 2-lane with paved shoulder from km 76.000 to km 110.000 Design Chainage from km 74.733 to km 107.347 32.614 km including construction of Kamand re-alignment from existing Chainage Km 105.200 to Km 108.600 design chainage Km 103.436 to Km 105.949 - total length 2513 mtrs and land slide treatment work between design chainage Km 73.800 to Km 74.00 200m on EPC mode under improvement to NH connectivity to Chardham in,MoRTH,618213,-,-,Uttarakhand,2018-03-01,2019-01-01,2021-01-01,2026-01-01,273.76,273.76,0.0,96.46,April 2026,0,1,5.61589798934568,2018.0,3.0,34.0,0.0,0.0,-96.46,87.0,24.0,10.0,-63.0,1.0,362.5,-266.04
1890,Rehabilitation and upgradation to 2 lane / 2 lane with paved shoulder configuration for design chainage km 107.347 to km 129.208 & km 133.878 to km 138.570 existing chainage km 110.000 to km 133.020 & km 137.330 to km 142.028 and land slide treatment at existing km 138.500 Design chainage km 134.970 of NH -94 on EPC mode under improvement to NH connectivity to Chardham in the state of Uttarakhand.,MoRTH,618214,-,-,Uttarakhand,2018-03-01,2019-01-01,2021-07-01,2024-06-01,346.5,346.5,0.0,100.0,April 2026,0,1,5.850764665004847,2018.0,3.0,40.0,0.0,0.0,-100.0,87.0,30.0,10.0,-57.0,1.0,290.0,-190.0
1891,Rehabilitation & upgradation of existing road to 2-lane with hard shoulder from Joshimath km 0.00 to Saraithota km 29.725 road on NH-107B under Bharatmala Pariyojna on EPC mode in the state of Uttarakhand,MoRTH,618218,-,-,Uttarakhand,2022-10-01,2023-05-01,2025-05-01,2027-03-01,338.38,338.38,0.0,78.2,April 2026,0,1,5.82712042354468,2022.0,10.0,31.0,0.0,0.0,-78.2,35.0,24.0,7.0,-11.0,1.0,145.83333333333331,-67.63333333333331
1892,Upgradation to 2-lane with Hard shoulder configuration of Suraithota Ch. 29.725 km to Malari Ch. 60.550 km road on NH- 107B under in the state of Uttarakhand.,MoRTH,618219,-,-,Uttarakhand,2022-10-01,2024-05-01,2026-05-01,2026-12-01,292.76,292.76,0.0,72.5,April 2026,0,1,5.682763107432126,2022.0,10.0,43.0,0.0,0.0,-72.5,23.0,24.0,19.0,1.0,0.0,95.83333333333334,-23.333333333333343
1893,"Construction, Operation & Maintenance of 2-L Bi-directional Silkyara Bend- Barkot Tunnel with escape passage including approaches Tunnel-4.531 & Approach road- 0.328 on Dharasu-Yamunotri section b/w Chainage 25.400km and 51.00km falling along NH-134 Old NH-94 on EPC mode",NHIDCL,618390,N24000855,10297,Uttarakhand,2018-03-01,2018-07-01,2022-07-01,2027-03-01,1383.78,1383.78,688.93,70.64,April 2026,0,1,7.23329656123893,2018.0,3.0,52.0,6.536590143169617,0.49786093165098494,-20.853906834901508,93.0,48.0,4.0,-45.0,1.0,193.75,-123.11
1894,"Construction for Mitigation Measures of 5 Nos. Landslides, 05 No. Sinking Zones and 01 No. Bridge from Ch. 450.00 to Ch. 468.00 18 Km. Length on NH-07 Package-III",NHIDCL,618391,N24002164,-,Uttarakhand,2023-12-01,2024-06-01,2025-12-01,2026-12-01,250.33,250.33,0.0,82.25,April 2026,0,1,5.526766816652428,2023.0,12.0,24.0,0.0,0.0,-82.25,22.0,18.0,6.0,-4.0,1.0,122.22222222222223,-39.97222222222223
1895,"Construction for Mitigation Measures of 5 Nos. Landslides, 5 Nos. Sinking Zones in between Ch. 433.00 to 450.00 BANERPANI VILLAGE on NH-07 on EPC mode in the state of Uttarakhand Package-2",NHIDCL,618392,N24002206,-,Uttarakhand,2023-12-01,2024-12-01,2026-06-01,2026-06-01,259.64,259.64,0.0,59.75,April 2026,0,0,5.563140144853735,2023.0,12.0,30.0,0.0,0.0,-59.75,16.0,18.0,12.0,2.0,0.0,88.88888888888889,-29.138888888888886
1896,"Construction for Mitigation Measures of 10 Nos. Landslides, 01 No. Sinking Zones and 1 No. of Minor Bridge in between at Ch. Km 368.00 to Km 433.00 on NH-07 on EPC Mode in Uttarakhand Package-1",NHIDCL,618393,N24002163,-,Uttarakhand,2023-12-01,2024-06-01,2025-12-01,,216.68,216.68,107.69,96.0,April 2026,0,-1,5.383026094474991,2023.0,12.0,24.0,4.688499793575096,0.49700018460402434,-46.29998153959757,22.0,18.0,6.0,-4.0,1.0,122.22222222222223,-26.22222222222223
1897,4L of Haridwar Nagina section Design Ch. LME from km 13.829 to km 17.110 & km 26.077 to km 27.508 and Design Ch. RME from km 13.839 to km 17.120 & km 26.078 to km 27.509 of EUP mitigation measures on NH74,National Highways Authority of India [NHAI],618875,-,-,Uttarakhand,2021-11-01,2022-08-01,2024-02-01,2026-06-01,183.92,142.11,102.18,70.42,April 2026,0,1,5.219923299120024,2021.0,11.0,27.0,4.636475035816504,0.5555676381035234,-14.863236189647665,44.0,18.0,9.0,-26.0,1.0,244.44444444444446,-174.02444444444444
1898,Construction of 4-lane connectivity to Banbasa ICP at India Nepal border from NH-09 old NH-125 Sitarganj-Tanakpur at Km 40.00 near Jagbuda bridge under Bharatmala Priyojana of NH-109D on EPC mode in the State of Uttarakhand,National Highways Authority of India [NHAI],619142,-,-,Uttarakhand,2022-06-01,2023-03-01,2024-09-01,2027-04-01,216.97,237.01,161.97,75.24,April 2026,1,1,5.384357438640421,2022.0,6.0,27.0,5.093566134787897,0.7465087339263493,-0.5891266073650598,37.0,18.0,9.0,-19.0,1.0,205.55555555555554,-130.31555555555553
1899,Upgradation and 4L of Haridwar Bypass from Km 0.000 Km 188.100 of NH-58 to Km. 15.100 Km 5.100 of NH 74 PKg-1,National Highways Authority of India [NHAI],619155,N24001526,11813,Uttarakhand,2021-11-01,2022-10-01,2024-10-01,2026-10-01,1602.89,1423.89,588.94,76.74,April 2026,0,1,7.380187207521227,2021.0,11.0,35.0,6.380020836813232,0.36742384068775774,-39.99761593122422,42.0,24.0,11.0,-18.0,1.0,175.0,-98.26
1900,4L Medinipur to Ballupur from Km. 458.65 to Km. 487.65 of NH-07Pkg-2,National Highways Authority of India [NHAI],619292,-,12093,Uttarakhand,2022-03-01,2023-02-01,2025-02-01,2026-07-01,1092.9,1072.5,715.36,93.9,April 2026,0,1,6.997504571125745,2022.0,3.0,35.0,6.574182833898539,0.6545521090676182,-28.444789093238185,38.0,24.0,11.0,-14.0,1.0,158.33333333333331,-64.43333333333331
1901,Construction of 4 Lane Access Controlled Bypass for Dehradun on NH307 from Design Chainage km 0050 Jhajra on NH-07 to Design Chainage km 12220 Asharori on EPC Mode in the State of Uttarakhand under NHO,National Highways Authority of India [NHAI],619293,-,-,Uttarakhand,2023-12-01,2025-04-01,2027-04-01,2027-04-01,715.97,337.11,140.53,47.84,April 2026,0,0,6.575033998720077,2023.0,12.0,40.0,4.952511708745748,0.1962791737083956,-28.212082629160445,12.0,24.0,16.0,12.0,0.0,50.0,-2.1599999999999966
1902,Road Safety Improvement of existing four lane section of Dehradun-Lal Tappar-Nepali Farm Section of NH-7 and Nepali Farm-Motichur NH-34 on EPC Mode in Uttarakhand under NHO.,National Highways Authority of India [NHAI],619294,-,-,Uttarakhand,2025-05-01,2026-02-01,2028-08-01,2028-08-01,720.67,388.19,1.6,1.0,April 2026,0,0,6.581567970695458,2025.0,5.0,39.0,0.9555114450274363,0.0022201562434956365,-0.7779843756504363,2.0,30.0,9.0,28.0,0.0,6.666666666666667,-5.666666666666667
1903,Four/Six laning of Bhaniyawala-Jollygrant-Rishikesh spur section of NH-07 from Km. 0.000 to Km 19.780,National Highways Authority of India [NHAI],619295,-,12094,Uttarakhand,2023-02-01,2025-12-01,2027-11-01,2027-11-01,742.43,664.92,0.45,0.0,April 2026,0,0,6.6112746121740065,2023.0,2.0,57.0,0.37156355643248307,0.0006061177484746037,0.060611774847460366,4.0,23.0,34.0,19.0,0.0,17.391304347826086,-17.391304347826086
1904,Construction of additional major Bridge with 4- lane configuration of length 1.48 km on NH-60 NH-14 over River Kangshabati from Km. 117.770 to Km 119.250 and additional major Bridge with 4- lane configuration of length 0.900 km on NH-60 NH- 14 over River Shilabati from Km. 173.220 to Km 174.120 in the district of Paschim Medinipur of West Bengal under Annual Plan for FY 2023-24 on EPC mode. Job No 014-W8-2023-24/527 .,MoRTH,617893,-,-,West Bengal,2023-11-01,2025-11-01,2028-05-01,2028-05-01,304.83,304.83,0.0,0.0,April 2026,0,0,5.723029392018658,2023.0,11.0,54.0,0.0,0.0,0.0,5.0,30.0,24.0,25.0,0.0,16.666666666666664,-16.666666666666664
1905,"Construction or 4 lane Raniganj Bypass of length 5.261 km on NH-60 new NH-14 from km 273.00 of NH to km 478.18 of NH-2 New NH 16 in paschim Bardhaman, West Bengal in EPC Mode- reg. Job No. 014-WB-2022-23/514",MoRTH,617894,-,-,West Bengal,2023-03-01,2024-03-01,2026-03-01,2026-12-01,410.83,410.83,157.03,65.11,April 2026,0,1,6.020610642838686,2023.0,3.0,36.0,5.062784888421012,0.3822262249592289,-26.887377504077108,25.0,24.0,12.0,-1.0,1.0,104.16666666666667,-39.05666666666667
1906,Construction of ROB and its approaches in lieu of LC No. 10/B/T at Km 307.050 of NH-60.,MoRTH,617931,-,-,West Bengal,2016-03-01,2023-08-01,2025-08-01,2027-03-01,155.87,138.57,0.0,15.7,April 2026,0,1,5.055417436868149,2016.0,3.0,113.0,0.0,0.0,-15.7,32.0,24.0,89.0,-8.0,1.0,133.33333333333331,-117.63333333333331
1907,Construction of new road at the missing link portion of NH-81 along approved alignment between Harishchandrapur and Eastern approach of Kalindri Bridge from Km 46.550 to Km 59.697 in the district of Malda. Job No-081-WB-2015-16/400,MoRTH,617960,N24000874,-,West Bengal,2016-08-01,2016-11-01,2018-11-01,2026-06-01,271.17,291.2,209.23,84.6,April 2026,1,1,5.60642687106484,2016.0,8.0,27.0,5.348202169477035,0.7715824021831322,-7.44175978168677,113.0,24.0,3.0,-89.0,1.0,470.8333333333333,-386.23333333333335
1908,Development to 4/6-lanning of NH-31 New NH-10 with both side service roads from km 569.258 to km 581.030 end of AH-02 project on NH- 31 near Shivmandir to Sevoke Army Cantonment in districts of Darjeeling and Jalpaiguri in the state of West Bengal on EPC Mode Job No. 010/WB/2021-22/490,MoRTH,618227,N24001850,10220,West Bengal,2022-03-01,2023-03-01,2025-09-01,2027-03-01,995.04,1059.2,456.48,71.03,April 2026,1,1,6.903787417420752,2022.0,3.0,42.0,6.125733167913016,0.45875542691751087,-25.154457308248915,37.0,30.0,12.0,-7.0,1.0,123.33333333333334,-52.30333333333334
1909,Construction & upgradation of existing road to 2-lane with paved shoulder including geometric improvement of Kafer- Lava More section from km 40.00 to km 61.100 of NH717-A on EPC under SARDP-NE A in state of West Bengal Pkg-VA,NHIDCL,618427,N24001261,-,West Bengal,2020-06-01,2020-10-01,2023-04-01,2026-05-01,311.02,273.78,6.11,95.6,April 2026,0,1,5.743067288319104,2020.0,6.0,34.0,1.9615022438151495,0.019645038904250532,-93.63549610957494,66.0,30.0,4.0,-36.0,1.0,220.00000000000003,-124.40000000000003
1910,Construction & upgradation of existing road to 2-lane with paved shoulder including geometric improvement of sect. from Pedong bypass to Reshi Border km 79.700 to km 96.254 of NH-717A under SARDP-NE-A on EPC as part of Alternate connectivity to Gangtok Lava More-Reshi Border Pkg-VB,NHIDCL,618429,N24001262,-,West Bengal,2020-06-01,2020-10-01,2022-04-01,2026-05-01,345.38,395.59,395.8,94.71,April 2026,1,1,5.847536438300897,2020.0,6.0,22.0,5.983432375410718,1.1459841334182639,19.888413341826393,66.0,18.0,4.0,-48.0,1.0,366.66666666666663,-271.95666666666665
1911,Construction of alternative highway to Gangtok in Sikkim via Bagrakot -Chuikhim- Nimbong -Kafer-Bakhim-Algarah-Rhenock in the State of West Bengal and from Rhenok-Rorathang-Pakyong along with spur from Aritar-Rolep-Menla in the State of Sikkim from Km 0.00 to Km 13.00 of Bagrakot -Kafer section of NH 717A on EPC Mode under Phase-A of SARDP-NE in the State of West Bengal PKG- IVA,NHIDCL,618430,N24001251,-,West Bengal,2018-03-01,2019-10-01,2022-04-01,2026-05-01,402.94,402.94,0.0,98.54,April 2026,0,1,6.0012663520802425,2018.0,3.0,49.0,0.0,0.0,-98.54,78.0,30.0,19.0,-48.0,1.0,260.0,-161.45999999999998
1912,Construction of alternative highway to Gangtok in Sikkim via Bagrakot -Chuikhim- Nimbong -Kafer-Bakhim-Algarah-Rhenock in the State of West Bengal and from Rhenok-Rorathang-Pakyong along with spur from Aritar-Rolep-Menla in the State of Sikkim from Km 13.00 to Km 25.60 of Bagrakot -Kafer section of NH 717A on EPC Mode under Phase-A of SARDP-NE in the State of West Bengal PKG- IVB,NHIDCL,618431,N24001252,-,West Bengal,2018-03-01,2020-10-01,2023-04-01,2026-05-01,295.97,295.97,0.39,96.91,April 2026,0,1,5.693631123599825,2018.0,3.0,61.0,0.3293037471426004,0.00131770111835659,-96.77822988816433,66.0,30.0,31.0,-36.0,1.0,220.00000000000003,-123.09000000000003
1913,Binnaguri Bypass-Descoped portion of Ghoshpukur-Dhupguri Section of NH-31Dpkg-1,National Highways Authority of India [NHAI],618572,-,-,West Bengal,2025-03-01,2025-11-01,2027-11-01,2027-11-01,309.99,306.02,0.4,1.07,April 2026,0,0,5.739760757321436,2025.0,3.0,32.0,0.33647223662121295,0.001290364205296945,-0.9409635794703055,5.0,24.0,8.0,19.0,0.0,20.833333333333336,-19.763333333333335
1914,Balance Works of 4L of NH-31D from Km. 113.200 to Km. 154.854 Package-II A Ghoshpukur-Salsalabari Section,National Highways Authority of India [NHAI],618574,-,10412,West Bengal,2023-11-01,2024-12-01,2027-06-01,2027-06-01,1818.46,962.31,426.06,55.2,April 2026,0,0,7.506295032749006,2023.0,11.0,43.0,6.056924518579768,0.23429715253566205,-31.7702847464338,16.0,30.0,13.0,14.0,0.0,53.333333333333336,1.8666666666666671
1915,6L Elevated Kona Expressway from Km. 0.145 to Km. 7.337 of NH-117,National Highways Authority of India [NHAI],618808,-,10575,West Bengal,2023-03-01,2024-06-01,2026-12-01,2027-12-01,1212.56,1203.11,302.61,37.35,April 2026,0,1,7.101313467702079,2023.0,3.0,45.0,5.715743983055445,0.24956290822722177,-12.393709177277824,22.0,30.0,15.0,8.0,0.0,73.33333333333333,-35.98333333333333
1916,4 laning of Barasat - Barajaguli Section of NH-12 from Km. 31.000 to Km. 48.679 in the district of North 24 - Parganas,National Highways Authority of India [NHAI],618823,-,-,West Bengal,2024-02-01,2024-08-01,2026-02-01,2027-03-01,352.01,346.39,84.95,35.78,April 2026,0,1,5.866496385143948,2024.0,2.0,24.0,4.453765731828859,0.24132837135308657,-11.647162864691342,20.0,18.0,6.0,-2.0,1.0,111.11111111111111,-75.33111111111111
1917,"Development to 4-laning of the de-scoped stretches from Km 115.342 to Km 191.700 of NH-34 in Nadia District 3.962 & Murshidabad District 5.538 pertaining to Krishnagar to Berhampore section of NH-34 New NH-12 , in the state of West Bengal under NHO.",National Highways Authority of India [NHAI],618824,-,-,West Bengal,2024-03-01,2024-07-01,2026-01-01,2027-01-01,201.1,197.74,56.95,48.82,April 2026,0,1,5.308762624409575,2024.0,3.0,22.0,4.059580569785761,0.28319244157135753,-20.500755842864248,21.0,18.0,4.0,-3.0,1.0,116.66666666666667,-67.84666666666666
1918,Bridge over Ganga River at d/s of Farraka Barrage including Approaches connecting Farakka-Raiganj,National Highways Authority of India [NHAI],618825,N24001750,10589,West Bengal,2018-08-01,2018-12-01,2021-12-01,2026-09-01,622.04,646.1,340.02,96.17,April 2026,1,1,6.434610722183835,2018.0,8.0,40.0,5.831941126590006,0.5466207960902836,-41.50792039097164,88.0,36.0,4.0,-52.0,1.0,244.44444444444446,-148.27444444444444
1919,4L of Purulia Bypass section from Km 84.030 to Km 94.345 of NH-32,National Highways Authority of India [NHAI],618910,N24001749,10657,West Bengal,2021-01-01,2022-02-01,2023-08-01,2026-05-01,557.55,562.57,468.78,94.12,April 2026,1,1,6.325344140016857,2021.0,1.0,31.0,6.15226450001169,0.8407855797686307,-10.041442023136938,50.0,18.0,13.0,-32.0,1.0,277.77777777777777,-183.65777777777777
1920,"Construction of Dubrajpur Bypass with 4-lane configuration of length 5.676 km on NH- 60 new NH-14 from design chainage 0.00 existing km 316.135 on NH-60 to design chainage 5.676 existing km 320.980 on NH-60 in the district of Birbhum, West Bengal under Annual Plan 2022-23 in EPC Mode- reg. Job. No. 014-WB-2022- 23/518 .",MoRTH,619004,-,10805,West Bengal,2023-03-01,2025-12-01,2027-12-01,2027-12-01,560.79,560.79,0.0,3.5,April 2026,0,0,6.331128114582922,2023.0,3.0,57.0,0.0,0.0,-3.5,4.0,24.0,33.0,20.0,0.0,16.666666666666664,-13.166666666666664
1921,"Slope protection and landslide mitigation at 4 vulnerable locations km 1.950 to Km 2.100, km 11.100 to 11.450, km 22.435 to km 22.485 and km 22.610 to km 22.680 within Sevoke-Rangpo section of NH-10 old NH-31A in Darjeeling & Kalimpong district in the State of West Bengal on EPC mode",NHIDCL,619187,-,-,West Bengal,2024-02-01,2025-06-01,2027-06-01,2027-06-01,152.27,152.27,0.0,27.3,April 2026,0,0,5.032201072010817,2024.0,2.0,40.0,0.0,0.0,-27.3,10.0,24.0,16.0,14.0,0.0,41.66666666666667,-14.36666666666667
1922,SETTING UP OF PHYSICAL INFRASTRUCTURE FOR THE NATIONAL INSTITUTE OF COMMUNICATION FINANCE [NICF] AT GHITORNI,National Communication Academy - Finance [Erstwhile NICF],709859,N28000115,-,Delhi,2014-10-01,2018-04-01,2020-02-01,2026-06-01,248.2,248.2,237.39,98.0,April 2026,0,1,5.518255786913298,2014.0,10.0,64.0,5.473907988002699,0.9564464141821112,-2.3553585817888774,96.0,22.0,42.0,-74.0,1.0,436.3636363636363,-338.3636363636363
1923,Provision of 4G based Mobile Services in Uncovered Villages and National Highways of Meghalaya,Department of Telecommunications,701598,-,3130,Meghalaya,2019-09-01,2020-09-01,2022-03-01,2026-06-01,971.96,971.96,232.79,99.84,April 2026,0,1,6.8803429713718,2019.0,9.0,30.0,5.454423276523579,0.23950574097699492,-75.88942590230052,67.0,18.0,12.0,-49.0,1.0,372.22222222222223,-272.38222222222225
1924,Mobile connectivity in Left Wing Extremism [LWE] affected areas-Phase 1 Upgradation,Department of Telecommunications [DoT],617413,-,9761,"Multi-States (Andhra Pradesh, Bihar, Chhattisgarh, Jharkhand, Madhya Pradesh, Maharashtra, Odisha, Telangana, Uttar Pradesh, West Bengal)",2022-04-01,2024-05-01,2025-05-01,2026-03-01,1884.6,1884.6,376.8,98.0,April 2026,0,1,7.542001351621921,2022.0,4.0,37.0,5.93436495506741,0.1999363260108246,-78.00636739891755,23.0,12.0,25.0,-11.0,1.0,191.66666666666669,-93.66666666666669
1925,Mobile connectivity in Left Wing Extremism [LWE] affected areas-Phase2,Department of Telecommunications [DoT],701599,-,3127,"Multi-States (Andhra Pradesh, Bihar, Chhattisgarh, Jharkhand, Madhya Pradesh, Maharashtra, Odisha, Telangana, Uttar Pradesh, West Bengal)",2018-05-01,2021-09-01,2023-03-01,2026-03-01,1577.57,1577.57,701.66,88.0,April 2026,0,1,7.3642746529128,2018.0,5.0,58.0,6.554873133282101,0.4447726566808446,-43.522734331915544,55.0,18.0,40.0,-37.0,1.0,305.55555555555554,-217.55555555555554
1926,"Provision of 4G based mobile services in 7,287 uncovered villages of 44 Aspirational District across 5 states of Andhra Pradesh, Chhattisgarh, Jharkhand, Maharashtra & Odisha",Department of Telecommunications [DoT],701602,-,3133,"Multi-States (Andhra Pradesh, Chhattisgarh, Jharkhand, Maharashtra, Odisha)",2021-11-01,2022-05-01,2023-11-01,2026-05-01,3685.0,3685.0,1457.51,83.0,April 2026,0,1,8.212297138229768,2021.0,11.0,24.0,7.285170645643545,0.3955251017639077,-43.44748982360923,47.0,18.0,6.0,-29.0,1.0,261.11111111111114,-178.11111111111114
1927,Provision of 4G Mobile Services in Uncovered Villages of Arunachal Pradesh and 2 Districts of Assam,Department of Telecommunications,701597,-,3129,"Multi-States (Arunachal Pradesh, Assam)",2020-12-01,2021-10-01,2023-04-01,2026-03-01,1255.49,1255.49,332.43,99.43,April 2026,0,1,7.136077398336776,2020.0,12.0,28.0,5.809432948272155,0.2647810814900955,-72.95189185099045,54.0,18.0,10.0,-36.0,1.0,300.0,-200.57
1928,"502 Aspirational District Scheme in Four states - Bihar, Madhya Pradesh, Rajastha and Uttar Pradesh",Department of Telecommunications [DoT],704495,-,3132,"Multi-States (Bihar, Madhya Pradesh, Rajasthan, Uttar Pradesh)",2019-12-01,2021-03-01,2022-03-01,2026-06-01,421.65,228.94,152.96,99.0,April 2026,0,1,6.046544413374937,2019.0,12.0,27.0,5.036692828415545,0.3627653266927547,-62.72346733072453,61.0,12.0,15.0,-49.0,1.0,508.3333333333333,-409.3333333333333
1929,Saturation 4G mobile coverage of Uncovered Villages through USOF,Department of Telecommunications [DoT],400013,-,4599,PAN India,2022-07-01,2022-07-01,2024-06-01,2026-03-01,26316.0,30620.0,9791.8,84.0,April 2026,1,1,10.177970397179921,2022.0,7.0,23.0,9.189402700761303,0.37208542331661343,-46.79145766833866,45.0,23.0,0.0,-22.0,1.0,195.65217391304347,-111.65217391304347
1930,4G Services by BSNL,Department of Telecommunications [DoT],701593,-,9929,PAN India,2020-11-01,2020-11-01,2024-03-01,2026-03-01,28466.0,19592.0,8471.19,98.23,April 2026,0,1,10.256500800641868,2020.0,11.0,40.0,9.044544313847517,0.2975897562003794,-68.47102437996206,65.0,40.0,0.0,-25.0,1.0,162.5,-64.27
1931,BharatNet,Department of Telecommunications [DoT],706775,-,3123,PAN India,2017-07-01,2011-10-01,2023-08-01,2027-03-01,61109.0,188000.0,46431.54,82.4,April 2026,1,1,11.020430797888961,2017.0,7.0,73.0,10.745755785526693,0.7598150845211017,-6.418491547889843,174.0,142.0,-69.0,-32.0,1.0,122.53521126760563,-40.13521126760563
1932,MPLS-IP BASED ACCESS AND AGGREGATION NETWORK [MAAN] IN BSNL ALONG WITH TEST AND MEASURING EQUIPMENT,BSNL,709856,N26000116,-,PAN India,2023-05-01,2023-05-01,2024-08-01,2026-06-01,645.13,645.13,377.59,92.1,April 2026,0,1,6.471000721926966,2023.0,5.0,15.0,5.936453825325493,0.5852928867050051,-33.57071132949948,35.0,15.0,0.0,-20.0,1.0,233.33333333333334,-141.23333333333335
1933,"Planning, Engineering, Supply, Installation, Testing, Commissioning, Integration & Annual Maintenance of 4G mobile network at 1 Lakh sites on PAN India basis including Mumbai & Delhi LSA on turnkey basis under Phase IX.2 Project.",BSNL,709857,N26000117,-,PAN India,2023-05-01,2023-06-01,2025-06-01,2026-09-01,24544.55,24544.5,8472.04,98.23,April 2026,0,1,10.10828585406347,2023.0,5.0,25.0,9.044644637065405,0.3451699053354004,-63.713009466459965,34.0,24.0,1.0,-10.0,1.0,141.66666666666669,-43.43666666666668
1934,Interception and Diversion and STP works in Bhagalpur under Hybrid annuity based PPP mode-Namami Gange Programme,National Mission for Clean Ganga,616600,N30000027,-,Bihar,2017-10-01,2022-03-01,2025-02-01,2026-12-01,413.29,413.29,126.67,97.0,April 2026,0,1,6.026566211693331,2017.0,10.0,88.0,4.84944880983226,0.3064918096252026,-66.35081903747974,49.0,35.0,53.0,-14.0,1.0,140.0,-43.0
1935,Sewage Treatment Plant 100MLD and Sewerage Network 288 km in Digha-Patna under Hybrid annuity based PPP mode-Namami Gange Programme,National Mission for Clean Ganga,616611,N30000051,3246,Bihar,2017-08-01,2019-07-01,2025-12-01,2026-09-01,824.0,824.0,396.71,57.0,April 2026,0,1,6.715383386334681,2017.0,8.0,100.0,5.985723096478868,0.4814441747572815,-8.855582524271846,81.0,77.0,23.0,-4.0,1.0,105.1948051948052,-48.1948051948052
1936,Sewage Treatment Plant 50MLD and Sewerage Network 150 km in Kankarbagh- Patna under Hybrid annuity based PPP mode-Namami Gange Programme,National Mission for Clean Ganga,616612,N30000050,3245,Bihar,2017-08-01,2019-07-01,2025-12-01,,578.89,578.89,171.79,54.0,April 2026,0,-1,6.362838430381235,2017.0,8.0,100.0,5.1520769843250305,0.2967575877973363,-24.32424122026637,81.0,77.0,23.0,-4.0,1.0,105.1948051948052,-51.1948051948052
1937,"Sewer Network, SPS and STP at Begusarai",National Mission for Clean Ganga,616615,N30000026,-,Bihar,2010-03-01,2018-03-01,2025-04-01,2025-12-01,230.06,230.06,261.82,97.0,April 2026,0,1,5.442677417054872,2010.0,3.0,181.0,5.571469387215492,1.1380509432322004,16.805094323220032,97.0,85.0,96.0,-12.0,1.0,114.11764705882352,-17.117647058823522
1938,"Sewer Networks, SPS and STP at Hajipur",National Mission for Clean Ganga,616616,N30000035,-,Bihar,2010-03-01,2018-03-01,2025-06-01,2025-12-01,305.19,305.19,346.46,95.0,April 2026,0,1,5.724205824297079,2010.0,3.0,183.0,5.850649550465754,1.1352272354926438,18.522723549264384,97.0,87.0,96.0,-10.0,1.0,111.49425287356323,-16.494252873563227
1939,Interception & Diversion with Rehabilitation of sewerage scheme at Agra under Hybrid annuity based PPP model-Namami Gange Programme,National Mission for Clean Ganga,616594,-,7013,Uttar Pradesh,2020-05-01,2023-04-01,2025-04-01,2026-12-01,842.25,842.25,208.64,80.0,April 2026,0,1,6.73726347394176,2020.0,5.0,59.0,5.345391773933965,0.24771742356782425,-55.228257643217574,36.0,24.0,35.0,-12.0,1.0,150.0,-70.0
1940,Pollution Abatement Works for River Kali Meerut under Meerut Municipality Interception & Diversion with STP,National Mission for Clean Ganga,616605,-,7015,Uttar Pradesh,2020-05-01,2024-11-01,2024-12-01,2027-05-01,690.71,690.71,34.79,51.0,April 2026,0,1,6.539166792636632,2020.0,5.0,55.0,3.5776685247779345,0.050368461438230226,-45.96315385617698,17.0,1.0,54.0,-16.0,1.0,1700.0,-1649.0
1941,Pollution Abatement works for River Ganga at Hooghly Chinsurah- Municipal Town Interception & Diversion with STP,National Mission for Clean Ganga,616604,N30000042,-,West Bengal,2018-05-01,2021-12-01,2025-03-01,2026-08-01,154.73,154.73,96.17,93.0,April 2026,0,1,5.048123738507248,2018.0,5.0,82.0,4.576462021851348,0.6215342855296323,-30.846571447036773,52.0,39.0,43.0,-13.0,1.0,133.33333333333331,-40.333333333333314
1942,Sardar Gouthu Latchanna Thotapalli Barrage Project,Water Resources-AP,400100,-,3351,Andhra Pradesh,2005-04-01,2006-01-01,2019-12-01,2026-06-01,353.05,1023.24,872.65,95.88,April 2026,1,1,5.869438146097783,2005.0,4.0,176.0,6.772679837785048,2.4717462115847613,151.29462115847613,243.0,167.0,9.0,-76.0,1.0,145.50898203592814,-49.628982035928146
1943,Gundlakamma project,Water Resources-AP,400101,-,3350,Andhra Pradesh,2005-04-01,2005-04-01,2019-12-01,2027-03-01,397.41,697.39,619.46,98.3,April 2026,1,1,5.98748162579704,2005.0,4.0,176.0,6.430461138424938,1.5587428600186206,57.57428600186206,252.0,176.0,0.0,-76.0,1.0,143.1818181818182,-44.88181818181819
1944,Polavaram Irrigation Project,Water Resources-AP,701415,N30000002,4076,Andhra Pradesh,2009-01-01,2009-11-01,2022-04-01,2026-03-01,10151.04,55548.9,26674.77,86.14,April 2026,1,1,9.225429949496785,2009.0,1.0,159.0,10.191510941732721,2.6277869065632684,176.63869065632684,197.0,149.0,10.0,-48.0,1.0,132.21476510067114,-46.074765100671144
1945,Borolia Irrigation Project,"Department of Water Resources, River Development & GR",701370,-,9763,Assam,1996-04-01,1996-12-01,2022-12-01,2026-03-01,256.16,256.16,44.7,55.44,April 2026,0,1,5.549698459273486,1996.0,4.0,320.0,3.822098297900159,0.1745003123048095,-37.98996876951905,352.0,312.0,8.0,-40.0,1.0,112.82051282051282,-57.38051282051282
1946,Kelo Irrigation Project,Water Resources-CT,400111,-,3315,Chhattisgarh,2008-04-01,2008-04-01,2019-12-01,2026-06-01,459.97,727.04,618.85,72.0,April 2026,1,1,6.13333296495721,2008.0,4.0,140.0,6.429477513284156,1.3454138313368262,62.541383133682615,216.0,140.0,0.0,-76.0,1.0,154.2857142857143,-82.2857142857143
1947,Kudali Irrigation Project,"Department of Water Resources, River Development & GR",701399,-,-,Chhattisgarh,2009-04-01,2009-12-01,2025-12-01,2026-03-01,382.29,382.29,249.06,86.31,April 2026,0,1,5.9487918828210296,2009.0,4.0,200.0,5.521700889066854,0.6514949383975516,-21.16050616024485,196.0,192.0,8.0,-4.0,1.0,102.08333333333333,-15.773333333333326
1948,Sardar Sarovar CADWM Project,"Narmada and Water Resources, Water Supply and Kalpsar Department-GJ",400097,-,3365,Gujarat,2017-04-01,2017-04-01,2019-12-01,2026-03-01,5021.76,6670.31,4956.98,90.3,April 2026,1,1,8.521734862397505,2017.0,4.0,32.0,8.50875367870237,0.9871001401898934,8.410014018989344,108.0,32.0,0.0,-76.0,1.0,337.5,-247.2
1949,Sardar Sarovar Project,"Narmada and Water Resources, Water Supply and Kalpsar Department-GJ",701372,-,3326,Gujarat,1996-04-01,1996-04-01,2019-12-01,2026-03-01,20718.17,33412.5,31860.86,93.7,April 2026,1,1,9.938814637656021,1996.0,4.0,284.0,10.369164962174283,1.5378221145979594,60.08221145979594,360.0,284.0,0.0,-76.0,1.0,126.7605633802817,-33.06056338028169
1950,"Subernarekha Multipurpose Project, Jharkhand",Department of Water Resources-JH,701376,-,3349,Jharkhand,2011-04-01,2012-01-01,2019-12-01,2026-03-01,3807.77,9579.58,5999.8,70.0,April 2026,1,1,8.245061581352754,2011.0,4.0,104.0,8.699648072655426,1.575672900411527,87.56729004115272,171.0,95.0,9.0,-76.0,1.0,180.0,-110.0
1951,Upper Tunga Irrigation Project,Water Resources-KA,701377,-,3341,Karnataka,2014-04-01,2014-04-01,2019-12-01,2026-03-01,770.16,1606.07,1515.6,99.32,April 2026,1,1,6.647895874731268,2014.0,4.0,68.0,7.324226266266835,1.9679027734496728,97.47027734496729,144.0,68.0,0.0,-76.0,1.0,211.76470588235296,-112.44470588235296
1952,Omkareshwar CADWM Project,Water resource-mp,400096,-,3367,Madhya Pradesh,2017-04-01,2017-04-01,2019-12-01,2027-06-01,648.09,648.09,208.06,49.78,April 2026,0,1,6.475571381974055,2017.0,4.0,32.0,5.342621292104561,0.3210356586276597,-17.676434137234033,108.0,32.0,0.0,-76.0,1.0,337.5,-287.72
1953,Bargi Diversion Project Phase - IV [km. 154 to km 197],Water Resources-MP,400115,-,3308,Madhya Pradesh,2008-04-01,2009-01-01,2019-12-01,2026-03-01,751.03,893.35,814.02,75.0,April 2026,1,1,6.622776216771132,2008.0,4.0,140.0,6.703212652817065,1.0838714831631227,33.38714831631226,207.0,131.0,9.0,-76.0,1.0,158.01526717557252,-83.01526717557252
1954,Bargi Diversion Project Phase - III [km. 104 to km 154],Water Resources-MP,400116,-,3307,Madhya Pradesh,2007-04-01,2007-04-01,2019-12-01,2026-12-01,1229.15,1399.7,2190.05,81.42,April 2026,1,1,7.11489139215053,2007.0,4.0,152.0,7.692136159964929,1.7817597526746125,96.75597526746124,228.0,152.0,0.0,-76.0,1.0,150.0,-68.58
1955,Gosikhurd CADWM Project,Department of water resources-MH - II,400095,-,3368,Maharashtra,2017-04-01,2017-04-01,2019-12-01,2026-06-01,743.73,743.73,459.06,53.93,April 2026,0,1,6.613021736583588,2017.0,4.0,32.0,6.131356915759873,0.6172401274656125,7.7940127465612505,108.0,32.0,0.0,-76.0,1.0,337.5,-283.57
1956,Urmodi Irrigation Project,Department of water resources-MH - II,400105,-,3335,Maharashtra,2017-04-01,2018-04-01,2022-06-01,2026-12-01,580.79,895.81,713.46,76.22,April 2026,1,1,6.366109557876259,2017.0,4.0,62.0,6.571527012597765,1.2284302415675203,46.62302415675204,96.0,50.0,12.0,-46.0,1.0,192.0,-115.78
1957,Sulwade-Jamphal-Kanoli Lift Irrigation Scheme,Department of water resources-MH - II,400107,-,3330,Maharashtra,2017-04-01,2019-02-01,2023-06-01,2027-06-01,2407.67,2407.67,2779.38,80.54,April 2026,0,1,7.786830006930021,2017.0,4.0,74.0,7.930342887990849,1.1543857754592615,34.898577545926145,86.0,52.0,22.0,-34.0,1.0,165.3846153846154,-84.84461538461538
1958,Purna Barrage-2 [Ner Dhamana] Medium Irrigation Project,Department of water resources-MH - II,400109,-,3323,Maharashtra,2017-04-01,2018-04-01,2020-06-01,2026-06-01,848.07,888.43,690.49,69.63,April 2026,1,1,6.744141632853645,2017.0,4.0,38.0,6.538848689684268,0.8141898664025375,11.788986640253754,96.0,26.0,12.0,-70.0,1.0,369.2307692307692,-299.60076923076923
1959,Jigaon Irrigation Project,Department of water resources-MH - II,400112,-,3314,Maharashtra,2017-04-01,2018-04-01,2028-06-01,,7222.95,7222.95,10516.63,92.0,April 2026,0,-1,8.885157173699668,2017.0,4.0,134.0,9.260808175740083,1.4560020490242906,53.600204902429056,96.0,122.0,12.0,26.0,0.0,78.68852459016394,13.311475409836063
1960,Bodwad Parisar Sinchan Yojna,Department of Water Resources-MH,617422,-,9764,Maharashtra,2002-05-01,2017-01-01,2027-07-01,,1923.81,1923.81,1949.56,49.5,April 2026,0,-1,7.562582540551889,2002.0,5.0,302.0,7.575871789816836,1.0133848976770055,51.83848976770055,111.0,126.0,176.0,15.0,0.0,88.09523809523809,-38.59523809523809
1961,Waghur Project,Department of water resources-MH - II,701383,-,3336,Maharashtra,1996-04-01,1996-04-01,2019-12-01,2026-03-01,1058.99,1758.51,1557.82,89.57,April 2026,1,1,6.966014753099349,1996.0,4.0,284.0,7.351684403764591,1.4710431637692518,57.534316376925176,360.0,284.0,0.0,-76.0,1.0,126.7605633802817,-37.1905633802817
1962,Gosikhurd Project,Department of water resources-MH - II,701386,-,3311,Maharashtra,2008-04-01,2008-04-01,2019-12-01,2028-06-01,7196.47,12770.1,14339.36,72.65,April 2026,1,1,8.881484854363716,2008.0,4.0,140.0,9.570833218441006,1.992554683059889,126.6054683059889,216.0,140.0,0.0,-76.0,1.0,154.2857142857143,-81.6357142857143
1963,Aruna Medium Irrigation Project,Department of water resources-MH - II,701391,-,3306,Maharashtra,2009-04-01,2010-01-01,2019-12-01,2025-12-01,210.45,1472.14,1734.71,98.1,April 2026,1,1,5.353988563918498,2009.0,4.0,128.0,7.4591718305745305,8.242860536944644,726.1860536944644,195.0,119.0,9.0,-76.0,1.0,163.8655462184874,-65.7655462184874
1964,Lower Pedhi Project,Department of water resources-MH - II,701396,-,3317,Maharashtra,2008-04-01,2008-04-01,2019-12-01,2026-06-01,255.97,1480.7,1516.11,65.0,April 2026,1,1,5.5489593465640565,2008.0,4.0,140.0,7.324562488255624,5.922998788920577,527.2998788920577,216.0,140.0,0.0,-76.0,1.0,154.2857142857143,-89.2857142857143
1965,Nardave Medium Irrigation Project,Department of water resources-MH - II,701398,-,3320,Maharashtra,2009-04-01,2009-04-01,2019-12-01,2026-06-01,211.46,781.85,626.06,72.59,April 2026,1,1,5.3587537353518675,2009.0,4.0,128.0,6.441042229834467,2.9606544973044544,223.47544973044543,204.0,128.0,0.0,-76.0,1.0,159.375,-86.785
1966,Thoubal Multipurpose Project,Water Resources Department-MN,701400,-,3352,Manipur,1997-04-01,1997-04-01,2019-12-01,2026-03-01,1449.44,1822.24,1837.91,98.9,April 2026,1,1,7.279622237659366,1997.0,4.0,272.0,7.516928283765629,1.268013853626228,27.90138536262279,348.0,272.0,0.0,-76.0,1.0,127.94117647058823,-29.041176470588226
1967,North Koel Reservoir Project,"Department of Water Resources, River Development & GR",701412,-,3397,"Multi-States (Bihar, Jharkhand)",2017-08-01,2021-01-01,2021-03-01,2026-03-01,1622.27,2430.76,172.97,38.0,April 2026,1,1,7.392197912273729,2017.0,8.0,43.0,5.158882870556459,0.10662220222281124,-27.337779777718875,63.0,2.0,41.0,-61.0,1.0,3150.0,-3112.0
1968,Ken-Betwa Linking Development Project,"Department of Water Resources, River Development, ",701530,-,10035,"Multi-States (Madhya Pradesh, Uttar Pradesh)",,2022-03-01,2029-03-01,,21030.0,21030.0,8530.86,0.0,April 2026,0,-1,9.953752818683679,,,,9.051562670642738,0.40565192582025683,40.56519258202568,49.0,84.0,,35.0,0.0,58.333333333333336,-58.333333333333336
1969,Integrated Anandpur Barrage Project,Water Resources-OR,603945,-,3346,Odisha,1997-04-01,1998-01-01,2019-12-01,2026-06-01,567.03,2990.05,2776.23,62.85,April 2026,1,1,6.342174234227796,1997.0,4.0,272.0,7.929209307067642,4.896090153960108,426.75901539601074,339.0,263.0,9.0,-76.0,1.0,128.89733840304183,-66.04733840304183
1970,"Subernarekha Project, Odisha","Department of Water Resources, River Development & GR",701402,-,3345,Odisha,1995-12-01,1998-01-01,2019-12-01,2026-03-01,3055.88,7023.19,8060.82,95.5,April 2026,1,1,8.025150066949614,1995.0,12.0,288.0,8.994894616461847,2.637806458368784,168.28064583687842,339.0,263.0,25.0,-76.0,1.0,128.89733840304183,-33.39733840304183
1971,Kanupur Irrigation Project,Irrigation and CAD-TG,701404,-,3347,Odisha,2003-04-01,2004-01-01,2019-12-01,2026-06-01,989.43,2301.28,2804.16,79.5,April 2026,1,1,6.898139192263174,2003.0,4.0,200.0,7.9392158573282385,2.8341166125951305,203.91166125951304,267.0,191.0,9.0,-76.0,1.0,139.79057591623035,-60.29057591623035
1972,Relining of Rajasthan feeder and Sirhind Feeder canal,Department of Water Resources-PB,701410,-,3324,Punjab,2016-02-01,2018-04-01,2021-06-01,2026-06-01,1441.26,2462.16,2222.34,90.0,April 2026,1,1,7.273966606723639,2016.0,2.0,64.0,7.706765848737814,1.5419424670080348,64.19424670080349,96.0,38.0,26.0,-58.0,1.0,252.6315789473684,-162.6315789473684
1973,Shahpur Kandi Dam Project,Department of Water Resources-PB,701411,-,3328,Punjab,2010-02-01,2018-04-01,2022-06-01,2026-06-01,2285.81,2715.7,2201.94,88.0,April 2026,1,1,7.734913112303117,2010.0,2.0,148.0,7.697548110843613,0.9633084114602701,8.330841146027012,96.0,50.0,98.0,-46.0,1.0,192.0,-104.0
1974,Sri Ram Sagar Project Stage - II,Irrigation and CAD-TG,400102,-,3344,Telangana,1996-04-01,2005-04-01,2019-12-01,2025-12-01,736.13,949.87,971.47,97.0,April 2026,1,1,6.602764267407719,1996.0,4.0,284.0,6.879839226687733,1.3196989662152065,34.96989662152066,252.0,176.0,108.0,-76.0,1.0,143.1818181818182,-46.18181818181819
1975,Indiramma Flood Flow Canal Project,Irrigation and CAD-TG,400103,-,3339,Telangana,1996-04-01,2006-01-01,2019-12-01,2026-12-01,1331.3,5940.09,4491.08,92.0,April 2026,1,1,7.1946620509661665,1996.0,4.0,284.0,8.41007112513875,3.373454518140164,245.34545181401637,243.0,167.0,117.0,-76.0,1.0,145.50898203592814,-53.50898203592814
1976,J. Chokka Rao Devadula Lift Irrigation Scheme,Irrigation and CAD-TG,701405,-,3340,Telangana,2006-04-01,2006-04-01,2019-12-01,2025-12-01,8200.71,14730.0,4784.54,87.7,April 2026,1,1,9.01209794809698,2006.0,4.0,164.0,8.473354150184248,0.5834299713073625,-29.357002869263752,240.0,164.0,0.0,-76.0,1.0,146.34146341463415,-58.641463414634146
1977,Rajiv Bhima Lift Irrigation Scheme,Irrigation and CAD-TG,701406,-,3343,Telangana,2007-04-01,2008-01-01,2019-12-01,2026-03-01,1402.0,2509.66,1839.76,100.0,April 2026,1,1,7.246368080102461,2007.0,4.0,152.0,7.517933808802317,1.3122396576319544,31.22396576319545,219.0,143.0,9.0,-76.0,1.0,153.14685314685315,-53.14685314685315
1978,Saryu Nahar CADWM Project,Irrigation & Water Resources-UP,400093,-,3370,Uttar Pradesh,2017-04-01,2017-04-01,2019-12-01,2026-03-01,1672.7,1672.7,22.24,1.76,April 2026,0,1,7.422792023519593,2017.0,4.0,32.0,3.1458749319837103,0.013295868954385125,-0.4304131045614874,108.0,32.0,0.0,-76.0,1.0,337.5,-335.74
1979,Morna [Gureghar] Irrigation Project,"Department of Water Resources, River Development & GR",701395,-,-,Uttar Pradesh,2007-04-01,2007-12-01,2025-12-01,,219.9,219.9,115.2,31.5,April 2026,0,-1,5.397710110426072,2007.0,4.0,224.0,4.755312844417811,0.5238744884038199,20.887448840381992,220.0,216.0,8.0,-4.0,1.0,101.85185185185186,-70.35185185185186
1980,Madhya Ganga canal Phase-II,Irrigation & Water Resources-UP,701408,-,3319,Uttar Pradesh,2008-04-01,2008-04-01,2019-12-01,2025-12-01,1060.67,4417.21,4575.74,82.39,April 2026,1,1,6.967598419050651,2008.0,4.0,140.0,8.428742233272162,4.314009069738938,349.0109069738938,216.0,140.0,0.0,-76.0,1.0,154.2857142857143,-71.8957142857143
1981,Jamrani Dam Multipurpose Project,Irrigation-UK,613787,-,6135,Uttarakhand,2023-10-01,2023-11-01,2029-06-01,,2584.1,2584.1,1267.4,25.08,April 2026,0,-1,7.8575194709138305,2023.0,10.0,68.0,7.145511542664193,0.4904608954761813,23.966089547618132,29.0,67.0,1.0,38.0,0.0,43.28358208955223,-18.203582089552235
