sl_no,project_code,project_name,state,agency,report_month,cost_overrun_label,time_overrun_label,cost_overrun_probability,time_overrun_probability,cost_probability_available,time_probability_available,combined_risk_score,score_status,missing_component,risk_category,scoring_formula_version
1,612786,"Construction of New Domestic Terminal Building Building and miscellaneous works including maintenance, operations and AICMC at Kadapa Airport",Andhra Pradesh,Airport Authority of India [AAI],April 2026,0,1,0.04028829499403432,0.9999060845301847,True,True,0.5200971897621095,complete,none,Medium,v1-equal-weight-2026-04-snapshot
2,701107,Construction of New Integrated Terminal Building and associated works including apron to park 3 code E type of aircraft or 6 code C type of aircraft at Vijayawada Airport.,Andhra Pradesh,Airport Authority of India [AAI],April 2026,0,1,0.28977114518317765,0.9999988245554899,True,True,0.6448849848693338,complete,none,Medium,v1-equal-weight-2026-04-snapshot
3,701121,Construction of New Domestic Terminal Building at Rajahmundry Airport.,Andhra Pradesh,Airport Authority of India [AAI],April 2026,0,1,0.06706779686380976,0.9995955598953317,True,True,0.5333316783795707,complete,none,Medium,v1-equal-weight-2026-04-snapshot
4,706724,Guwahati Airport New Integrated Terminal Building Construction Project,Assam,Adani Airport Holdings Limited,April 2026,1,1,0.7250525282071986,0.989448309871887,True,True,0.8572504190395428,complete,none,High,v1-equal-weight-2026-04-snapshot
5,612183,Development of New Civil Enclave at Bihta,Bihar,Airport Authority of India [AAI],April 2026,0,-1,0.1108604753584766,,True,False,0.1108604753584766,partial,time_overrun_probability,Low,v1-equal-weight-2026-04-snapshot
6,612194,Development of New Civil Enclave and associated works at Darbhanga Airport,Bihar,Airport Authority of India [AAI],April 2026,0,1,0.0968028195152158,0.9932875078614386,True,True,0.5450451636883272,complete,none,Medium,v1-equal-weight-2026-04-snapshot
7,701101,"Construction of New Domestic Terminal Building [Phase-I and II] and other allied structures at JPNI Airport, Patna",Bihar,Airport Authority of India [AAI],April 2026,0,0,0.3904703623290357,0.008791851644166626,True,True,0.19963110698660116,complete,none,Low,v1-equal-weight-2026-04-snapshot
8,701105,Goa Airport Terminal Building Extension Project,Goa,Airport Authority of India [AAI],April 2026,0,1,0.3165316654483786,0.9998847825122847,True,True,0.6582082239803316,complete,none,High,v1-equal-weight-2026-04-snapshot
9,619054,Development of Keshod Airport.,Gujarat,Airport Authority of India [AAI],April 2026,0,-1,0.055488784147836416,,True,False,0.055488784147836416,partial,time_overrun_probability,Low,v1-equal-weight-2026-04-snapshot
10,701126,"Development of Dholera International Greenfield Airport , Gujarat",Gujarat,Airport Authority of India [AAI],April 2026,1,0,0.5158335346271972,0.9173613114069774,True,True,0.7165974230170873,complete,none,High,v1-equal-weight-2026-04-snapshot
11,611047,"Construction of NTB complex including apron, taxi track and other associated civil works and electrical & mechanical installations towards Tawi River side at CA Jammu.",Jammu and Kashmir,Airport Authority of India [AAI],April 2026,0,1,0.10192548622189783,0.9999854511275473,True,True,0.5509554686747226,complete,none,Medium,v1-equal-weight-2026-04-snapshot
12,612787,Construction of New Domestic Terminal Building and Miscellaneous works at Hubli Airport,Karnataka,Airport Authority of India [AAI],April 2026,0,1,0.025646344257440067,0.9954463022759272,True,True,0.5105463232666837,complete,none,Medium,v1-equal-weight-2026-04-snapshot
13,612788,Construction of New Domestic Terminal Building and Miscellaneous Works at Belagavi Airport.,Karnataka,Airport Authority of India [AAI],April 2026,0,1,0.02836150073971319,0.9998523356074415,True,True,0.5141069181735773,complete,none,Medium,v1-equal-weight-2026-04-snapshot
14,612789,"Development of additional RESA on either end on Runway 10-28 at Calicut Airport. Construction of embankment with slope protection, drainage system and associated works for additional RESA on either end on Runway 10-28",Kerala,Airport Authority of India [AAI],April 2026,0,1,0.05937582732152036,0.9997572063014987,True,True,0.5295665168115096,complete,none,Medium,v1-equal-weight-2026-04-snapshot
15,400010,"Construction of Terminal Building & Associated works at Leh Airport, Ladakh",Ladakh,Airport Authority of India [AAI],April 2026,1,1,0.3150419689866478,0.999996159039581,True,True,0.6575190640131143,complete,none,High,v1-equal-weight-2026-04-snapshot
16,706718,C/o NITB Imphal Airport,Manipur,Airport Authority of India [AAI],April 2026,0,1,0.04362139676354085,0.999994795939779,True,True,0.5218080963516599,complete,none,Medium,v1-equal-weight-2026-04-snapshot
17,611570,"SITC of ATM Automation System and ASMGCS [Including SMR & MLAT] for Mumbai, Navi Mumbai, Jewar [earlier MOPA, without ASMGCS], HIAL & BIAL","Multi-States (Karnataka, Maharashtra, Telangana, Uttar Pradesh)",Airport Authority of India [AAI],April 2026,0,1,0.2629170409177048,0.9903203293259358,True,True,0.6266186851218203,complete,none,Medium,v1-equal-weight-2026-04-snapshot
18,618977,"Development of New Greenfield Airport at Bundi, Kota Rajasthan.",Rajasthan,Airport Authority of India [AAI],April 2026,0,1,0.047693229741912584,0.9652189961006532,True,True,0.5064561129212829,complete,none,Medium,v1-equal-weight-2026-04-snapshot
19,701127,Construction of New Passenger Terminal Building for Domestic Operations at Jodhpur Airport.,Rajasthan,Airport Authority of India [AAI],April 2026,0,1,0.08641448864587925,0.9881437972398195,True,True,0.5372791429428494,complete,none,Medium,v1-equal-weight-2026-04-snapshot
20,701128,Construction of New Integrated Passenger Terminal Building at Udaipur Airport,Rajasthan,Airport Authority of India [AAI],April 2026,0,1,0.11248173484618526,0.9999705222140091,True,True,0.5562261285300971,complete,none,Medium,v1-equal-weight-2026-04-snapshot
21,612793,"Widening of basic strip at Western Side of Runway Chainage 80m to 920m i/c slope stabilization Measures [Balance work] of uphill and Improvement of Storm Water Drainage System at Pakyong Airport, Sikkim on design & build basis [EPC] with integrated 10 years maintenance.",Sikkim,Airport Authority of India [AAI],April 2026,0,1,0.0974756247515349,0.987913571182336,True,True,0.5426945979669354,complete,none,Medium,v1-equal-weight-2026-04-snapshot
22,611602,"Modernization of Chennai Airport, Phase II, Part 2",Tamil Nadu,Airport Authority of India [AAI],April 2026,0,1,0.42953119189241257,0.971837762419496,True,True,0.7006844771559543,complete,none,High,v1-equal-weight-2026-04-snapshot
23,701113,"Development of Lal Bahadur Shastri International airport, Varanasi including C/o New Terminal Building, Apron Extension, Runway Extension, PTT and allied works.",Uttar Pradesh,Airport Authority of India [AAI],April 2026,0,0,0.12001799537128152,0.002435789659235879,True,True,0.0612268925152587,complete,none,Low,v1-equal-weight-2026-04-snapshot
24,701122,Development of New Integrated Civil Enclave at Agra Airport,Uttar Pradesh,Airport Authority of India [AAI],April 2026,0,1,0.051899314710208644,0.9987470447955379,True,True,0.5253231797528732,complete,none,Medium,v1-equal-weight-2026-04-snapshot
25,611495,Development of New Civil Enclave at Bagdogra Airport,West Bengal,Airport Authority of India [AAI],April 2026,0,0,0.07562561300316227,0.0057581182856654015,True,True,0.040691865644413835,complete,none,Low,v1-equal-weight-2026-04-snapshot
26,612791,"Re-Construction of Rigid portions of Secondary Runway, K and A Taxiway and Strengthening of C Taxiway at NSCBI Airport Kolkata.",West Bengal,Airport Authority of India [AAI],April 2026,0,1,0.03890029216546893,0.9993845393646023,True,True,0.5191424157650356,complete,none,Medium,v1-equal-weight-2026-04-snapshot
27,615820,TIKAK EXTENSION OCP,Assam,MIS MoCoal Integration Logins,April 2026,0,-1,0.1479622039253706,,True,False,0.1479622039253706,partial,time_overrun_probability,Low,v1-equal-weight-2026-04-snapshot
28,615821,TIRAP OCP,Assam,MIS MoCoal Integration Logins,April 2026,0,-1,0.14520377511016969,,True,False,0.14520377511016969,partial,time_overrun_probability,Low,v1-equal-weight-2026-04-snapshot
29,400144,PORDA CHIMTAPANI OCP [10 MTY],Chhattisgarh,South Eastern Coalfields Limited [SECL],April 2026,0,-1,0.2838660420303384,,True,False,0.2838660420303384,partial,time_overrun_probability,Low,v1-equal-weight-2026-04-snapshot
30,400149,BAROUD OC EXPANSION [3.0-10.0M,Chhattisgarh,South Eastern Coalfields Limited [SECL],April 2026,0,-1,0.3826090145821649,,True,False,0.3826090145821649,partial,time_overrun_probability,Medium,v1-equal-weight-2026-04-snapshot
31,400354,DIPKA EXPANSION OCP [40 MTY],Chhattisgarh,South Eastern Coalfields Limited [SECL],April 2026,0,-1,0.18082943178014255,,True,False,0.18082943178014255,partial,time_overrun_probability,Low,v1-equal-weight-2026-04-snapshot
32,400424,GEVRA OC [70 MTY],Chhattisgarh,South Eastern Coalfields Limited [SECL],April 2026,0,1,0.46854959823781894,0.999203580361659,True,True,0.733876589299739,complete,none,High,v1-equal-weight-2026-04-snapshot
33,613798,AMERA OC RCE [1.0 MTY],Chhattisgarh,South Eastern Coalfields Limited [SECL],April 2026,0,-1,0.2262633372015296,,True,False,0.2262633372015296,partial,time_overrun_probability,Low,v1-equal-weight-2026-04-snapshot
34,613799,AMGAON OC RCE [1.0 MTY],Chhattisgarh,South Eastern Coalfields Limited [SECL],April 2026,0,-1,0.2287312604732475,,True,False,0.2287312604732475,partial,time_overrun_probability,Low,v1-equal-weight-2026-04-snapshot
35,613800,JAGANNATHPUR OC RCE PROJECT,Chhattisgarh,South Eastern Coalfields Limited [SECL],April 2026,0,1,0.15147100012314232,0.9925165058090234,True,True,0.5719937529660829,complete,none,Medium,v1-equal-weight-2026-04-snapshot
36,613801,MAHAMAYA OCP [1.50 MTY],Chhattisgarh,South Eastern Coalfields Limited [SECL],April 2026,0,1,0.1375836551089908,0.990291839962085,True,True,0.5639377475355379,complete,none,Medium,v1-equal-weight-2026-04-snapshot
37,615191,KATKONA RO UG MINE,Chhattisgarh,South Eastern Coalfields Limited [SECL],April 2026,0,-1,0.045794266973953585,,True,False,0.045794266973953585,partial,time_overrun_probability,Low,v1-equal-weight-2026-04-snapshot
38,616234,PELMA OC MDO,Chhattisgarh,South Eastern Coalfields Limited [SECL],April 2026,0,-1,0.30637454334670683,,True,False,0.30637454334670683,partial,time_overrun_probability,Low,v1-equal-weight-2026-04-snapshot
39,617287,KUSMUNDA OC EXPANSION PROJECT,Chhattisgarh,SECL - CIL,April 2026,0,-1,0.13412123357382927,,True,False,0.13412123357382927,partial,time_overrun_probability,Low,v1-equal-weight-2026-04-snapshot
40,617288,MANIKPUR OC EXPANSION PROJECT,Chhattisgarh,South Eastern Coalfields Limited [SECL],April 2026,0,-1,0.024661541721846217,,True,False,0.024661541721846217,partial,time_overrun_probability,Low,v1-equal-weight-2026-04-snapshot
41,619171,RPR FOR DURGAPUR OCP 10 MTY,Chhattisgarh,SECL - CIL,April 2026,0,-1,0.19103138089423016,,True,False,0.19103138089423016,partial,time_overrun_probability,Low,v1-equal-weight-2026-04-snapshot
42,619172,MADANNAGAR OCP 12 MTY - MDO,Chhattisgarh,SECL - CIL,April 2026,0,-1,0.10448004355548868,,True,False,0.10448004355548868,partial,time_overrun_probability,Low,v1-equal-weight-2026-04-snapshot
43,400018,HURA C OCP,Jharkhand,ECL - CIL,April 2026,0,-1,0.16603817516361882,,True,False,0.16603817516361882,partial,time_overrun_probability,Low,v1-equal-weight-2026-04-snapshot
44,400073,KONAR EXPANSION OCP,Jharkhand,Ministry of Coal,April 2026,0,-1,0.16178164745717388,,True,False,0.16178164745717388,partial,time_overrun_probability,Low,v1-equal-weight-2026-04-snapshot
45,400074,KARO EXPANSION OCP,Jharkhand,Ministry of Coal,April 2026,0,-1,0.1671223677957311,,True,False,0.1671223677957311,partial,time_overrun_probability,Low,v1-equal-weight-2026-04-snapshot
46,400136,SANGHMITRA OC,Jharkhand,Ministry of Coal,April 2026,0,-1,0.11761362017131924,,True,False,0.11761362017131924,partial,time_overrun_probability,Low,v1-equal-weight-2026-04-snapshot
47,400138,CHANDRAGUPT OCP,Jharkhand,Ministry of Coal,April 2026,0,-1,0.1165180582382138,,True,False,0.1165180582382138,partial,time_overrun_probability,Low,v1-equal-weight-2026-04-snapshot
48,400139,KOTRE BASANTPUR PACHMO OCP,Jharkhand,Ministry of Coal,April 2026,0,-1,0.10983313803740988,,True,False,0.10983313803740988,partial,time_overrun_probability,Low,v1-equal-weight-2026-04-snapshot
49,400142,Pachwara South Coal Block,Jharkhand,NLC India Limited [NLCIL],April 2026,0,-1,0.535128589091685,,True,False,0.535128589091685,partial,time_overrun_probability,Medium,v1-equal-weight-2026-04-snapshot
50,400150,RPR MAGADH EXP OCP,Jharkhand,Ministry of Coal,April 2026,0,-1,0.1803658215700197,,True,False,0.1803658215700197,partial,time_overrun_probability,Low,v1-equal-weight-2026-04-snapshot
51,400151,NORTH URIMARI EXPANSION OCP,Jharkhand,Ministry of Coal,April 2026,0,-1,0.0940587308483787,,True,False,0.0940587308483787,partial,time_overrun_probability,Low,v1-equal-weight-2026-04-snapshot
52,400153,EPR ROHINI - KARKETTA OCP,Jharkhand,Ministry of Coal,April 2026,0,-1,0.2479791672637188,,True,False,0.2479791672637188,partial,time_overrun_probability,Low,v1-equal-weight-2026-04-snapshot
53,400154,EPR PUNDI OCP,Jharkhand,Ministry of Coal,April 2026,0,-1,0.09801537534081105,,True,False,0.09801537534081105,partial,time_overrun_probability,Low,v1-equal-weight-2026-04-snapshot
54,400155,EPR ASHOK OC,Jharkhand,Ministry of Coal,April 2026,0,-1,0.19512543060558207,,True,False,0.19512543060558207,partial,time_overrun_probability,Low,v1-equal-weight-2026-04-snapshot
55,400156,EPR AMRAPALI OCP,Jharkhand,Ministry of Coal,April 2026,0,-1,0.1967239932071854,,True,False,0.1967239932071854,partial,time_overrun_probability,Low,v1-equal-weight-2026-04-snapshot
56,400160,RAJRAPPA RCE OCP,Jharkhand,Ministry of Coal,April 2026,0,1,0.20324332331938524,0.9999566907240154,True,True,0.6016000070217004,complete,none,Medium,v1-equal-weight-2026-04-snapshot
57,400172,CHITRA EAST OC,Jharkhand,Eastern Coal Fields Limited [ECL],April 2026,0,1,0.18711923947624473,0.9895725400070615,True,True,0.5883458897416531,complete,none,Medium,v1-equal-weight-2026-04-snapshot
58,400352,JHARKHAND-LAIYO OCP,Jharkhand,Ministry of Coal,April 2026,0,-1,0.0882145752813694,,True,False,0.0882145752813694,partial,time_overrun_probability,Low,v1-equal-weight-2026-04-snapshot
59,400425,MOONIDIH XV SEAM UG,Jharkhand,Bharat Coking Coal Limited (BCCL),April 2026,0,1,0.49967095703244263,0.9999103993790309,True,True,0.7497906782057367,complete,none,High,v1-equal-weight-2026-04-snapshot
60,611017,2.5 MTPA PATHERDIH NLW WASHERY,Jharkhand,Ministry of Coal,April 2026,0,1,0.19478802931898279,0.9998791598822234,True,True,0.5973335946006031,complete,none,Medium,v1-equal-weight-2026-04-snapshot
61,611864,AMALAGAMATED NTST KUJAMA OCP 8.5MTY,Jharkhand,Bharat Coking Coal Limited (BCCL),April 2026,0,-1,0.23194730460915525,,True,False,0.23194730460915525,partial,time_overrun_probability,Low,v1-equal-weight-2026-04-snapshot
62,613808,MURAIDIH UG PROJECT,Jharkhand,Bharat Coking Coal Limited (BCCL),April 2026,0,1,0.29824585551374694,0.9999978940517041,True,True,0.6491218747827255,complete,none,Medium,v1-equal-weight-2026-04-snapshot
63,615349,TAPIN SOUTH EXPN,Jharkhand,Ministry of Coal,April 2026,0,-1,0.13515490301531624,,True,False,0.13515490301531624,partial,time_overrun_probability,Low,v1-equal-weight-2026-04-snapshot
64,615822,SIRKA OC,Jharkhand,Ministry of Coal,April 2026,0,-1,0.13727223735851374,,True,False,0.13727223735851374,partial,time_overrun_probability,Low,v1-equal-weight-2026-04-snapshot
65,615843,TETARIAKHAR OC,Jharkhand,Ministry of Coal,April 2026,0,1,0.17569269408721105,0.9997874945300329,True,True,0.587740094308622,complete,none,Medium,v1-equal-weight-2026-04-snapshot
66,616225,CHUPERBHITA SIMLONG OCP MDO 6,Jharkhand,Eastern Coal Fields Limited [ECL],April 2026,0,-1,0.10590123156106751,,True,False,0.10590123156106751,partial,time_overrun_probability,Low,v1-equal-weight-2026-04-snapshot
67,616236,JARANGDIH EXPN. OCP 1.5 MTY,Jharkhand,CCL - CIL,April 2026,0,-1,0.15381729169290698,,True,False,0.15381729169290698,partial,time_overrun_probability,Low,v1-equal-weight-2026-04-snapshot
68,616253,BLOCK E OCP,Jharkhand,Ministry of Coal,April 2026,0,-1,0.07553959303614106,,True,False,0.07553959303614106,partial,time_overrun_probability,Low,v1-equal-weight-2026-04-snapshot
69,617416,"Revised Jharia Master Plan for Dealing with Fire, Subsidence & Rehabilitation of affected families in Jharia Coalfield- Reg.",Jharkhand,Bharat Coking Coal Limited (BCCL),April 2026,0,-1,0.07749922651887474,,True,False,0.07749922651887474,partial,time_overrun_probability,Low,v1-equal-weight-2026-04-snapshot
70,617764,North Dhadu Western Part OCP,Jharkhand,NLC India Limited [NLCIL],April 2026,0,-1,0.09581288573423037,,True,False,0.09581288573423037,partial,time_overrun_probability,Low,v1-equal-weight-2026-04-snapshot
71,400148,AMADAND OCP[4.0MTY],Madhya Pradesh,Ministry of Coal,April 2026,0,1,0.31719949981366197,0.9999569075379331,True,True,0.6585782036757976,complete,none,High,v1-equal-weight-2026-04-snapshot
72,400162,BLOCK B EXPANSION [3.5 TO 8.0,Madhya Pradesh,Northern Coalfields Limited [NCL],April 2026,0,1,0.31334364553380445,0.9999961304600502,True,True,0.6566698879969273,complete,none,High,v1-equal-weight-2026-04-snapshot
73,400321,NIGAHI EXPANSION [15 TO 25 MTP,Madhya Pradesh,Northern Coalfields Limited [NCL],April 2026,0,1,0.2997156283666355,0.9975979543750286,True,True,0.6486567913708321,complete,none,Medium,v1-equal-weight-2026-04-snapshot
74,613802,KANCHAN OC EXP,Madhya Pradesh,South Eastern Coalfields Limited [SECL],April 2026,0,1,0.35280570467797345,0.9857322964737638,True,True,0.6692690005758686,complete,none,High,v1-equal-weight-2026-04-snapshot
75,613803,JHIRIA WEST OCP [1.5 MTY],Madhya Pradesh,South Eastern Coalfields Limited [SECL],April 2026,0,-1,0.0316086308014142,,True,False,0.0316086308014142,partial,time_overrun_probability,Low,v1-equal-weight-2026-04-snapshot
76,613804,RPR TAWA-III UG 0.84 MTY,Madhya Pradesh,Western Coalfields Limited [WCL],April 2026,0,-1,0.041312198812274305,,True,False,0.041312198812274305,partial,time_overrun_probability,Low,v1-equal-weight-2026-04-snapshot
77,615185,AMALGAMATED DHANKASA & JAMUNIA,Madhya Pradesh,Western Coalfields Limited [WCL],April 2026,0,-1,0.03607971766680215,,True,False,0.03607971766680215,partial,time_overrun_probability,Low,v1-equal-weight-2026-04-snapshot
78,615187,RPR OF VISHNUPURI UG TO OC,Madhya Pradesh,Western Coalfields Limited [WCL],April 2026,0,-1,0.07749245645203046,,True,False,0.07749245645203046,partial,time_overrun_probability,Low,v1-equal-weight-2026-04-snapshot
79,615194,URDHAN EXPANSION OC COST PLUS,Madhya Pradesh,Western Coalfields Limited [WCL],April 2026,0,-1,0.07801058248445351,,True,False,0.07801058248445351,partial,time_overrun_probability,Low,v1-equal-weight-2026-04-snapshot
80,615195,SHARDA UG MINE,Madhya Pradesh,Western Coalfields Limited [WCL],April 2026,0,-1,0.06998844509722218,,True,False,0.06998844509722218,partial,time_overrun_probability,Low,v1-equal-weight-2026-04-snapshot
81,615206,GANDHIGRAM UG MINE,Madhya Pradesh,Western Coalfields Limited [WCL],April 2026,0,-1,0.07581781356459326,,True,False,0.07581781356459326,partial,time_overrun_probability,Low,v1-equal-weight-2026-04-snapshot
82,619032,JAYANT EXPN. [20 TO 38 MTPA],Madhya Pradesh,Northern Coalfields Limited [NCL],April 2026,1,-1,0.5598300799269491,,True,False,0.5598300799269491,partial,time_overrun_probability,Medium,v1-equal-weight-2026-04-snapshot
83,619053,RPR FOR RAMPUR BATURA OCP,Madhya Pradesh,SECL - CIL,April 2026,0,-1,0.10224175913565813,,True,False,0.10224175913565813,partial,time_overrun_probability,Low,v1-equal-weight-2026-04-snapshot
84,400033,BHATADI EXPANSION OC,Maharashtra,Western Coalfields Limited [WCL],April 2026,0,-1,0.1630622899609156,,True,False,0.1630622899609156,partial,time_overrun_probability,Low,v1-equal-weight-2026-04-snapshot
85,400177,AMALGAMATED YEKONA I & YEKONA,Maharashtra,Western Coalfields Limited [WCL],April 2026,0,1,0.3124855503273288,0.9722782045096056,True,True,0.6423818774184672,complete,none,Medium,v1-equal-weight-2026-04-snapshot
86,400178,DINESH[MAKARDHOKRA-III] OC,Maharashtra,Western Coalfields Limited [WCL],April 2026,0,-1,0.1801578969165911,,True,False,0.1801578969165911,partial,time_overrun_probability,Low,v1-equal-weight-2026-04-snapshot
87,400353,DHUPTALA OC [SASTI UG TO OC ],Maharashtra,Western Coalfields Limited [WCL],April 2026,0,-1,0.19565831120715518,,True,False,0.19565831120715518,partial,time_overrun_probability,Low,v1-equal-weight-2026-04-snapshot
88,615184,SAONER UG MINE -1 EXPANSION 1.,Maharashtra,Western Coalfields Limited [WCL],April 2026,0,-1,0.10473822410384029,,True,False,0.10473822410384029,partial,time_overrun_probability,Low,v1-equal-weight-2026-04-snapshot
89,615186,SASTI EXPANSION OPENCAST,Maharashtra,Western Coalfields Limited [WCL],April 2026,0,-1,0.059734412441658946,,True,False,0.059734412441658946,partial,time_overrun_probability,Low,v1-equal-weight-2026-04-snapshot
90,615188,NEW MAJRI UG TO OC 3 MTY COST,Maharashtra,Western Coalfields Limited [WCL],April 2026,0,-1,0.11705633712721998,,True,False,0.11705633712721998,partial,time_overrun_probability,Low,v1-equal-weight-2026-04-snapshot
91,615189,MAKARDHOKRA EXPN OC 4.9 MTY,Maharashtra,Western Coalfields Limited [WCL],April 2026,0,-1,0.05501157916150718,,True,False,0.05501157916150718,partial,time_overrun_probability,Low,v1-equal-weight-2026-04-snapshot
92,615190,SINGHORI DEEP OC MIN 2.0 MTY,Maharashtra,Western Coalfields Limited [WCL],April 2026,0,-1,0.1106213475749806,,True,False,0.1106213475749806,partial,time_overrun_probability,Low,v1-equal-weight-2026-04-snapshot
93,615192,GOKUL EXTENSION OC MINE,Maharashtra,Western Coalfields Limited [WCL],April 2026,0,-1,0.11819012575600707,,True,False,0.11819012575600707,partial,time_overrun_probability,Low,v1-equal-weight-2026-04-snapshot
94,615199,KOLGAON EXPANSION DEEP OC MINE,Maharashtra,Western Coalfields Limited [WCL],April 2026,0,-1,0.02929580438715753,,True,False,0.02929580438715753,partial,time_overrun_probability,Low,v1-equal-weight-2026-04-snapshot
95,615330,BALLARPUR NORTH WEST OC MINE,Maharashtra,Western Coalfields Limited [WCL],April 2026,0,-1,0.034975924991740376,,True,False,0.034975924991740376,partial,time_overrun_probability,Low,v1-equal-weight-2026-04-snapshot
96,615331,GADEGAON OC 3 MTY,Maharashtra,Western Coalfields Limited [WCL],April 2026,0,-1,0.034198617476487135,,True,False,0.034198617476487135,partial,time_overrun_probability,Low,v1-equal-weight-2026-04-snapshot
97,615914,GHONSA EXPANSION DEEP OC MINE,Maharashtra,Western Coalfields Limited [WCL],April 2026,0,-1,0.10613741560608139,,True,False,0.10613741560608139,partial,time_overrun_probability,Low,v1-equal-weight-2026-04-snapshot
98,615916,AMLG GAURI PAUNI EXPANSION OC,Maharashtra,Western Coalfields Limited [WCL],April 2026,0,-1,0.06361820271775324,,True,False,0.06361820271775324,partial,time_overrun_probability,Low,v1-equal-weight-2026-04-snapshot
99,615917,GAURIDEEP/GAURI CENTRAL OCP 7.,Maharashtra,Western Coalfields Limited [WCL],April 2026,0,-1,0.09059866390882462,,True,False,0.09059866390882462,partial,time_overrun_probability,Low,v1-equal-weight-2026-04-snapshot
100,615918,RPR OF BHANEGAON OC,Maharashtra,Western Coalfields Limited [WCL],April 2026,0,-1,0.276274912252487,,True,False,0.276274912252487,partial,time_overrun_probability,Low,v1-equal-weight-2026-04-snapshot
101,615919,N. EXTN. MUNGOLI NIRGUDA D OCP,Maharashtra,Western Coalfields Limited [WCL],April 2026,0,-1,0.0946136877734004,,True,False,0.0946136877734004,partial,time_overrun_probability,Low,v1-equal-weight-2026-04-snapshot
102,615982,NILJAI EXPANSION DEEP OCP,Maharashtra,Western Coalfields Limited [WCL],April 2026,0,1,0.12964438184471255,0.9999746919060402,True,True,0.5648095368753764,complete,none,Medium,v1-equal-weight-2026-04-snapshot
103,616044,UKNI DEEP OC MINE -COST PLUS,Maharashtra,Western Coalfields Limited [WCL],April 2026,0,1,0.16490767793540054,0.9996928611389555,True,True,0.5823002695371781,complete,none,Medium,v1-equal-weight-2026-04-snapshot
104,616050,AMALGAMATED INDER-KAMPTEE DEEP,Maharashtra,Western Coalfields Limited [WCL],April 2026,0,1,0.13544577201090405,0.9996458636397737,True,True,0.5675458178253389,complete,none,Medium,v1-equal-weight-2026-04-snapshot
105,616223,ADASA UG TO OC MINE,Maharashtra,Western Coalfields Limited [WCL],April 2026,0,1,0.09705198204033279,0.9998289379823793,True,True,0.548440460011356,complete,none,Medium,v1-equal-weight-2026-04-snapshot
106,616229,AMAL GONDEGAON GHATROHANA EXPN,Maharashtra,Western Coalfields Limited [WCL],April 2026,0,-1,0.08505245671621299,,True,False,0.08505245671621299,partial,time_overrun_probability,Low,v1-equal-weight-2026-04-snapshot
107,617233,WAGHODA UG MINE [1.02 MTY],Maharashtra,Western Coalfields Limited [WCL],April 2026,0,-1,0.020468216430230432,,True,False,0.020468216430230432,partial,time_overrun_probability,Low,v1-equal-weight-2026-04-snapshot
108,617278,KOLARPIMPRI EXPANSION OC [2.5,Maharashtra,Western Coalfields Limited [WCL],April 2026,0,-1,0.0654354560282089,,True,False,0.0654354560282089,partial,time_overrun_probability,Low,v1-equal-weight-2026-04-snapshot
109,619055,SAONER-III EXPN UG MINE 1.54,Maharashtra,Western Coalfields Limited [WCL],April 2026,0,-1,0.016065301492104063,,True,False,0.016065301492104063,partial,time_overrun_probability,Low,v1-equal-weight-2026-04-snapshot
110,400369,BINA KAKRI AMALGAMATION EXPANS,"Multi-States (Madhya Pradesh, Uttar Pradesh)",Northern Coalfields Limited [NCL],April 2026,0,1,0.24268771961115493,0.9999380346265347,True,True,0.6213128771188449,complete,none,Medium,v1-equal-weight-2026-04-snapshot
111,615183,KHADIA EXPANSION [10 TO 16 MTP,"Multi-States (Madhya Pradesh, Uttar Pradesh)",Northern Coalfields Limited [NCL],April 2026,0,1,0.1915738442616421,0.9999676793728881,True,True,0.5957707618172651,complete,none,Medium,v1-equal-weight-2026-04-snapshot
112,400165,SUBHADRA OCP,Odisha,Mahanadi Coalfields Limited [MCL],April 2026,0,-1,0.3629631266356545,,True,False,0.3629631266356545,partial,time_overrun_probability,Medium,v1-equal-weight-2026-04-snapshot
113,400166,SIARMAL OCP,Odisha,Mahanadi Coalfields Limited [MCL],April 2026,0,-1,0.23620405743205308,,True,False,0.23620405743205308,partial,time_overrun_probability,Low,v1-equal-weight-2026-04-snapshot
114,400183,BALARAM EXPANSION OCP,Odisha,Mahanadi Coalfields Limited [MCL],April 2026,0,-1,0.28260599392384816,,True,False,0.28260599392384816,partial,time_overrun_probability,Low,v1-equal-weight-2026-04-snapshot
115,400185,GOPALJI KANIHA OCP [10 TO 30 M,Odisha,MCL - CIL,April 2026,0,-1,0.2631137638625811,,True,False,0.2631137638625811,partial,time_overrun_probability,Low,v1-equal-weight-2026-04-snapshot
116,400187,INTEGRATED LAKHANPUR-BELPAHAR-,Odisha,Mahanadi Coalfields Limited [MCL],April 2026,0,-1,0.5681441569858029,,True,False,0.5681441569858029,partial,time_overrun_probability,Medium,v1-equal-weight-2026-04-snapshot
117,400392,BHARATPUR RE-ORGANIZATION OCP,Odisha,Mahanadi Coalfields Limited [MCL],April 2026,0,-1,0.6220955490526567,,True,False,0.6220955490526567,partial,time_overrun_probability,Medium,v1-equal-weight-2026-04-snapshot
118,615193,BASUNDHARA WEST EXTENSION OPEN,Odisha,MCL - CIL,April 2026,0,1,0.28311869407010004,0.9999985755931037,True,True,0.6415586348316018,complete,none,Medium,v1-equal-weight-2026-04-snapshot
119,615857,Naini Coal Mine,Odisha,Singareni Collieries Company Limited [SCCL],April 2026,0,-1,0.16512235709560227,,True,False,0.16512235709560227,partial,time_overrun_probability,Low,v1-equal-weight-2026-04-snapshot
120,616226,INTEGRATED KULDA GARJANBAHAL O,Odisha,Mahanadi Coalfields Limited [MCL],April 2026,0,-1,0.20923272265212348,,True,False,0.20923272265212348,partial,time_overrun_probability,Low,v1-equal-weight-2026-04-snapshot
121,616231,BHUBANESWARI EXPN OCP 50 MTY,Odisha,MCL - CIL,April 2026,0,-1,0.15094851515599925,,True,False,0.15094851515599925,partial,time_overrun_probability,Low,v1-equal-weight-2026-04-snapshot
122,616232,HINGULA II OC EXPN PH III 15 M,Odisha,MCL - CIL,April 2026,0,-1,0.21828416758230829,,True,False,0.21828416758230829,partial,time_overrun_probability,Low,v1-equal-weight-2026-04-snapshot
123,616233,BALABHADRA OCP,Odisha,MCL - CIL,April 2026,0,-1,0.199094994475268,,True,False,0.199094994475268,partial,time_overrun_probability,Low,v1-equal-weight-2026-04-snapshot
124,618982,Talabira II & III OCP - FMC,Odisha,NLC India Limited [NLCIL],April 2026,0,-1,0.05801524715204321,,True,False,0.05801524715204321,partial,time_overrun_probability,Low,v1-equal-weight-2026-04-snapshot
125,615818,Jawahar Khani Open Cast Mine,Telangana,Singareni Collieries Company Limited [SCCL],April 2026,0,1,0.08184091336959032,0.9999411556688369,True,True,0.5408910345192136,complete,none,Medium,v1-equal-weight-2026-04-snapshot
126,615858,Kalyanikhani Opencast Project,Telangana,Singareni Collieries Company Limited [SCCL],April 2026,0,-1,0.41438900575473975,,True,False,0.41438900575473975,partial,time_overrun_probability,Medium,v1-equal-weight-2026-04-snapshot
127,615860,Godavarikhani Coal Mine - 5,Telangana,Singareni Collieries Company Limited [SCCL],April 2026,0,1,0.46289805626669617,0.9999178983503471,True,True,0.7314079773085216,complete,none,High,v1-equal-weight-2026-04-snapshot
128,615861,Indaram Opencast Project,Telangana,Singareni Collieries Company Limited [SCCL],April 2026,0,1,0.1616292486177791,0.9998435402050874,True,True,0.5807363944114332,complete,none,Medium,v1-equal-weight-2026-04-snapshot
129,615862,Goleti Opencast Mine,Telangana,Singareni Collieries Company Limited [SCCL],April 2026,0,-1,0.1024144018779284,,True,False,0.1024144018779284,partial,time_overrun_probability,Low,v1-equal-weight-2026-04-snapshot
130,615863,Venkatesh Khani Coal Mine,Telangana,Singareni Collieries Company Limited [SCCL],April 2026,0,-1,0.09254869537616583,,True,False,0.09254869537616583,partial,time_overrun_probability,Low,v1-equal-weight-2026-04-snapshot
131,615865,Kakatiyakhani OC - 2 Project,Telangana,Singareni Collieries Company Limited [SCCL],April 2026,0,1,0.17716927104602984,0.9996008132391042,True,True,0.588385042142567,complete,none,Medium,v1-equal-weight-2026-04-snapshot
132,400173,MOHANPUR EXPANSION OC -PHASE I,West Bengal,Eastern Coal Fields Limited [ECL],April 2026,0,1,0.2139751327811935,0.9994750337158624,True,True,0.606725083248528,complete,none,Medium,v1-equal-weight-2026-04-snapshot
133,400180,BONJEMEHARI EXPANSION OCP,West Bengal,Eastern Coal Fields Limited [ECL],April 2026,0,1,0.13099718532750895,0.9998233916495048,True,True,0.5654102884885069,complete,none,Medium,v1-equal-weight-2026-04-snapshot
134,400181,NAKRAKONDA KUMARDIH- B OCP,West Bengal,Eastern Coal Fields Limited [ECL],April 2026,0,-1,0.2786470108205449,,True,False,0.2786470108205449,partial,time_overrun_probability,Low,v1-equal-weight-2026-04-snapshot
135,400182,SIDULI [OC & UG],West Bengal,ECL - CIL,April 2026,0,1,0.4036853596866659,0.9920919858626128,True,True,0.6978886727746394,complete,none,High,v1-equal-weight-2026-04-snapshot
136,400186,TILABONI UG,West Bengal,Eastern Coal Fields Limited [ECL],April 2026,0,-1,0.086441742626373,,True,False,0.086441742626373,partial,time_overrun_probability,Low,v1-equal-weight-2026-04-snapshot
137,400312,JHANJRA EXPANSION UG,West Bengal,Eastern Coal Fields Limited [ECL],April 2026,0,-1,0.2722429754504308,,True,False,0.2722429754504308,partial,time_overrun_probability,Low,v1-equal-weight-2026-04-snapshot
138,400315,SONEPUR BAZARI EXPANSION OCP [,West Bengal,Eastern Coal Fields Limited [ECL],April 2026,0,-1,0.15874277254664132,,True,False,0.15874277254664132,partial,time_overrun_probability,Low,v1-equal-weight-2026-04-snapshot
139,611016,2.0 MTPA BHOJUDIH NLW WASHERY,West Bengal,Ministry of Coal,April 2026,0,1,0.235269537477195,0.9999861574293518,True,True,0.6176278474532734,complete,none,Medium,v1-equal-weight-2026-04-snapshot
140,612816,ITAPARA OCP,West Bengal,Eastern Coal Fields Limited [ECL],April 2026,0,-1,0.08461225181598722,,True,False,0.08461225181598722,partial,time_overrun_probability,Low,v1-equal-weight-2026-04-snapshot
141,613793,SHYAMSUNDARPUR UG INCLUDING SA,West Bengal,Eastern Coal Fields Limited [ECL],April 2026,0,1,0.15417497340561842,0.9973585863532418,True,True,0.5757667798794301,complete,none,Medium,v1-equal-weight-2026-04-snapshot
142,613794,PARASEA-BELBAID UG PROJECT,West Bengal,Eastern Coal Fields Limited [ECL],April 2026,0,-1,0.031562271927734004,,True,False,0.031562271927734004,partial,time_overrun_probability,Low,v1-equal-weight-2026-04-snapshot
143,616230,PARASCOLE JAMBAD OCP,West Bengal,Eastern Coal Fields Limited [ECL],April 2026,0,-1,0.06775579915991463,,True,False,0.06775579915991463,partial,time_overrun_probability,Low,v1-equal-weight-2026-04-snapshot
144,617299,50 MW Wind Power Project,Gujarat,NLC India Limited [NLCIL],April 2026,0,1,0.14994444810061927,0.9999982611784705,True,True,0.5749713546395449,complete,none,Medium,v1-equal-weight-2026-04-snapshot
145,617730,600 MW Khavda Solar Power Project,Gujarat,NLC India Limited [NLCIL],April 2026,0,-1,0.12447203419385179,,True,False,0.12447203419385179,partial,time_overrun_probability,Low,v1-equal-weight-2026-04-snapshot
146,618991,200 MW SPP part of 510 MW CPSU scheme,Gujarat,NLC India Limited [NLCIL],April 2026,0,-1,0.29769487940455663,,True,False,0.29769487940455663,partial,time_overrun_probability,Low,v1-equal-weight-2026-04-snapshot
147,618992,100 MW SPP part of SECI 150 MW Hybrid,Gujarat,NLC India Limited [NLCIL],April 2026,0,-1,0.14328059659023182,,True,False,0.14328059659023182,partial,time_overrun_probability,Low,v1-equal-weight-2026-04-snapshot
148,400231,NLC Talabira Thermal Power Project,Odisha,NLC India Limited [NLCIL],April 2026,1,-1,0.7222399934799216,,True,False,0.7222399934799216,partial,time_overrun_probability,High,v1-equal-weight-2026-04-snapshot
149,612819,300 MW SPP part of 510 MW CPSU scheme,Rajasthan,NLC India Limited [NLCIL],April 2026,0,1,0.21172421406373204,0.9999952993591663,True,True,0.6058597567114492,complete,none,Medium,v1-equal-weight-2026-04-snapshot
150,618981,810 MW Solar Power Project - Rajasthan,Rajasthan,NLC India Limited [NLCIL],April 2026,0,-1,0.0872691991479209,,True,False,0.0872691991479209,partial,time_overrun_probability,Low,v1-equal-weight-2026-04-snapshot
151,615327,50 MW Solar PP Minedout Area,Tamil Nadu,NLC India Limited [NLCIL],April 2026,0,1,0.1357676588601948,0.9999918325940627,True,True,0.5678797457271287,complete,none,Medium,v1-equal-weight-2026-04-snapshot
152,400259,Ghatampur Thermal Power Plant 3 X 660 MW,Uttar Pradesh,NLC India Limited [NLCIL],April 2026,1,1,0.753452701477411,0.999929511978679,True,True,0.876691106728045,complete,none,High,v1-equal-weight-2026-04-snapshot
153,400203,Dharamjaigarh-Korba,Chhattisgarh,Railway,April 2026,1,0,0.7610623540551645,0.00585253556299918,True,True,0.38345744480908184,complete,none,Medium,v1-equal-weight-2026-04-snapshot
154,400416,Shivpur-Kathautia New Rail [BG] Line [49 km] [Package II of Tori-Shivpur-Kathautia line],Jharkhand,Ministry of Coal,April 2026,1,1,0.5582461454389454,0.9787019628968523,True,True,0.7684740541678988,complete,none,High,v1-equal-weight-2026-04-snapshot
155,400192,Tubed Coal Mine,Jharkhand,Damodar Valley Corporation,April 2026,0,0,0.6052414193193759,0.011122594989655779,True,True,0.3081820071545158,complete,none,Low,v1-equal-weight-2026-04-snapshot
156,603293,Badam Coal Mining project of NTPC,Jharkhand,National Thermal Power Corporation [NTPC],April 2026,1,0,0.3998060407376414,0.002536937900869868,True,True,0.20117148931925566,complete,none,Low,v1-equal-weight-2026-04-snapshot
157,602182,Dibang Multipurpose Project,Arunachal Pradesh,National Hydroelectric Power Corporation Limited [NHPC],April 2026,1,0,0.6371215176063902,0.00028454985797940805,True,True,0.31870303373218484,complete,none,Low,v1-equal-weight-2026-04-snapshot
158,611698,240MW Heo HE Project,Arunachal Pradesh,North Eastern Electric Power Corporation Limited,April 2026,0,-1,0.05232444504541676,,True,False,0.05232444504541676,partial,time_overrun_probability,Low,v1-equal-weight-2026-04-snapshot
159,611699,186 MW Tato-I H E Project,Arunachal Pradesh,North Eastern Electric Power Corporation Limited,April 2026,0,-1,0.062150649877734596,,True,False,0.062150649877734596,partial,time_overrun_probability,Low,v1-equal-weight-2026-04-snapshot
160,611716,700 MW Tato-II HE Project,Arunachal Pradesh,North Eastern Electric Power Corporation Limited,April 2026,0,-1,0.11018646237725925,,True,False,0.11018646237725925,partial,time_overrun_probability,Low,v1-equal-weight-2026-04-snapshot
161,619311,Kalai-II Hydro Electric Project [1200 MW],Arunachal Pradesh,THDC India Limited,April 2026,0,-1,0.22526826384858148,,True,False,0.22526826384858148,partial,time_overrun_probability,Low,v1-equal-weight-2026-04-snapshot
162,602579,Buxar Thermal Power Project [1320 MW],Bihar,Satluj Jal Vidyut Nigam [SJVN] Thermal Limited,April 2026,1,1,0.5655488079783382,0.9999169890873603,True,True,0.7827328985328492,complete,none,High,v1-equal-weight-2026-04-snapshot
163,619051,"Nabinagar Super Thermal Power Project, Stage-II [3x800 MW]",Bihar,National Thermal Power Corporation [NTPC],April 2026,0,-1,0.35730463082092945,,True,False,0.35730463082092945,partial,time_overrun_probability,Medium,v1-equal-weight-2026-04-snapshot
164,611930,Lara Super Thermal Power Project Stage-II [2 x 800 MW],Chhattisgarh,National Thermal Power Corporation [NTPC],April 2026,1,1,0.5357664044373905,0.9583436165878843,True,True,0.7470550105126375,complete,none,High,v1-equal-weight-2026-04-snapshot
165,617188,"Sipat Super Thermal Power Project, Stage-III [1x800 MW]",Chhattisgarh,National Thermal Power Corporation [NTPC],April 2026,0,-1,0.1851813221889491,,True,False,0.1851813221889491,partial,time_overrun_probability,Low,v1-equal-weight-2026-04-snapshot
166,709747,Bagodara Solar Power Project,Gujarat,Satluj Jal Vidyut Nigam [SJVN] Thermal Limited,April 2026,0,0,0.23796211573886794,0.01377154680924349,True,True,0.1258668312740557,complete,none,Low,v1-equal-weight-2026-04-snapshot
167,602582,Dhaulasidh Hydro Electric Project [66 MW],Himachal Pradesh,Satluj Jal Vidyut Nigam [SJVN] Thermal Limited,April 2026,1,1,0.6610292568260858,0.9979955179882073,True,True,0.8295123874071466,complete,none,High,v1-equal-weight-2026-04-snapshot
168,602593,Luhri Stage-I Hydro Electric Project [210 MW],Himachal Pradesh,Satluj Jal Vidyut Nigam [SJVN] Thermal Limited,April 2026,1,1,0.7076351231053829,0.9979676018210655,True,True,0.8528013624632242,complete,none,High,v1-equal-weight-2026-04-snapshot
169,611586,Sunni Dam Hydro Electric Project [382 MW],Himachal Pradesh,Satluj Jal Vidyut Nigam [SJVN] Thermal Limited,April 2026,1,1,0.5730463061166712,0.9718334066706646,True,True,0.7724398563936679,complete,none,High,v1-equal-weight-2026-04-snapshot
170,602525,"Pakal Dul [Drangdhuran] Hydroelectric Project, 1000 MW",Jammu and Kashmir,National Hydroelectric Power Corporation Limited [NHPC],April 2026,1,1,0.7870293786031094,0.999999813630236,True,True,0.8935145961166727,complete,none,High,v1-equal-weight-2026-04-snapshot
171,602532,Kiru HE Project,Jammu and Kashmir,National Hydroelectric Power Corporation Limited [NHPC],April 2026,1,1,0.646896661477328,0.9999970098696837,True,True,0.8234468356735059,complete,none,High,v1-equal-weight-2026-04-snapshot
172,602535,"Ratle HE Project - 850 MW, Ratle Hydroelectric Power Corporation Limited.",Jammu and Kashmir,National Hydroelectric Power Corporation Limited [NHPC],April 2026,0,1,0.2907034843991334,0.9963439039358427,True,True,0.643523694167488,complete,none,Medium,v1-equal-weight-2026-04-snapshot
173,605155,Kwar HE Project,Jammu and Kashmir,National Hydroelectric Power Corporation Limited [NHPC],April 2026,0,1,0.248632502362918,0.9967900153290018,True,True,0.6227112588459599,complete,none,Medium,v1-equal-weight-2026-04-snapshot
174,400261,Patratu Thermal Power Station Expansion Project Phase-I [3x800 MW],Jharkhand,National Thermal Power Corporation [NTPC],April 2026,1,1,0.7214196622783627,0.9995712044960128,True,True,0.8604954333871877,complete,none,High,v1-equal-weight-2026-04-snapshot
175,611509,"Koderma Thermal Power Station Phase II [2X800 MW] At Koderma, Jharkhand",Jharkhand,Damodar Valley Corporation,April 2026,0,-1,0.2992444119009378,,True,False,0.2992444119009378,partial,time_overrun_probability,Low,v1-equal-weight-2026-04-snapshot
176,618976,"Gadarwara Super Thermal Power Project, Stage-II [2x800 MW]",Madhya Pradesh,National Thermal Power Corporation [NTPC],April 2026,0,-1,0.2344726587227605,,True,False,0.2344726587227605,partial,time_overrun_probability,Low,v1-equal-weight-2026-04-snapshot
177,602096,Subansiri Lower HE Project [2000 MW],"Multi-States (Arunachal Pradesh, Assam)",National Hydroelectric Power Corporation Limited [NHPC],April 2026,1,1,0.6663410085314031,0.9999977781380607,True,True,0.833169393334732,complete,none,High,v1-equal-weight-2026-04-snapshot
178,602961,Talcher Thermal Power Station Stage III [2 x 660 MW] Expansion,Odisha,National Thermal Power Corporation [NTPC],April 2026,1,1,0.30419480592317494,0.9880503482717696,True,True,0.6461225770974723,complete,none,Medium,v1-equal-weight-2026-04-snapshot
179,619056,"Darlipali Super Thermal Power Project, Stage-II [1x800 MW]",Odisha,National Thermal Power Corporation [NTPC],April 2026,0,-1,0.1171429224669483,,True,False,0.1171429224669483,partial,time_overrun_probability,Low,v1-equal-weight-2026-04-snapshot
180,602181,"TEESTA-VI HE PROJECT, SIKKIM [500 MW], executed by LANCO TEESTA HYDRO POWER LIMITED [A wholly owned Subsidiary of NHPC LTD. acquired through NCLT]",Sikkim,National Hydroelectric Power Corporation Limited [NHPC],April 2026,0,1,0.4595424882300761,0.999506548213658,True,True,0.729524518221867,complete,none,High,v1-equal-weight-2026-04-snapshot
181,605156,Rangit-IV HE Project [120 MW] executed by Jal Power Corporation Ltd. [JPCL] - A wholly owned subsidiary of NHPC Ltd. acquired through NCLT,Sikkim,National Hydroelectric Power Corporation Limited [NHPC],April 2026,1,1,0.5935176423104911,0.9999968099917144,True,True,0.7967572261511027,complete,none,High,v1-equal-weight-2026-04-snapshot
182,612142,"Singrauli Super Thermal Power Project, Stage-III [2x800 MW]",Uttar Pradesh,National Thermal Power Corporation [NTPC],April 2026,0,-1,0.291412821941591,,True,False,0.291412821941591,partial,time_overrun_probability,Low,v1-equal-weight-2026-04-snapshot
183,602185,Tapovan-Vishnugad HEP [4x130 MW],Uttarakhand,National Thermal Power Corporation [NTPC],April 2026,1,1,0.7717671259117793,0.999999857974978,True,True,0.8858834919433787,complete,none,High,v1-equal-weight-2026-04-snapshot
184,602195,Vishnugad Pipalkoti Hydro Electric Project [444 MW],Uttarakhand,THDC India Limited,April 2026,1,1,0.6857653113899422,0.9987522714669358,True,True,0.842258791428439,complete,none,High,v1-equal-weight-2026-04-snapshot
185,400062,"Raghunathpur Thermal Power Station Phase II [2X660 MW] at Raghunathpur, Purulia, West Bengal",West Bengal,Damodar Valley Corporation,April 2026,0,-1,0.4069034794862621,,True,False,0.4069034794862621,partial,time_overrun_probability,Medium,v1-equal-weight-2026-04-snapshot
186,602184,Rammam-III HEPP [3x40 MW],West Bengal,National Thermal Power Corporation [NTPC],April 2026,1,1,0.6968981313944128,0.9999981596790429,True,True,0.8484481455367279,complete,none,High,v1-equal-weight-2026-04-snapshot
187,602538,Installation of FGD for 4x210 & 2x250 MW MTPS U 1-6,West Bengal,Damodar Valley Corporation,April 2026,1,1,0.5129653389097665,0.9999826251990935,True,True,0.75647398205443,complete,none,High,v1-equal-weight-2026-04-snapshot
188,611967,Transmission Scheme for Solar Energy Zone in Ananthpuram 2500MW and Kurnool 1000MW,Andhra Pradesh,Power Grid Corporation of India Limited [POWERGRID],April 2026,0,1,0.05328345709092093,0.9999695078527517,True,True,0.5266264824718363,complete,none,Medium,v1-equal-weight-2026-04-snapshot
189,617183,Transmission system strengthening at Kurnool- III PS for integration of additional RE generation projects [POWERGRID Kurnool III PS RE Transmission Limited],Andhra Pradesh,Power Grid Corporation of India Limited [POWERGRID],April 2026,0,-1,0.05743929510533905,,True,False,0.05743929510533905,partial,time_overrun_probability,Low,v1-equal-weight-2026-04-snapshot
190,617375,North Eastern Region Expansion Scheme-XXIII [NERES-XXIII],Arunachal Pradesh,Power Grid Corporation of India Limited [POWERGRID],April 2026,0,-1,0.03256555412748935,,True,False,0.03256555412748935,partial,time_overrun_probability,Low,v1-equal-weight-2026-04-snapshot
191,615336,Transmission system for evacuation of Power from REZ in Rajasthan [20 GW] under phase-III Part-D Phase-II,Delhi,Power Grid Corporation of India Limited [POWERGRID],April 2026,0,1,0.03147921166080911,0.9999261518012015,True,True,0.5157026817310053,complete,none,Medium,v1-equal-weight-2026-04-snapshot
192,612139,Transmission system for Evacuation of Additional 7 GW RE power from Khavda RE park under Phase-III Part B [Vataman Transmission Limited],Gujarat,Power Grid Corporation of India Limited [POWERGRID],April 2026,0,1,0.07476647136744717,0.9998626277187339,True,True,0.5373145495430905,complete,none,Medium,v1-equal-weight-2026-04-snapshot
193,612855,Transmission System for Evacuation of Power from Potential Energy Renewable Zone in Khavda Area of Gujarat under Ph-IV [7GW] Part E2,Gujarat,Power Grid Corporation of India Limited [POWERGRID],April 2026,0,1,0.04166100470456766,0.9998309251413782,True,True,0.5207459649229729,complete,none,Medium,v1-equal-weight-2026-04-snapshot
194,615342,Augmentation of Transformation Capacity at jam Khambhaliya PS [GIS] [SPV Name POWERGRID Jam Khambhaliya Transmission Limited],Gujarat,Power Grid Corporation of India Limited [POWERGRID],April 2026,0,1,0.047974811784818536,0.9977751707041682,True,True,0.5228749912444933,complete,none,Medium,v1-equal-weight-2026-04-snapshot
195,615343,Provision of Dynamic Reactive Compensation at Khavda pooling Station 1 [KPS1] and Khavda Pooling station 3 [KPS3],Gujarat,Power Grid Corporation of India Limited [POWERGRID],April 2026,0,-1,0.025772372659506434,,True,False,0.025772372659506434,partial,time_overrun_probability,Low,v1-equal-weight-2026-04-snapshot
196,615345,Transmission System for Evacuation of Power from Potential Renewable Energy Zone in Khavda area of Gujarat under Phase-IV [7GW] Part B [SPV Name POWERGRID South Olpad Transmission Limited],Gujarat,Power Grid Corporation of India Limited [POWERGRID],April 2026,0,1,0.05001924876306194,0.9999343857081303,True,True,0.5249768172355961,complete,none,Medium,v1-equal-weight-2026-04-snapshot
197,617069,Augmentation of Transformation Capacity at KPS1 [GIS] and KPS2 [GIS] [Phase-V Part B1 and Part B2 Scheme] [SPV Name- POWERGRID KPS1 and 2 Augmentation Transmission Limited],Gujarat,Power Grid Corporation of India Limited [POWERGRID],April 2026,0,-1,0.020561376494061707,,True,False,0.020561376494061707,partial,time_overrun_probability,Low,v1-equal-weight-2026-04-snapshot
198,617182,Augmentation of Banaskantha [Raghanesda] PS [GIS] [POWERGRID Banaskantha Transco Limited],Gujarat,Power Grid Corporation of India Limited [POWERGRID],April 2026,0,-1,0.05635848520656446,,True,False,0.05635848520656446,partial,time_overrun_probability,Low,v1-equal-weight-2026-04-snapshot
199,617391,Augmentation of Transformation Capacity at Bhuj-II PS [GIS],Gujarat,Power Grid Corporation of India Limited [POWERGRID],April 2026,0,1,0.025358041499154486,0.9896149936066506,True,True,0.5074865175529025,complete,none,Medium,v1-equal-weight-2026-04-snapshot
200,617405,Jamnagar Transmission Limited,Gujarat,Adani Transmission Limited,April 2026,0,-1,0.3158676705812012,,True,False,0.3158676705812012,partial,time_overrun_probability,Low,v1-equal-weight-2026-04-snapshot
201,617801,Provision of ICT Augmentation & Bus Reactor at Bhuj-II PS,Gujarat,Power Grid Corporation of India Limited [POWERGRID],April 2026,0,1,0.04075956987361461,0.9918589881056793,True,True,0.516309278989647,complete,none,Medium,v1-equal-weight-2026-04-snapshot
202,619026,KPSIII HVDC Transmission Limited,Gujarat,Adani Transmission Limited,April 2026,0,-1,0.37598242720871133,,True,False,0.37598242720871133,partial,time_overrun_probability,Medium,v1-equal-weight-2026-04-snapshot
203,619029,Transmission System for Reliable Power Supply to Dholera,Gujarat,Power Grid Corporation of India Limited [POWERGRID],April 2026,0,1,0.05430232068868546,0.9980801138071204,True,True,0.5261912172479029,complete,none,Medium,v1-equal-weight-2026-04-snapshot
204,619049,Khavda IVA Power Transmission Limited,Gujarat,Adani Transmission Limited,April 2026,0,-1,0.07740497156436196,,True,False,0.07740497156436196,partial,time_overrun_probability,Low,v1-equal-weight-2026-04-snapshot
205,617179,Transmission Scheme for evacuation of Power from Ratle HEP [850 MW] & kiru [624 MW] Part B,Jammu and Kashmir,Power Grid Corporation of India Limited [POWERGRID],April 2026,0,1,0.013666944059294481,0.9991963168446335,True,True,0.506431630451964,complete,none,Medium,v1-equal-weight-2026-04-snapshot
206,617326,Implementation of Transmission Systems in the State of Jharkhand consisting of 400/220/132/33 kV transmission lines and substations under Jharkhand Consultancy Project,Jharkhand,Power Grid Corporation of India Limited [POWERGRID],April 2026,0,1,0.44827930386463427,0.9758140294715648,True,True,0.7120466666680996,complete,none,High,v1-equal-weight-2026-04-snapshot
207,612140,Transmission Scheme for Integration of Renewable Energy Zone [Phase II] in Koppal II [Phase A&B] and gadag II[Phase A] in Karnataka [POWERGRID KOPPAL GADAG TRANSMISSION LIMITED],Karnataka,Power Grid Corporation of India Limited [POWERGRID],April 2026,0,1,0.070970111620968,0.9999030302098498,True,True,0.535436570915409,complete,none,Medium,v1-equal-weight-2026-04-snapshot
208,616672,System Strengthening at Koppal-II and GadagII for integration of RE generation projects [SPV Name POWERGRID Koppal Gadag Augmentation Transmission Limited],Karnataka,Power Grid Corporation of India Limited [POWERGRID],April 2026,0,-1,0.03454903919507142,,True,False,0.03454903919507142,partial,time_overrun_probability,Low,v1-equal-weight-2026-04-snapshot
209,617068,"Augmentation of Transformation Capacity by 3x500 MVA, 400/220 KV ICTS [6th-8th] and 1x1500 MVA, 765/400 KV ICT [4th] at Bidar PS [SPV Name- POWERGRID Bidar Augmentation Transmission Limited]",Karnataka,Power Grid Corporation of India Limited [POWERGRID],April 2026,0,-1,0.02268894088795315,,True,False,0.02268894088795315,partial,time_overrun_probability,Low,v1-equal-weight-2026-04-snapshot
210,617184,Transmission Scheme for integration of Davanagere/ Chitradurga and Bellary REZ in Karnataka [POWERGRID Chitradurga Bellary REZ Transmission Limited],Karnataka,Power Grid Corporation of India Limited [POWERGRID],April 2026,0,-1,0.05174122246060137,,True,False,0.05174122246060137,partial,time_overrun_probability,Low,v1-equal-weight-2026-04-snapshot
211,617803,Transmission System Strengthening at Davanagere for Integration of RE Generation [SPV Name - POWERGRID Davanagere Power Transmission Limited],Karnataka,Power Grid Corporation of India Limited [POWERGRID],April 2026,0,-1,0.007100005953756125,,True,False,0.007100005953756125,partial,time_overrun_probability,Low,v1-equal-weight-2026-04-snapshot
212,619228,Transmission System Strengthening for integration of additional RE Potential at Davanagere [0.25 GW] and Bellary [2.75 GW],Karnataka,Power Grid Corporation of India Limited [POWERGRID],April 2026,0,-1,0.042302672558208236,,True,False,0.042302672558208236,partial,time_overrun_probability,Low,v1-equal-weight-2026-04-snapshot
213,619028,Augmentation of 1x500 MVA 400/220kV ICT [3rd] at Thrissur VSC HVDC Station in Kerala,Kerala,Power Grid Corporation of India Limited [POWERGRID],April 2026,0,-1,0.05845027167956772,,True,False,0.05845027167956772,partial,time_overrun_probability,Low,v1-equal-weight-2026-04-snapshot
214,615344,Transmission System for Evacuation of Power from Rajasthan REZ Ph-IV [Part-2 5.5GW] [Jaisalmer/Barmer Complex] Part H1 [POWERGRID KURAWAR TRANSMISSION LIMITED],Madhya Pradesh,Power Grid Corporation of India Limited [POWERGRID],April 2026,0,1,0.029648828212163303,0.9998333624983639,True,True,0.5147410953552636,complete,none,Medium,v1-equal-weight-2026-04-snapshot
215,615346,Transmission System for Evacuation of Power from Rajasthan REZ Ph-IV [Part-2 5.5 GW] [Jaisalmer/Barmer Complex] Part C [SPV Name POWERGRID Mandsaur Transmission Limited],Madhya Pradesh,Power Grid Corporation of India Limited [POWERGRID],April 2026,0,1,0.037197002190295175,0.9996633092067321,True,True,0.5184301556985136,complete,none,Medium,v1-equal-weight-2026-04-snapshot
216,617272,Implementation of LILO of both circuits of 400KV vindhyachal PS-Sasan D/C Line at Hindalco Switchyard,Madhya Pradesh,Power Grid Corporation of India Limited [POWERGRID],April 2026,0,-1,0.024389801873790827,,True,False,0.024389801873790827,partial,time_overrun_probability,Low,v1-equal-weight-2026-04-snapshot
217,617279,Transmission System for evacuation of power from Mahan Energen Limited Generating Station in Madhya Pradesh [SPV Name - POWERGRID MEL Power Transmission Limited],Madhya Pradesh,Power Grid Corporation of India Limited [POWERGRID],April 2026,0,-1,0.04534762369688754,,True,False,0.04534762369688754,partial,time_overrun_probability,Low,v1-equal-weight-2026-04-snapshot
218,617802,Augmentation of Transformation Capacity and Implementation of Line Bays at Mandsaur S/S for RE Interconnection [SPV Name- POWERGRID Mandsaur I RE Transmission Limited],Madhya Pradesh,Power Grid Corporation of India Limited [POWERGRID],April 2026,0,-1,0.020074561248344877,,True,False,0.020074561248344877,partial,time_overrun_probability,Low,v1-equal-weight-2026-04-snapshot
219,619024,Mahan Transmission Limited,Madhya Pradesh,Adani Transmission Limited,April 2026,0,-1,0.09764135654581502,,True,False,0.09764135654581502,partial,time_overrun_probability,Low,v1-equal-weight-2026-04-snapshot
220,611966,Transmission System for Evacuation of power from Potential RE Zone in Khavda Area of Gujarat under phase IV 7GW-Part E4,Maharashtra,Power Grid Corporation of India Limited [POWERGRID],April 2026,0,1,0.032552831544707304,0.9999443148498678,True,True,0.5162485731972876,complete,none,Medium,v1-equal-weight-2026-04-snapshot
221,619027,WRNES Talegaon Power Transmission Limited,Maharashtra,Adani Transmission Limited,April 2026,0,-1,0.34132046259940496,,True,False,0.34132046259940496,partial,time_overrun_probability,Low,v1-equal-weight-2026-04-snapshot
222,619227,Network Expansion Scheme in Maharashtra for removal of Transmission constraints in Pune Region-I [765/400kV AIS Pune East],Maharashtra,Power Grid Corporation of India Limited [POWERGRID],April 2026,0,-1,0.033590795037981486,,True,False,0.033590795037981486,partial,time_overrun_probability,Low,v1-equal-weight-2026-04-snapshot
223,617185,Transmission System for Integration of Kurnool-IV REZ Phase-I [for 4.5 GW] [POWERGRID Kurnool-IV Transmission Limited],"Multi-States (Andhra Pradesh, Karnataka)",Power Grid Corporation of India Limited [POWERGRID],April 2026,0,1,0.07643518423817418,0.9985305416192345,True,True,0.5374828629287043,complete,none,Medium,v1-equal-weight-2026-04-snapshot
224,617806,Transmission System for Integration of Ananthapur 2 REZ Phase 1 for 4.5 GW. SPV Name Anantapuram 2 REZ Transmission Ltd,"Multi-States (Andhra Pradesh, Karnataka)",Sterlite Power,April 2026,0,-1,0.09219196450414137,,True,False,0.09219196450414137,partial,time_overrun_probability,Low,v1-equal-weight-2026-04-snapshot
225,619030,Inter-Regional Strengthening between SR Grid and ER Grid,"Multi-States (Andhra Pradesh, Odisha)",Power Grid Corporation of India Limited [POWERGRID],April 2026,0,-1,0.07881349919088874,,True,False,0.07881349919088874,partial,time_overrun_probability,Low,v1-equal-weight-2026-04-snapshot
226,900808,Transmission System for Kurnool Wind Energy Zone/ Solar Energy Zone Part-A and Part-B,"Multi-States (Andhra Pradesh, Telangana)",Power Grid Corporation of India Limited [POWERGRID],April 2026,0,1,0.20822643396297785,0.9999472251459789,True,True,0.6040868295544783,complete,none,Medium,v1-equal-weight-2026-04-snapshot
227,602223,Comprehensive Scheme for Strengthening of Transmission and Distribution [T&D] Systems [CSST&DS] in Arunachal Pradesh and Sikkim,"Multi-States (Arunachal Pradesh, Sikkim)",Power Grid Corporation of India Limited [POWERGRID],April 2026,1,1,0.6897152390283646,0.9999998006128001,True,True,0.8448575198205823,complete,none,High,v1-equal-weight-2026-04-snapshot
228,607709,NORTH EASTERN REGION POWER SYSTEM IMPROVEMENT PROJECT [NERPSIP],"Multi-States (Assam, Manipur, Meghalaya, Mizoram, Nagaland, Tripura)",Power Grid Corporation of India Limited [POWERGRID],April 2026,1,1,0.6264340118243265,0.999987147777002,True,True,0.8132105798006642,complete,none,High,v1-equal-weight-2026-04-snapshot
229,617271,Eastern Region Expansion Scheme-43 [ERES-43],"Multi-States (Bihar, Odisha, West Bengal)",Power Grid Corporation of India Limited [POWERGRID],April 2026,0,1,0.07331776022941304,0.9990803539459892,True,True,0.5361990570877011,complete,none,Medium,v1-equal-weight-2026-04-snapshot
230,617807,Inter-regional [NR-WR] Transmission System strengthening to relieve the loading of 765 kV Vindhyachal-Varanasi D/c line,"Multi-States (Bihar, Uttar Pradesh)",Power Grid Corporation of India Limited [POWERGRID],April 2026,0,-1,0.0670293107325485,,True,False,0.0670293107325485,partial,time_overrun_probability,Low,v1-equal-weight-2026-04-snapshot
231,617270,Eastern Region Expansion Scheme-44 [ERES-44],"Multi-States (Bihar, West Bengal)",Power Grid Corporation of India Limited [POWERGRID],April 2026,0,1,0.05827871581118975,0.9997652857977221,True,True,0.5290220008044559,complete,none,Medium,v1-equal-weight-2026-04-snapshot
232,400005,Transmission Network Expansion in Gujarat to increase its ATC from ISTS Part B,"Multi-States (Dadra & Nagar Haveli and Daman & Diu, Gujarat, Maharashtra)",Power Grid Corporation of India Limited [POWERGRID],April 2026,0,1,0.22820499472511505,0.9999996631051651,True,True,0.61410232891514,complete,none,Medium,v1-equal-weight-2026-04-snapshot
233,611735,Transmission system for evacuation of power from REZ in Rajasthan 20GW under Phase-III Part J,"Multi-States (Delhi, Rajasthan)",Power Grid Corporation of India Limited [POWERGRID],April 2026,0,1,0.18052632955262246,0.9995870664747607,True,True,0.5900566980136915,complete,none,Medium,v1-equal-weight-2026-04-snapshot
234,612132,Transmission Scheme for Evacuation of power from REZ in Rajasthan [20 GW] under Phase-III Part D Phase I [Sikar Khetri Transmission Ltd],"Multi-States (Delhi, Rajasthan)",Power Grid Corporation of India Limited [POWERGRID],April 2026,0,1,0.1243906963996068,0.9999833952470368,True,True,0.5621870458233218,complete,none,Medium,v1-equal-weight-2026-04-snapshot
235,615347,TRANSMISSION SYSTEM FOR EVACUATION OF POWER FROM POTENTIAL RENEWABLE ENERGY ZONE IN KHAVDA AREA OF GUJARAT UNDER PHASE-V [8 GW] PART A [SPV Name POWERGRID West Central Transmission Limited],"Multi-States (Gujarat, Maharashtra)",Power Grid Corporation of India Limited [POWERGRID],April 2026,0,-1,0.27403200102086983,,True,False,0.27403200102086983,partial,time_overrun_probability,Low,v1-equal-weight-2026-04-snapshot
236,615339,Transmission system for evacuation of power from Rajasthan REZ Ph-IV [Part- 3/6GW] [Bikaner complex] Part A [SPV Name POWERGRID Bikaner IV Transmission Limited],"Multi-States (Haryana, Punjab, Rajasthan)",Power Grid Corporation of India Limited [POWERGRID],April 2026,0,1,0.08001280435579254,0.9999068086015939,True,True,0.5399598064786932,complete,none,Medium,v1-equal-weight-2026-04-snapshot
237,615340,TRANSMISSION SYSTEM FOR EVACUATION OF POWER FROM RAJASTHAN REZ PH-IV [PART-3/ 6 GW] [BIKANER COMPLEX] PART B [SPV Name POWERGRID Siwani Transmission Limited],"Multi-States (Haryana, Rajasthan)",Power Grid Corporation of India Limited [POWERGRID],April 2026,0,1,0.06827448126916152,0.9999068086015939,True,True,0.5340906449353777,complete,none,Medium,v1-equal-weight-2026-04-snapshot
238,617808,Inter-Regional Strengthening between SR Grid and WR Grid,"Multi-States (Karnataka, Maharashtra)",Power Grid Corporation of India Limited [POWERGRID],April 2026,0,-1,0.03793171527018811,,True,False,0.03793171527018811,partial,time_overrun_probability,Low,v1-equal-weight-2026-04-snapshot
239,612138,"Transmission Scheme for Solar Energy Zone in Bidar [2500 MW], Karnataka [Bidar Transmission Ltd]","Multi-States (Karnataka, Telangana)",Power Grid Corporation of India Limited [POWERGRID],April 2026,0,1,0.06245973035271615,0.9999988837302478,True,True,0.531229307041482,complete,none,Medium,v1-equal-weight-2026-04-snapshot
240,615333,Transmission System for Evacuation of Power from Rajasthan REZ Ph-IV [Part-2 5.5 GW] [Jaisalmer/Barmer Complex] Part D [SPV Name POWERGRID Beawar Mandsaur Transmission Limited],"Multi-States (Madhya Pradesh, Rajasthan)",Power Grid Corporation of India Limited [POWERGRID],April 2026,0,1,0.04665005447477579,0.9999265500544513,True,True,0.5232883022646135,complete,none,Medium,v1-equal-weight-2026-04-snapshot
241,615334,Transmission System for Evacuation of Power from Rajasthan REZ Ph-IV [Part-2 5.5 GW] [Jaisalmer/Barmer Complex] Part E [SPV Name POWERGRID Mewar Transmission Limited],"Multi-States (Madhya Pradesh, Rajasthan)",Power Grid Corporation of India Limited [POWERGRID],April 2026,0,1,0.0439035514852512,0.999991915918972,True,True,0.5219477337021116,complete,none,Medium,v1-equal-weight-2026-04-snapshot
242,617186,Rajasthan REZ Ph-V [Part-1- 4 GW] [Sirohi/Nagaur] Complex [Rajasthan V Power Transmission Limited],"Multi-States (Madhya Pradesh, Rajasthan)",Power Grid Corporation of India Limited [POWERGRID],April 2026,0,1,0.07439810403260003,0.9985305416192345,True,True,0.5364643228259173,complete,none,Medium,v1-equal-weight-2026-04-snapshot
243,619025,RAJASTHAN PART I POWER TRANSMISSION LIMITED,"Multi-States (Madhya Pradesh, Rajasthan, Uttar Pradesh)",Adani Transmission Limited,April 2026,0,-1,0.28389589349945493,,True,False,0.28389589349945493,partial,time_overrun_probability,Low,v1-equal-weight-2026-04-snapshot
244,612133,Transmission System for Evacuation of power from Rajasthan REZ Ph-IV [Part-1] [Bikaner Complex] Part D [Neemrana Bareilly Transmission Ltd],"Multi-States (Rajasthan, Uttar Pradesh)",Power Grid Corporation of India Limited [POWERGRID],April 2026,0,1,0.10115831926105567,0.9999633979096012,True,True,0.5505608585853284,complete,none,Medium,v1-equal-weight-2026-04-snapshot
245,616670,Transmission System for evacuation of Power from Rajasthan REZ Ph-IV [Part-4 3.5 GW] Part A [SPV name POWERGRID Ghiror Transmission Limited],"Multi-States (Rajasthan, Uttar Pradesh)",Power Grid Corporation of India Limited [POWERGRID],April 2026,0,1,0.08554973908713133,0.9998592866287552,True,True,0.5427045128579433,complete,none,Medium,v1-equal-weight-2026-04-snapshot
246,611947,Transmission System for Evacuation of Power from REZ in Rajasthan 20GW under Phase III- Part E2,Rajasthan,Power Grid Corporation of India Limited [POWERGRID],April 2026,0,1,0.01372833698979259,0.9999735568334442,True,True,0.5068509469116185,complete,none,Medium,v1-equal-weight-2026-04-snapshot
247,611948,Transmission system for evacuation of power from REZ in Rajasthan 20 GW under Phase-III part H,Rajasthan,Power Grid Corporation of India Limited [POWERGRID],April 2026,0,1,0.049555187661705746,0.9999193378227824,True,True,0.5247372627422441,complete,none,Medium,v1-equal-weight-2026-04-snapshot
248,611949,Transmission system for evacuation of power from REZ in Rajasthan 20 GW under Phase-III part C1,Rajasthan,Power Grid Corporation of India Limited [POWERGRID],April 2026,0,1,0.04991951727936959,0.9999907557951275,True,True,0.5249551365372486,complete,none,Medium,v1-equal-weight-2026-04-snapshot
249,612134,Transmission System for Evacuation of power from Rajasthan REZ Ph-IV [Part-1] [Bikaner Complex] Part A [Bikaner Neemrana Transmission Ltd],Rajasthan,Power Grid Corporation of India Limited [POWERGRID],April 2026,0,1,0.08407660781216736,0.9998848723273271,True,True,0.5419807400697473,complete,none,Medium,v1-equal-weight-2026-04-snapshot
250,615332,Transmission System for Evacuation of Power from Rajasthan REZ Ph-IV [Part-2 5.5 GW][Jaisalmer/Barmer Complex] Part B [SPV Name POWERGRID Sirohi Transmission Limited],Rajasthan,Power Grid Corporation of India Limited [POWERGRID],April 2026,0,1,0.025933614897736462,0.9999788937017762,True,True,0.5129562542997563,complete,none,Medium,v1-equal-weight-2026-04-snapshot
251,615335,Transmission System Strengthening for Interconnections of Bhadla-III & Bikaner III Complex [SPV Name POWERGRID BHADLA BIKANER TRANSMISSION LIMITED],Rajasthan,Power Grid Corporation of India Limited [POWERGRID],April 2026,0,1,0.020634716795812483,0.9999875274454618,True,True,0.5103111221206371,complete,none,Medium,v1-equal-weight-2026-04-snapshot
252,615337,Additional Transmission System for evacuation of Power from Bhadla-III PS as part of Rajasthan REZ Phase III Scheme [20 GW] [SPV Name POWERGRID Bhadla-III Power Transmission Limited],Rajasthan,Power Grid Corporation of India Limited [POWERGRID],April 2026,0,1,0.013883906726600637,0.9986060855236192,True,True,0.5062449961251099,complete,none,Medium,v1-equal-weight-2026-04-snapshot
253,615338,TRANSMISSION SYSTEM FOR EVACUATION OF POWER FROM RAJASTHAN REZ PH -IV [PART-2 5.5 GW] [JAISALMER/BARMER COMPLEX] PART F [SPV Name POWERGRID BARMER I TRANSMISSION LIMITED],Rajasthan,Power Grid Corporation of India Limited [POWERGRID],April 2026,0,1,0.0364613619025323,0.9998561863902096,True,True,0.5181587741463709,complete,none,Medium,v1-equal-weight-2026-04-snapshot
254,617181,"Augmentation at Fatehgarh-II PS, Fatehgarh-IV PS [Section-II] and Barmer-I PS [POWERGRID Fatehgarh Barmer Augmentation Transmission Limited]",Rajasthan,Power Grid Corporation of India Limited [POWERGRID],April 2026,0,1,0.005229307023520424,0.989260164135008,True,True,0.4972447355792642,complete,none,Medium,v1-equal-weight-2026-04-snapshot
255,616671,Transmission System under ISTS for evacuation of Power from Kudankulam Unit-3&4 [2x1000 MW] [SPV Name POWERGRID Kudankulam Tarnsmission Limited],Tamil Nadu,Power Grid Corporation of India Limited [POWERGRID],April 2026,0,1,0.07727291863645108,0.9525969843871287,True,True,0.5149349515117899,complete,none,Medium,v1-equal-weight-2026-04-snapshot
256,617269,Transmission System for Strengthening to facilitate evacuation of power from Bhadla/Bikaner Complex,Uttar Pradesh,Power Grid Corporation of India Limited [POWERGRID],April 2026,0,1,0.04913323891819545,0.9986680768942389,True,True,0.5239006579062172,complete,none,Medium,v1-equal-weight-2026-04-snapshot
257,617412,"Construction of One Tower of Office Complex and another Tower of Residential quarters consisting of 10Nos. Type-V, 10Nos. Type-VI & 1No.Type-VII Quarters i/c internal water supply, sanitary installation and all development and bulk services, Horticulture works on EPC Mode-I basis i/c comprehensive operation and maintenance of Civil, E&M services for 7 years after completion of original construction work for Ranga Reddy, Secunderabad, Medchal, AuditI, Audit-II Commissionerates of Central Tax at Khajaguda, Serilingampally, Hyderabad.",Telangana,Central Public Works Department - CPWD,April 2026,0,-1,0.0777934928053582,,True,False,0.0777934928053582,partial,time_overrun_probability,Low,v1-equal-weight-2026-04-snapshot
258,707229,"Integrated Command control Center [ICCC] - Construction and Development of Integrated Command Control Center with Security, Surveillance, ITMS, Connecting Port, Ship Service, Smart Solid Waste Management, Smart Public Transport System",Andaman & Nicobar,ministry of housing and urban affairs,April 2026,0,-1,0.17554001209140824,,True,False,0.17554001209140824,partial,time_overrun_probability,Low,v1-equal-weight-2026-04-snapshot
259,400188,Redevelopment of Seven General Pool Residential Accommodation [GPRA] Colonies in Delhi,Delhi,National Buildings Construction Corporation [NBCC],April 2026,0,0,0.5994680133649765,0.015572380071112944,True,True,0.3075201967180447,complete,none,Low,v1-equal-weight-2026-04-snapshot
260,701719,Rehablitation in Junavadaj Area Smart City Project,Gujarat,ministry of housing and urban affairs,April 2026,0,1,0.38253244310399354,0.9999788790112794,True,True,0.6912556610576365,complete,none,High,v1-equal-weight-2026-04-snapshot
261,701766,Green Building Development Project,Uttarakhand,ministry of housing and urban affairs,April 2026,1,1,0.635033569923957,0.9998264099758226,True,True,0.8174299899498898,complete,none,High,v1-equal-weight-2026-04-snapshot
262,702627,Patna Metro Rail Project,Bihar,Patna Metro Rail Corporation Ltd. [PMRCL],April 2026,1,1,0.5869146544474726,0.9993162355317359,True,True,0.7931154449896043,complete,none,High,v1-equal-weight-2026-04-snapshot
263,617207,Delhi Metro Rail Phase-IV [2 Corridors],Delhi,Delhi Metro Rail Corporation Limited [DMRC],April 2026,0,-1,0.10805496566598675,,True,False,0.10805496566598675,partial,time_overrun_probability,Low,v1-equal-weight-2026-04-snapshot
264,619031,Delhi Metro Rail Phase V A,Delhi,Delhi Metro Rail Corporation Limited [DMRC],April 2026,0,-1,0.12800913758633026,,True,False,0.12800913758633026,partial,time_overrun_probability,Low,v1-equal-weight-2026-04-snapshot
265,702632,DMRTS Phase - IV [3 Priority Corridors],Delhi,Delhi Metro Rail Corporation Limited [DMRC],April 2026,1,1,0.6998961126495173,0.992081475183912,True,True,0.8459887939167147,complete,none,High,v1-equal-weight-2026-04-snapshot
266,702630,Surat Metro Rail Project,Gujarat,Gujarat Metro Rail Corporation Limited [GMRCL],April 2026,0,1,0.4980499557820761,0.9979355084020394,True,True,0.7479927320920577,complete,none,High,v1-equal-weight-2026-04-snapshot
267,702639,Ahmedabad Metro Rail Project [Phase-I],Gujarat,Gujarat Metro Rail Corporation Limited [GMRCL],April 2026,1,1,0.7369224747492241,0.999997246337991,True,True,0.8684598605436076,complete,none,High,v1-equal-weight-2026-04-snapshot
268,619022,"Metro connectivity from Millennium City Centre to Cyber City with Spur to Dwarka Expressway, Gurugram.",Haryana,Gurugram Metro Rail Limited [GMRL],April 2026,0,-1,0.25948750382736147,,True,False,0.25948750382736147,partial,time_overrun_probability,Low,v1-equal-weight-2026-04-snapshot
269,612878,Bangalore Metro Rail Project - PHASE-3,Karnataka,Bengaluru Metro Rail,April 2026,0,-1,0.33149632637441145,,True,False,0.33149632637441145,partial,time_overrun_probability,Low,v1-equal-weight-2026-04-snapshot
270,702635,Construction of Bangalore Metro Rail Project Phase 2.,Karnataka,Bengaluru Metro Rail,April 2026,1,1,0.7574457976099409,0.999983284175837,True,True,0.8787145408928889,complete,none,High,v1-equal-weight-2026-04-snapshot
271,702665,Construction Bangalore Metro Rail Project Phase-2A & 2B,Karnataka,Bengaluru Metro Rail,April 2026,0,0,0.34849864528454977,0.015556615254300552,True,True,0.18202763026942517,complete,none,Low,v1-equal-weight-2026-04-snapshot
272,702664,Kochi Metro Rail Phase 2 Development Project,Kerala,CSPCC Projects,April 2026,0,0,0.26204622584328374,0.0071231221553864806,True,True,0.1345846739993351,complete,none,Low,v1-equal-weight-2026-04-snapshot
273,702625,Bhopal Metro Rail Project,Madhya Pradesh,Madhya Pradesh Metro Rail Co Limited [MPMRCL],April 2026,0,1,0.3911024452879922,0.999846579836471,True,True,0.6954745125622316,complete,none,High,v1-equal-weight-2026-04-snapshot
274,702626,Indore Metro Rail Project,Madhya Pradesh,Madhya Pradesh Metro Rail Co Limited [MPMRCL],April 2026,0,1,0.3951021222026148,0.9998356529980219,True,True,0.6974688876003183,complete,none,High,v1-equal-weight-2026-04-snapshot
275,617225,PCMC To Nigdi- Extension Of North South Corridor Of Phase-1,Maharashtra,Maharashtra Metro Rail Corporation Limited [MMRCL],April 2026,1,-1,0.4266594358500907,,True,False,0.4266594358500907,partial,time_overrun_probability,Medium,v1-equal-weight-2026-04-snapshot
276,617226,Pune Metro Phase-1 Extension line towards south from Swargate to Katraj,Maharashtra,Maharashtra Metro Rail Corporation Limited [MMRCL],April 2026,0,-1,0.06649488688091784,,True,False,0.06649488688091784,partial,time_overrun_probability,Low,v1-equal-weight-2026-04-snapshot
277,617327,Thane Integral Ring Metro Rail Project,Maharashtra,Maharashtra Metro Rail Corporation Limited [MMRCL],April 2026,0,-1,0.13914459323197095,,True,False,0.13914459323197095,partial,time_overrun_probability,Low,v1-equal-weight-2026-04-snapshot
278,618971,Pune Metro Rail Project Phase-2 Corridor 2A Vanaz to Chandani Chowk and Corridor 2B Ramwadi to Wagholi/Vitthalwadi,Maharashtra,Maharashtra Metro Rail Corporation Limited [MMRCL],April 2026,0,-1,0.07754923485120196,,True,False,0.07754923485120196,partial,time_overrun_probability,Low,v1-equal-weight-2026-04-snapshot
279,618985,Pune Metro Rail Project Phase-2 Line-4 Kharadi to Khadakwasla with Spur Line 4A Nal Stop - Warje - Manikbaug,Maharashtra,Maharashtra Metro Rail Corporation Limited [MMRCL],April 2026,0,-1,0.10022483175610397,,True,False,0.10022483175610397,partial,time_overrun_probability,Low,v1-equal-weight-2026-04-snapshot
280,701745,New Suburba Station Development Project,Maharashtra,ministry of housing and urban affairs,April 2026,0,-1,0.46130047266066787,,True,False,0.46130047266066787,partial,time_overrun_probability,Medium,v1-equal-weight-2026-04-snapshot
281,701991,Kalyan Station Precinct Imporvement Project,Maharashtra,ministry of housing and urban affairs,April 2026,1,1,0.76384794262348,0.999942586853652,True,True,0.881895264738566,complete,none,High,v1-equal-weight-2026-04-snapshot
282,702637,Mumbai Metro Line 3,Maharashtra,Mumbai Metro Rail Corporation Limited [MMRC],April 2026,1,1,0.7844535107148427,0.9769712645851617,True,True,0.8807123876500023,complete,none,High,v1-equal-weight-2026-04-snapshot
283,702658,Nagpur Metro Rail Phase II Development Project,Maharashtra,Maharashtra Metro Rail Corporation Limited [MMRCL],April 2026,0,-1,0.171310781861221,,True,False,0.171310781861221,partial,time_overrun_probability,Low,v1-equal-weight-2026-04-snapshot
284,617206,Delhi Metro Rail Phase-IV [Rithala - Kundli Corridor],"Multi-States (Delhi, Haryana)",Delhi Metro Rail Corporation Limited [DMRC],April 2026,0,-1,0.11228806265866595,,True,False,0.11228806265866595,partial,time_overrun_probability,Low,v1-equal-weight-2026-04-snapshot
285,702668,Chennai Metro Rail Phase-II Development Project,Tamil Nadu,Chennai Metro Rail Limited [CMRL],April 2026,0,-1,0.3704239038761476,,True,False,0.3704239038761476,partial,time_overrun_probability,Medium,v1-equal-weight-2026-04-snapshot
286,619052,LUCKNOW METRO RAIL PROJECT PHASE-1B EAST WEST CORRIDOR,Uttar Pradesh,Uttar Pradesh metro rail corporation [UPMRC],April 2026,0,-1,0.0818913400431513,,True,False,0.0818913400431513,partial,time_overrun_probability,Low,v1-equal-weight-2026-04-snapshot
287,702628,Kanpur Metro Rail Project,Uttar Pradesh,Uttar Pradesh metro rail corporation [UPMRC],April 2026,1,1,0.6680311284872771,0.9981339759648924,True,True,0.8330825522260847,complete,none,High,v1-equal-weight-2026-04-snapshot
288,702629,Agra Metro Rail Project,Uttar Pradesh,Uttar Pradesh metro rail corporation [UPMRC],April 2026,0,1,0.6113024092990818,0.9981600568564487,True,True,0.8047312330777652,complete,none,High,v1-equal-weight-2026-04-snapshot
289,702674,"ESR - 8 nos., distribution system - 216 Km, new house service connections - 38760 nos. upgrading of feeder mains, pumping station etc. - Phase II",Andhra Pradesh,Ministry of Housing & Urban Affairs,April 2026,0,1,0.1607833488171175,0.999610280406985,True,True,0.5801968146120512,complete,none,Medium,v1-equal-weight-2026-04-snapshot
290,702699,Muzaffarpur Storm Water Drainage Phase-I Project,Bihar,Ministry of Housing & Urban Affairs,April 2026,0,1,0.3951935423482075,0.9988168615987588,True,True,0.6970052019734831,complete,none,High,v1-equal-weight-2026-04-snapshot
291,702355,Storm water drainag Development Project,Dadra & Nagar Haveli and Daman & Diu,ministry of housing and urban affairs,April 2026,0,-1,0.18376215292838616,,True,False,0.18376215292838616,partial,time_overrun_probability,Low,v1-equal-weight-2026-04-snapshot
292,702734,Sewerage Management Scheme Part-3 Implementation,Haryana,Ministry of Housing & Urban Affairs,April 2026,0,1,0.25915433575316976,0.9999702950487301,True,True,0.62956231540095,complete,none,Medium,v1-equal-weight-2026-04-snapshot
293,702741,Dhanbad Water Supply Infrastructure Project,Jharkhand,Ministry of Housing & Urban Affairs,April 2026,0,1,0.1154692789816643,0.9999625245255924,True,True,0.5577159017536284,complete,none,Medium,v1-equal-weight-2026-04-snapshot
294,702742,SAAP-3 Water Supply Infrastructure SAAP-3 Project,Jharkhand,Ministry of Housing & Urban Affairs,April 2026,0,1,0.162190294375733,0.9991864206252613,True,True,0.5806883575004972,complete,none,Medium,v1-equal-weight-2026-04-snapshot
295,702746,Augmentation and Strenghthning of Urban Water Supply Phase 1 - SAAP 3,Jharkhand,Ministry of Housing & Urban Affairs,April 2026,0,1,0.140695884029873,0.9999440008473566,True,True,0.5703199424386147,complete,none,Medium,v1-equal-weight-2026-04-snapshot
296,702760,Belgavi Improvement in Sewerage System Project,Karnataka,Ministry of Housing & Urban Affairs,April 2026,0,1,0.28489674340580856,0.9989011552378574,True,True,0.641898949321833,complete,none,Medium,v1-equal-weight-2026-04-snapshot
297,702793,Indore Water Supply Infrastructure Project,Madhya Pradesh,Ministry of Housing & Urban Affairs,April 2026,0,1,0.18095394275119084,0.999410492033588,True,True,0.5901822173923894,complete,none,Medium,v1-equal-weight-2026-04-snapshot
298,702808,Satna Sewerage Management and Treatment Infrastructure Project,Madhya Pradesh,Ministry of Housing & Urban Affairs,April 2026,1,1,0.29633898590174845,0.999859933079608,True,True,0.6480994594906782,complete,none,Medium,v1-equal-weight-2026-04-snapshot
299,702810,Singrauli Sewerage Management and Treatment Infrastructure Project,Madhya Pradesh,Ministry of Housing & Urban Affairs,April 2026,1,1,0.23967655016393072,0.9999883419902317,True,True,0.6198324460770812,complete,none,Medium,v1-equal-weight-2026-04-snapshot
300,702833,Kalyan-Dombivali Water Supply Infrastructure Project,Maharashtra,Ministry of Housing & Urban Affairs,April 2026,0,1,0.2478207523671626,0.9998600006585608,True,True,0.6238403765128617,complete,none,Medium,v1-equal-weight-2026-04-snapshot
301,702840,Mira-Bhayandar Water Supply Infrastructure Project,Maharashtra,Ministry of Housing & Urban Affairs,April 2026,0,1,0.2704384108015,0.9994044839957626,True,True,0.6349214473986313,complete,none,Medium,v1-equal-weight-2026-04-snapshot
302,702851,Pune Water Supply Infrastructure Project,Maharashtra,Ministry of Housing & Urban Affairs,April 2026,0,1,0.18833395063414973,0.9999419585637829,True,True,0.5941379545989663,complete,none,Medium,v1-equal-weight-2026-04-snapshot
303,702854,Solapur Sewerage Management Infrastructure Project,Maharashtra,Ministry of Housing & Urban Affairs,April 2026,0,1,0.1647444933834714,0.9999017640089758,True,True,0.5823231286962236,complete,none,Medium,v1-equal-weight-2026-04-snapshot
304,703021,Jalandhar Water Supply Infrastructure Project,Punjab,Ministry of Housing & Urban Affairs,April 2026,1,1,0.491462402768639,0.9999130483355263,True,True,0.7456877255520826,complete,none,High,v1-equal-weight-2026-04-snapshot
305,703057,Patiala Water Supply Infrastructure Part-2 Project,Punjab,Ministry of Housing & Urban Affairs,April 2026,0,1,0.35373711338479064,0.9997820534686302,True,True,0.6767595834267104,complete,none,High,v1-equal-weight-2026-04-snapshot
306,702949,Jhansi Water Supply Infrastructure Phase-II Project,Uttar Pradesh,Ministry of Housing & Urban Affairs,April 2026,0,1,0.2907394139490067,0.9999974078528926,True,True,0.6453684109009497,complete,none,Medium,v1-equal-weight-2026-04-snapshot
307,702958,Lucknow Sewerage Management Infrastructure Project,Uttar Pradesh,Ministry of Housing & Urban Affairs,April 2026,1,1,0.40709362126379944,0.9999762889154887,True,True,0.7035349550896441,complete,none,High,v1-equal-weight-2026-04-snapshot
308,617280,"Construction of Basement + Ground Floor+ 10 Storeyed building for State of the Art Director General, GSI Building at plot No.GN-40, Sector-V, Salt Lake, Kolkata",West Bengal,Central Public Works Department - CPWD,April 2026,0,-1,0.37248546683191175,,True,False,0.37248546683191175,partial,time_overrun_probability,Medium,v1-equal-weight-2026-04-snapshot
309,400426,Expansion of Malanjkhand Copper Project,Madhya Pradesh,Hindustan Copper Limited [HCL],April 2026,1,1,0.6290169631575475,0.9998911450413701,True,True,0.8144540540994588,complete,none,High,v1-equal-weight-2026-04-snapshot
310,400141,Expansion of Alumina Refinery Plant with addition of 5th Stream having capacity enhancement of 1.0 Million Tonee Per Annum,Odisha,National Aluminium Company Limited [NALCO],April 2026,1,1,0.7530327983082445,0.9997680392419496,True,True,0.8764004187750971,complete,none,High,v1-equal-weight-2026-04-snapshot
311,400299,Pottangi Bauxite Mines Project,Odisha,National Aluminium Company Limited [NALCO],April 2026,1,1,0.7165585157051233,0.9957220684884428,True,True,0.8561402920967831,complete,none,High,v1-equal-weight-2026-04-snapshot
312,709831,SOURCING OF BAUXITE ARRANGEMENT FOR 5TH STREAM ALUMINA REFINERY FROM SOUTH BLOCK MINING LEASE OF PANCHPATMAILI MINES,Odisha,National Aluminium Company Limited [NALCO],April 2026,0,1,0.24802664628768287,0.996684977557937,True,True,0.6223558119228099,complete,none,Medium,v1-equal-weight-2026-04-snapshot
313,709832,25.5 MW WIND POWER PROJECT AT KAYATHAR IN TAMILNADU,Tamil Nadu,National Aluminium Company Limited [NALCO],April 2026,0,1,0.39752245670805075,0.9975387316405714,True,True,0.6975305941743111,complete,none,High,v1-equal-weight-2026-04-snapshot
314,613008,Construction of Permanent Campus of Central Tribal University of Andhra Pradesh Phase-1,Andhra Pradesh,Central Tribal University of Andhra Pradesh,April 2026,0,-1,0.22777464143388154,,True,False,0.22777464143388154,partial,time_overrun_probability,Low,v1-equal-weight-2026-04-snapshot
315,612898,Construction of Permanent Campus of National Institute of Technology Arunachal Pradesh,Arunachal Pradesh,"National Institute of Technology, Arunachal Pradesh",April 2026,0,0,0.47204900952715756,0.028250044211908843,True,True,0.2501495268695332,complete,none,Low,v1-equal-weight-2026-04-snapshot
316,606112,Tezpur University Projects,Assam,Tezpur University,April 2026,0,1,0.3190117652928399,0.9995436769581802,True,True,0.6592777211255101,complete,none,High,v1-equal-weight-2026-04-snapshot
317,606013,Additional Campus of NITPatna,Bihar,NIT Patna,April 2026,0,1,0.1139124633829172,0.9999973131386809,True,True,0.5569548882607991,complete,none,Medium,v1-equal-weight-2026-04-snapshot
318,617877,Phase B Construction of Permanent Campus of IIT Bhilai,Chhattisgarh,"Indian Institute of Technology, Bhilai",April 2026,0,-1,0.11585859832030833,,True,False,0.11585859832030833,partial,time_overrun_probability,Low,v1-equal-weight-2026-04-snapshot
319,612851,"Phase 1B - Construction of Academic Block, Hostel, Residential Tower, Directors Residence and External Development works at National Institute of Technology, Delhi Campus on Engineering, Procurement and Construction basis",Delhi,National Institute of Technology Delhi,April 2026,1,1,0.555133109593541,0.9880373105122504,True,True,0.7715852100528957,complete,none,High,v1-equal-weight-2026-04-snapshot
320,616886,Delhi University Eastern Campus at Surajmal Vihar,Delhi,Delhi University,April 2026,0,-1,0.03257938295150639,,True,False,0.03257938295150639,partial,time_overrun_probability,Low,v1-equal-weight-2026-04-snapshot
321,612916,"Construction of permanent campus of Central University of Gujarat at Village kundhela, Dist. Vadodara, Gujarat.",Gujarat,Central University of Gujarat,April 2026,0,1,0.2210434257385248,0.9985551205136804,True,True,0.6097992731261026,complete,none,Medium,v1-equal-weight-2026-04-snapshot
322,602099,Establishment of Permanent campus Phase 1 of IIM Sirmaur,Himachal Pradesh,"Indian Institute of Management, Sirmaur",April 2026,1,1,0.534705538587775,0.9999887239004743,True,True,0.7673471312441247,complete,none,High,v1-equal-weight-2026-04-snapshot
323,612128,Hostel blocks & dining hall block,Himachal Pradesh,"Indian Institute of Technology, Mandi",April 2026,0,1,0.24028484182178636,0.9534002873393589,True,True,0.5968425645805726,complete,none,Medium,v1-equal-weight-2026-04-snapshot
324,612894,"Construction of Permanent Campus of Central University of Himachal Pradesh at Dehra, District - Kangra, [H.P.] on Engineering. Procurement and Construction [EPC Mode 1] Basis.",Himachal Pradesh,"Central University, Himachal Pradesh",April 2026,1,1,0.6169462544188469,0.999995711772585,True,True,0.808470983095716,complete,none,High,v1-equal-weight-2026-04-snapshot
325,602098,"Construction of Permanent Campus for IIM Jammu Phase-1 at Jagti, Nagrota, Jammu, J&K",Jammu and Kashmir,"Indian Institute of Management, Jammu",April 2026,1,1,0.2854735318201034,0.9999992167288241,True,True,0.6427363742744637,complete,none,Medium,v1-equal-weight-2026-04-snapshot
326,606431,CONSTRUCTION OF PERMANENT CAMPUS FOR IIT PALAKKAD UNDER PHASE 1A,Kerala,INDIAN INSTITUTE OF TECHNOLOGY PALAKKAD,April 2026,1,1,0.713024383287921,0.9999456956991813,True,True,0.8564850394935511,complete,none,High,v1-equal-weight-2026-04-snapshot
327,617878,Phase B of Construction of Permanent Campus of IIT Palakkad,Kerala,INDIAN INSTITUTE OF TECHNOLOGY PALAKKAD,April 2026,0,-1,0.09810491077792476,,True,False,0.09810491077792476,partial,time_overrun_probability,Low,v1-equal-weight-2026-04-snapshot
328,611957,"Phase III A works at IIT Indore [03 Hostels, 01 Studio Apartment, 01 Housing, Heavy & Sophisticated lab complex, Academic POD and Infrastructure for center of excellence]",Madhya Pradesh,"Indian Institute of Technology, Indore",April 2026,0,-1,0.07432282984205771,,True,False,0.07432282984205771,partial,time_overrun_probability,Low,v1-equal-weight-2026-04-snapshot
329,612885,Construction and Developement of National Institute of Technology Meghalaya Permanent Campus at Sohra,Meghalaya,"National Institute of Technology, Meghalaya",April 2026,0,1,0.4408085437117958,0.9991031772944149,True,True,0.7199558605031053,complete,none,High,v1-equal-weight-2026-04-snapshot
330,612876,"Construction of Permanent Campus for NIT Mizoram at Lengpui, Aizawl",Mizoram,NIT Mizoram,April 2026,0,0,0.39115114060635553,0.039955170416805665,True,True,0.2155531555115806,complete,none,Low,v1-equal-weight-2026-04-snapshot
331,613013,Establishment of NIT Nagaland,Nagaland,NIT Nagaland,April 2026,0,-1,0.3872256951881257,,True,False,0.3872256951881257,partial,time_overrun_probability,Medium,v1-equal-weight-2026-04-snapshot
332,610315,IISER BERHAMPUR,Odisha,"Indian Institutes of Science Education and Research, Behrampur",April 2026,0,1,0.44404188052235954,0.999752157827282,True,True,0.7218970191748207,complete,none,High,v1-equal-weight-2026-04-snapshot
333,611961,Construction of IIT Bhubaneswar -Phase III,Odisha,"Indian Institute of Technology, Bhubaneshwar",April 2026,0,-1,0.02615597983210716,,True,False,0.02615597983210716,partial,time_overrun_probability,Low,v1-equal-weight-2026-04-snapshot
334,619033,"1000 seater Boys hostel, 500 seater Girls hostel, 1.5 MLD Sewage Treatment Plant and Faculty Residence - 72 nos. Flats",Odisha,NIT Rourkela,April 2026,0,-1,0.04304623392635353,,True,False,0.04304623392635353,partial,time_overrun_probability,Low,v1-equal-weight-2026-04-snapshot
335,612877,Establishment of NIT Puducherry Permanent Campus [Phase-I and Phase-II],Puducherry,"National Institute of Technology, Puducherry",April 2026,0,1,0.5234115999330398,0.9757123322190707,True,True,0.7495619660760553,complete,none,High,v1-equal-weight-2026-04-snapshot
336,605292,"Construction of Permanent Campus of Indian Institute of Management [IIM] Amritsar, Punjab, Phase-I",Punjab,"Indian intitue of Management, Amritsar",April 2026,0,1,0.2646032361203774,0.9999913763874589,True,True,0.6322973062539181,complete,none,Medium,v1-equal-weight-2026-04-snapshot
337,617221,"Construction of Girls Hostel 400 seater, Boys Hostel 600 seater, Academic Block, International Hostel 100 seater, VC Residence and Purchase of Equipment",Punjab,Central University of Punjab,April 2026,0,-1,0.11082807099248544,,True,False,0.11082807099248544,partial,time_overrun_probability,Low,v1-equal-weight-2026-04-snapshot
338,609736,"Construction of Sikkim University Campus Phase-I Package-II at Yangang, South Sikkim",Sikkim,Sikkim University,April 2026,0,1,0.2288801526977839,0.9994654725375504,True,True,0.6141728126176671,complete,none,Medium,v1-equal-weight-2026-04-snapshot
339,612883,Establishment of Permanent Campus of NIT SIkkim at Khamdong-Gangtok District,Sikkim,NIT Sikkim,April 2026,0,0,0.11415685723885423,0.00033851731853449233,True,True,0.05724768727869436,complete,none,Low,v1-equal-weight-2026-04-snapshot
340,609996,Construction of Precast housing and hostels at IIT Hyderabad,Telangana,"Indian Institute of Technology, Hyderabad",April 2026,0,1,0.0931402123175574,0.9999480069854043,True,True,0.5465441096514808,complete,none,Medium,v1-equal-weight-2026-04-snapshot
341,606479,Banaras Hindu University [ Kayakalp of Institute of Medical Sciences],Uttar Pradesh,Banaras Hindu University,April 2026,0,1,0.2042334240714524,0.9999998873703373,True,True,0.6021166557208948,complete,none,Medium,v1-equal-weight-2026-04-snapshot
342,611963,"Construction & Development of Infrastructural Facilities in the main campus of NIT Uttarakhand at Sumari, Pauri Garhwal",Uttarakhand,National Institute of Technology Uttarakhand,April 2026,0,-1,0.3656494347903178,,True,False,0.3656494347903178,partial,time_overrun_probability,Medium,v1-equal-weight-2026-04-snapshot
343,609019,"HEFA projects on development of student hostels, playgrounds, departmental buildings, class room complex and other campus facilities in IIT Kharagpur",West Bengal,"Indian Institute of Technology, Kharagpur",April 2026,0,1,0.26989754513629904,0.9999985962556069,True,True,0.6349480706959529,complete,none,Medium,v1-equal-weight-2026-04-snapshot
344,400081,"National Sports University [NSU], Imphal [Manipur]",Manipur,Department of Sports & Youth Affairs,April 2026,0,1,0.4244980328948418,0.9999894669540591,True,True,0.7122437499244505,complete,none,High,v1-equal-weight-2026-04-snapshot
345,709754,"Construction of LPG Facilities at Kamardanga, Assam",Assam,Hindustan Petroleum Corporation Limited,April 2026,0,0,0.09366528737237745,0.0016554056750833226,True,True,0.047660346523730385,complete,none,Low,v1-equal-weight-2026-04-snapshot
346,709755,"Setting up of new rail fed POL facility at Kamardanga, Assam",Assam,Hindustan Petroleum Corporation Limited [HPCL],April 2026,0,0,0.06436264723383861,0.00456687774036301,True,True,0.03446476248710081,complete,none,Low,v1-equal-weight-2026-04-snapshot
347,617839,Capacity Augmentation of Kandla LPG Import Terminal [KLIT] from 0.6 MMTPA to 2.5 MMTPA,Gujarat,Ministry of Petroleum & Natural Gas,April 2026,0,0,0.07885910422875345,0.008439754426638088,True,True,0.04364942932769577,complete,none,Low,v1-equal-weight-2026-04-snapshot
348,604833,"Andheri Residential Towers, Mumbai",Maharashtra,Ministry of Petroleum & Natural Gas,April 2026,1,1,0.6123573690688576,0.9985056433222705,True,True,0.8054315061955641,complete,none,High,v1-equal-weight-2026-04-snapshot
349,619313,Setting up of 50 MW [plus/minus 5 percent] Wind Power Plant for Captive Consumption at MR,Maharashtra,Ministry of Petroleum & Natural Gas,April 2026,0,0,0.09948451284087594,0.0014889523655923925,True,True,0.05048673260323416,complete,none,Low,v1-equal-weight-2026-04-snapshot
350,617829,LPG Bottling Plant at Mualkhang,Mizoram,Ministry of Petroleum & Natural Gas,April 2026,0,0,0.0933378567881279,0.002256688239415976,True,True,0.047797272513771936,complete,none,Low,v1-equal-weight-2026-04-snapshot
351,701343,Srikakulam Angul Gas Pipeline Project,"Multi-States (Andhra Pradesh, Odisha)",Ministry of Petroleum & Natural Gas,April 2026,1,1,0.7630418804526505,0.9999114280201029,True,True,0.8814766542363768,complete,none,High,v1-equal-weight-2026-04-snapshot
352,701349,Paradip-Numaligarh Crude Oil Pipeline [PNCPL] & Crude Oil Import Terminal [COIT] at Paradip,"Multi-States (Assam, Bihar, Jharkhand, Odisha, West Bengal)",Ministry of Petroleum & Natural Gas,April 2026,1,1,0.6959499086666725,0.9983613329256444,True,True,0.8471556207961585,complete,none,High,v1-equal-weight-2026-04-snapshot
353,400078,New Mundra Panipat Crude Oil Pipeline,"Multi-States (Gujarat, Haryana, Rajasthan)",Ministry of Petroleum & Natural Gas,April 2026,0,1,0.4087130956554613,0.9996672548803525,True,True,0.704190175267907,complete,none,High,v1-equal-weight-2026-04-snapshot
354,400012,Kandla Gorakhpur LPG Pipeline,"Multi-States (Gujarat, Madhya Pradesh, Uttar Pradesh)",Ministry of Petroleum & Natural Gas,April 2026,0,1,0.4982470665554587,0.99940487726303,True,True,0.7488259719092443,complete,none,High,v1-equal-weight-2026-04-snapshot
355,400301,Multi Product Pipeline from Irugur to Devangonthi,"Multi-States (Karnataka, Tamil Nadu)","Department of Water Resources, River Development & GR",April 2026,1,1,0.6706650799004658,0.9999882251399065,True,True,0.8353266525201861,complete,none,High,v1-equal-weight-2026-04-snapshot
356,701263,Rajasthan Refinery Project,Rajasthan,Ministry of Petroleum & Natural Gas,April 2026,1,1,0.7107811138403775,0.9998979860969809,True,True,0.8553395499686791,complete,none,High,v1-equal-weight-2026-04-snapshot
357,709759,"Petrochemical evacuation marketing terminal at Barmer, Rajasthan",Rajasthan,Hindustan Petroleum Corporation Limited [HPCL],April 2026,0,0,0.03862508463516262,0.8527076500741754,True,True,0.445666367354669,complete,none,Medium,v1-equal-weight-2026-04-snapshot
358,400043,Laying of POL Pipelines in Common Corridor for proposed grass root terminal at Vallur [Chennai],Tamil Nadu,Ministry of Petroleum & Natural Gas,April 2026,0,0,0.2290868395011163,0.24519455659476302,True,True,0.23714069804793966,complete,none,Low,v1-equal-weight-2026-04-snapshot
359,400035,"Grass Root Rail-fed Depot at Sekerkote, Agartala as resitement of existing Dharmanagar Depot",Tripura,Indian Oil Corporation Limited [IOCL],April 2026,0,1,0.1467073021362438,0.9999876299439784,True,True,0.5733474660401111,complete,none,Medium,v1-equal-weight-2026-04-snapshot
360,604852,"Grass-root Terminal at Mirzapur, Uttar Pradesh",Uttar Pradesh,Ministry of Petroleum & Natural Gas,April 2026,0,0,0.2292189189126464,0.0029949798616824004,True,True,0.1161069493871644,complete,none,Low,v1-equal-weight-2026-04-snapshot
361,400120,KG-DWN-98/2 Cluster - II Development Project - NELP Block,Andhra Pradesh,Oil and Natural Gas Corporation Limited [ONGC],April 2026,0,1,0.538669138876267,0.999994344472129,True,True,0.769331741674198,complete,none,High,v1-equal-weight-2026-04-snapshot
362,619226,Provision of four bitumen tanks with capacity of 5 TMT each at Visakh Refinery,Andhra Pradesh,Ministry of Petroleum and Natural Gas,April 2026,0,0,0.04378266169556245,0.0019285188428319639,True,True,0.022855590269197205,complete,none,Low,v1-equal-weight-2026-04-snapshot
363,709752,HP-COAT [Crude to Olefins and Aromatics Technology] demo unit at Visakh Refinery,Andhra Pradesh,Hindustan Petroleum Corporation Limited,April 2026,1,1,0.18045560915839381,0.999755867632232,True,True,0.5901057383953129,complete,none,Medium,v1-equal-weight-2026-04-snapshot
364,604791,Numaligarh Refinery Expansion Project,Assam,Ministry of Petroleum & Natural Gas,April 2026,1,1,0.6602779373746643,0.9998822882291586,True,True,0.8300801128019115,complete,none,High,v1-equal-weight-2026-04-snapshot
365,604863,Development of Surface Facilities for production and evacuation of Crude Oil and Natural Gas from Nadua and East Khagorija,Assam,Ministry of Petroleum & Natural Gas,April 2026,1,1,0.37003002736265844,0.9999967200549795,True,True,0.685013373708819,complete,none,High,v1-equal-weight-2026-04-snapshot
366,607701,"Guwahati Refinery Expansion [1.0 to 1.2 MMTPA] along with installation of CRU, Guwahati Refinery",Assam,Ministry of Petroleum & Natural Gas,April 2026,1,1,0.5001416640903743,0.9999881996287423,True,True,0.7500649318595582,complete,none,High,v1-equal-weight-2026-04-snapshot
367,616858,"Construction of Field Gas Gathering Station at Baghjan area for collection, processing & transportation of natural Gas to be produced from Baghjan Field",Assam,Ministry of Petroleum & Natural Gas,April 2026,0,1,0.21452753091666904,0.9988322981712217,True,True,0.6066799145439453,complete,none,Medium,v1-equal-weight-2026-04-snapshot
368,617836,Coke Drum Structure Package,Assam,Ministry of Petroleum & Natural Gas,April 2026,0,1,0.1410519028433358,0.9962053539694858,True,True,0.5686286284064108,complete,none,Medium,v1-equal-weight-2026-04-snapshot
369,619316,"Group Gathering Station, Lakwagaon",Assam,Ministry of Petroleum & Natural Gas,April 2026,0,0,0.054902963262084103,0.0031430540387888863,True,True,0.029023008650436496,complete,none,Low,v1-equal-weight-2026-04-snapshot
370,709776,Augmentation/Revamping of Facilities at existing Guwahati Terminal at Betkuchi,Assam,Ministry of Petroleum & Natural Gas,April 2026,1,0,0.5206153339335174,0.0005161665411105697,True,True,0.260565750237314,complete,none,Low,v1-equal-weight-2026-04-snapshot
371,709779,Capacity Expansion of Digboi Refinery from 0.65 to 1.0 MMTPA,Assam,Ministry of Petroleum & Natural Gas,April 2026,0,1,0.19705514876328592,0.9912594817210802,True,True,0.5941573152421831,complete,none,Medium,v1-equal-weight-2026-04-snapshot
372,709847,Pipeline Network Project Rudrasagar,Assam,Ministry of Petroleum & Natural Gas,April 2026,0,1,0.08139072530345777,0.9805947858621109,True,True,0.5309927555827844,complete,none,Medium,v1-equal-weight-2026-04-snapshot
373,709850,Borholla GGS Life Extension Project [BLEP],Assam,Ministry of Petroleum & Natural Gas,April 2026,0,1,0.10311309461845981,0.9954091196737803,True,True,0.5492611071461201,complete,none,Medium,v1-equal-weight-2026-04-snapshot
374,709864,DCU Revamp Project,Assam,NRL,April 2026,0,1,0.1270991871365656,0.9999965363877141,True,True,0.5635478617621399,complete,none,Medium,v1-equal-weight-2026-04-snapshot
375,709865,Power Recovery Turbine [PRT] in PFCCU unit as an Energy Conservation Scheme,Assam,NRL,April 2026,0,1,0.06256159657827262,0.9999863057694015,True,True,0.531273951173837,complete,none,Medium,v1-equal-weight-2026-04-snapshot
376,617304,"Setting up of LPG Plant with Rail Unloading Facility at Hathua, Dist. Gopalganj, Bihar",Bihar,Ministry of Petroleum & Natural Gas,April 2026,0,0,0.18483655860916656,0.0008278171590377837,True,True,0.09283218788410218,complete,none,Low,v1-equal-weight-2026-04-snapshot
377,701324,Barauni Refinery Capacity Expansion from 6.0 to 9.0 MMTPA,Bihar,Ministry of Petroleum & Natural Gas,April 2026,1,1,0.7162660877912341,0.999835529999296,True,True,0.8580508088952651,complete,none,High,v1-equal-weight-2026-04-snapshot
378,709777,Installation of Bitumen Manufacturing Unit along with allied facilities at Barauni Refinery,Bihar,Ministry of Petroleum & Natural Gas,April 2026,0,1,0.26002779631403156,0.9999801797712914,True,True,0.6300039880426614,complete,none,Medium,v1-equal-weight-2026-04-snapshot
379,709792,"City Gas Distribution Projects at Darbhanga, Madhubani, Supaul, Sitamarhi and Sheohar districts",Bihar,Bharat Petroleum Corporation Limited [BPCL],April 2026,0,0,0.1566989466789148,0.0018874049515952803,True,True,0.07929317581525504,complete,none,Low,v1-equal-weight-2026-04-snapshot
380,709793,"City Gas Distribution Projects at Gopalganj, Siwan, West Champaran, East Champaran and Deoria districts",Bihar,Bharat Petroleum Corporation Limited [BPCL],April 2026,0,0,0.16276987808727358,0.00020275154738060624,True,True,0.0814863148173271,complete,none,Low,v1-equal-weight-2026-04-snapshot
381,617819,"City Gas Distribution [CGD] Project in Kondagaon, Bastar, Sukma, Narayanpur, Bijapur & Dantewada GA",Chhattisgarh,Ministry of Petroleum & Natural Gas,April 2026,0,0,0.15287036589589065,0.000453252255592665,True,True,0.07666180907574166,complete,none,Low,v1-equal-weight-2026-04-snapshot
382,400087,Redevelopment of Sobhasan Complex,Gujarat,Oil and Natural Gas Corporation Limited [ONGC],April 2026,1,0,0.547110981092059,0.0026529680558334268,True,True,0.27488197457394625,complete,none,Low,v1-equal-weight-2026-04-snapshot
383,400167,Redevelopment of Santhal Field [Onshore-Mehsana Asset],Gujarat,Oil and Natural Gas Corporation Limited [ONGC],April 2026,0,1,0.5131639158080088,0.9925129614046814,True,True,0.7528384386063451,complete,none,High,v1-equal-weight-2026-04-snapshot
384,400169,Redevelopment of Linch Field,Gujarat,Oil and Natural Gas Corporation Limited [ONGC],April 2026,1,1,0.4601898036030105,0.9999612490261066,True,True,0.7300755263145585,complete,none,High,v1-equal-weight-2026-04-snapshot
385,701329,Petrochemical and Lube Integration Project at Gujarat Refinery,Gujarat,Ministry of Petroleum & Natural Gas,April 2026,0,1,0.5210524324337773,0.9994294607688525,True,True,0.7602409466013149,complete,none,High,v1-equal-weight-2026-04-snapshot
386,709778,Installation of new Biturox Unit along with allied facilities at Gujarat Refinery,Gujarat,Ministry of Petroleum & Natural Gas,April 2026,1,1,0.3738265918382486,0.9997836996962339,True,True,0.6868051457672413,complete,none,High,v1-equal-weight-2026-04-snapshot
387,709838,Commercial Polymer Flooding Project in Bechraji field,Gujarat,Oil and Natural Gas Corporation Limited [ONGC],April 2026,1,1,0.5013901762981382,0.9999988532029214,True,True,0.7506945147505297,complete,none,High,v1-equal-weight-2026-04-snapshot
388,709840,"Restoration of Gas Terminal, Phase-I [Part-A], Hazira",Gujarat,Oil and Natural Gas Corporation Limited [ONGC],April 2026,0,1,0.34343019162244587,0.9999990522303698,True,True,0.6717146219264079,complete,none,High,v1-equal-weight-2026-04-snapshot
389,709841,Old Pipe Line Replacement [OPRP] Group-A,Gujarat,Oil and Natural Gas Corporation Limited [ONGC],April 2026,0,1,0.32925413340247855,0.9992008827126952,True,True,0.6642275080575869,complete,none,High,v1-equal-weight-2026-04-snapshot
390,709842,"Kalol Redevelopment Project, Ahmedabad Asset",Gujarat,Oil and Natural Gas Corporation Limited [ONGC],April 2026,0,0,0.3469287425446444,0.0007236836910945614,True,True,0.17382621311786947,complete,none,Low,v1-equal-weight-2026-04-snapshot
391,709845,"Revamping of SV Stations, Gas Terminal & Kribhco Terminal",Gujarat,Oil and Natural Gas Corporation Limited [ONGC],April 2026,0,0,0.27979456352989795,0.005661682222528699,True,True,0.14272812287621334,complete,none,Low,v1-equal-weight-2026-04-snapshot
392,604853,"Indian Oil Technology Development and Deployment Centre at R&D Campus-II, Faridabad",Haryana,Ministry of Petroleum & Natural Gas,April 2026,1,1,0.8400619457873091,0.9999857488959925,True,True,0.9200238473416508,complete,none,High,v1-equal-weight-2026-04-snapshot
393,611917,Poly Butadiene Rubber plant at Panipat,Haryana,Indian Oil Corporation Limited [IOCL],April 2026,1,1,0.6457151716007631,0.999999144981555,True,True,0.822857158291159,complete,none,High,v1-equal-weight-2026-04-snapshot
394,619196,Change of service of existing Mundra-Panipat Pipeline [Panipat - Churwa section] from Crude oil to Product,Haryana,IOCL,April 2026,0,-1,0.07344579449755427,,True,False,0.07344579449755427,partial,time_overrun_probability,Low,v1-equal-weight-2026-04-snapshot
395,701289,Capacity Expansion of Panipat Refinery from 15 to 25 MMTPA,Haryana,Ministry of Petroleum & Natural Gas,April 2026,1,1,0.7960109193559168,0.9997955511946126,True,True,0.8979032352752647,complete,none,High,v1-equal-weight-2026-04-snapshot
396,709783,"Installation of Multiple Effect Evaporator [MEE] for ETP-1, 2 & 4 of Panipat Refinery and Petrochemical Complex.",Haryana,Ministry of Petroleum & Natural Gas,April 2026,1,1,0.5494527780215236,0.9602629468947037,True,True,0.7548578624581137,complete,none,High,v1-equal-weight-2026-04-snapshot
397,709773,"City Gas Distribution Project at Jammu, Udhampur, Reasi, Samba and Kathua Districts",Jammu and Kashmir,Ministry of Petroleum & Natural Gas,April 2026,0,1,0.18292295839975245,0.946324769899454,True,True,0.5646238641496032,complete,none,Medium,v1-equal-weight-2026-04-snapshot
398,610984,Development of Jharia CBM Block [Phase-1],Jharkhand,Oil and Natural Gas Corporation Limited [ONGC],April 2026,0,1,0.1801073779781418,0.9999696995203815,True,True,0.5900385387492617,complete,none,Medium,v1-equal-weight-2026-04-snapshot
399,709785,Laying of Natural Gas Pipeline from Hazaribagh to Ranchi [HRPL],Jharkhand,Ministry of Petroleum & Natural Gas,April 2026,0,1,0.08471097406620971,0.9852828473571342,True,True,0.534996910711672,complete,none,Medium,v1-equal-weight-2026-04-snapshot
400,612790,Power System Upgradation Project,Karnataka,Mangalore Refinary and Petrochemicals Limited,April 2026,0,1,0.031540871590180715,0.9999508270177151,True,True,0.515745849303948,complete,none,Medium,v1-equal-weight-2026-04-snapshot
401,616879,Demo Bio-ATF Project,Karnataka,Ministry of Petroleum & Natural Gas,April 2026,0,0,0.05263921616429187,0.0005986478669644465,True,True,0.026618932015628156,complete,none,Low,v1-equal-weight-2026-04-snapshot
402,709774,Revamping/ Augmentation of facilities at existing port terminal at Mangalore,Karnataka,Ministry of Petroleum & Natural Gas,April 2026,1,1,0.18278372837144985,0.9998941089158067,True,True,0.5913389186436282,complete,none,Medium,v1-equal-weight-2026-04-snapshot
403,617838,Augmentation of CCKPL and IDPL Pipelines capacity along with setting up of Palakkad TOP,Kerala,Ministry of Petroleum & Natural Gas,April 2026,0,0,0.20540883896842474,0.0003243029823473647,True,True,0.10286657097538605,complete,none,Low,v1-equal-weight-2026-04-snapshot
404,709799,Setting up Polypropylene Unit at Kochi Refinery,Kerala,Ministry of Petroleum & Natural Gas,April 2026,1,0,0.4533092757861447,0.002046103627714972,True,True,0.22767768970692984,complete,none,Low,v1-equal-weight-2026-04-snapshot
405,617830,C2/C3 Vijaipur Pata Pipeline,Madhya Pradesh,Ministry of Petroleum & Natural Gas,April 2026,0,0,0.1783372936908866,0.0002279633181484622,True,True,0.08928262850451753,complete,none,Low,v1-equal-weight-2026-04-snapshot
406,709798,Ethylene Cracker Project at Bina Refinery including downstream Petrochemical Plants and expansion of Refinery,Madhya Pradesh,Ministry of Petroleum & Natural Gas,April 2026,0,0,0.42379205999356473,0.004907034782452974,True,True,0.21434954738800885,complete,none,Low,v1-equal-weight-2026-04-snapshot
407,400168,"500 KTA PDHPP Project, Usar",Maharashtra,Ministry of Petroleum & Natural Gas,April 2026,1,1,0.6483487470346156,0.9982713343806482,True,True,0.8233100407076319,complete,none,High,v1-equal-weight-2026-04-snapshot
408,616933,Lube Modernization & Bottom Upgradation Project at Mumbai Refinery,Maharashtra,Ministry of Petroleum and Natural Gas,April 2026,0,0,0.11082701630370083,0.002230818362160954,True,True,0.05652891733293089,complete,none,Low,v1-equal-weight-2026-04-snapshot
409,619223,Petro Resid Fluidized Catalytic Cracking [PRFCC] Unit and its associated facilities at Mumbai Refinery,Maharashtra,Ministry of Petroleum & Natural Gas,April 2026,0,0,0.25499233984140524,0.000962780186122502,True,True,0.12797756001376387,complete,none,Low,v1-equal-weight-2026-04-snapshot
410,619224,Augmentation of DUPL-DPPL Pipeline,Maharashtra,Ministry of Petroleum & Natural Gas,April 2026,0,0,0.11297139149838893,0.00011952823301508693,True,True,0.05654545986570201,complete,none,Low,v1-equal-weight-2026-04-snapshot
411,619225,Installation of Compression facility at GAIL Usar,Maharashtra,Ministry of Petroleum & Natural Gas,April 2026,0,0,0.09266416443674358,0.0007102042058080018,True,True,0.04668718432127579,complete,none,Low,v1-equal-weight-2026-04-snapshot
412,709760,HP TDAE Unit in Mumbai Refinery,Maharashtra,Hindustan Petroleum Corporation Limited,April 2026,0,1,0.055179137115385926,0.996221391608326,True,True,0.525700264361856,complete,none,Medium,v1-equal-weight-2026-04-snapshot
413,709771,"City Gas Distribution Project at Beed, Jalgaon and Jalna Districts",Maharashtra,Ministry of Petroleum & Natural Gas,April 2026,0,0,0.2764222591375584,0.0016689148738273114,True,True,0.13904558700569286,complete,none,Low,v1-equal-weight-2026-04-snapshot
414,709780,Construction of Additional Tankages and Allied Facilities at JNPT Terminal,Maharashtra,Ministry of Petroleum & Natural Gas,April 2026,1,0,0.5077207574317895,0.007645241976758369,True,True,0.25768299970427394,complete,none,Low,v1-equal-weight-2026-04-snapshot
415,709782,ATF Pipeline from Jawaharlal Nehru Port Trust to Navi Mumbai International Airport,Maharashtra,Indian Oil Corporation Limited [IOCL],April 2026,0,1,0.13318222256934084,0.9842138392878086,True,True,0.5586980309285747,complete,none,Medium,v1-equal-weight-2026-04-snapshot
416,709797,POL & LOBS Installations with Receipt Pipelines at Rasayani,Maharashtra,Bharat Petroleum Corporation Limited [BPCL],April 2026,0,0,0.18543934994032518,0.005590894649440632,True,True,0.0955151222948829,complete,none,Low,v1-equal-weight-2026-04-snapshot
417,616254,Visakh Raipur Pipeline Project,"Multi-States (Andhra Pradesh, Chhattisgarh, Odisha)",Ministry of Petroleum and Natural Gas,April 2026,0,0,0.10471935937369688,0.0010355020433986408,True,True,0.05287743070854776,complete,none,Low,v1-equal-weight-2026-04-snapshot
418,701346,North East Gas Grid,"Multi-States (Arunachal Pradesh, Assam, Manipur, Meghalaya, Mizoram, Nagaland, Sikkim, Tripura, West Bengal)",Ministry of Petroleum & Natural Gas,April 2026,0,1,0.570639647292602,0.9999028190071869,True,True,0.7852712331498944,complete,none,High,v1-equal-weight-2026-04-snapshot
419,617827,"Pipeline Rehabilitation Project, Phase-II","Multi-States (Assam, Bihar, West Bengal)",Ministry of Petroleum & Natural Gas,April 2026,0,0,0.14675499016919222,6.309599253381401e-05,True,True,0.07340904308086302,complete,none,Low,v1-equal-weight-2026-04-snapshot
420,709757,"CGD Project in Banka, Dumka, Godda, Jamtara, Pakur, Sahibganj GA ID 11A.02","Multi-States (Bihar, Jharkhand)",Hindustan Petroleum Corporation Limited,April 2026,0,0,0.3772491629953192,5.411268348567169e-05,True,True,0.18865163783940242,complete,none,Low,v1-equal-weight-2026-04-snapshot
421,701354,Mumbai Nagpur Jharsuguda Pipeline Project,"Multi-States (Chhattisgarh, Madhya Pradesh, Maharashtra, Odisha)",Ministry of Petroleum & Natural Gas,April 2026,1,1,0.6796874403029979,0.9999916132951375,True,True,0.8398395267990677,complete,none,High,v1-equal-weight-2026-04-snapshot
422,701330,Mehsana-Bhatinda & Bhatinda-Jammu Natural Gas Pipeline,"Multi-States (Gujarat, Haryana, Punjab, Rajasthan)",Ministry of Petroleum & Natural Gas,April 2026,0,1,0.49138155612132706,0.9992009357934928,True,True,0.7452912459574099,complete,none,High,v1-equal-weight-2026-04-snapshot
423,612853,Gurdaspur Jammu Pipeline,"Multi-States (Jammu and Kashmir, Punjab)",Gas Authority of India Limited [GAIL],April 2026,0,0,0.10751234641412209,0.9990544872828436,True,True,0.5532834168484828,complete,none,Medium,v1-equal-weight-2026-04-snapshot
424,701228,Kochi - Koottanad - Bangalore - Mangalore Pipeline Phase-II,"Multi-States (Karnataka, Kerala, Tamil Nadu)",Ministry of Petroleum & Natural Gas,April 2026,1,1,0.8223631165396904,0.9999996008661182,True,True,0.9111813587029043,complete,none,High,v1-equal-weight-2026-04-snapshot
425,701338,City Gas Distribution Maharashtra Natural Gas Limited,"Multi-States (Karnataka, Maharashtra)",Ministry of Petroleum & Natural Gas,April 2026,0,0,0.42530465805743406,0.9789415296488054,True,True,0.7021230938531198,complete,none,High,v1-equal-weight-2026-04-snapshot
426,701344,Dhamra Haldia Pipeline Project,"Multi-States (Odisha, West Bengal)",Ministry of Petroleum & Natural Gas,April 2026,1,1,0.7309043035908058,0.9999990823029439,True,True,0.8654516929468749,complete,none,High,v1-equal-weight-2026-04-snapshot
427,709794,"City Gas Distribution Projects at Fazilka [except area already authorized], Ganganagar and Hanumangarh districts","Multi-States (Punjab, Rajasthan)",Bharat Petroleum Corporation Limited [BPCL],April 2026,0,0,0.2057798099620985,0.007231757071945437,True,True,0.10650578351702196,complete,none,Low,v1-equal-weight-2026-04-snapshot
428,709786,"Augmentation/ Revamping of Dimapur Depot, Dimapur",Nagaland,Ministry of Petroleum & Natural Gas,April 2026,0,0,0.116820461511899,0.0007134191803236037,True,True,0.0587669403461113,complete,none,Low,v1-equal-weight-2026-04-snapshot
429,604859,Integrated Para Xylene [PX] and Purified Terephthalic Acid [PTA] Project at Paradip Refinery,Odisha,Ministry of Petroleum & Natural Gas,April 2026,0,1,0.5604330913542056,0.9999022389591968,True,True,0.7801676651567012,complete,none,High,v1-equal-weight-2026-04-snapshot
430,617818,"City Gas Distribution [CGD] Project in Gajapati, Kandhamal, Boudh, & Sonepur GA",Odisha,Ministry of Petroleum & Natural Gas,April 2026,0,1,0.13601379801159363,0.002025858608886317,True,True,0.06901982831023998,complete,none,Low,v1-equal-weight-2026-04-snapshot
431,709800,"CUF POL Depot at Sadashibpur [Meramundali], Odisha",Odisha,Ministry of Petroleum & Natural Gas,April 2026,0,1,0.213719666118886,0.9941798154607189,True,True,0.6039497407898025,complete,none,Medium,v1-equal-weight-2026-04-snapshot
432,400119,Life Extension of 48 well platforms of Mumbai High & Heera Fields,Offshore,Oil and Natural Gas Corporation Limited [ONGC],April 2026,1,1,0.6213928830924258,0.9999623829201288,True,True,0.8106776330062773,complete,none,High,v1-equal-weight-2026-04-snapshot
433,616950,PRP-VIII [Group-A],Offshore,Ministry of Petroleum & Natural Gas,April 2026,0,1,0.21785579627689589,0.9990452792909147,True,True,0.6084505377839053,complete,none,Medium,v1-equal-weight-2026-04-snapshot
434,619314,Pipeline Replacement Project- PRP-IX,Offshore,Ministry of Petroleum & Natural Gas,April 2026,0,-1,0.23383001283160063,,True,False,0.23383001283160063,partial,time_overrun_probability,Low,v1-equal-weight-2026-04-snapshot
435,709839,Daman Upside Development Project,Offshore,Oil and Natural Gas Corporation Limited [ONGC],April 2026,1,1,0.622694245943315,0.9999418934384631,True,True,0.811318069690889,complete,none,High,v1-equal-weight-2026-04-snapshot
436,709848,MHN TCPP PGC BGC Project [MTPBP],Offshore,Ministry of Petroleum & Natural Gas,April 2026,1,0,0.7001070470879321,0.9926464008897407,True,True,0.8463767239888365,complete,none,High,v1-equal-weight-2026-04-snapshot
437,709849,PRP-VIII Group B [NH & BS Asset],Offshore,Ministry of Petroleum & Natural Gas,April 2026,1,1,0.46690188163759333,0.9966034822692692,True,True,0.7317526819534312,complete,none,High,v1-equal-weight-2026-04-snapshot
438,709851,Integrated Development of 4 Contract Areas under DSF-II,Offshore,Ministry of Petroleum & Natural Gas,April 2026,0,0,0.34710131821355844,0.06874583503245156,True,True,0.207923576623005,complete,none,Low,v1-equal-weight-2026-04-snapshot
439,400171,2G Ethanol Biorefinery at Bathinda,Punjab,Hindustan Petroleum Corporation Limited [HPCL],April 2026,0,1,0.4736176852475264,0.9999996892817107,True,True,0.7368086872646186,complete,none,High,v1-equal-weight-2026-04-snapshot
440,709770,City Gas Distribution Project at Pathankot District,Punjab,Ministry of Petroleum & Natural Gas,April 2026,0,0,0.4054225133423887,0.004023133922454732,True,True,0.20472282363242172,complete,none,Low,v1-equal-weight-2026-04-snapshot
441,604795,CBR 9 MMTPA Project,Tamil Nadu,Chennai Petroleum Corporation Limited [CPCL],April 2026,1,1,0.6163037641935586,0.9996026657492546,True,True,0.8079532149714066,complete,none,High,v1-equal-weight-2026-04-snapshot
442,709750,Laying of new 28 inch Desal Water Pipeline and 10 inch Reject Water Pipeline between CPCL Manali Refinery and CPCL Desalination plant at Ennore,Tamil Nadu,Chennai Petroleum Corporation Limited [CPCL],April 2026,0,1,0.11413755712908884,0.9998435751774751,True,True,0.556990566153282,complete,none,Medium,v1-equal-weight-2026-04-snapshot
443,709796,City Gas Distribution Projects at the Nilgiris and Erode districts,Tamil Nadu,Bharat Petroleum Corporation Limited [BPCL],April 2026,0,0,0.1881552051934269,0.0027402035903298424,True,True,0.09544770439187837,complete,none,Low,v1-equal-weight-2026-04-snapshot
444,617822,ATF Pipeline from BPCLs Malkapur POL Installation to Hyderabad International airport,Telangana,Ministry of Petroleum & Natural Gas,April 2026,0,0,0.068499189673486,0.00075942451167771,True,True,0.03462930709258186,complete,none,Low,v1-equal-weight-2026-04-snapshot
445,709837,"Creation of Gas Dehydration Facilities, Tripura Asset",Tripura,Oil and Natural Gas Corporation Limited [ONGC],April 2026,0,1,0.21416806122524143,0.9999993917873131,True,True,0.6070837265062773,complete,none,Medium,v1-equal-weight-2026-04-snapshot
446,619191,Kanpur LPG Bottling Plant,Uttar Pradesh,Ministry of Petroleum & Natural Gas,April 2026,0,0,0.057101360810772335,0.008420849531807639,True,True,0.03276110517128999,complete,none,Low,v1-equal-weight-2026-04-snapshot
447,619312,Bulk Loading Hub- Kanpur,Uttar Pradesh,Ministry of Petroleum & Natural Gas,April 2026,0,0,0.06566319289571003,0.008969945585483644,True,True,0.037316569240596835,complete,none,Low,v1-equal-weight-2026-04-snapshot
448,709781,Revamping / Augmentation of Facilities at Mathura Bitumen Plant,Uttar Pradesh,Ministry of Petroleum & Natural Gas,April 2026,0,0,0.35784174869081037,0.007004692456348091,True,True,0.18242322057357924,complete,none,Low,v1-equal-weight-2026-04-snapshot
449,709795,"City Gas Distribution Projects at Lakhimpur Kheri , Sitapur, Bahraich, Shravasti,Balrampur, Siddharth Nagar & Maharajganj districts",Uttar Pradesh,Bharat Petroleum Corporation Limited [BPCL],April 2026,0,0,0.2907644602663436,0.0001529106148334696,True,True,0.14545868544058854,complete,none,Low,v1-equal-weight-2026-04-snapshot
450,617302,Durgapur - Haldia Pipeline [Section-3B of JHBDPL Project],West Bengal,Ministry of Petroleum & Natural Gas,April 2026,1,1,0.7844268098084953,0.9999923710768542,True,True,0.8922095904426748,complete,none,High,v1-equal-weight-2026-04-snapshot
451,617828,Siliguri-Jhapa Pipeline Project,West Bengal,Indian Oil Corporation Limited [IOCL],April 2026,0,1,0.05917344192598974,0.9492625786205156,True,True,0.5042180102732526,complete,none,Medium,v1-equal-weight-2026-04-snapshot
452,617837,Siliguri Marketing Terminal [SMT] Capacity Augmentation Project,West Bengal,Ministry of Petroleum & Natural Gas,April 2026,0,1,0.14076554636357191,0.9973127893729798,True,True,0.5690391678682759,complete,none,Medium,v1-equal-weight-2026-04-snapshot
453,709753,Haldia Panagarh Pipeline Project,West Bengal,Hindustan Petroleum Corporation Limited,April 2026,1,1,0.25867072355052195,0.9999827343527619,True,True,0.6293267289516419,complete,none,Medium,v1-equal-weight-2026-04-snapshot
454,709758,"CGD Project in Malda, Birbhum, Murshidabad, Dakshin Dinajpur GA ID 11A.03",West Bengal,Hindustan Petroleum Corporation Limited,April 2026,0,0,0.2904821238484564,0.0029945671574567096,True,True,0.14673834550295656,complete,none,Low,v1-equal-weight-2026-04-snapshot
455,709772,"City Gas Distribution Project at East Mednipore, West Mednipore & Jhargram Districts",West Bengal,Ministry of Petroleum & Natural Gas,April 2026,0,0,0.2029533183560741,0.0043366581860832054,True,True,0.10364498827107865,complete,none,Low,v1-equal-weight-2026-04-snapshot
456,709791,City Gas Distribution Projects at Alipurduar and Cooch Behar,West Bengal,Bharat Petroleum Corporation Limited [BPCL],April 2026,0,0,0.19651661438262066,0.0005420097525498258,True,True,0.09852931206758525,complete,none,Low,v1-equal-weight-2026-04-snapshot
457,701172,AIIMS Darbhanga,Bihar,PMSSY AND Institute of NATIONAL Importance,April 2026,0,-1,0.3001514511791053,,True,False,0.3001514511791053,partial,time_overrun_probability,Low,v1-equal-weight-2026-04-snapshot
458,707020,Establishment of new GMC Jamui,Bihar,"Medical Education, Ministry of Health and Family Welfare",April 2026,1,-1,0.7695323158508439,,True,False,0.7695323158508439,partial,time_overrun_probability,High,v1-equal-weight-2026-04-snapshot
459,707044,Establishment of new GMC Korba,Chhattisgarh,"Medical Education, Ministry of Health and Family Welfare",April 2026,0,-1,0.24351375991286564,,True,False,0.24351375991286564,partial,time_overrun_probability,Low,v1-equal-weight-2026-04-snapshot
460,707045,Establishment of new GMC Mahasamund,Chhattisgarh,"Medical Education, Ministry of Health and Family Welfare",April 2026,0,-1,0.2471598887448333,,True,False,0.2471598887448333,partial,time_overrun_probability,Low,v1-equal-weight-2026-04-snapshot
461,707046,Establishment of new GMC Kanker,Chhattisgarh,"Medical Education, Ministry of Health and Family Welfare",April 2026,0,-1,0.46142188922630445,,True,False,0.46142188922630445,partial,time_overrun_probability,Medium,v1-equal-weight-2026-04-snapshot
462,617882,"Setting up IT Infrastructure including Network Security and Hosting at AIIMS, New Delhi",Delhi,PMSSY AND Institute of NATIONAL Importance,April 2026,0,-1,0.03816053292509445,,True,False,0.03816053292509445,partial,time_overrun_probability,Low,v1-equal-weight-2026-04-snapshot
463,617883,"Redevelopment of Residential colonies at Ayur Vigyan Nagar and West Ansari Nagar campuses of AIIMS, New Delhi",Delhi,PMSSY AND Institute of NATIONAL Importance,April 2026,0,-1,0.46029478840721205,,True,False,0.46029478840721205,partial,time_overrun_probability,Medium,v1-equal-weight-2026-04-snapshot
464,701170,AIIMS Rajkot,Gujarat,PMSSY AND Institute of NATIONAL Importance,April 2026,0,0,0.5312932443656387,0.007782118509708791,True,True,0.26953768143767376,complete,none,Low,v1-equal-weight-2026-04-snapshot
465,707049,Establishment of new GMC Panchmahal,Gujarat,"Medical Education, Ministry of Health and Family Welfare",April 2026,1,-1,0.6376403978512354,,True,False,0.6376403978512354,partial,time_overrun_probability,Medium,v1-equal-weight-2026-04-snapshot
466,707050,Establishment of new GMC Porbandar,Gujarat,"Medical Education, Ministry of Health and Family Welfare",April 2026,1,-1,0.6310005982599853,,True,False,0.6310005982599853,partial,time_overrun_probability,Medium,v1-equal-weight-2026-04-snapshot
467,701173,AIIMS Majra Rewari Haryana,Haryana,PMSSY AND Institute of NATIONAL Importance,April 2026,1,0,0.8014451082424496,0.0061988051645413995,True,True,0.4038219567034955,complete,none,Medium,v1-equal-weight-2026-04-snapshot
468,701167,AIIMS Kashmir at Awantipora Jammu & Kashmir,Jammu and Kashmir,PMSSY AND Institute of NATIONAL Importance,April 2026,1,1,0.7560324618819136,0.999182901512807,True,True,0.8776076816973604,complete,none,High,v1-equal-weight-2026-04-snapshot
469,707021,Establishment of new GMC Koderma,Jharkhand,"Medical Education, Ministry of Health and Family Welfare",April 2026,1,-1,0.4834742159605668,,True,False,0.4834742159605668,partial,time_overrun_probability,Medium,v1-equal-weight-2026-04-snapshot
470,707022,Establishment of new GMC Chaibasa [Singhbhum],Jharkhand,"Medical Education, Ministry of Health and Family Welfare",April 2026,1,-1,0.7025090525119841,,True,False,0.7025090525119841,partial,time_overrun_probability,High,v1-equal-weight-2026-04-snapshot
471,707058,Establishment of new GMC Rajgarh,Madhya Pradesh,"Medical Education, Ministry of Health and Family Welfare",April 2026,0,-1,0.37122535073594565,,True,False,0.37122535073594565,partial,time_overrun_probability,Medium,v1-equal-weight-2026-04-snapshot
472,707059,Establishment of new GMC Mandla,Madhya Pradesh,"Medical Education, Ministry of Health and Family Welfare",April 2026,0,-1,0.2768114865441405,,True,False,0.2768114865441405,partial,time_overrun_probability,Low,v1-equal-weight-2026-04-snapshot
473,707069,Establishment of new GMC Kapurthala,Punjab,"Medical Education, Ministry of Health and Family Welfare",April 2026,1,-1,0.5295732264741616,,True,False,0.5295732264741616,partial,time_overrun_probability,Medium,v1-equal-weight-2026-04-snapshot
474,707070,Establishment of new GMC Hoshiarpur,Punjab,"Medical Education, Ministry of Health and Family Welfare",April 2026,1,-1,0.5148463963347115,,True,False,0.5148463963347115,partial,time_overrun_probability,Medium,v1-equal-weight-2026-04-snapshot
475,707039,Establishment of new GMC Gangtok,Sikkim,"Medical Education, Ministry of Health and Family Welfare",April 2026,1,-1,0.7195991340975246,,True,False,0.7195991340975246,partial,time_overrun_probability,High,v1-equal-weight-2026-04-snapshot
476,701168,ALL India Institute of Medical Sciences-AIIMS Madurai,Tamil Nadu,PMSSY AND Institute of NATIONAL Importance,April 2026,1,1,0.44084334161901845,0.9991742400417987,True,True,0.7200087908304086,complete,none,High,v1-equal-weight-2026-04-snapshot
477,701171,AIIMS Bibinagar,Telangana,PMSSY AND Institute of NATIONAL Importance,April 2026,1,0,0.6970412616714492,0.0063999615471230925,True,True,0.35172061160928614,complete,none,Medium,v1-equal-weight-2026-04-snapshot
478,707086,Establishment of new GMC Rudrapur,Uttarakhand,"Medical Education, Ministry of Health and Family Welfare",April 2026,0,-1,0.4733348794719107,,True,False,0.4733348794719107,partial,time_overrun_probability,Medium,v1-equal-weight-2026-04-snapshot
479,707087,Establishment of new GMC Pithoragarh,Uttarakhand,"Medical Education, Ministry of Health and Family Welfare",April 2026,1,-1,0.618576619298305,,True,False,0.618576619298305,partial,time_overrun_probability,Medium,v1-equal-weight-2026-04-snapshot
480,612167,"Construction of 350 beds + 50 Super Specialty beds ESIC Hospital Sheelanagar, Visakhapatnam, Andhra Pradesh",Andhra Pradesh,Employee's State Insurance Company [ESIC],April 2026,0,1,0.1926695010750456,0.9711078325146689,True,True,0.5818886667948573,complete,none,Medium,v1-equal-weight-2026-04-snapshot
481,612201,"Construction of 200 bedded ESIC Hospital with 62 Nos Staff quarters , Beltola",Assam,Employee's State Insurance Company [ESIC],April 2026,1,1,0.6493631801631633,0.9941262267337203,True,True,0.8217447034484417,complete,none,High,v1-equal-weight-2026-04-snapshot
482,612186,350 Bedded [Upgradable to 500 beds] ESI Hospital at Sanand,Gujarat,Employee's State Insurance Company [ESIC],April 2026,0,1,0.15246909692431196,0.9945281389944678,True,True,0.5734986179593898,complete,none,Medium,v1-equal-weight-2026-04-snapshot
483,612211,"Demolition, Construction and upgradation of ESI Hospital, Kalol, Gujarat from 50 beds to 150 beds.",Gujarat,Employee's State Insurance Company [ESIC],April 2026,0,1,0.22310916777398543,0.9997175044893413,True,True,0.6114133361316634,complete,none,Medium,v1-equal-weight-2026-04-snapshot
484,612745,"Construction of 200 bed ESI Hospital at Bommasandra, Karnataka",Karnataka,Employee's State Insurance Company [ESIC],April 2026,0,1,0.41038218389432723,0.9827827355415952,True,True,0.6965824597179613,complete,none,High,v1-equal-weight-2026-04-snapshot
485,612748,"Construction of 100 bed ESI Hospital and Staff Quarters [32 Nos.] at Harohalli, Karnataka",Karnataka,Employee's State Insurance Company [ESIC],April 2026,0,-1,0.4350830147278332,,True,False,0.4350830147278332,partial,time_overrun_probability,Medium,v1-equal-weight-2026-04-snapshot
486,612188,"Construction of 200 Bedded [Upgradable to 500 Bedded including 50 beds of SST] ESIC Hospital at Bibewadi, Pune",Maharashtra,Employee's State Insurance Company [ESIC],April 2026,0,1,0.3191841727149188,0.9995914799738735,True,True,0.6593878263443962,complete,none,High,v1-equal-weight-2026-04-snapshot
487,612213,"Construction of 200 Bedded ESIC Hospital at Butibori, Nagpur, Maharashtra.",Maharashtra,Employee's State Insurance Company [ESIC],April 2026,1,1,0.6744329243729449,0.9735237622286095,True,True,0.8239783433007772,complete,none,High,v1-equal-weight-2026-04-snapshot
488,616691,"Upgradation & Extension of ESIC Hospital and Construction of PG Hostel / Staff Housing for ESIC Hospital at Andheri, Mumbai",Maharashtra,Employee's State Insurance Company [ESIC],April 2026,0,1,0.5367911521134284,0.9960139593973819,True,True,0.7664025557554052,complete,none,High,v1-equal-weight-2026-04-snapshot
489,612513,"Construction of 100 Bedded ESI Hospital at Duburi, Odisha.",Odisha,Employee's State Insurance Company [ESIC],April 2026,0,-1,0.4393202111824946,,True,False,0.4393202111824946,partial,time_overrun_probability,Medium,v1-equal-weight-2026-04-snapshot
490,612259,CONSTRUCTION OF 300 BEDDED HOSPITAL AT HARIDWAR,Uttarakhand,Employee's State Insurance Company [ESIC],April 2026,1,1,0.6516632053035738,0.999881127641753,True,True,0.8257721664726634,complete,none,High,v1-equal-weight-2026-04-snapshot
491,701565,Jal Marg Vikas Project,"Multi-States (Bihar, Jharkhand, Uttar Pradesh, West Bengal)",Inland Waterways Authority of India [IWAI],April 2026,0,1,0.4319414174727673,0.9981732038938449,True,True,0.7150573106833061,complete,none,High,v1-equal-weight-2026-04-snapshot
492,609424,"Development of Container Terminal at Tuna-Tekra, Deendayal Port on BOT Basis Under PPP Mode",Gujarat,Deendayal Port Trust,April 2026,0,1,0.1951284762777191,0.98297317747142,True,True,0.5890508268745696,complete,none,Medium,v1-equal-weight-2026-04-snapshot
493,701570,"Replacement and revamping of pipeline projects in oil jetty area, Kandla",Gujarat,Deendayal Port Trust [DPT],April 2026,1,1,0.2561572800780834,0.998915311977188,True,True,0.6275362960276357,complete,none,Medium,v1-equal-weight-2026-04-snapshot
494,617804,Mechanization of Berth No.14 for handling Containers and other cargo on DBFOT basis - Phase II,Karnataka,New Mangalore Port Authority,April 2026,0,-1,0.10722118048567308,,True,False,0.10722118048567308,partial,time_overrun_probability,Low,v1-equal-weight-2026-04-snapshot
495,400382,Rewas Port Project,Maharashtra,Reliance Industries Ltd,April 2026,0,-1,0.35370770057434703,,True,False,0.35370770057434703,partial,time_overrun_probability,Medium,v1-equal-weight-2026-04-snapshot
496,701574,Deepening and Optimization of Inner Harbour facilities including development of Western Dock on BOT basis to handle Cape size vessels,Odisha,Paradip Port Trust [PPT],April 2026,0,1,0.30503622393041363,0.9729773836354807,True,True,0.6390068037829472,complete,none,Medium,v1-equal-weight-2026-04-snapshot
497,707215,National Maritime Heritage Complex [NMHC] Phase-I,Gujarat,Indian Port Rail & Ropeway Corporation Ltd. [IPRCL],April 2026,1,1,0.46088968125029595,0.9999418695724371,True,True,0.7304157754113665,complete,none,High,v1-equal-weight-2026-04-snapshot
498,707410,Integrated Multi Modal Logistics Hub at Nangal Chaudhary in Haryana - Other Trunk Infrastructure Development Phase 1,Haryana,National Highways & Infrastructure Development Corporation Ltd. [NHIDCL],April 2026,0,1,0.5630209638251698,0.9999255148823966,True,True,0.7814732393537831,complete,none,High,v1-equal-weight-2026-04-snapshot
499,617727,Orvakal Industrial Area,Andhra Pradesh,NICDC,April 2026,0,-1,0.08119354098224121,,True,False,0.08119354098224121,partial,time_overrun_probability,Low,v1-equal-weight-2026-04-snapshot
500,617729,Kopparthy Industrial Area,Andhra Pradesh,NICDC,April 2026,0,-1,0.07729639129838996,,True,False,0.07729639129838996,partial,time_overrun_probability,Low,v1-equal-weight-2026-04-snapshot
501,701658,Krishnapatnam Node - Phase 1 - Roads and Services Development,Andhra Pradesh,National Industrial Corridor Development Corporation,April 2026,0,-1,0.4227733341052658,,True,False,0.4227733341052658,partial,time_overrun_probability,Medium,v1-equal-weight-2026-04-snapshot
502,701657,Tumakuru Node - Phase 1 - Roads and Services Development,Karnataka,National Highways & Infrastructure Development Corporation Ltd. [NHIDCL],April 2026,0,-1,0.4212205405038867,,True,False,0.4212205405038867,partial,time_overrun_probability,Medium,v1-equal-weight-2026-04-snapshot
503,701668,Development of Palakkad Node under extension of CBIC to Kochi,Kerala,National Industrial Corridor Development Corporation,April 2026,0,-1,0.12573156344941133,,True,False,0.12573156344941133,partial,time_overrun_probability,Low,v1-equal-weight-2026-04-snapshot
504,601812,Development of Zaheerabad Node under Hyderabad Nagpur Industrial Corridor,Telangana,National Industrial Corridor Development Corporation,April 2026,0,-1,0.10199865131726227,,True,False,0.10199865131726227,partial,time_overrun_probability,Low,v1-equal-weight-2026-04-snapshot
505,707419,IMC at Prayagraj,Uttar Pradesh,National Industrial Corridor Development Corporation,April 2026,0,-1,0.08030913262110699,,True,False,0.08030913262110699,partial,time_overrun_probability,Low,v1-equal-weight-2026-04-snapshot
506,615202,Capacity expansion of Deposit-14 and 14 NMZ at Kirandul,Chhattisgarh,National Mineral Development Corporation Limited [NMDC],April 2026,1,0,0.6055421771322671,0.0002518744623992438,True,True,0.3028970257973332,complete,none,Low,v1-equal-weight-2026-04-snapshot
507,617243,Replacement of Hot Leveller No.1 of Plate Mill at Bhilai Steel Plant,Chhattisgarh,Steel Authority of India Limited [SAIL],April 2026,0,-1,0.046106079685841544,,True,False,0.046106079685841544,partial,time_overrun_probability,Low,v1-equal-weight-2026-04-snapshot
508,617255,"Replacement of Converter Vessels, Trunnion Rings, Support System & Installation of Secondary Emission at Bhilai Steel Plant",Chhattisgarh,Steel Authority of India Limited [SAIL],April 2026,0,-1,0.03429833763761299,,True,False,0.03429833763761299,partial,time_overrun_probability,Low,v1-equal-weight-2026-04-snapshot
509,617256,Rebuilding of Coke Oven Battery No.7 & 8 at Bhilai Steel Plant,Chhattisgarh,Steel Authority of India Limited [SAIL],April 2026,0,1,0.0931046521730671,0.9998593000142393,True,True,0.5464819760936532,complete,none,Medium,v1-equal-weight-2026-04-snapshot
510,706811,NMDC Slurry Pipeline Project Phase-1,Chhattisgarh,National Mineral Development Corporation Limited [NMDC],April 2026,1,1,0.7666598896143105,0.9999428103930871,True,True,0.8833013500036988,complete,none,High,v1-equal-weight-2026-04-snapshot
511,709826,SCREENING PLANT-III AT KIRANDUL,Chhattisgarh,National Mineral Development Corporation Limited [NMDC],April 2026,0,1,0.5880017507894766,0.9464933485525392,True,True,0.7672475496710078,complete,none,High,v1-equal-weight-2026-04-snapshot
512,400174,"New Sinter Plant at BSL, SAIL",Jharkhand,Steel Authority of India Limited [SAIL],April 2026,1,1,0.6964469613116582,0.9999890945852764,True,True,0.8482180279484672,complete,none,High,v1-equal-weight-2026-04-snapshot
513,617249,Replacement of existing Grinders in CRM-I & II at Bokaro Steel Plant,Jharkhand,Steel Authority of India Limited [SAIL],April 2026,0,-1,0.03467734899509989,,True,False,0.03467734899509989,partial,time_overrun_probability,Low,v1-equal-weight-2026-04-snapshot
514,617250,Secondary Emission Control in Converters of SMS-II at Bokaro Steel Plant,Jharkhand,Steel Authority of India Limited [SAIL],April 2026,0,-1,0.028553436398846048,,True,False,0.028553436398846048,partial,time_overrun_probability,Low,v1-equal-weight-2026-04-snapshot
515,617253,Revamping of old sub-systems of Blast Furnace 3 at Bokaro Steel Plant,Jharkhand,Steel Authority of India Limited [SAIL],April 2026,0,1,0.04343695895964557,0.9999492337370268,True,True,0.5216930963483362,complete,none,Medium,v1-equal-weight-2026-04-snapshot
516,617254,Replacement of remaining 04 sets of Battery Cyclones with 04 Nos. of ESPs in Sinter Plant-1 at Bokaro Steel Plant,Jharkhand,Steel Authority of India Limited [SAIL],April 2026,0,1,0.05857697299724436,0.9680202687860023,True,True,0.5132986208916234,complete,none,Medium,v1-equal-weight-2026-04-snapshot
517,617257,Rebuilding of Coke Oven Battery No.6 at Bokaro Steel Plant,Jharkhand,Steel Authority of India Limited [SAIL],April 2026,0,-1,0.06967988919979198,,True,False,0.06967988919979198,partial,time_overrun_probability,Low,v1-equal-weight-2026-04-snapshot
518,400121,"Construction of Screening Plant-II for Donimalai and Kumaraswamy Iron Ore Mining Complex of NMDC Limited at Ballari Dt, Karnataka.",Karnataka,National Mineral Development Corporation Limited [NMDC],April 2026,0,-1,0.5718456687174366,,True,False,0.5718456687174366,partial,time_overrun_probability,Medium,v1-equal-weight-2026-04-snapshot
519,612781,Rebuilding of COB 4 at Durgapur Steel Plant,West Bengal,Steel Authority of India Limited [SAIL],April 2026,0,1,0.13317383671148744,0.9996035322582171,True,True,0.5663886844848522,complete,none,Medium,v1-equal-weight-2026-04-snapshot
520,617242,Installation of New Bar Mill at Durgapur Steel Plant,West Bengal,Steel Authority of India Limited [SAIL],April 2026,0,-1,0.07186503069975742,,True,False,0.07186503069975742,partial,time_overrun_probability,Low,v1-equal-weight-2026-04-snapshot
521,617246,Up-gradation of Blast Furnace No. 3 at Durgapur Steel Plant,West Bengal,Steel Authority of India Limited [SAIL],April 2026,0,1,0.05448081204399806,0.9997663978285743,True,True,0.5271236049362862,complete,none,Medium,v1-equal-weight-2026-04-snapshot
522,617248,Third Ladle Furnace in Secondary Refinery Unit at IISCO Steel Plant,West Bengal,Steel Authority of India Limited [SAIL],April 2026,0,-1,0.04857880779614879,,True,False,0.04857880779614879,partial,time_overrun_probability,Low,v1-equal-weight-2026-04-snapshot
523,617251,Revamping of Air Pollution Control Systems of SP-1 at Durgapur Steel Plant,West Bengal,Steel Authority of India Limited [SAIL],April 2026,0,-1,0.04584569513497761,,True,False,0.04584569513497761,partial,time_overrun_probability,Low,v1-equal-weight-2026-04-snapshot
524,617338,Stamp Charge Battery No.12 Battery Proper at IISCO Steel Plant,West Bengal,Steel Authority of India Limited [SAIL],April 2026,0,-1,0.10452171310876837,,True,False,0.10452171310876837,partial,time_overrun_probability,Low,v1-equal-weight-2026-04-snapshot
525,400298,Nadikudi - Srikalahasti New Line,Andhra Pradesh,South Central Railway [SCR] - II,April 2026,1,1,0.7459037594231905,0.9657743439730498,True,True,0.8558390516981202,complete,none,High,v1-equal-weight-2026-04-snapshot
526,611752,GOOTY-PENDEKALLU DOUBLING 29.225 Km,Andhra Pradesh,South Central Railway [SCR] - II,April 2026,0,0,0.029955410318624618,0.00802417844741271,True,True,0.018989794383018663,complete,none,Low,v1-equal-weight-2026-04-snapshot
527,611754,GUNTAKAL WEST-MALLAPPA GATE RAIL OVER RAIL - ROR TRACK,Andhra Pradesh,South Central Railway [SCR] - II,April 2026,0,-1,0.028988028096983167,,True,False,0.028988028096983167,partial,time_overrun_probability,Low,v1-equal-weight-2026-04-snapshot
528,611927,Kurnool - Setting up facilities for coach midlife rehabilitation workshop,Andhra Pradesh,WPO/Patna,April 2026,0,-1,0.49739838937365954,,True,False,0.49739838937365954,partial,time_overrun_probability,Medium,v1-equal-weight-2026-04-snapshot
529,612827,Flyover between Pendurthi and Simhachalam North to avoid surface crossing at Simhachalam 7.135 km PB 73 of 2023 24 NR,Andhra Pradesh,East Coast Railway [ECoR] - II,April 2026,0,-1,0.04146579399837788,,True,False,0.04146579399837788,partial,time_overrun_probability,Low,v1-equal-weight-2026-04-snapshot
530,616697,3rd & 4th line between Vadlapudi -Gate Jn. cabin and Tie line between Gate Junction to Gangavaram port,Andhra Pradesh,East Coast Railway [ECoR] - II,April 2026,0,-1,0.0675284846578709,,True,False,0.0675284846578709,partial,time_overrun_probability,Low,v1-equal-weight-2026-04-snapshot
531,617210,Tiupati Katpadi 104.39 kms,Andhra Pradesh,South Central Railway [SCR] - II,April 2026,0,-1,0.06456402812023754,,True,False,0.06456402812023754,partial,time_overrun_probability,Low,v1-equal-weight-2026-04-snapshot
532,617216,3rd Line between Gudur Renigunta 83.17 Km,Andhra Pradesh,South Central Railway [SCR] - II,April 2026,0,-1,0.047048299526962226,,True,False,0.047048299526962226,partial,time_overrun_probability,Low,v1-equal-weight-2026-04-snapshot
533,705253,Kurnool Coach Midlife Rehabilitation Project,Andhra Pradesh,South Central Railway [SCR] - II,April 2026,0,1,0.41661793058315477,0.9999976900603501,True,True,0.7083078103217524,complete,none,High,v1-equal-weight-2026-04-snapshot
534,705436,Kotapalli - Narasapur New Line,Andhra Pradesh,South Central Railway [SCR] - II,April 2026,0,0,0.6230959225695153,0.02626694543433218,True,True,0.32468143400192373,complete,none,Low,v1-equal-weight-2026-04-snapshot
535,705633,Guntur-Guntakal Doubling Project,Andhra Pradesh,South Central Railway [SCR] - II,April 2026,1,1,0.6688172949301804,0.9798520543558327,True,True,0.8243346746430065,complete,none,High,v1-equal-weight-2026-04-snapshot
536,705648,Vijaywada-Gudur 3rd Line,Andhra Pradesh,RVNL - II,April 2026,0,1,0.30843263509822466,0.9999086161957822,True,True,0.6541706256470035,complete,none,High,v1-equal-weight-2026-04-snapshot
537,618986,Furkating-New Tinsukia[194 Km],Assam,Northeast Frontier Railway [NFR],April 2026,0,-1,0.06936592999105119,,True,False,0.06936592999105119,partial,time_overrun_probability,Low,v1-equal-weight-2026-04-snapshot
538,705572,Doubling of New Bonggigaon to Kamakhya via Goalpara - 176 km,Assam,Northeast Frontier Railway [NFR],April 2026,1,0,0.5575682652766918,0.010157257073913812,True,True,0.2838627611753028,complete,none,Low,v1-equal-weight-2026-04-snapshot
539,706922,Guwahati-Dibrugarh via Tinsukia & Simaluguri-Dibrugarh,Assam,Central Organisation for Railway Electrification [CORE],April 2026,0,1,0.19881012332045384,0.9999847056533757,True,True,0.5993974144869147,complete,none,Medium,v1-equal-weight-2026-04-snapshot
540,706940,"Mariani-Jorhat, Tinsukia-Dangri and Makum -TirapTrack Electrification Project",Assam,GM/C/ NFR,April 2026,0,-1,0.21224687232536327,,True,False,0.21224687232536327,partial,time_overrun_probability,Low,v1-equal-weight-2026-04-snapshot
541,706942,Harmuty-Murkongselek Branch Line Electrification Project,Assam,GM/C/ NFR,April 2026,0,-1,0.22094614432866952,,True,False,0.22094614432866952,partial,time_overrun_probability,Low,v1-equal-weight-2026-04-snapshot
542,400254,Sakri -Hasanpur [via Harnagar - Kusheshwar Asthan] New Railway line,Bihar,East Central Railway [ECR] - I,April 2026,0,1,0.11525173376847946,0.9998811856322096,True,True,0.5575664597003446,complete,none,Medium,v1-equal-weight-2026-04-snapshot
543,617231,Construction of Bulb line at Nabinagar Ankorah of East Central Railway,Bihar,East Central Railway [ECR] - I,April 2026,0,-1,0.1686337465376186,,True,False,0.1686337465376186,partial,time_overrun_probability,Low,v1-equal-weight-2026-04-snapshot
544,617239,Doubling of Narkatiaganj Raxaul Sitamarhi Darbhanga & Sitamarhi Muzaffarpur 256 KM,Bihar,East Central Railway [ECR] - I,April 2026,0,-1,0.16980560922070898,,True,False,0.16980560922070898,partial,time_overrun_probability,Low,v1-equal-weight-2026-04-snapshot
545,705364,Khagaria-Kusheshwar Asthan [42Km] new line project,Bihar,East Central Railway [ECR] - I,April 2026,1,1,0.6864962745427249,0.999463332962723,True,True,0.842979803752724,complete,none,High,v1-equal-weight-2026-04-snapshot
546,705366,Hajipur-Sagauli New line,Bihar,East Central Railway [ECR] - I,April 2026,1,1,0.6723138202950173,0.9992773450746321,True,True,0.8357955826848247,complete,none,High,v1-equal-weight-2026-04-snapshot
547,705368,Araria Supaul New BG Line,Bihar,East Central Railway [ECR] - I,April 2026,1,1,0.7385212144277596,0.9983115993675662,True,True,0.868416406897663,complete,none,High,v1-equal-weight-2026-04-snapshot
548,705373,"Fatuha-Islampur incl. MM for extn.of NL from Neora to Daniawan , Daniawan to Biharsharif, Biharsharif to Barbigha , Barbigha to Shekhpura",Bihar,East Central Railway [ECR] - I,April 2026,1,1,0.758646977063853,0.9753225174099502,True,True,0.8669847472369017,complete,none,High,v1-equal-weight-2026-04-snapshot
549,705450,Jogbani-Biratnagar New Rail Line project,Bihar,Indian Railway Construction International Limited [IRCON],April 2026,1,1,0.6435285513776582,0.9999616833303272,True,True,0.8217451173539927,complete,none,High,v1-equal-weight-2026-04-snapshot
550,705526,Samastipur-Darbhanga Doubling Railway Project,Bihar,East Central Railway [ECR] - I,April 2026,0,1,0.3710415141852766,0.9913431901671462,True,True,0.6811923521762114,complete,none,High,v1-equal-weight-2026-04-snapshot
551,705527,Sagauli-Valmiknagar,Bihar,East Central Railway [ECR] - I,April 2026,1,0,0.7189922309918582,0.09224863395556811,True,True,0.40562043247371316,complete,none,Medium,v1-equal-weight-2026-04-snapshot
552,705528,Muzaffarpur-Sugauli,Bihar,East Central Railway [ECR] - I,April 2026,0,1,0.6926079697571036,0.9995293172518587,True,True,0.8460686435044811,complete,none,High,v1-equal-weight-2026-04-snapshot
553,706759,Rampur Dumra-Tal-Rajendrapul Additional Bridge and Railway Line Doubling,Bihar,Indian Railway Construction International Limited [IRCON],April 2026,0,1,0.7160266831859695,0.9952735225635184,True,True,0.855650102874744,complete,none,High,v1-equal-weight-2026-04-snapshot
554,706860,Barauni-Bachwara [16 km] - 3rd & 4th line incl. Barauni yard remodelling [32 km],Bihar,East Central Railway [ECR] - I,April 2026,0,1,0.17117489387181867,0.9999561228582022,True,True,0.5855655083650104,complete,none,Medium,v1-equal-weight-2026-04-snapshot
555,900874,JHAJHA - BATIA,Bihar,East Central Railway [ECR] - I,April 2026,0,1,0.18877994741384174,0.9541660555381929,True,True,0.5714730014760173,complete,none,Medium,v1-equal-weight-2026-04-snapshot
556,400220,Kharsia-Dharamjaygarh with Spur line [East Corridor-Phase 1],Chhattisgarh,Indian Railway Construction International Limited [IRCON],April 2026,1,1,0.731705810902631,0.9999759402525545,True,True,0.8658408755775928,complete,none,High,v1-equal-weight-2026-04-snapshot
557,400291,Doubling of Kirandul-Jagdalpur Line [150 km],Chhattisgarh,East Coast Railway [ECoR] - II,April 2026,1,1,0.7571884036466442,0.9999927014565675,True,True,0.8785905525516058,complete,none,High,v1-equal-weight-2026-04-snapshot
558,602792,Gauge Conversion of Kendri-Dhamtari including Abhanpur - Rajim Branch line 67.20 Kms - 2nd Material Modification to Raipur Titlagarh doubling.,Chhattisgarh,SECR,April 2026,0,1,0.537398850227706,0.9834680206674349,True,True,0.7604334354475704,complete,none,High,v1-equal-weight-2026-04-snapshot
559,612815,4th line between Nipania Bhatapara 14.4 Km,Chhattisgarh,South East Central Railway [SECR] - II,April 2026,0,-1,0.09686932502959573,,True,False,0.09686932502959573,partial,time_overrun_probability,Low,v1-equal-weight-2026-04-snapshot
560,617200,KHARSIA- NAYA RAIPUR-PARMALKASA 5th and 6th Line [278KM],Chhattisgarh,CAO/C/SECR,April 2026,0,-1,0.1732786105114816,,True,False,0.1732786105114816,partial,time_overrun_probability,Low,v1-equal-weight-2026-04-snapshot
561,617374,"Dallirajhara - Rowghat New Rail Line Project, Phase-I",Chhattisgarh,Rail Vikas Nigam Limited,April 2026,1,1,0.5639727998501527,0.9965543882474841,True,True,0.7802635940488184,complete,none,High,v1-equal-weight-2026-04-snapshot
562,705433,Dallirajhra- Rowghat New Railway Line - Phase I [95 km],Chhattisgarh,Rail Vikas Nigam Limited,April 2026,0,1,0.5517971372550153,0.9924124697372011,True,True,0.7721048034961082,complete,none,High,v1-equal-weight-2026-04-snapshot
563,705444,Gevra Road-Pendra Road New Railway Line [135 km],Chhattisgarh,Indian Railway Construction International Limited [IRCON],April 2026,1,1,0.6607314627566852,0.9999836003163719,True,True,0.8303575315365286,complete,none,High,v1-equal-weight-2026-04-snapshot
564,706854,Boridand - Ambikapur Doubling Line Project,Chhattisgarh,South East Central Railway [SECR] - II,April 2026,1,0,0.5579342269642595,3.490583607882926e-05,True,True,0.27898456640016916,complete,none,Low,v1-equal-weight-2026-04-snapshot
565,709815,4TH LINE - BHATAPARA-HATHBAND [8.8 KM] [PB-72/NR/2022-23],Chhattisgarh,SECR,April 2026,0,1,0.06693283290113634,0.0005342139467065932,True,True,0.03373352342392147,complete,none,Low,v1-equal-weight-2026-04-snapshot
566,709816,4TH LINE - BHILAI-BHILAI NAGAR [8.8 KM] [PB-72/NR/2022-23],Chhattisgarh,SECR,April 2026,0,0,0.06784546020578312,0.0009803733628986604,True,True,0.03441291678434089,complete,none,Low,v1-equal-weight-2026-04-snapshot
567,709817,4TH LINE - DADHAPARA-BELHA [9.2 KM] [PB-72/NR/2022-23],Chhattisgarh,SECR,April 2026,0,0,0.07048540276073578,0.000933668742974548,True,True,0.03570953575185516,complete,none,Low,v1-equal-weight-2026-04-snapshot
568,709818,4TH LINE RAJNANDGAON-DONGARHGARH [31.2 KM] [PB-72/NR/2022-23],Chhattisgarh,SECR,April 2026,0,0,0.09480187679872251,0.0009652965520029621,True,True,0.04788358667536274,complete,none,Low,v1-equal-weight-2026-04-snapshot
569,709819,3RD AND 4TH LINE - SARAGBUNDIA AND MADWARANI,Chhattisgarh,SECR,April 2026,0,0,0.0702630523139819,0.001029482415155988,True,True,0.03564626736456895,complete,none,Low,v1-equal-weight-2026-04-snapshot
570,613785,Redevelopment of New Delhi Railway Station and construction of associated infrastructure,Delhi,Rail Land Development Authority,April 2026,0,-1,0.21160605191622367,,True,False,0.21160605191622367,partial,time_overrun_probability,Low,v1-equal-weight-2026-04-snapshot
571,617379,Development of New Bijwasan Railway Terminal,Delhi,Northern Railways,April 2026,0,1,0.5247061455111494,0.9999704279813176,True,True,0.7623382867462335,complete,none,High,v1-equal-weight-2026-04-snapshot
572,705583,Anand Vihar-Tilak Bridge 3rd & 4th line,Delhi,CAO/C/NR,April 2026,0,1,0.6874670274043473,0.9984453329284325,True,True,0.8429561801663898,complete,none,High,v1-equal-weight-2026-04-snapshot
573,706865,Chandargaon - Cansaulium Rail Flyover Project [16 Km],Goa,South Western Railway [SWR] - II,April 2026,0,-1,0.33020997422054904,,True,False,0.33020997422054904,partial,time_overrun_probability,Low,v1-equal-weight-2026-04-snapshot
574,611918,Kosamba Umarpada 70 Km,Gujarat,PCE/WR,April 2026,0,-1,0.03968505870398635,,True,False,0.03968505870398635,partial,time_overrun_probability,Low,v1-equal-weight-2026-04-snapshot
575,611943,New Broad Gauge line between Naliya to Jakhau Port,Gujarat,Western Railway [WR] - II,April 2026,0,1,0.09962404952936739,0.9378708134218293,True,True,0.5187474314755983,complete,none,Medium,v1-equal-weight-2026-04-snapshot
576,611945,Petlad Bhadran 23 Kms,Gujarat,Western Railway,April 2026,0,0,0.16387490097643415,0.0007379186581014554,True,True,0.0823064098172678,complete,none,Low,v1-equal-weight-2026-04-snapshot
577,611970,Samlaya Timba Road 54 km,Gujarat,PCE/WR,April 2026,0,0,0.14061328742870244,0.00015178655701577975,True,True,0.07038253699285911,complete,none,Low,v1-equal-weight-2026-04-snapshot
578,611971,Samni Jambusar 24 km,Gujarat,PCE/WR,April 2026,0,0,0.10981452112276971,0.0005729463660588955,True,True,0.0551937337444143,complete,none,Low,v1-equal-weight-2026-04-snapshot
579,611974,Western Railway Samakhiali Gandhidham Quadrupiling 53 Kms,Gujarat,Western Railway [WR] - II,April 2026,0,1,0.13333616959099107,0.9803426627195149,True,True,0.556839416155253,complete,none,Medium,v1-equal-weight-2026-04-snapshot
580,611977,Dahod Creation of Infrastructure facilities for 9000 HP Electric locomotives Manufacturing at,Gujarat,PCE/WR,April 2026,0,-1,0.1399567735510152,,True,False,0.1399567735510152,partial,time_overrun_probability,Low,v1-equal-weight-2026-04-snapshot
581,611978,Dahod Rolling Stock Workshop Provision of Infrastructure for CBS at,Gujarat,PCE/WR,April 2026,0,-1,0.24331458680549226,,True,False,0.24331458680549226,partial,time_overrun_probability,Low,v1-equal-weight-2026-04-snapshot
582,611979,Sabarmati Setting up of Maintenance Facilities for Train Sets Phase ii,Gujarat,Western Railway [WR] - II,April 2026,0,1,0.15099091237524803,0.9999456051657906,True,True,0.5754682587705193,complete,none,Medium,v1-equal-weight-2026-04-snapshot
583,612072,4th LINE BETWEEN BAREJADI NANDEJ-SANAND-AHMEDABAD BYPASS,Gujarat,Western Railway [WR] - II,April 2026,0,1,0.1869652644822769,0.4782929433943428,True,True,0.33262910393830986,complete,none,Low,v1-equal-weight-2026-04-snapshot
584,613786,"Redevelopment of Ahmedabad railway station and associated infrastructure on engineering, procurement and construction mode",Gujarat,Rail Land Development Authority,April 2026,0,-1,0.24325199729566072,,True,False,0.24325199729566072,partial,time_overrun_probability,Low,v1-equal-weight-2026-04-snapshot
585,616983,Kosamba Umarpada GC PROJECT,Gujarat,Ministry of Railways,April 2026,0,-1,0.04576948330257562,,True,False,0.04576948330257562,partial,time_overrun_probability,Low,v1-equal-weight-2026-04-snapshot
586,617880,Desalpar-Hajipir-Luna and Vayor-Lakhpat New Line,Gujarat,Western Railway [WR] - II,April 2026,0,-1,0.08867902058597403,,True,False,0.08867902058597403,partial,time_overrun_probability,Low,v1-equal-weight-2026-04-snapshot
587,618972,Devbhumi Dwarka [Okha] - Kanalus Doubling,Gujarat,Western Railway [WR] - II,April 2026,0,-1,0.08550842159985159,,True,False,0.08550842159985159,partial,time_overrun_probability,Low,v1-equal-weight-2026-04-snapshot
588,705458,Miyagam-Karjan-Dabhoi-Samlaya [GC],Gujarat,Western Railway [WR] - II,April 2026,1,1,0.5811919221204572,0.9999963030881799,True,True,0.7905941126043186,complete,none,High,v1-equal-weight-2026-04-snapshot
589,706757,Modasa-Shamlaji Road Railway Line Project,Gujarat,Western Railway [WR] - II,April 2026,0,1,0.4963214835265242,0.9732830265554061,True,True,0.7348022550409652,complete,none,High,v1-equal-weight-2026-04-snapshot
590,706763,Rajkot - Kanalus Doubling Project [111.2 Kms],Gujarat,Western Railway [WR] - II,April 2026,0,0,0.3834578164468641,0.48859183713866516,True,True,0.43602482679276466,complete,none,Medium,v1-equal-weight-2026-04-snapshot
591,709812,NADIAD-PETLAD [37.26 KM],Gujarat,Railway,April 2026,0,0,0.09550971628417822,0.0005860483238475919,True,True,0.048047882304012905,complete,none,Low,v1-equal-weight-2026-04-snapshot
592,709813,NEW BG LINE INTERSECTION [5 NOS] BETWEEN GERATPUR-SANAND & BOTAD-AHMEDABAD [16.51 KM],Gujarat,Western Railway [WR] - II,April 2026,0,0,0.21776920211020634,0.00135482584949687,True,True,0.1095620139798516,complete,none,Low,v1-equal-weight-2026-04-snapshot
593,611884,Bhiwani - Dobh Bahali Doubling Project [42.30 Km],Haryana,North Western Railway [NWR],April 2026,0,0,0.09494229885427954,0.018695898477269057,True,True,0.0568190986657743,complete,none,Low,v1-equal-weight-2026-04-snapshot
594,617372,Doubling between Pradhankunta-Patherih-Bhojudih of East Central Railway,Jharkhand,East Central Railway [ECR] - I,April 2026,0,1,0.05596199111691104,0.9962969957509733,True,True,0.5261294934339422,complete,none,Medium,v1-equal-weight-2026-04-snapshot
595,617832,Koderma-Arigada Doubling 133.38 Km of East Central Railway,Jharkhand,East Central Railway [ECR] - I,April 2026,0,-1,0.13934927211027134,,True,False,0.13934927211027134,partial,time_overrun_probability,Low,v1-equal-weight-2026-04-snapshot
596,705747,Parasnath-Madhuban-Giridih new line,Jharkhand,East Central Railway [ECR] - I,April 2026,0,1,0.3817067758855619,0.9996931220562926,True,True,0.6906999489709272,complete,none,High,v1-equal-weight-2026-04-snapshot
597,705765,Gomoh - Flyover for DN trains,Jharkhand,East Central Railway [ECR] - I,April 2026,0,0,0.3179459203806421,0.007818749423499888,True,True,0.162882334902071,complete,none,Low,v1-equal-weight-2026-04-snapshot
598,705785,Lodhma - Piska - Link Line bypassing Hatia/Ranchi with Y connection,Jharkhand,South Eastern Railway [SER] - I,April 2026,0,1,0.07316925385803057,0.9829296745840148,True,True,0.5280494642210227,complete,none,Medium,v1-equal-weight-2026-04-snapshot
599,706837,Pradhan Kuntha Jn Line Doubling Project,Jharkhand,East Central Railway [ECR] - I,April 2026,0,0,0.058496627957066775,0.0031214364432121016,True,True,0.03080903220013944,complete,none,Low,v1-equal-weight-2026-04-snapshot
600,400023,Construction of New BG line between Hassan to Belur [27 Km],Karnataka,South Western Railway [SWR] - II,April 2026,0,0,0.2552464394652757,0.013804990789845343,True,True,0.1345257151275605,complete,none,Low,v1-equal-weight-2026-04-snapshot
601,703585,Yeshvanthpur - Channasandra Doubling Project [21.70 Km],Karnataka,Karnataka Rail Infrastructure Development Company Limited [K-RIDE],April 2026,1,1,0.5529042820027184,0.9999706200636286,True,True,0.7764374510331735,complete,none,High,v1-equal-weight-2026-04-snapshot
602,705434,New Railway Line between Ginigera and Raichur [165.57 km],Karnataka,South Western Railway [SWR] - II,April 2026,1,1,0.62051463884228,0.9996558477594271,True,True,0.8100852433008535,complete,none,High,v1-equal-weight-2026-04-snapshot
603,705464,Bangalore-Satyamanglam New Line Project [260 Km] - Part Hejjala - Chamarajanagar [142 Km],Karnataka,South Western Railway [SWR] - II,April 2026,0,-1,0.47501729579173557,,True,False,0.47501729579173557,partial,time_overrun_probability,Medium,v1-equal-weight-2026-04-snapshot
604,705490,Gadag-Wadi New Railway Line [257 km],Karnataka,South Western Railway [SWR] - II,April 2026,1,1,0.6059736178010414,0.9946719208265361,True,True,0.8003227693137888,complete,none,High,v1-equal-weight-2026-04-snapshot
605,705492,Kadur - Chickamagalur - Sakleshpur [93km],Karnataka,South Western Railway [SWR] - II,April 2026,0,1,0.4539154674504646,0.9935568758392876,True,True,0.7237361716448761,complete,none,High,v1-equal-weight-2026-04-snapshot
606,705493,Hubli-Ankola New Line Project [164.44 km],Karnataka,South Western Railway [SWR] - II,April 2026,0,1,0.4006548890452946,0.9999976036170605,True,True,0.7003262463311776,complete,none,High,v1-equal-weight-2026-04-snapshot
607,705495,Bagalkot-Kudachi New Railway Line [142 km],Karnataka,South Western Railway [SWR] - II,April 2026,1,0,0.6431263543273283,0.8568802871023693,True,True,0.7500033207148489,complete,none,High,v1-equal-weight-2026-04-snapshot
608,705496,Tumkur-Chitradurga-Davangere New Rail Line Project [191 km],Karnataka,South Western Railway [SWR] - II,April 2026,0,1,0.49110756764729574,0.9999996114247285,True,True,0.7455535895360121,complete,none,High,v1-equal-weight-2026-04-snapshot
609,705663,Bangalore-Whitefield-Bangalore City-Krishnarajapuram [23.08 km] - Quadrupling,Karnataka,South Western Railway [SWR] - II,April 2026,0,0,0.20192840815712546,0.9625755283775836,True,True,0.5822519682673546,complete,none,Medium,v1-equal-weight-2026-04-snapshot
610,705761,SHIMOGA - SHIKARIPURA - RANEBENNUR [96 Km],Karnataka,South Western Railway [SWR] - II,April 2026,0,1,0.4371375160875223,0.9677780009446503,True,True,0.7024577585160863,complete,none,High,v1-equal-weight-2026-04-snapshot
611,705762,Construction of New BG line between Hassan [Alur] to Belur [ Km 27.34],Karnataka,South Western Railway [SWR] - II,April 2026,0,1,0.24071409530991783,0.9605951888673091,True,True,0.6006546420886134,complete,none,Medium,v1-equal-weight-2026-04-snapshot
612,705941,Bangalore Suburban Railway Project,Karnataka,Karnataka Rail Infrastructure Development Company Limited [K-RIDE],April 2026,0,1,0.4030922208782421,0.9816780629301991,True,True,0.6923851419042206,complete,none,High,v1-equal-weight-2026-04-snapshot
613,706835,Belgaum-Dharwad via Kittur [73.10Km],Karnataka,South Western Railway [SWR] - II,April 2026,0,1,0.2837585702561012,0.9869031484054184,True,True,0.6353308593307598,complete,none,Medium,v1-equal-weight-2026-04-snapshot
614,705638,Kumbalam-Turavur doubling project [15.59 Km],Kerala,Ministry of Railways,April 2026,0,0,0.17743770078954507,0.0007229449078543172,True,True,0.0890803228486997,complete,none,Low,v1-equal-weight-2026-04-snapshot
615,705639,Ernakulam-Kumbalam doubling project [7.71 Km],Kerala,SR-ERS,April 2026,0,0,0.1354369326260935,0.006692121616572526,True,True,0.07106452712133302,complete,none,Low,v1-equal-weight-2026-04-snapshot
616,705480,"Lalitpur-Satna, Rewa-Singrauli & Mahoba-Khajuraho",Madhya Pradesh,North Central Railway,April 2026,0,1,0.5471886763626227,0.9763443424839381,True,True,0.7617665094232804,complete,none,High,v1-equal-weight-2026-04-snapshot
617,705659,Satna-Rewa Railway Line Doubling Project,Madhya Pradesh,West Central Railway [WCR] - II,April 2026,1,0,0.5905672457540654,0.4982963467283286,True,True,0.544431796241197,complete,none,Medium,v1-equal-weight-2026-04-snapshot
618,705660,Doubling of Katni - Singrauli Railway Line [261 km],Madhya Pradesh,Indian Railway Construction International Limited [IRCON],April 2026,1,0,0.5912041493903846,0.011614791751556578,True,True,0.30140947057097056,complete,none,Low,v1-equal-weight-2026-04-snapshot
619,705661,Katni Grade Separator/Bye Pass,Madhya Pradesh,Indian Railway Construction International Limited [IRCON],April 2026,0,1,0.530325486784013,0.9945896555172108,True,True,0.7624575711506119,complete,none,High,v1-equal-weight-2026-04-snapshot
620,705763,Indore - Budni New Railway Line [198 kms],Madhya Pradesh,RVNL - II,April 2026,0,0,0.2327347305425183,0.005543746439549657,True,True,0.11913923849103399,complete,none,Low,v1-equal-weight-2026-04-snapshot
621,705933,Nimach-Ratlam Doubling [133 Km],Madhya Pradesh,Western Railway [WR] - II,April 2026,0,0,0.21002800478376135,0.0008981638811618866,True,True,0.10546308433246161,complete,none,Low,v1-equal-weight-2026-04-snapshot
622,400019,DHULE [BORVIHIR] - NARDANA NEW LINE [50.60 KMS],Maharashtra,Central Railway,April 2026,1,1,0.3667214836002056,0.960118609939857,True,True,0.6634200467700313,complete,none,High,v1-equal-weight-2026-04-snapshot
623,400271,Wardha-Nanded Via Yavatmal New BG Line,Maharashtra,Central Railway [CR] - II,April 2026,0,1,0.48948460541120864,0.9991430769630859,True,True,0.7443138411871473,complete,none,High,v1-equal-weight-2026-04-snapshot
624,611751,AURANGABAD-ANKAI - DOUBLING PROJECT 98.25 Km,Maharashtra,South Central Railway [SCR] - II,April 2026,0,-1,0.10322512737268469,,True,False,0.10322512737268469,partial,time_overrun_probability,Low,v1-equal-weight-2026-04-snapshot
625,612845,Gauge Conversion of Pachora-Jamner with Extension upto Malkapur [Bodwad] [84.34 Kms],Maharashtra,Central Railway [CR] - II,April 2026,0,-1,0.23589241595193453,,True,False,0.23589241595193453,partial,time_overrun_probability,Low,v1-equal-weight-2026-04-snapshot
626,613015,Redevelopment of Chhatrapati Shivaji Maharaj Terminus [CSMT] and construction of associated infrastructure,Maharashtra,Rail Land Development Authority,April 2026,0,-1,0.15529639537826193,,True,False,0.15529639537826193,partial,time_overrun_probability,Low,v1-equal-weight-2026-04-snapshot
627,617201,Gondia-Balharshah [Chanda Fort] Doubling [240 Km],Maharashtra,South East Central Railway,April 2026,0,-1,0.10826915804873398,,True,False,0.10826915804873398,partial,time_overrun_probability,Low,v1-equal-weight-2026-04-snapshot
628,617215,Doubling between Parbhani Parli Vaijanath stations 64.71 Km,Maharashtra,South Central Railway [SCR] - II,April 2026,0,-1,0.07937427705410478,,True,False,0.07937427705410478,partial,time_overrun_probability,Low,v1-equal-weight-2026-04-snapshot
629,617361,Babupeth - Sasti New Rail Line [13.114 KMs],Maharashtra,Central Railway,April 2026,0,-1,0.06783360166667922,,True,False,0.06783360166667922,partial,time_overrun_probability,Low,v1-equal-weight-2026-04-snapshot
630,617364,Double Chord line Between Nilaje-Kopar,Maharashtra,Central Railway,April 2026,0,-1,0.051010815992504954,,True,False,0.051010815992504954,partial,time_overrun_probability,Low,v1-equal-weight-2026-04-snapshot
631,705356,Ahmednagar - Beed - Parli - Vaijnath New Broad Gauge Line Railway Project [261.3 km],Maharashtra,Central Railway [CR] - II,April 2026,1,0,0.7347087036805904,0.021258038142081798,True,True,0.3779833709113361,complete,none,Medium,v1-equal-weight-2026-04-snapshot
632,705357,Baramati Lonand New Line Project,Maharashtra,Central Railway,April 2026,1,0,0.7698352197462158,0.018921309730230866,True,True,0.39437826473822335,complete,none,Medium,v1-equal-weight-2026-04-snapshot
633,705479,Wadsa-Gadchiroli,Maharashtra,South East Central Railway,April 2026,0,0,0.5878688766130772,0.009744658381287827,True,True,0.2988067674971825,complete,none,Low,v1-equal-weight-2026-04-snapshot
634,705497,Wardha - Yavatmal Nanded Railway Line Project,Maharashtra,Central Railways,April 2026,1,-1,0.8004571797360414,,True,False,0.8004571797360414,partial,time_overrun_probability,High,v1-equal-weight-2026-04-snapshot
635,705498,3rd Line Kalyan - Kasara [67.35 Kilometres],Maharashtra,Central Railway,April 2026,1,0,0.7629594211266234,0.022615774716611928,True,True,0.39278759792161766,complete,none,Medium,v1-equal-weight-2026-04-snapshot
636,705500,3rd Line Wardha - Sewagram - Nagpur,Maharashtra,Central Railway [CR] - II,April 2026,1,1,0.7096513854261848,0.6067057495722116,True,True,0.6581785674991982,complete,none,High,v1-equal-weight-2026-04-snapshot
637,705502,3rd Line Wardha - Ballarshah [132 Kilometres],Maharashtra,Central Railway [CR] - II,April 2026,1,1,0.832886967112223,0.9548510947309892,True,True,0.8938690309216061,complete,none,High,v1-equal-weight-2026-04-snapshot
638,705504,Doubling of Daund Manmad Line [247.6 km],Maharashtra,Central Railway,April 2026,1,1,0.7264768274474104,0.9964503736348037,True,True,0.861463600541107,complete,none,High,v1-equal-weight-2026-04-snapshot
639,705505,4th Line Wardha - Nagpur [78.7 Kilometres],Maharashtra,Central Railway [CR] - II,April 2026,1,1,0.7734752670741725,0.9987668682393632,True,True,0.8861210676567679,complete,none,High,v1-equal-weight-2026-04-snapshot
640,705506,3rd Line Manmad - Jalgaon [160 Kilometres],Maharashtra,Central Railway [CR] - II,April 2026,1,1,0.7680911561634157,0.9994227632238485,True,True,0.8837569596936321,complete,none,High,v1-equal-weight-2026-04-snapshot
641,705735,Solapur-tuljapur-Osmanabad,Maharashtra,Central Railway,April 2026,1,1,0.7113598625764973,0.9754872172104255,True,True,0.8434235398934614,complete,none,High,v1-equal-weight-2026-04-snapshot
642,705799,Nagpur- Nagbhir Railway Line Gauge Conversion Project,Maharashtra,MRIDC,April 2026,0,0,0.4966684863514682,0.9929160331267023,True,True,0.7447922597390852,complete,none,High,v1-equal-weight-2026-04-snapshot
643,706779,Mumbai Urban Transport Project [MUTP] - PHASE II,Maharashtra,Mumbai Rail Vikas Corporation Ltd.[MRVC],April 2026,0,1,0.7350851372127367,0.999994002477668,True,True,0.8675395698452024,complete,none,High,v1-equal-weight-2026-04-snapshot
644,706780,Mumbai Urban Transport Project [MUTP] Phase-IIIA,Maharashtra,Mumbai Rail Vikas Corporation Ltd.[MRVC],April 2026,0,0,0.6654150024034883,0.0036720400751437026,True,True,0.33454352123931597,complete,none,Low,v1-equal-weight-2026-04-snapshot
645,706781,Mumbai Urban Transport Project Phase-III,Maharashtra,Mumbai Rail Vikas Corporation Ltd.[MRVC],April 2026,0,1,0.6589508326038004,0.9997638282566594,True,True,0.82935733043023,complete,none,High,v1-equal-weight-2026-04-snapshot
646,705391,Jiribam-Imphal new line project,Manipur,Northeast Frontier Railway [NFR],April 2026,1,1,0.7478472082349754,0.9947239284707868,True,True,0.8712855683528811,complete,none,High,v1-equal-weight-2026-04-snapshot
647,705396,Byrnihat-Shillong New Rail Line- 108 km,Meghalaya,Northeast Frontier Railway [NFR],April 2026,1,1,0.7530897823835041,0.9998253034857595,True,True,0.8764575429346317,complete,none,High,v1-equal-weight-2026-04-snapshot
648,705491,Marikuppam - Kuppam New Line Project [23.70 Km],"Multi-States (Andhra Pradesh, Karnataka)",South Western Railway [SWR] - II,April 2026,0,0,0.5247951502743065,0.015262922216341835,True,True,0.27002903624532415,complete,none,Low,v1-equal-weight-2026-04-snapshot
649,705494,Rayadurg-Tumkur via Kalyandurg New Line [207 km],"Multi-States (Andhra Pradesh, Karnataka)",South Western Railway [SWR] - II,April 2026,0,1,0.5113190912828947,0.9999590803292705,True,True,0.7556390858060826,complete,none,High,v1-equal-weight-2026-04-snapshot
650,705610,"Renigunta, Wadi & Gooty Bypass Railway Project","Multi-States (Andhra Pradesh, Karnataka)",South Central Railway [SCR] - II,April 2026,1,1,0.5674455810970115,0.28290170606941434,True,True,0.4251736435832129,complete,none,Medium,v1-equal-weight-2026-04-snapshot
651,617212,Doubling between Mudkhed Medchal & Mahbubnagar Dhone section 417.88 Km,"Multi-States (Andhra Pradesh, Maharashtra, Telangana)",South Central Railway [SCR] - II,April 2026,0,-1,0.19056557000725133,,True,False,0.19056557000725133,partial,time_overrun_probability,Low,v1-equal-weight-2026-04-snapshot
652,400253,Vizianagaram - Titlagarh 3rd line [272 Km including By - pass line of 7.68 KM],"Multi-States (Andhra Pradesh, Odisha)",RVNL - II,April 2026,1,1,0.6182445222469667,0.9369851673006735,True,True,0.77761484477382,complete,none,High,v1-equal-weight-2026-04-snapshot
653,705512,Doubling of Kottavalasa-Koraput Rail Line [189 KM],"Multi-States (Andhra Pradesh, Odisha)",East Coast Railway [ECoR] - II,April 2026,0,1,0.4386643964355949,0.9998859223972075,True,True,0.7192751594164012,complete,none,High,v1-equal-weight-2026-04-snapshot
654,400275,Tindivanam-Nagari New Line Project [184.5 km],"Multi-States (Andhra Pradesh, Tamil Nadu)",Ministry of Railways,April 2026,0,1,0.5076064682294998,0.9541547151737092,True,True,0.7308805917016046,complete,none,High,v1-equal-weight-2026-04-snapshot
655,616857,Doubling between Motumari Vishnupuram - 88.81 Km and Rail over Rail - RoR at Motumari - 10.877 Km,"Multi-States (Andhra Pradesh, Telangana)",South Central Railway [SCR] - II,April 2026,0,-1,0.12781204791094436,,True,False,0.12781204791094436,partial,time_overrun_probability,Low,v1-equal-weight-2026-04-snapshot
656,617211,Doubling of Guntur Bibinagar 239 Km,"Multi-States (Andhra Pradesh, Telangana)",South Central Railway [SCR] - II,April 2026,0,-1,0.18895984331752916,,True,False,0.18895984331752916,partial,time_overrun_probability,Low,v1-equal-weight-2026-04-snapshot
657,617214,Rail Connectivity to Errupalem Amravati Namburu 57 Km,"Multi-States (Andhra Pradesh, Telangana)",South Central Railway [SCR] - II,April 2026,0,-1,0.09219286133890607,,True,False,0.09219286133890607,partial,time_overrun_probability,Low,v1-equal-weight-2026-04-snapshot
658,705612,Kazipet-Vijayawada 3rd line with electrification [220 km],"Multi-States (Andhra Pradesh, Telangana)",South Central Railway [SCR] - II,April 2026,1,1,0.7734445259278944,0.999742796103666,True,True,0.8865936610157802,complete,none,High,v1-equal-weight-2026-04-snapshot
659,705632,Vijayawada - Kazipet Byepass line,"Multi-States (Andhra Pradesh, Telangana)",South Central Railway [SCR] - II,April 2026,1,1,0.6318669082484402,0.9992741311421368,True,True,0.8155705196952885,complete,none,High,v1-equal-weight-2026-04-snapshot
660,705401,Murkongselek-Pasighat,"Multi-States (Arunachal Pradesh, Assam)",Northeast Frontier Railway [NFR] - II,April 2026,1,1,0.6898451098186053,0.9925544562615335,True,True,0.8411997830400694,complete,none,High,v1-equal-weight-2026-04-snapshot
661,705394,Tetlia-Byrnihat New Railway Line,"Multi-States (Assam, Meghalaya)",Northeast Frontier Railway [NFR],April 2026,0,1,0.3635200534880647,0.9999951267237698,True,True,0.6817575901059172,complete,none,High,v1-equal-weight-2026-04-snapshot
662,616701,Lumding Furkating Doubling Project 140 km,"Multi-States (Assam, Nagaland)",Northeast Frontier Railway [NFR],April 2026,0,-1,0.1402608596807036,,True,False,0.1402608596807036,partial,time_overrun_probability,Low,v1-equal-weight-2026-04-snapshot
663,705392,Dimapur [Dhansiri]-Sukhobi Kohima [Zubza] NL [82.5 Km],"Multi-States (Assam, Nagaland)",Northeast Frontier Railway [NFR] - II,April 2026,0,1,0.46481317085329465,0.9945512220380768,True,True,0.7296821964456857,complete,none,High,v1-equal-weight-2026-04-snapshot
664,705794,New Delhi- Howrah Speed Booster[160Kmph] Project,"Multi-States (Bihar, Delhi, Jharkhand, Uttar Pradesh, West Bengal)",PCE/NCR,April 2026,0,-1,0.49586809340314064,,True,False,0.49586809340314064,partial,time_overrun_probability,Medium,v1-equal-weight-2026-04-snapshot
665,616699,Multi tracking of Son Nagar-Andal 374.53 rkm & 814.38 tkm,"Multi-States (Bihar, Jharkhand)",East Central Railway [ECR] - I,April 2026,1,-1,0.5357823899074257,,True,False,0.5357823899074257,partial,time_overrun_probability,Medium,v1-equal-weight-2026-04-snapshot
666,705375,Koderma-Tilaiya New Line,"Multi-States (Bihar, Jharkhand)",East Central Railway [ECR] - I,April 2026,1,1,0.7076294210667987,0.9319264954274153,True,True,0.819777958247107,complete,none,High,v1-equal-weight-2026-04-snapshot
667,705385,Pirpainti - Jasidih [100.52 Km] New BG line,"Multi-States (Bihar, Jharkhand)",Eastern Railway [ER] - I,April 2026,0,0,0.5795044217310599,0.8097471564541817,True,True,0.6946257890926208,complete,none,High,v1-equal-weight-2026-04-snapshot
668,611669,NER Provision of Automatic Block Signalling on Gorakhpur Cantt[Excl] Chhapra Gramin & Burhwal Jn [Excl] Sitapur Jn section of high density routes,"Multi-States (Bihar, Uttar Pradesh)",North Eastern Railway [NER],April 2026,0,1,0.16461926108290525,0.9694978420984757,True,True,0.5670585515906905,complete,none,Medium,v1-equal-weight-2026-04-snapshot
669,617224,Gorakhpur-Valmikinagar Doubling project,"Multi-States (Bihar, Uttar Pradesh)",NER,April 2026,0,-1,0.1636337345111279,,True,False,0.1636337345111279,partial,time_overrun_probability,Low,v1-equal-weight-2026-04-snapshot
670,705562,Chhapra-Ballia Patch Doubling,"Multi-States (Bihar, Uttar Pradesh)",North Eastern Railway [NER],April 2026,1,1,0.8048310701431539,0.9993557386380627,True,True,0.9020934043906084,complete,none,High,v1-equal-weight-2026-04-snapshot
671,617245,Katihar Kumedpur & Katihar Mukuria BG Doubling Project,"Multi-States (Bihar, West Bengal)",Northeast Frontier Railway [NFR],April 2026,0,1,0.20743704233495053,0.9811368255292084,True,True,0.5942869339320795,complete,none,Medium,v1-equal-weight-2026-04-snapshot
672,618978,Gondia - Dongargarh 4th line [84 Km],"Multi-States (Chhattisgarh, Maharashtra)",South Eastern Central Railway,April 2026,0,-1,0.11384735014999225,,True,False,0.11384735014999225,partial,time_overrun_probability,Low,v1-equal-weight-2026-04-snapshot
673,705617,Rajnandgaon - Nagpur [Kalumna] Third Railway Line [228.30 km],"Multi-States (Chhattisgarh, Maharashtra)",South East Central Railway [SECR] - II,April 2026,0,1,0.48329320191255987,0.9997195225448986,True,True,0.7415063622287292,complete,none,High,v1-equal-weight-2026-04-snapshot
674,617390,Sardega -Bhalumuda New Double line [37.24 Km],"Multi-States (Chhattisgarh, Odisha)",SECR,April 2026,0,-1,0.07788462752772235,,True,False,0.07788462752772235,partial,time_overrun_probability,Low,v1-equal-weight-2026-04-snapshot
675,705511,Jagdalpur-Koraput,"Multi-States (Chhattisgarh, Odisha)",East Coast Railway [ECoR] - II,April 2026,0,1,0.44524736468709414,0.9990307762508176,True,True,0.7221390704689559,complete,none,High,v1-equal-weight-2026-04-snapshot
676,705616,Jharsuguda-Bilaspur Fourth Railway Line [206 km],"Multi-States (Chhattisgarh, Odisha)",SECR,April 2026,1,1,0.6595005038920095,0.9996854524004597,True,True,0.8295929781462346,complete,none,High,v1-equal-weight-2026-04-snapshot
677,705728,Mumbai-Ahmedabad High Speed Rail Project- 508 km,"Multi-States (Dadra & Nagar Haveli and Daman & Diu, Gujarat, Maharashtra)",National High Speed Rail Corporation [NHSRC],April 2026,0,1,0.6204543066688908,0.9922284335421537,True,True,0.8063413701055222,complete,none,High,v1-equal-weight-2026-04-snapshot
678,705793,Raising of speed to 160 kmph/200 kmph on existing New Delhi-Mumbai route incl. Vadodara-Ahmedabad,"Multi-States (Delhi, Gujarat, Madhya Pradesh, Maharashtra, Rajasthan)",PCE/WR,April 2026,1,1,0.5931494668576531,0.9999899408925652,True,True,0.7965697038751092,complete,none,High,v1-equal-weight-2026-04-snapshot
679,705650,Hospet - Tinaighat - Vasco Rail Doubling Project,"Multi-States (Goa, Karnataka)",RVNL - II,April 2026,0,1,0.3855558114682427,0.9815694976648627,True,True,0.6835626545665527,complete,none,High,v1-equal-weight-2026-04-snapshot
680,706950,Hospet-Hubli-Vasco da Gama Line Electrification Project,"Multi-States (Goa, Karnataka)",RVNL,April 2026,1,1,0.5458278251936849,0.9999221585602666,True,True,0.7728749918769757,complete,none,High,v1-equal-weight-2026-04-snapshot
681,705237,Western Dedicated Freight Corridor,"Multi-States (Gujarat, Haryana, Maharashtra, Rajasthan, Uttar Pradesh)",DFCCIL,April 2026,1,1,0.7308149274253101,0.9998890291255382,True,True,0.8653519782754242,complete,none,High,v1-equal-weight-2026-04-snapshot
682,705453,"New line Dahod-Indore via Sardarpur, Jabuwa and Dhar","Multi-States (Gujarat, Madhya Pradesh)",Western Railway [WR] - II,April 2026,1,0,0.7274035697317275,0.005529915614206297,True,True,0.3664667426729669,complete,none,Medium,v1-equal-weight-2026-04-snapshot
683,705454,Chhota Udaipur - Dhar New Line Project [157 km],"Multi-States (Gujarat, Madhya Pradesh)",Western Railway [WR] - II,April 2026,0,0,0.5584102659458497,0.035591922449400404,True,True,0.2970010941976251,complete,none,Low,v1-equal-weight-2026-04-snapshot
684,611452,MUMBAI CENTRAL VIRAR VADODARA AHMEDABAAD TRAIN PROTECTION SYSTEM 500 RKM,"Multi-States (Gujarat, Maharashtra)",Western Railway,April 2026,0,1,0.23902447514459843,0.9946115968040633,True,True,0.6168180359743308,complete,none,Medium,v1-equal-weight-2026-04-snapshot
685,400022,Taranga Hill-Abu Road via Ambaji,"Multi-States (Gujarat, Rajasthan)",North Western Railway [NWR],April 2026,0,0,0.28904163546546796,0.010990216733487799,True,True,0.1500159260994779,complete,none,Low,v1-equal-weight-2026-04-snapshot
686,616842,LUNI- SAMDARI- BHILDI DOUBLING,"Multi-States (Gujarat, Rajasthan)",North Western Railway [NWR],April 2026,0,-1,0.12367901001937141,,True,False,0.12367901001937141,partial,time_overrun_probability,Low,v1-equal-weight-2026-04-snapshot
687,705424,Chandigarh-Baddi New Rail Line- 36 km,"Multi-States (Haryana, Himachal Pradesh)",Northen Railway [NR],April 2026,1,0,0.7871719842741378,0.10212927871608654,True,True,0.4446506314951122,complete,none,Medium,v1-equal-weight-2026-04-snapshot
688,611861,Rewari - Kathuwas Doubling Project [27.72 Km],"Multi-States (Haryana, Rajasthan)",North Western Railway [NWR],April 2026,0,0,0.11172252445464528,0.0007168832700185368,True,True,0.05621970386233191,complete,none,Low,v1-equal-weight-2026-04-snapshot
689,705410,Nangal Dam-Talwara New Broad Gauge Line [84 KM] and Taking Over Siding Mukerian-Talwara [29 KM],"Multi-States (Himachal Pradesh, Punjab)",Northen Railway [NR],April 2026,0,1,0.5913387431910325,0.9840084728746913,True,True,0.7876736080328619,complete,none,High,v1-equal-weight-2026-04-snapshot
690,705428,Bhanupalli-Bilaspur-Beri New Railway Line Project,"Multi-States (Himachal Pradesh, Punjab)",RVNL - II,April 2026,0,1,0.4179209214496524,0.9584260403400919,True,True,0.6881734808948722,complete,none,High,v1-equal-weight-2026-04-snapshot
691,705628,Doubling of Hatia [Ranchi]-Bondamunda Rail Line - 159 km,"Multi-States (Jharkhand, Odisha)",South Eastern Railway - JH,April 2026,1,1,0.7649533504149781,0.9936645125153327,True,True,0.8793089314651554,complete,none,High,v1-equal-weight-2026-04-snapshot
692,616588,Buramara-Chakulia new line [59.96 km],"Multi-States (Jharkhand, Odisha, West Bengal)",South Eastern Railway [SER] - I,April 2026,0,-1,0.11394232509405791,,True,False,0.11394232509405791,partial,time_overrun_probability,Low,v1-equal-weight-2026-04-snapshot
693,616227,Chandil - Anara - Damodar - 3rd line [121.26 km],"Multi-States (Jharkhand, West Bengal)",CAO/C/SER,April 2026,0,-1,0.09482691951808464,,True,False,0.09482691951808464,partial,time_overrun_probability,Low,v1-equal-weight-2026-04-snapshot
694,705668,KHARAGPUR-ADITYAPUR THIRD RAIL LINE- 132 KM,"Multi-States (Jharkhand, West Bengal)",RVNL - I,April 2026,0,1,0.5145355058311174,0.9997669153635798,True,True,0.7571512105973486,complete,none,High,v1-equal-weight-2026-04-snapshot
695,703586,Baiyyappanahalli - Hosur Doubling Project [48 km],"Multi-States (Karnataka, Tamil Nadu)",Karnataka Rail Infrastructure Development Company Limited [K-RIDE],April 2026,1,1,0.6321818550692677,0.9999797818655609,True,True,0.8160808184674143,complete,none,High,v1-equal-weight-2026-04-snapshot
696,705635,Trivandrum- Kanyakumari,"Multi-States (Kerala, Tamil Nadu)",Southern Railway [SR] - I,April 2026,1,1,0.5858723897198488,0.9994036511145651,True,True,0.792638020417207,complete,none,High,v1-equal-weight-2026-04-snapshot
697,705457,Ratlam-Mhow-Khandwa-Akola Gauge Conversion,"Multi-States (Madhya Pradesh, Maharashtra)",Western Railway [WR] - II,April 2026,1,1,0.7654762564523168,0.981310146699356,True,True,0.8733932015758363,complete,none,High,v1-equal-weight-2026-04-snapshot
698,705507,Itarsi - Nagpur Third Railway Line [280 km],"Multi-States (Madhya Pradesh, Maharashtra)",Central Railway [CR] - II,April 2026,1,1,0.691547613321295,0.9446687658700633,True,True,0.8181081895956792,complete,none,High,v1-equal-weight-2026-04-snapshot
699,617406,RATLAM- DUNGARPUR VIA BANSWARA NEW LINE PROJECT,"Multi-States (Madhya Pradesh, Rajasthan)",North Western Railway [NWR],April 2026,0,-1,0.49454938685583344,,True,False,0.49454938685583344,partial,time_overrun_probability,Medium,v1-equal-weight-2026-04-snapshot
700,705419,Gwalior - Seopurkala with extension to Kota [Gauge Conversion],"Multi-States (Madhya Pradesh, Rajasthan)",North Central Railway,April 2026,0,1,0.5979827409998167,0.9998936729497099,True,True,0.7989382069747633,complete,none,High,v1-equal-weight-2026-04-snapshot
701,705481,Ramganjmandi-Bhopal New Line Project [276.50 km],"Multi-States (Madhya Pradesh, Rajasthan)",West Central Railway [WCR] - II,April 2026,1,1,0.7416033836577448,0.9948592041089738,True,True,0.8682312938833593,complete,none,High,v1-equal-weight-2026-04-snapshot
702,705764,Nimach-Badi Sadri New Rail Line Project,"Multi-States (Madhya Pradesh, Rajasthan)",Western Railway [WR] - II,April 2026,1,1,0.6936544909808439,0.9937338239534358,True,True,0.8436941574671398,complete,none,High,v1-equal-weight-2026-04-snapshot
703,705667,Mathura-Jhansi Third Railway Line [274 Km],"Multi-States (Madhya Pradesh, Rajasthan, Uttar Pradesh)",RVNL - II,April 2026,0,1,0.3406728245863647,0.9999422963484975,True,True,0.6703075604674311,complete,none,High,v1-equal-weight-2026-04-snapshot
704,705598,Jhansi - Bina Third Railway Line [153 Km],"Multi-States (Madhya Pradesh, Uttar Pradesh)",CAO/C/NCR,April 2026,0,1,0.6380487528889849,0.9999967236110678,True,True,0.8190227382500264,complete,none,High,v1-equal-weight-2026-04-snapshot
705,705608,Jhansi-Khairar-Manikpur & Khirar-Bhimsen,"Multi-States (Madhya Pradesh, Uttar Pradesh)",North Central Railway,April 2026,0,0,0.4840543728025388,0.0071605116521258295,True,True,0.24560744222733233,complete,none,Low,v1-equal-weight-2026-04-snapshot
706,705613,Third Line [new] between Kazipet - Balharshah with electrification [201.04 Km],"Multi-States (Maharashtra, Telangana)",South Central Railway [SCR] - II,April 2026,1,1,0.7127092877820382,0.9986287494600302,True,True,0.8556690186210343,complete,none,High,v1-equal-weight-2026-04-snapshot
707,705629,Narayangarh-Bhadrak 3rd line,"Multi-States (Odisha, West Bengal)",South Eastern Railway [SER] - I,April 2026,1,1,0.7143026449557806,0.9980437887705746,True,True,0.8561732168631776,complete,none,High,v1-equal-weight-2026-04-snapshot
708,400223,Nagapattinam-Tiruturaipundi and Karaikal-Peralam New Line,"Multi-States (Puducherry, Tamil Nadu)",Ministry of Railways,April 2026,1,1,0.5941630658322217,0.9807633316738228,True,True,0.7874631987530223,complete,none,High,v1-equal-weight-2026-04-snapshot
709,705432,Sivok-Rangpo New Rail Line,"Multi-States (Sikkim, West Bengal)",Indian Railway Construction International Limited [IRCON],April 2026,1,1,0.79033023854656,0.9999988255482388,True,True,0.8951645320473994,complete,none,High,v1-equal-weight-2026-04-snapshot
710,602797,"Sainthia, Sitarampur, Mughalsarai, Allahabad & Etawah - Bypass Line Project","Multi-States (Uttar Pradesh, West Bengal)",Eastern Railway [ER] - I,April 2026,0,0,0.3455259003355766,0.010952440002278711,True,True,0.17823917016892765,complete,none,Low,v1-equal-weight-2026-04-snapshot
711,400006,Jharsuguda-Barpali-Sardega Ph II Works- Rail Connectivity for Coal Loading Bulb at Barpali.,Odisha,South Eastern Railway [SER] - I,April 2026,0,1,0.2259234644681456,0.9988196952077978,True,True,0.6123715798379716,complete,none,Medium,v1-equal-weight-2026-04-snapshot
712,400045,Proposed 6 nos Road Over Bridge [ROB] at different locations under MCL Talcher Under Deposit Scheme.,Odisha,East Coast Railway [ECoR] - II,April 2026,0,0,0.10867130053930449,0.014864553467585822,True,True,0.061767927003445154,complete,none,Low,v1-equal-weight-2026-04-snapshot
713,400047,Doubling of Lingaraj SILO connectivity of NTPC line and augmentation of NTPC exchange yard and NTPC Block Cabin.,Odisha,East Coast Railway [ECoR] - II,April 2026,0,1,0.10416585088876414,0.9970183269829245,True,True,0.5505920889358443,complete,none,Medium,v1-equal-weight-2026-04-snapshot
714,400048,Doubling of lines connecting the loading spurs in Talcher Yard.,Odisha,East Coast Railway [ECoR] - II,April 2026,0,1,0.08580657601042768,0.9843027678602987,True,True,0.5350546719353632,complete,none,Medium,v1-equal-weight-2026-04-snapshot
715,400232,Brundamal-Jharsuguda- flyover connection for joining downline,Odisha,East Coast Railway [ECoR] - II,April 2026,0,0,0.32533749547401775,0.0075373693662228744,True,True,0.16643743242012032,complete,none,Low,v1-equal-weight-2026-04-snapshot
716,612834,3rd & 4th line between Sarla - Sason [8 km] [PB 73/2023-24/NR],Odisha,East Coast Railway [ECoR] - II,April 2026,0,-1,0.04348394556619889,,True,False,0.04348394556619889,partial,time_overrun_probability,Low,v1-equal-weight-2026-04-snapshot
717,615915,Rourkela-Bondamunda A-Cabin 5th line [9.6 km],Odisha,CAO/C/SER,April 2026,0,-1,0.0912824074020892,,True,False,0.0912824074020892,partial,time_overrun_probability,Low,v1-equal-weight-2026-04-snapshot
718,616586,Bangriposi-Gorumahisani new line [ 85.60 km ],Odisha,CAO/C/SER,April 2026,0,-1,0.09050820396535293,,True,False,0.09050820396535293,partial,time_overrun_probability,Low,v1-equal-weight-2026-04-snapshot
719,616587,Badampahar-Kendujhargarh new line [82.06 km],Odisha,CAO/C/SER,April 2026,0,-1,0.07618581477342219,,True,False,0.07618581477342219,partial,time_overrun_probability,Low,v1-equal-weight-2026-04-snapshot
720,616694,Flyover between Siju and Paradeep coaching Yard to avoid Surface crossing of trains,Odisha,East Coast Railway [ECoR] - II,April 2026,0,-1,0.04010075817321265,,True,False,0.04010075817321265,partial,time_overrun_probability,Low,v1-equal-weight-2026-04-snapshot
721,616695,Paradeep - Badabandha 3rd & 4th Line / 18.51kms,Odisha,East Coast Railway [ECoR] - II,April 2026,0,-1,0.03234115632094689,,True,False,0.03234115632094689,partial,time_overrun_probability,Low,v1-equal-weight-2026-04-snapshot
722,616839,Naupada-Gunupur - New line upto Theruvali [73.62 km],Odisha,Indian Railway,April 2026,0,-1,0.10063872115172869,,True,False,0.10063872115172869,partial,time_overrun_probability,Low,v1-equal-weight-2026-04-snapshot
723,618995,New Line between Junagarh - Nabarangpur [116.21 Km],Odisha,Indian Railway,April 2026,0,-1,0.08245540483950262,,True,False,0.08245540483950262,partial,time_overrun_probability,Low,v1-equal-weight-2026-04-snapshot
724,705358,Khurda-Bolangir New Broad Gauge Rail Link [301km],Odisha,East Coast Railway [ECoR] - II,April 2026,1,0,0.7527746323434994,0.03632544093159106,True,True,0.39455003663754523,complete,none,Medium,v1-equal-weight-2026-04-snapshot
725,705359,Talcher-Bimlagarh New Railway Line,Odisha,East Coast Railway [ECoR] - II,April 2026,0,1,0.7260488184244732,0.522383028322345,True,True,0.624215923373409,complete,none,Medium,v1-equal-weight-2026-04-snapshot
726,705510,Bhadrak-Nergundi Third Line,Odisha,East Coast Railway [ECoR] - II,April 2026,0,1,0.5528618887038266,0.9968632234407308,True,True,0.7748625560722786,complete,none,High,v1-equal-weight-2026-04-snapshot
727,705513,Koraput - Singapur Railway Doubling,Odisha,East Coast Railway [ECoR] - II,April 2026,0,1,0.5340940978873878,0.9782548005220887,True,True,0.7561744492047382,complete,none,High,v1-equal-weight-2026-04-snapshot
728,705514,Jarapada- Budhapank with flyover at Talcher road 3rd and 4th Line,Odisha,East Coast Railway [ECoR] - II,April 2026,0,1,0.5595276502224829,0.9999873434469181,True,True,0.7797574968347005,complete,none,High,v1-equal-weight-2026-04-snapshot
729,705515,3rd & 4th Railway Line Project from Salegaon to Budhapank via Rajathgarh.,Odisha,East Coast Railway [ECoR] - II,April 2026,1,0,0.7142944995952676,0.01786832248695115,True,True,0.36608141104110936,complete,none,Medium,v1-equal-weight-2026-04-snapshot
730,705741,Jeypore-Navarangpur New Rail Line Project,Odisha,East Coast Railway [ECoR] - II,April 2026,0,1,0.40450565267080374,0.9452827974194085,True,True,0.6748942250451061,complete,none,High,v1-equal-weight-2026-04-snapshot
731,705742,Jeypore-Malkanagiri New Railway Line Project,Odisha,East Coast Railway [ECoR] - II,April 2026,0,0,0.5459403884206374,0.003428563246904248,True,True,0.2746844758337708,complete,none,Low,v1-equal-weight-2026-04-snapshot
732,706898,Khurda Road - Balangir Electrification of Railway Track Project,Odisha,Ministry of Railways,April 2026,0,-1,0.19898505410192807,,True,False,0.19898505410192807,partial,time_overrun_probability,Low,v1-equal-weight-2026-04-snapshot
733,709811,GANDHAMARDAN IRON ORE MINES TO GOALDIH STATION/12.76kms,Odisha,East Coast Railway [ECoR] - II,April 2026,0,0,0.07948239593098204,0.00545224954549396,True,True,0.042467322738238,complete,none,Low,v1-equal-weight-2026-04-snapshot
734,705362,"Jaynagar-Bijalpura, incl. extn. Bet, Bijalpura-Bardibas [Nepal]",Offshore,East Central Railway [ECR] - I,April 2026,0,1,0.4421674614195668,0.9999233706754371,True,True,0.7210454160475019,complete,none,High,v1-equal-weight-2026-04-snapshot
735,705298,North Region Video Surveillance Project,PAN India,RCIL,April 2026,0,-1,0.22075691368257416,,True,False,0.22075691368257416,partial,time_overrun_probability,Low,v1-equal-weight-2026-04-snapshot
736,607653,Ludhiana Mullanpur 21Km Doubling Railway project,Punjab,CAO/C/NR,April 2026,0,-1,0.27742912442342677,,True,False,0.27742912442342677,partial,time_overrun_probability,Low,v1-equal-weight-2026-04-snapshot
737,705783,Ludhiana- Killa Raipur Railway Doubling Project,Punjab,Railway,April 2026,1,1,0.5620763963017041,0.9987263572596502,True,True,0.7804013767806772,complete,none,High,v1-equal-weight-2026-04-snapshot
738,611855,Devgarh Madariya - Nathdwara Gauge Conversion [82.54 Km] part of Marwar - Mavli Gauge Conversion [152 Km],Rajasthan,North Western Railway [NWR],April 2026,0,-1,0.11554293738854532,,True,False,0.11554293738854532,partial,time_overrun_probability,Low,v1-equal-weight-2026-04-snapshot
739,611929,Maintenance cum workshop depot for Vande Bharat Sleeper Trains as per conditions under WTA 527,Rajasthan,WPO/Patna,April 2026,0,-1,0.08656936544344415,,True,False,0.08656936544344415,partial,time_overrun_probability,Low,v1-equal-weight-2026-04-snapshot
740,616841,PUSHKAR- MERTA CITY NEW LINE,Rajasthan,North Western Railway [NWR],April 2026,0,-1,0.04725119738565205,,True,False,0.04725119738565205,partial,time_overrun_probability,Low,v1-equal-weight-2026-04-snapshot
741,616843,AJMER- CHANDERIYA DOUBLING,Rajasthan,North Western Railway [NWR],April 2026,0,-1,0.046767315049838984,,True,False,0.046767315049838984,partial,time_overrun_probability,Low,v1-equal-weight-2026-04-snapshot
742,617403,SADULPUR - CHURU DOUBLING PROJECT,Rajasthan,North Western Railway [NWR],April 2026,0,-1,0.05099814101655786,,True,False,0.05099814101655786,partial,time_overrun_probability,Low,v1-equal-weight-2026-04-snapshot
743,617404,POKHRAN - RAMDEVRA New Line,Rajasthan,North Western Railway [NWR],April 2026,0,-1,0.02477140252375901,,True,False,0.02477140252375901,partial,time_overrun_probability,Low,v1-equal-weight-2026-04-snapshot
744,617408,NATHDWARA- NATHDWARA TOWN NL,Rajasthan,North Western Railway [NWR],April 2026,0,-1,0.2916969701457524,,True,False,0.2916969701457524,partial,time_overrun_probability,Low,v1-equal-weight-2026-04-snapshot
745,705482,Dholpur - Sirmuttra Gauge Conversion,Rajasthan,North Central Railway,April 2026,0,1,0.12014761166143276,0.9999948945037946,True,True,0.5600712530826137,complete,none,Medium,v1-equal-weight-2026-04-snapshot
746,705752,Gudha-Thatha Mithri Construction of Railway Track Project,Rajasthan,North Western Railway [NWR],April 2026,1,0,0.6058464710068072,0.006814196840736103,True,True,0.3063303339237717,complete,none,Low,v1-equal-weight-2026-04-snapshot
747,705912,Sawai Madhopur-Jaipur Railway Line Project,Rajasthan,North Western Railway [NWR],April 2026,0,-1,0.03977781440450654,,True,False,0.03977781440450654,partial,time_overrun_probability,Low,v1-equal-weight-2026-04-snapshot
748,705919,Agra Fort-Bandikui Doubling Line Project,Rajasthan,CAO/C/NCR,April 2026,0,0,0.2916397104798874,0.003468948682906162,True,True,0.14755432958139678,complete,none,Low,v1-equal-weight-2026-04-snapshot
749,706836,Dedicated Test Track for RDSO /Phase-II Project,Rajasthan,North Western Railway [NWR],April 2026,0,-1,0.07132652929062679,,True,False,0.07132652929062679,partial,time_overrun_probability,Low,v1-equal-weight-2026-04-snapshot
750,706866,Sawaimadhopur Bye Pass Line Project,Rajasthan,North Western Railway [NWR],April 2026,0,1,0.07029266730829564,0.9926252686935477,True,True,0.5314589680009216,complete,none,Medium,v1-equal-weight-2026-04-snapshot
751,400280,Phase II extension of MRTS from Velachery to St Thomas Mount,Tamil Nadu,Ministry of Railways,April 2026,1,1,0.7041264843317906,0.9816080027467214,True,True,0.842867243539256,complete,none,High,v1-equal-weight-2026-04-snapshot
752,613002,Redevelopment of Chennai Egmore Station,Tamil Nadu,Ministry of Railways,April 2026,0,-1,0.1807559199053239,,True,False,0.1807559199053239,partial,time_overrun_probability,Low,v1-equal-weight-2026-04-snapshot
753,705244,Coach Production Factory Upgradation Project,Tamil Nadu,CPM/ICF,April 2026,0,-1,0.40704333625507405,,True,False,0.40704333625507405,partial,time_overrun_probability,Medium,v1-equal-weight-2026-04-snapshot
754,705489,Madurai- Tuticorin New Line,Tamil Nadu,Ministry of Railways,April 2026,1,1,0.7813460414041967,0.9999686607608061,True,True,0.8906573510825014,complete,none,High,v1-equal-weight-2026-04-snapshot
755,616856,Doubling between Bhadrachalam Road and Dornakal,Telangana,South Central Railway [SCR] - II,April 2026,0,-1,0.10256308100446168,,True,False,0.10256308100446168,partial,time_overrun_probability,Low,v1-equal-weight-2026-04-snapshot
756,617409,Railway Manufacturing Unit,Telangana,RVNL - II,April 2026,0,0,0.3631941829895721,0.019002016587555477,True,True,0.1910980997885638,complete,none,Low,v1-equal-weight-2026-04-snapshot
757,705252,Kazipet Wagon Overhauling Project,Telangana,RVNL,April 2026,0,-1,0.17987494600646697,,True,False,0.17987494600646697,partial,time_overrun_probability,Low,v1-equal-weight-2026-04-snapshot
758,705437,Manoharabad-Kothapalli New Rail Line [151 km],Telangana,South Central Railway [SCR] - II,April 2026,1,1,0.6005057276931908,0.9542781127193656,True,True,0.7773919202062782,complete,none,High,v1-equal-weight-2026-04-snapshot
759,400204,Bahraich-Shravasti-Balrampur-Siddharthnagar -Santkabir nagar,Uttar Pradesh,North Eastern Railway [NER],April 2026,0,0,0.4069241485454132,0.005748374979119703,True,True,0.20633626176226647,complete,none,Low,v1-equal-weight-2026-04-snapshot
760,400205,Sahjanwa-Dohrighat,Uttar Pradesh,North Eastern Railway [NER],April 2026,0,0,0.4852439520265368,0.002530447681168972,True,True,0.24388719985385288,complete,none,Low,v1-equal-weight-2026-04-snapshot
761,617213,Varanasi-Pt. Deen Dayal Upadhyaya multitracking 15km including construction of new Rail-cum-Road Bridge across Ganga River.,Uttar Pradesh,Northern Railways,April 2026,0,-1,0.10852157433492488,,True,False,0.10852157433492488,partial,time_overrun_probability,Low,v1-equal-weight-2026-04-snapshot
762,617252,Anandnagar - Ghugli via Maharajganj New line 52.7 km,Uttar Pradesh,Construction NER,April 2026,0,-1,0.15422622642724368,,True,False,0.15422622642724368,partial,time_overrun_probability,Low,v1-equal-weight-2026-04-snapshot
763,617284,Chunar-Chopan doubling project,Uttar Pradesh,North Central Railway,April 2026,0,-1,0.1301825389724044,,True,False,0.1301825389724044,partial,time_overrun_probability,Low,v1-equal-weight-2026-04-snapshot
764,617333,Surface triangle line bet. Bhadura stn and new crossing stn Karma,Uttar Pradesh,East Central Railway [ECR] - I,April 2026,0,-1,0.13419792470550632,,True,False,0.13419792470550632,partial,time_overrun_probability,Low,v1-equal-weight-2026-04-snapshot
765,617370,Doubling between Jaunpur Jn - Zaffarabad 6.28 km,Uttar Pradesh,M/S SRC company Infra Private Limited,April 2026,0,-1,0.06378878116257082,,True,False,0.06378878116257082,partial,time_overrun_probability,Low,v1-equal-weight-2026-04-snapshot
766,705567,Burhwal Gonda 3rd line,Uttar Pradesh,North Eastern Railway [NER],April 2026,1,1,0.732910680368037,0.9970647183622683,True,True,0.8649876993651526,complete,none,High,v1-equal-weight-2026-04-snapshot
767,705588,Janghai-Pratapgarh- Amethi,Uttar Pradesh,CAO/C/II/NR,April 2026,1,1,0.5808209715205205,0.9988575809211376,True,True,0.7898392762208291,complete,none,High,v1-equal-weight-2026-04-snapshot
768,705766,Lalitpur-Birari with flyover at Lalitpur- 16 Km,Uttar Pradesh,North Central Railway,April 2026,1,1,0.5270921683255537,0.9998345285603604,True,True,0.763463348442957,complete,none,High,v1-equal-weight-2026-04-snapshot
769,705771,Allahabad-Bamhrauli Flyover Construction & 4th Railway Line Project,Uttar Pradesh,North Central Railway,April 2026,0,0,0.36579747850092,0.998005358776646,True,True,0.681901418638783,complete,none,High,v1-equal-weight-2026-04-snapshot
770,705772,"Mughalsarai-Allahabad, 3rd line",Uttar Pradesh,North Central Railway,April 2026,1,1,0.7421900924397713,0.9676946911519185,True,True,0.854942391795845,complete,none,High,v1-equal-weight-2026-04-snapshot
771,705774,Aligarh -Daud Khan Flyover Construction & 3rd Railway Line Project,Uttar Pradesh,CAO/C/NCR,April 2026,1,1,0.7180434005139402,0.9955923516270552,True,True,0.8568178760704976,complete,none,High,v1-equal-weight-2026-04-snapshot
772,705777,Bhandai - Flyover for Etawah bound down train- 10 Km,Uttar Pradesh,North Central Railway [NCR] - II,April 2026,0,1,0.22044450192721393,0.9993340259650833,True,True,0.6098892639461486,complete,none,Medium,v1-equal-weight-2026-04-snapshot
773,705780,Bhatni-Aurnihar with electrification excluding Indara-Mau,Uttar Pradesh,RVNL - I,April 2026,1,1,0.7700542366704515,0.9956754321424028,True,True,0.8828648344064272,complete,none,High,v1-equal-weight-2026-04-snapshot
774,705782,Barabanki-Malhaur 3rd & 4th Railway Line Project,Uttar Pradesh,Ministry of Railways,April 2026,0,1,0.2892227361759488,0.9997298404494335,True,True,0.6444762883126911,complete,none,Medium,v1-equal-weight-2026-04-snapshot
775,705918,Allahabad division - Aligarh - Harduaganj Flyover,Uttar Pradesh,North Central Railway,April 2026,0,1,0.5638858941657773,0.979581995425645,True,True,0.7717339447957111,complete,none,High,v1-equal-weight-2026-04-snapshot
776,705429,Rishikesh-Karnaprayag New Rail Line- 125 km,Uttarakhand,RVNL - II,April 2026,0,1,0.4130107109687399,0.9886448153516793,True,True,0.7008277631602096,complete,none,High,v1-equal-weight-2026-04-snapshot
777,400247,Kalinarayanpur-Krishnanagar Doubling Alongwith Krishnanagar - Chapra New Line And Naihati-Ranaghat 3rd Line.,West Bengal,Eastern Railway [ER] - I,April 2026,0,1,0.5205614188370896,0.992664332914257,True,True,0.7566128758756734,complete,none,High,v1-equal-weight-2026-04-snapshot
778,400273,Tarakeshwar-Bishnupur New Line [82.47 km],West Bengal,Eastern Railway [ER] - I,April 2026,1,1,0.785705947158932,0.9918542789701862,True,True,0.8887801130645592,complete,none,High,v1-equal-weight-2026-04-snapshot
779,400277,Dum Dum Airport-New Garia via Rajarhat-Construction of Metro Railway,West Bengal,RVNL - II,April 2026,0,1,0.41351550746377064,0.9993278833480084,True,True,0.7064216954058895,complete,none,High,v1-equal-weight-2026-04-snapshot
780,612096,Construction of Balurghat-Hilli new BG Line,West Bengal,Northeast Frontier Railway [NFR],April 2026,0,0,0.4572834618762746,0.014120179301278872,True,True,0.23570182058877673,complete,none,Low,v1-equal-weight-2026-04-snapshot
781,617345,SER Upgradation of maintenance infrastructure at Shalimar into Vande Bharat Chair Car maintenance cum workshop depot.,West Bengal,South Eastern Railway - JH,April 2026,0,-1,0.04351091362375582,,True,False,0.04351091362375582,partial,time_overrun_probability,Low,v1-equal-weight-2026-04-snapshot
782,705730,Joka-BBD Bag new metro project,West Bengal,RVNL - II,April 2026,1,1,0.4606539293913544,0.9972020716439844,True,True,0.7289280005176695,complete,none,High,v1-equal-weight-2026-04-snapshot
783,706776,Noapara-Barasat via Bimanbandar - Construction of Metro railway [18 km],West Bengal,"Metro Railway, Kolkata",April 2026,0,1,0.4184067401910591,0.9986687292297097,True,True,0.7085377347103844,complete,none,High,v1-equal-weight-2026-04-snapshot
784,706777,Baranagar-Barrackpore and Dakshineshwar- Construction of Metro Railway,West Bengal,RVNL - II,April 2026,1,1,0.6645753717573882,0.9719851189266512,True,True,0.8182802453420197,complete,none,High,v1-equal-weight-2026-04-snapshot
785,619184,"Rehabilitation and up-gradation of section to Intermediate/2-Lane with hard shoulder from Km 107.760 to Km 129.445 After Middle strait to Humphrey, Km 130.600 to Km 138.00 After Humphrey to Kadamtala & Km 155.00 to Km 181.0 End of Jarwa to Rangat of NH-04 in UT of A&N on EPC Package-IIIA",Andaman & Nicobar,NHIDCL,April 2026,1,1,0.48906076863654957,0.9711303456398446,True,True,0.7300955571381971,complete,none,High,v1-equal-weight-2026-04-snapshot
786,619185,Rehabilitation and up-gradation and completion of balance work of section from Km 155.00 to Km 181.00 End of Jarwa to Rangat of NH -4 Total length 26 Km to Intermediate Lane/2-lane with hard shoulders in the UT of A&N Islands on EPC basis - Package-III.B Balance work,Andaman & Nicobar,NHIDCL,April 2026,1,1,0.5657256705481618,0.9621673578953264,True,True,0.7639465142217441,complete,none,High,v1-equal-weight-2026-04-snapshot
787,619186,Construction of Balance works of Major Bridge over Middle Strait Creek between Km.106.590 to km108.553 of NH-04 connecting South Andaman & Baratang Island in the Union Territory of Andaman & Nicobar Islands on EPC basis,Andaman & Nicobar,NHIDCL,April 2026,1,1,0.7384448099097729,0.9856661960468917,True,True,0.8620555029783323,complete,none,High,v1-equal-weight-2026-04-snapshot
788,617907,Rehabilitation and Up-gradation from Km 170700 Bhadrachalam to Km 234567 Konta on NH-30 to Two lane with Paved Shoulder in the State of Andra Pradesh on EPC mode.,Andhra Pradesh,MoRTH,April 2026,0,1,0.07193983233501655,0.9998370187747432,True,True,0.5358884255548799,complete,none,Medium,v1-equal-weight-2026-04-snapshot
789,617949,Tadipatri Bypass Km 0000 to Km 6285 of 4-Lane on NH-67 in Anantapuramu district of AP state under NHO on EPC Mode under Annual Plan 2022-23,Andhra Pradesh,MoRTH,April 2026,0,0,0.06325537116674844,0.020115719722473228,True,True,0.04168554544461083,complete,none,Low,v1-equal-weight-2026-04-snapshot
790,617984,"Gudivada Town 2 RoB, and Road improvement NH-165",Andhra Pradesh,MoRTH,April 2026,0,1,0.05783948561370461,0.9999995330241338,True,True,0.5289195093189192,complete,none,Medium,v1-equal-weight-2026-04-snapshot
791,617985,Widening to two lane with paved shoulders from Km 0/0 to 64/020 Pamarru to Akiveedu,Andhra Pradesh,MoRTH,April 2026,1,1,0.44993687564611434,0.9999982051080663,True,True,0.7249675403770903,complete,none,High,v1-equal-weight-2026-04-snapshot
792,617986,Kurnool/Kadapa Border-Jammalamadugu section of NH-167K i.e. Design Ch. Km 248010 to km 269900 to 2,Andhra Pradesh,MoRTH,April 2026,0,0,0.04641098743379305,0.006104801036630274,True,True,0.026257894235211663,complete,none,Low,v1-equal-weight-2026-04-snapshot
793,617987,Nandyala-Kurnool/Kadapa Border section of NH-167K i.e. Km 186/000 to Km 250/000Design Ch.186000 to 248010 to 2LPS,Andhra Pradesh,MoRTH,April 2026,0,0,0.06231579225433612,4.870715627430851e-05,True,True,0.031182249705305216,complete,none,Low,v1-equal-weight-2026-04-snapshot
794,617988,Sangameswaram - Atmakuru section from Km 96 to Km 124 & Velegodu- Nandyal section including Nandyal Bypass from Km 143/6 to 185/9 NH-167K,Andhra Pradesh,MoRTH,April 2026,0,0,0.057963740227634154,9.576121137077695e-05,True,True,0.029029750719502465,complete,none,Low,v1-equal-weight-2026-04-snapshot
795,617990,Construction of bypass road to Adoni town connecting NH-167 Hagari - Jadcharla road from km.62/700 to 71/400 in Kurnool District in the State of Andhra Pradesh.,Andhra Pradesh,MoRTH,April 2026,0,-1,0.05483208518802841,,True,False,0.05483208518802841,partial,time_overrun_probability,Low,v1-equal-weight-2026-04-snapshot
796,617991,"Rehabilitation and up-gradation of NH-167 from Km 14/900 to Km70/000 Design Ch. 14/900 to 69/700 Chintakunta to Adoni section to two lane with paved shoulders in the State of Andhra Pradesh under Corridor Approach through Engineering, Procurement",Andhra Pradesh,MoRTH,April 2026,0,1,0.3030133400509287,0.9994555830779285,True,True,0.6512344615644285,complete,none,High,v1-equal-weight-2026-04-snapshot
797,618013,4-laning of Puttaparthi-Koduru Section of NH-342,Andhra Pradesh,MoRTH,April 2026,0,1,0.15014514450837307,0.9989999747409462,True,True,0.5745725596246596,complete,none,Medium,v1-equal-weight-2026-04-snapshot
798,618037,Rehabilitation and Up-gradation of existin of road from 2-lane to 2-lane with paved shoulders from km. 0.00 to km 53.590 total length-53.590 km of Raychoti to Vempalli section of NH-440 in the State of Andhra Pradesh on EPC mode.,Andhra Pradesh,MoRTH,April 2026,0,1,0.11825371478327902,0.998219742687193,True,True,0.558236728735236,complete,none,Medium,v1-equal-weight-2026-04-snapshot
799,618052,Gorantla - Hindupur section from Km 120/300 to 165/000 of NH716G in the State of Andhra Pradesh,Andhra Pradesh,MoRTH,April 2026,0,0,0.05317858871734556,5.809716873718581e-05,True,True,0.02661834294304137,complete,none,Low,v1-equal-weight-2026-04-snapshot
800,618053,Muddanur to B. Kothapalli section of NH-716G from Km. 0/000 to Km. 56/500 56.500 Km in the State of Andhra Pradesh on EPC mode Job no. 741,Andhra Pradesh,MoRTH,April 2026,0,0,0.07415955966260038,0.000130921449415318,True,True,0.03714524055600785,complete,none,Low,v1-equal-weight-2026-04-snapshot
801,618062,Dornala to Kunta Junction from Design Chainage Km 244000 to 267990 section of NH-765 Package-2,Andhra Pradesh,MoRTH,April 2026,0,1,0.16203021741452484,0.9997320708995487,True,True,0.5808811441570367,complete,none,Medium,v1-equal-weight-2026-04-snapshot
802,618101,Kondamodu to Perecherla Section Design Ch. Km 000 to Km 49917 of NH-167AG to to 4LPS,Andhra Pradesh,MoRTH,April 2026,0,0,0.08120600090743535,0.0001350778648983466,True,True,0.04067053938616685,complete,none,Low,v1-equal-weight-2026-04-snapshot
803,618103,Rehabilitation and upgradation from Km 22300 to 58635 of MudireddyPalle to Kadapa/Nellore Border via porumamilla Section of NH 167 Two Lane with paved Shoulder in,Andhra Pradesh,MoRTH,April 2026,0,1,0.13397833624768204,0.9155709527881538,True,True,0.5247746445179179,complete,none,Medium,v1-equal-weight-2026-04-snapshot
804,618125,Rehabilitation and upgradation of NH 326A from km 0/0 to 41/979 excluding km 2/255 to 3/372 and km 36/820 to 38/275 Odisha border to Narasamapeta to two lane with paved Shoulders in the State of Andhra Pradesh under NHO on EPC Mode,Andhra Pradesh,MoRTH,April 2026,0,1,0.16915978709029833,0.9999866846416733,True,True,0.5845732358659859,complete,none,Medium,v1-equal-weight-2026-04-snapshot
805,618145,Widening to two lane with paved shoulder of Rampachodavaram - Koyyuru section of NH 516E from Km 43700 to Km 113820 in the State of Andhra Pradesh on EPC mode Job No. 737,Andhra Pradesh,MoRTH,April 2026,0,1,0.16800490157586212,0.9999982688752999,True,True,0.584001585225581,complete,none,Medium,v1-equal-weight-2026-04-snapshot
806,618161,Widening and Reconstruction of existing road to four lane from Km.56400 to Km 120300 i.e. from B.Kothapalli Junction to Gorantla excluding Kadiri Bypass from Km 70200 to Km 77105 of NH 716G in the State of Andhra Pradesh on EPC mode Job no. 742,Andhra Pradesh,MoRTH,April 2026,0,1,0.1799556820065197,0.9984322251027505,True,True,0.5891939535546351,complete,none,Medium,v1-equal-weight-2026-04-snapshot
807,618191,"Rehabilitation and upgradation of NH-167AD from Macherla to Dachepalli via Paluvai Junction, Rentachinthala, Gurazala from Km.0.000 to 43.659 to two lane with paved shoulders in the state of Andhra Pradesh job-729",Andhra Pradesh,MoRTH,April 2026,0,1,0.07737560036572746,0.9999940961972761,True,True,0.5386848482815018,complete,none,Medium,v1-equal-weight-2026-04-snapshot
808,618192,Duttalur at NH-565 Junction to Kavali Joining on NH-16 Chainage Km. 36/400 to Km. 107/224 excluding the stretch from Km 101.880 to 105.300 67.404 Km of NH-167BG from in the State of Andhra Pradesh on EPC mode,Andhra Pradesh,MoRTH,April 2026,0,1,0.09936114841087706,0.9999951047898806,True,True,0.5496781266003788,complete,none,Medium,v1-equal-weight-2026-04-snapshot
809,618193,Widening of Existing Road to Two Lane with Paved Shoulder Configuration from Km 0.00 to 26.000 & Km 45.200 To 59.622 Of NH 365BB in the State of Andhra Pradesh Under Annual Plan 2023-24 through EPC Mode,Andhra Pradesh,MoRTH,April 2026,0,0,0.039848545896414046,0.07171648966325159,True,True,0.05578251777983281,complete,none,Low,v1-equal-weight-2026-04-snapshot
810,618194,Rehabilitation and upgradation of New NH 544DD from design Chainage Km. 56/000 to 102/20 of Kalyandrg - Molakalmuru Section,Andhra Pradesh,MoRTH,April 2026,0,1,0.19208845055003887,0.9999883924921888,True,True,0.5960384215211139,complete,none,Medium,v1-equal-weight-2026-04-snapshot
811,618236,Rehabilitation and Up-gradation of Dhindi - Digamarru section from Km 126/510 to Km 135/740 of NH -214New NH -216 and digamarru -Losari section from Km 0/000 tp Km 34/230 of NH-214 ANew Nh-216 to two lane with paved shoulder in the state of AP- NH,Andhra Pradesh,MoRTH,April 2026,0,1,0.40363738015592604,0.9999980684958528,True,True,0.7018177243258894,complete,none,High,v1-equal-weight-2026-04-snapshot
812,618237,Rehabilitation and Up-gradation of Pasarlapudi to Dhindi section from Km 105/170 to Km 126/510 of NH -214 New NH -216 to two lane with paved shoulder in the state of Andhra Pradesh under NHDP-IV,Andhra Pradesh,MoRTH,April 2026,0,1,0.19858146923299336,0.9999924310293957,True,True,0.5992869501311946,complete,none,Medium,v1-equal-weight-2026-04-snapshot
813,618238,Rehabilitation and Up-gradation of Thimmapuram to Gurajanapalli section from Km 26/150 to Km 41/161 of NH - 214 New NH - 216 to two lane with paved shoulder in the state of Andhra Pradesh under NHDP-IV,Andhra Pradesh,MoRTH,April 2026,1,1,0.5371911480419069,0.999338403697851,True,True,0.768264775869879,complete,none,High,v1-equal-weight-2026-04-snapshot
814,618239,"Rehabilitation & Upgradation of NH214New NH-216 from Km 34/230 to Km 84/550 Losari to Machavaram Section to two lane with paved shoulder in the state of Andhrapradesh under NHDP-IV through Engineering, Procurement& Construction EPC mode.",Andhra Pradesh,MoRTH,April 2026,1,1,0.5810790930592555,0.9999664768614897,True,True,0.7905227849603726,complete,none,High,v1-equal-weight-2026-04-snapshot
815,618254,Construction of Paderu bypass Km 0000 to Km 13000 of 2- lane with paved shoulder on NH-516E,Andhra Pradesh,MoRTH,April 2026,0,1,0.05309332633210263,0.9562139493363843,True,True,0.5046536378342434,complete,none,Medium,v1-equal-weight-2026-04-snapshot
816,618255,Two laning with paved shoulders of Lambasingi to Paderusection of NH 516E,Andhra Pradesh,MoRTH,April 2026,0,1,0.23328004345419154,0.9984106923684569,True,True,0.6158453679113243,complete,none,Medium,v1-equal-weight-2026-04-snapshot
817,618256,"Rehabilitation and Upgradation to 2-lane with paved should ders Sir, configuration of Chaprathipalem to Lambasingi section Km 165500 to Km 205000 of NH-516E in the State of Andhra Pradesh under Green National Highways Corridor Project GNHCP with the loan assistance of World Bank on EPC mode",Andhra Pradesh,MoRTH,April 2026,0,1,0.1218750757010633,0.9998838357595982,True,True,0.5608794557303307,complete,none,Medium,v1-equal-weight-2026-04-snapshot
818,618257,Rehabilitation and Upgradation to 2-lane with paved shoulders configuration of Koyyuru to Chaprathipalem section Km 120000 to Km 165500 of NH-516E in the State of Andhra Pradesh under Green National Highways Corridor Project GNHCP with the loan assistance of World Bank on EPC mode,Andhra Pradesh,MoRTH,April 2026,0,1,0.17534961361943274,0.9998441498850835,True,True,0.5875968817522581,complete,none,Medium,v1-equal-weight-2026-04-snapshot
819,618258,Two laning with paved shoulders of Gondiguda to Araku uptoBhallaguda section of NH 516E,Andhra Pradesh,MoRTH,April 2026,0,1,0.13183319409077002,0.9999965343004632,True,True,0.5659148641956167,complete,none,Medium,v1-equal-weight-2026-04-snapshot
820,618259,Two laning with paved shoulders of Paderu to GundigudaSection of NH 516E,Andhra Pradesh,MoRTH,April 2026,0,1,0.17472948716759135,0.9997822526712257,True,True,0.5872558699194085,complete,none,Medium,v1-equal-weight-2026-04-snapshot
821,618412,Construction of i Connecting Road from Z-Morh Tunnel to Zojila Tunnel Road Length 18.475km and ii 14.150 Km long 2-L Bi-directional single tube Zoji-la Tunnel across Zojila Pass on Sonamarg - Kargil section from Km 82 to Km 118 of NH-01 under PMDP,Andhra Pradesh,NHIDCL,April 2026,0,1,0.26381618255690364,0.14131528939234494,True,True,0.2025657359746243,complete,none,Low,v1-equal-weight-2026-04-snapshot
822,618475,Bangalore Chennai Expressway Phase-II Pkg-II from km.96.000 to Km 127.000 Baireddypalle to Bangarupalem section,Andhra Pradesh,National Highways Authority of India [NHAI],April 2026,0,1,0.5680446434045706,0.9987448903457963,True,True,0.7833947668751835,complete,none,High,v1-equal-weight-2026-04-snapshot
823,618476,Bangalore Chennai Expressway Phase-II Pkg-III from km.127.000 to Km 156.000 Bangarupalem to Gudipala section,Andhra Pradesh,National Highways Authority of India [NHAI],April 2026,0,1,0.5719299504342128,0.996049779171737,True,True,0.7839898648029748,complete,none,High,v1-equal-weight-2026-04-snapshot
824,618524,Construction of 6 lane elevated corridor including its approaches from Km. 629880 to Km. 634470 Design Chainage of NH-16 in Ranasthalam Town portion in the state of Andhra Pradesh on EPC Mode under NHO.,Andhra Pradesh,National Highways Authority of India [NHAI],April 2026,0,0,0.19620188244100858,0.0012030185102384857,True,True,0.09870245047562354,complete,none,Low,v1-equal-weight-2026-04-snapshot
825,618525,Construction of flyover at Gammon Junction at Km.903.265 on NH16 including vent at Diwancheruvu junction at Km.902.308 Blackspot ID No.AP03299 in Andhra Pradesh on EPC mode under NHO,Andhra Pradesh,National Highways Authority of India [NHAI],April 2026,0,0,0.1697575060787511,0.0001350565839254045,True,True,0.08494628133133825,complete,none,Low,v1-equal-weight-2026-04-snapshot
826,618526,6L of Gundugolanu Design km 1023.280 to Kalaparru Design km 1050.680 of NH-5 New NH-16,Andhra Pradesh,National Highways Authority of India [NHAI],April 2026,0,1,0.6611125101350349,0.9999764552241764,True,True,0.8305444826796057,complete,none,High,v1-equal-weight-2026-04-snapshot
827,618527,Six Laning of Vijayawada Bypass from Gollapudi to Chinnakakani in Vijayawada - Gundugolanu Section from km. 30.00 to km. 47.881 Pkg-IV,Andhra Pradesh,National Highways Authority of India [NHAI],April 2026,1,1,0.8381908067043301,0.9999113955137496,True,True,0.9190511011090399,complete,none,High,v1-equal-weight-2026-04-snapshot
828,618579,6L of Anandapuram Pendurthi Anakapalli Section from km. 681.000 to km. 731.780 of NH-16,Andhra Pradesh,National Highways Authority of India [NHAI],April 2026,1,1,0.8319878210036978,0.9999658297661552,True,True,0.9159768253849265,complete,none,High,v1-equal-weight-2026-04-snapshot
829,618629,Nandigama Bypass and Kanchikacherla bypass,Andhra Pradesh,National Highways Authority of India [NHAI],April 2026,1,1,0.45066670480562027,0.9999780107628014,True,True,0.7253223577842108,complete,none,High,v1-equal-weight-2026-04-snapshot
830,618633,4L of Kadapa China Orampadu section of NH-716 Package I of Kadapa-Renigunta section,Andhra Pradesh,National Highways Authority of India [NHAI],April 2026,0,0,0.3330793997268372,0.0015683714753451504,True,True,0.16732388560109118,complete,none,Low,v1-equal-weight-2026-04-snapshot
831,618682,6L Korlam-Kantakapalle Section of NH-130CD Road from Km 421.100 to Km 445.100 Pkg-3,Andhra Pradesh,National Highways Authority of India [NHAI],April 2026,1,1,0.6530069221819196,0.9999999419319645,True,True,0.826503432056942,complete,none,High,v1-equal-weight-2026-04-snapshot
832,618700,Renigunta - Poyya - Naidupeta km 124.60 to km 183.4 of NH 71,Andhra Pradesh,National Highways Authority of India [NHAI],April 2026,1,1,0.8271396045697635,0.9999952150913143,True,True,0.9135674098305389,complete,none,High,v1-equal-weight-2026-04-snapshot
833,618712,6L Access Controlled Greenfield Highway from Kodur Ch. 0000 to Vanavolu Ch. 24300 of [NH-544G] Package-1,Andhra Pradesh,National Highways Authority of India [NHAI],April 2026,0,1,0.2623649689017906,0.999991014101106,True,True,0.6311779915014484,complete,none,Medium,v1-equal-weight-2026-04-snapshot
834,618713,6L Access Controlled Greenfield Highway from Yerragudipadu Ch. 129000 to Audireddipalle Ch. 160000 of [NH 544G] Package-6,Andhra Pradesh,National Highways Authority of India [NHAI],April 2026,0,1,0.2884317628346991,0.9999363043683562,True,True,0.6441840336015277,complete,none,Medium,v1-equal-weight-2026-04-snapshot
835,618714,6L Access Controlled Greenfield Highway from Nallacheruvu palli Ch. 96300 to Yerragudipadu Ch. 129000 of [NH-544G] Package-5,Andhra Pradesh,National Highways Authority of India [NHAI],April 2026,0,1,0.5774339066499563,0.9979177571986574,True,True,0.7876758319243069,complete,none,High,v1-equal-weight-2026-04-snapshot
836,618715,6L Access Controlled Greenfield Highway from Odulapalle Ch. 72000 to Nallacheruvu- palli Ch. 96300 of [NH-544G]Package-4,Andhra Pradesh,National Highways Authority of India [NHAI],April 2026,0,1,0.33119526266749366,0.9999955118018607,True,True,0.6655953872346771,complete,none,High,v1-equal-weight-2026-04-snapshot
837,618716,6L Access Controlled Greenfield Highway from Vankarakunta Ch. 45700 to Odulapalle Ch. 72000 of [NH-544G]Package-3,Andhra Pradesh,National Highways Authority of India [NHAI],April 2026,0,1,0.3553138531012477,0.9998584341527382,True,True,0.677586143626993,complete,none,High,v1-equal-weight-2026-04-snapshot
838,618717,6L Access Controlled Greenfield Highway from Vanavolu Ch. 24300 to Vankarakunta Ch. 45700 of [NH-544G] Package-2,Andhra Pradesh,National Highways Authority of India [NHAI],April 2026,0,1,0.20110707769639027,0.9993545207873764,True,True,0.6002307992418834,complete,none,Medium,v1-equal-weight-2026-04-snapshot
839,618718,6L Access Controlled Greenfield Highway from Kavulakuntla Ch. 196000 to Narayanmpet Ch. 203500Package-09,Andhra Pradesh,National Highways Authority of India [NHAI],April 2026,0,1,0.29418154752026654,0.9938447587090052,True,True,0.6440131531146359,complete,none,Medium,v1-equal-weight-2026-04-snapshot
840,618719,6L Access Controlled Greenfield Highway from Mallapalle Ch. 176000 to Kavulakuntla Ch. 196000 Package-08,Andhra Pradesh,National Highways Authority of India [NHAI],April 2026,0,1,0.2535239013964731,0.9999919751276191,True,True,0.6267579382620461,complete,none,Medium,v1-equal-weight-2026-04-snapshot
841,618720,6L Access Controlled Greenfield Highway from Audireddipalle Ch. 160000 to Mallapalle Ch. 176000Package-07,Andhra Pradesh,National Highways Authority of India [NHAI],April 2026,0,1,0.20184419211460988,0.999993224813831,True,True,0.6009187084642205,complete,none,Medium,v1-equal-weight-2026-04-snapshot
842,618721,6L Access Controlled Greenfield Highway from Chandrasekharapuram Ch. 228000 to Polavaram Ch. 260000of [NH-544G] Package-11,Andhra Pradesh,National Highways Authority of India [NHAI],April 2026,0,1,0.2725287966031518,0.9999418331366758,True,True,0.6362353148699138,complete,none,Medium,v1-equal-weight-2026-04-snapshot
843,618748,Khammam-Devarapalle Pkg IV [4L Access Controlled Greenfield from Recherla village to Gurvaygudem village Design Chainage 105236 to 132664],Andhra Pradesh,National Highways Authority of India [NHAI],April 2026,1,1,0.6836900466749478,0.9996439550084867,True,True,0.8416670008417173,complete,none,High,v1-equal-weight-2026-04-snapshot
844,618749,Khammam-Devarapalle Pkg V [4L Access Controlled Greenfield from Gurvaygudem village to Devarapalle village Design Chainage 132664 to 162126,Andhra Pradesh,National Highways Authority of India [NHAI],April 2026,1,1,0.7037931402639075,0.9912373937550776,True,True,0.8475152670094925,complete,none,High,v1-equal-weight-2026-04-snapshot
845,618759,4L PS Mydukur - Badvel from Km 585.820 to Km 630.960 of NH-67,Andhra Pradesh,National Highways Authority of India [NHAI],April 2026,1,1,0.6247871458293699,0.9999993177728839,True,True,0.8123932318011269,complete,none,High,v1-equal-weight-2026-04-snapshot
846,618777,4L of Pileru to Kalur Section from Km 55.900 to Km 92.800 & Km 94.500 to Km 95.717 of NH-71Package-II,Andhra Pradesh,National Highways Authority of India [NHAI],April 2026,0,1,0.6087546817152896,0.9999807397173274,True,True,0.8043677107163085,complete,none,High,v1-equal-weight-2026-04-snapshot
847,618778,4L of Madanapalle to Pileru Section from Km 0.000 to Km 55.900 of NH-71Package-I,Andhra Pradesh,National Highways Authority of India [NHAI],April 2026,1,1,0.6396461167592513,0.9999976307580936,True,True,0.8198218737586724,complete,none,High,v1-equal-weight-2026-04-snapshot
848,618803,Development of 4L Road from Samarlakota to Achampeta Junction as part of Kakinada Port Connectivity to NH-16 Rajanagaram Junction in East Godavari District,Andhra Pradesh,National Highways Authority of India [NHAI],April 2026,1,1,0.5580734028678753,0.9999818086620782,True,True,0.7790276057649768,complete,none,High,v1-equal-weight-2026-04-snapshot
849,618804,Dedicated Port road to Krishnapatnam Port Package-I from Km. 0.000 to Km. 18.000,Andhra Pradesh,National Highways Authority of India [NHAI],April 2026,0,1,0.3983686162911062,0.9999994810768636,True,True,0.6991840486839849,complete,none,High,v1-equal-weight-2026-04-snapshot
850,618805,6L Connectivity to Port Road from Sabbavaram Sheelanagar-NH516C,Andhra Pradesh,National Highways Authority of India [NHAI],April 2026,0,0,0.1910598204675843,0.0014904162250224736,True,True,0.09627511834630338,complete,none,Low,v1-equal-weight-2026-04-snapshot
851,618806,Improvement of 4L road to 6L road and 4L dedicated Port Roads for the Port connectivity road from Convent junction to Sheelanagar Junction,Andhra Pradesh,National Highways Authority of India [NHAI],April 2026,0,1,0.19340611388447132,0.9991265858675676,True,True,0.5962663498760195,complete,none,Medium,v1-equal-weight-2026-04-snapshot
852,618807,"4L Greenfield Road connecting North and South industrial cluster of Khandaleru Creek near Krishnapatnam port at Thamminapatnam to Mollur from Km 0.0 to Km 16.046, Part I & 6L extension of dedicated port road of NH-67 Km 18.0 to Km 19.3, Part II",Andhra Pradesh,National Highways Authority of India [NHAI],April 2026,0,1,0.5126804480492533,0.999924551361254,True,True,0.7563024997052537,complete,none,High,v1-equal-weight-2026-04-snapshot
853,618826,4 Laning of NH-544D from Km 0.000 to km 37.000 of Anantapur- Muchukota section Pkg-1,Andhra Pradesh,National Highways Authority of India [NHAI],April 2026,0,1,0.47014209466251244,0.9999983955906278,True,True,0.73507024512657,complete,none,High,v1-equal-weight-2026-04-snapshot
854,618827,4 Laning of NH-544D from Km 37.000 to km 69.000 of Muchukota- Bugga section Pkg-2,Andhra Pradesh,National Highways Authority of India [NHAI],April 2026,0,1,0.4934668122177457,0.9999986322563414,True,True,0.7467327222370436,complete,none,High,v1-equal-weight-2026-04-snapshot
855,618919,4L PS from Mandlem Existing Km. 38.000/Design Km.30.600 to Atmakur Existing Km.73.000/Design Km 66.115 of NH340C Package2,Andhra Pradesh,National Highways Authority of India [NHAI],April 2026,1,-1,0.5188529822414144,,True,False,0.5188529822414144,partial,time_overrun_probability,Medium,v1-equal-weight-2026-04-snapshot
856,618920,Access Controlled Highway of 4 Lane with Paved Shoulders from TN/AP Border Design Chainage Km 6151 to Puttur Design Chainage Km 81540 of NH-716 & 6 Lane with Paved Shoulders from Mallavaram to Renigunta,Andhra Pradesh,National Highways Authority of India [NHAI],April 2026,0,1,0.20933534135859513,0.9690154010643623,True,True,0.5891753712114788,complete,none,Medium,v1-equal-weight-2026-04-snapshot
857,619076,Six Laning of Vijayawada Bypass from Chinna Avutapalli to Gollapudi in Vijayawada - Gundugolanu Section from km. 0.00 to km. 30.00 Pkg-III,Andhra Pradesh,National Highways Authority of India [NHAI],April 2026,1,1,0.7706167427149576,0.9999978904803649,True,True,0.8853073165976613,complete,none,High,v1-equal-weight-2026-04-snapshot
858,619102,4 L of China Orampadu-Renigunta section of NH-716 Package-II of Kadapa- Renigunta section,Andhra Pradesh,National Highways Authority of India [NHAI],April 2026,0,0,0.2951420504142902,0.0006797501966224325,True,True,0.1479109003054563,complete,none,Low,v1-equal-weight-2026-04-snapshot
859,619111,6L Jakkuva Korlam Section of NH-130CD Road from km 396.800 to km 421.100 Pkg 2,Andhra Pradesh,National Highways Authority of India [NHAI],April 2026,0,1,0.6271828161363221,0.9999999162065955,True,True,0.8135913661714588,complete,none,High,v1-equal-weight-2026-04-snapshot
860,619112,6L Kantakapalle Sabbavaram Section of NH-130CD Road from Km 445.100 to Km 464.662 Pkg-4,Andhra Pradesh,National Highways Authority of India [NHAI],April 2026,0,1,0.6131628270943089,0.9999998530749128,True,True,0.8065813400846109,complete,none,High,v1-equal-weight-2026-04-snapshot
861,619123,6L Access Controlled Greenfield Highway from Narayanmpet Ch. 203500 to Chandrasekharpuram Ch. 228000Package-10,Andhra Pradesh,National Highways Authority of India [NHAI],April 2026,0,1,0.2093647300297124,0.9999129691023465,True,True,0.6046388495660294,complete,none,Medium,v1-equal-weight-2026-04-snapshot
862,619124,6L Access Controlled Greenfield Highway from Polavaram Ch. 260000 to Marripudi Ch. 285500 of [NH-544G]Package-12,Andhra Pradesh,National Highways Authority of India [NHAI],April 2026,0,1,0.18733330567512316,0.9996581528268847,True,True,0.5934957292510039,complete,none,Medium,v1-equal-weight-2026-04-snapshot
863,619125,6L Access Controlled Greenfield Highway from Somavarappadu Ch.314.600 to Muppavaram Ch.343240 of [NH-544G] Package-14,Andhra Pradesh,National Highways Authority of India [NHAI],April 2026,0,1,0.28946506063725774,0.9999961053799589,True,True,0.6447305830086083,complete,none,Medium,v1-equal-weight-2026-04-snapshot
864,619126,6L Access Controlled Greenfield Highway from Marripudi Ch. 285500 to Somavarappadu Ch. 314600 of [NH-544G] Package-13,Andhra Pradesh,National Highways Authority of India [NHAI],April 2026,0,1,0.19914543978040167,0.999993642500899,True,True,0.5995695411406503,complete,none,Medium,v1-equal-weight-2026-04-snapshot
865,619140,6L of Naidupeta Junction - Turpukanupur Section from km 57.046 to km 91.927,Andhra Pradesh,National Highways Authority of India [NHAI],April 2026,0,1,0.45589462547733545,0.9999950789755194,True,True,0.7279448522264275,complete,none,High,v1-equal-weight-2026-04-snapshot
866,619141,Construction of four lane access controlled highway from Chillakuru cross road to Turpu KanupurPart 1 of Package - II km 0.000 131.500 of NH - 16 to km 23.770 on New NH-516W including sixlane flyover and approaches on NH-16 length km 1.050 and six lane access controlled from TurpuKanupur to Port South Gate Part 2 of Package - II km 23.770 to km 35.015 on New NH-516W inthe state of Andhra Pradesh on HAM Mode under Bharatmala Pariyojana Phase I,Andhra Pradesh,National Highways Authority of India [NHAI],April 2026,0,1,0.40543113713201934,0.999985831554293,True,True,0.7027084843431561,complete,none,High,v1-equal-weight-2026-04-snapshot
867,619160,Balance works in AP Portion and punch list items in TN & AP portion of NH-205,Andhra Pradesh,National Highways Authority of India [NHAI],April 2026,0,1,0.3623277365594628,0.9962765868310134,True,True,0.6793021616952382,complete,none,High,v1-equal-weight-2026-04-snapshot
868,617892,Construction of 2-lane road of Potin to Pangin section of NH-13 from Km 163.59 to Km 206.66 Package-5 on EPC Mode in the State of Arunachal Pradesh under Arunachal Pradesh Package of Roads and Highways of SARDP-NE [Job No SARDP-NE/P- P/Pkg-A/NH-13/Ar.Pr./PWD/2018-19/116],Arunachal Pradesh,MoRTH,April 2026,0,1,0.2219651519413398,0.9999757571876381,True,True,0.610970454564489,complete,none,Medium,v1-equal-weight-2026-04-snapshot
869,618033,4-Laning of Itanagar to Bandardewa section of NH-415from km 40430 to km 51735 Package-Bon EPC Mode in the state of Arunachal Pradesh Job NO. 415/Ar. P/2020- 21/031,Arunachal Pradesh,MoRTH,April 2026,0,1,0.17070117662146178,0.9999778306478615,True,True,0.5853395036346616,complete,none,Medium,v1-equal-weight-2026-04-snapshot
870,618401,"Construction of Intermediate Lane with Hard Shoulder of Hunli to Hayuliang Package- III from design Km 60.000 to Km 121.500 Design Length 61.500 km, Greenfield Section of Frontier Highway NH-913 in the State of Arunachal Pradesh on EPC Mode Pkg-3",Arunachal Pradesh,NHIDCL,April 2026,0,0,0.03044298725333315,0.004346042882305399,True,True,0.017394515067819274,complete,none,Low,v1-equal-weight-2026-04-snapshot
871,618402,"Construction of Intermediate Lane with Hard Shoulder of Hunli to Hayuliang from Design Km 0.000 to Km 53.000 Design Length 53.000 km, Greenfield Section of Frontier Highway NH-913 in the State of Arunachal Pradesh on EPC Mode Package-I",Arunachal Pradesh,NHIDCL,April 2026,0,1,0.03293864195516738,0.0014242199654819021,True,True,0.01718143096032464,complete,none,Low,v1-equal-weight-2026-04-snapshot
872,618403,Construction of Intermediate Lane Road with hard shoulder from design Km 0.000 to Km 17.387 Total length 17.387 km of Hunli to Ithun Bridge section on NH-913 Frontier Highway in State of Arunachal Pradesh on EPC mode under NHO-NE,Arunachal Pradesh,NHIDCL,April 2026,0,0,0.04458222946124048,0.004072595355095338,True,True,0.02432741240816791,complete,none,Low,v1-equal-weight-2026-04-snapshot
873,618404,Construction of lntermediate Lane Road with hard shoulder from design chainage Km 0.000 to Km 53.040 Existing Length68.500 Km & Total Design length 53.04 km of Tato to Monigong section of NH-913 Frontier Highway on Nafra Bomdila to Vijaynagar along China border in state of Arunachal pradesh on EPC mode,Arunachal Pradesh,NHIDCL,April 2026,0,0,0.0852548807195901,0.0002956290309294696,True,True,0.04277525487525979,complete,none,Low,v1-equal-weight-2026-04-snapshot
874,618405,"Construction of Intermediate Lane of Pango to Jorging Road from 0000 to Design Km Design Km 40000 Design Length 40.00 Km, Pkg-l, Greenfield Alignment in the State of Arunachal Pradesh on EPC mode Pkg-1",Arunachal Pradesh,NHIDCL,April 2026,0,0,0.02804056780801326,0.0015242983179027758,True,True,0.014782433062958018,complete,none,Low,v1-equal-weight-2026-04-snapshot
875,618432,Construction of Balance work of 2-Lane with PS of Joram-Koloriang Road NH-713 on EPC basis from Design Km 44.989 to Km 61.547 Existing Km 50.050 to Km 70.000 in the state of Arunachal Pradesh under SARDP-NE Pkg-3,Arunachal Pradesh,NHIDCL,April 2026,0,1,0.2161784854233355,0.9999885842916988,True,True,0.6080835348575171,complete,none,Medium,v1-equal-weight-2026-04-snapshot
876,618433,Construction of Balance work of 2-Lane with PS of Joram Koloriang Road from existing Km122.600 to km138.00 [Design Km108.724 to Km123.714] in Arunachal Pradesh on EPC Mode under SARDP-NE Pkg-7,Arunachal Pradesh,NHIDCL,April 2026,0,1,0.20184795972090722,0.9999844467066452,True,True,0.6009162032137763,complete,none,Medium,v1-equal-weight-2026-04-snapshot
877,618434,Roing-Hunli Road Greenfield Alignment Project,Arunachal Pradesh,NHIDCL,April 2026,0,1,0.30206538412465844,0.9999868694879112,True,True,0.6510261268062848,complete,none,High,v1-equal-weight-2026-04-snapshot
878,618445,Construction of 2-Laning with hard shoulders of Demwe-Brahmakund section of NH- 13 from Ch.0.00 km to 18.464 km on EPC under SARDP-NE NHO-NE -Balance Work,Arunachal Pradesh,NHIDCL,April 2026,0,0,0.1096803172403441,0.0060216749904607346,True,True,0.05785099611540242,complete,none,Low,v1-equal-weight-2026-04-snapshot
879,619014,"lmprovement and Widening to 2 lane with paved Shoulder of NH-15 old NH-52 from Existing Km 770.600 Design Km 24.819 to Existing km 805.750 Design Km 59.885 Kamlang T-Junction to Chowkham, Existing Length 35.150 Km, Design Length-35.066 Km in the state of Arunachal Pradesh on EPC mode Pkg-2",Arunachal Pradesh,NHIDCL,April 2026,0,-1,0.04476754945605614,,True,False,0.04476754945605614,partial,time_overrun_probability,Low,v1-equal-weight-2026-04-snapshot
880,617895,Construction of Mangaldoi Bypass NH-15 starting at Ch 26400 and terminating at Ch 41505 under Rangia NH Division L 15.105 Km in the State of Assam. Job No. 15/AS/2021-22/234,Assam,MoRTH,April 2026,0,1,0.13495971630293022,0.9999080398332983,True,True,0.5674338780681143,complete,none,Medium,v1-equal-weight-2026-04-snapshot
881,617896,"Construction of 4 lane Gauripur Bypass Starting bfrom Km 852.56 of NH- 31Dumardoha Pt-II and Terminating at Km 862.17 Baladmara via. Khudimari Pt.- II, Fulkumari, Charaldanga, Sajuakuti,Geramari Pt.-III and finally meeting at km 862.17 of NH-17New/ NH-31Old in the State of Assam under EPC Mode Job no. 31/AS/ 2023- 24/265",Assam,MoRTH,April 2026,0,0,0.03418952639197406,0.00025945167587836863,True,True,0.017224489033926215,complete,none,Low,v1-equal-weight-2026-04-snapshot
882,618034,Construction of 2 lane Barpeta Bypass from Km 77900Baradi to Km 86150 Deurikuchi Length8.25Km on NH-427 in the state of Assam under EPC ModeJob No.427/AS/2022-23/245,Assam,MoRTH,April 2026,0,0,0.08043095043805817,0.00029096008579555804,True,True,0.040360955261926866,complete,none,Low,v1-equal-weight-2026-04-snapshot
883,618159,"Construction of new 2 Lane with paved shoulders of NH Standards from km 0.080 to km 11.690 L11.610 km in Majuli and from km 19.715 to km 27.484 L 7.769 km in Jorhat on the newly declared NH 715K and construction of 1.10 km flyover on NH-715 with its approaches and service roads L1.10 km, Total Length 20.479 km in the State of Assam Job No. 715K/AS/2023-24/256",Assam,MoRTH,April 2026,0,0,0.025604001270819236,0.000531960277585481,True,True,0.013067980774202358,complete,none,Low,v1-equal-weight-2026-04-snapshot
884,618160,"Construction of 2 lane Major Bridge including approaches over Brahmaputra between Majuli on North Bank and Jorhat on South Bank from km. 11.690 to km. 19.715 length of bridge 6,812.5m Package - II on NH-715K in the state of Assam Job no. 715/AS/2020-21/213",Assam,MoRTH,April 2026,0,0,0.07395718469347373,5.023989285703728e-05,True,True,0.03700371229316538,complete,none,Low,v1-equal-weight-2026-04-snapshot
885,618282,4-L Bilasipara-Guwahati Package-10,Assam,NHIDCL,April 2026,0,1,0.04679957271646411,0.7173038249305,True,True,0.38205169882348206,complete,none,Medium,v1-equal-weight-2026-04-snapshot
886,618283,4-L Bilasipara-Guwahati Package-9,Assam,NHIDCL,April 2026,0,1,0.05415930521181834,0.9773103482387994,True,True,0.5157348267253089,complete,none,Medium,v1-equal-weight-2026-04-snapshot
887,618284,Widening/Improvement to 4-Lane with paved shoulder from Km 99930 to Km 143680 Design Chainage 96000 to 139750 of Paikan to Dhupdhara Sahar of Bilasipura- Guwahati Road on NH-17 in the state of Assam on EPC mode under Bharatmala Pariyojana in Economic Corridors Project Length 43.750km under NHO-NE Package- 8,Assam,NHIDCL,April 2026,0,0,0.059556144208012564,0.005762623849330224,True,True,0.03265938402867139,complete,none,Low,v1-equal-weight-2026-04-snapshot
888,618285,Widening/Improvement to 4 -Lane with Paved Shoulder from Ch. 88.000km to Ch.99.930 km Design Ch.84.100km to Ch.96.000 km of Sagunbashi forest near Nichinta to starting of Krishnai Bypass Section of Bilasipura Guwahati road NH 17 on EPC Package-7,Assam,NHIDCL,April 2026,0,1,0.18781666071750752,0.9784438440977792,True,True,0.5831302524076434,complete,none,Medium,v1-equal-weight-2026-04-snapshot
889,618286,Construction of New 2-Lane Bridge with its approaches from km 0000 to Km 4385 across River Brahmaputra on NH-17 at Jogighopa in Assam on EPC mode,Assam,NHIDCL,April 2026,0,1,0.07515709807214577,0.9987850388868644,True,True,0.536971068479505,complete,none,Medium,v1-equal-weight-2026-04-snapshot
890,618287,"Widening/Improvement to 4-Lane with paved Shoulder from Ch. 25.633 Km to Ch. 52.470 Km Design Ch. 21.850 Km to Ch.48.670 Km for Package-2 of Bilasipura- Guwahati road NH-17 Section Near Mowatari, before Chapar Bypass to Tulungia junction with NH-17 in the state of Assam on HAM mode under NHO-NE Package-2",Assam,NHIDCL,April 2026,0,0,0.05855325949735342,0.0017280103567301928,True,True,0.030140634927041807,complete,none,Low,v1-equal-weight-2026-04-snapshot
891,618288,"Widening/lmprovement to 4-Lane with Paved Shoulder from Ch.5.580 Km to Ch.25.633 Km Design Ch.0.000 Km to Ch.17.737km Km 901.100 to Km 921.145 of old NH-31 of Bilasipara- Guwahati road NH-17 Section Near Chirakuta to near Mowatari, before Chapar Bypass in the state ol Assam on HAM mode Package-1",Assam,NHIDCL,April 2026,0,0,0.05836628626794723,0.00018432517837650874,True,True,0.02927530572316187,complete,none,Low,v1-equal-weight-2026-04-snapshot
892,618289,Construction and up gradation to 4-Lane of existing two lane with paved shoulder from Hapachara to Tulungia road of NH-117 of existing Km 0.00 to km 14.050 and Design Km 0.000 to km 14.660 under BMP on EPC mode,Assam,NHIDCL,April 2026,0,1,0.16760784287643835,0.9999964984750961,True,True,0.5838021706757672,complete,none,Medium,v1-equal-weight-2026-04-snapshot
893,618308,Construction of 4-Lane Panchgram Bypass from Design Chainage km 15500 on NH- 37 Old NH-53 at Kalinagar Pt.-I Village to Design Chainage km 27300 at crossing with NH-6 Old NH-44 Near Siddeswar Pt.-I Village on Silchar - Churaibari stretch in the State of Assam on EPC Mode under Bharatmala Pariyojana in Economic Corridors Silchar- Churaibari Package-2,Assam,NHIDCL,April 2026,1,0,0.3515160923507257,0.0007569942642699833,True,True,0.17613654330749784,complete,none,Low,v1-equal-weight-2026-04-snapshot
894,618309,Widening/lmprovement to 4-Laning and Greenfield alignment with Paved shoulder of Silchar-Badarpur Churaibari section of NH-37 & NH-8 from Design chainage 38.600 End point of proposed Badarpur Bypass to Km. 62.800 Start point of proposed Nilambazar/Cheragi Bypass in the state of Assam on HAM Mode Package-4,Assam,NHIDCL,April 2026,0,0,0.016284010245216283,0.005353258518182025,True,True,0.010818634381699154,complete,none,Low,v1-equal-weight-2026-04-snapshot
895,618310,Widening/lmprovement to 4-L of Karimgani - sutarkandi section of NH 37 from design Ch 0020 Start of proposed Karimganj Bypass from NH -8 to design Chainage Km 14380 near Sutarkandi Spur Connectivity to Indo/Bangladesh Border on Silchar- Churaibari in the State of Assam on HAM Mode Package-7,Assam,NHIDCL,April 2026,0,0,0.028612632900598848,0.00030882298926689355,True,True,0.014460727944932871,complete,none,Low,v1-equal-weight-2026-04-snapshot
896,618311,Widening/lmprovement to 4-Lane with Paved shoulder for existing as well as Greenfield alignment of Badarpur Churaibari section of NH-8 from Design chainage 87.700 Chandkhira to Km. 106.500 Churaibari section Assam-Tripura border in the state of Assam on HAM Mode Package-6,Assam,NHIDCL,April 2026,0,0,0.04083360921369807,0.0008972080664463845,True,True,0.02086540864007223,complete,none,Low,v1-equal-weight-2026-04-snapshot
897,618312,Widening/lmprovement to 4-Lane with Paved Shoulder from existing road and Greenfield alignment form Design Ch. 62.800 start of proposed Nilambazar/Cheragi Bypass to Design Ch. 87.700 near Chandkhira Village of NH-8 on Silchar-Churaibari in the state of Assam on HAM Mode Package-5,Assam,NHIDCL,April 2026,0,0,0.017479550224774883,0.0009274986156251154,True,True,0.0092035244202,complete,none,Low,v1-equal-weight-2026-04-snapshot
898,618313,Widening/lmprovement of Existing 2 lane to 4-Laning of Karimganj-Silchar section of NH-37 from Design Ch 0.000 near Silchar ISBT to Design Ch 15.970 near Kalinagar Pt I on NH-37 in Assam on HAM Mode Pkg-1,Assam,NHIDCL,April 2026,0,0,0.03369618393295324,8.627996266959761e-05,True,True,0.01689123194781142,complete,none,Low,v1-equal-weight-2026-04-snapshot
899,618314,4-Laning of Dhanehari Lailapur / Vairengte section from Existing Chainage km 12920 to km 43000 of NH 306 Design Chainage km 20000 to km 49360 on Silchar - Vairengte Sairang road in the State of Assam under Bharatmala Pariyojna on EPC mode. Project Length 29.360 km under NHO-NE Package-2,Assam,NHIDCL,April 2026,0,0,0.06407697613718805,8.920192273827904e-05,True,True,0.032083089029963166,complete,none,Low,v1-equal-weight-2026-04-snapshot
900,618315,4-Laning of Silchar - Dhanehari section from Existing Chainage km 263800 of NH 37 to km 12920 of NH 306 Design Chainage km 0000 to km 20000 on Silchar - Vairengte - Sairang road in the State of Assam under Bharatmala Pariyojna on EPC mode Package-1,Assam,NHIDCL,April 2026,0,0,0.04036456333520093,0.000694226495189953,True,True,0.02052939491519544,complete,none,Low,v1-equal-weight-2026-04-snapshot
901,618325,Dillai to Lahorijan Package-7,Assam,NHIDCL,April 2026,0,1,0.1300311574367281,0.9999544440975864,True,True,0.5649928007671572,complete,none,Medium,v1-equal-weight-2026-04-snapshot
902,618326,Widening/Improvement to 4-Lane with Paved Shoulder from KM 38500 to Km 51246 Design Chainage 38500 to 50959 with proposed Daboka Bypass of Daboka- Parokhaowa of NH 29 on EPC under NHO-NE Package-1,Assam,NHIDCL,April 2026,0,1,0.04208216387389876,0.9998187041417702,True,True,0.5209504340078345,complete,none,Medium,v1-equal-weight-2026-04-snapshot
903,618327,Widening/Improvement to 4-Lane with Paved Shoulder from KM 113300 to Km 146230 Design Chainage 113830 to 145712 of Kwaram Taro Village - Dillai Section in Assam on EPC Package-6,Assam,NHIDCL,April 2026,0,1,0.09494570263859464,0.9997676927482165,True,True,0.5473566976934056,complete,none,Medium,v1-equal-weight-2026-04-snapshot
904,618330,Construction of 4/6 Laning from existing Km 159.400 of NH-36 to existing Km 102.500 of NH-39 and upto end point of Assam portion [Design Km 118.050 to design Km 132.375] Total New Alignment length of 14.325 Km of Daboka -Dimapur Section Dimapur Bypass in the state of Assam under SARDP-NE 'Phase-A' on EPC mode Assam Portion,Assam,NHIDCL,April 2026,0,1,0.22462758044081216,0.9999897482703994,True,True,0.6123086643556058,complete,none,Medium,v1-equal-weight-2026-04-snapshot
905,618331,lmprovement to 4-Lane with Paved Shoulder from existing km 260000 Design Ch.4560 km to existing km Ch.233000 D. Ch.24560 of Silchar near Nutan Dayapur village - Budha Nagar Section Length-20.00 Km of NH-37 under Package Silchar- Jiribam Pkg-1 in the state of Assam on HAM Mode,Assam,NHIDCL,April 2026,0,0,0.05828148781800266,0.004704450506756716,True,True,0.03149296916237969,complete,none,Low,v1-equal-weight-2026-04-snapshot
906,618339,Widening/Improvement to 2-Lane Lane with Paved Shoulder from km 16900 Bogapani to km 27150 Golai Goan on existing Dibrugarh to Ledo section with proposed Digboi Bypass Green Field and Brownfield 2-LanePS of NH-315 OLD NH-38 in Tinsukia District under NHO- NE Package-4,Assam,NHIDCL,April 2026,0,-1,0.09849073776378166,,True,False,0.09849073776378166,partial,time_overrun_probability,Low,v1-equal-weight-2026-04-snapshot
907,618340,Widening/Improvement to 4-Lane with Paved Shoulder from km 626030 Nalani hulla Gaon to km 650450 Chotahapjan on existing Tinsukhia -Makum Bypass of NH-15 OLD NH-37 and Strengthening of existing NH-315 OLD NH-38 from Km 0000 Chotahapjan to Km 16900 Bogapani section 2-Lane PS in Assam on EPCMode under NHO-NE Package-3,Assam,NHIDCL,April 2026,0,1,0.05090326002561275,0.9999664946223044,True,True,0.5254348773239585,complete,none,Medium,v1-equal-weight-2026-04-snapshot
908,618351,Widening & Upgradation to 2 lanes with paved shoulders road from Tamenglong to Mahur NH-137 in the State of Assam starting from km 156.489 near P. Leikul to km 176.410 near Borowapu on EPC mode under NHO-NE Assam portion Package-10,Assam,NHIDCL,April 2026,0,1,0.04773014353537198,0.9990811821432415,True,True,0.5234056628393068,complete,none,Medium,v1-equal-weight-2026-04-snapshot
909,618352,Widening & Upgradation to 2 lanes with paved shoulders road from Tamenglong to Mahur NH-137 in the State of Assam starting from km 136.500 near Hejaichak to km 156.489 near P. Leikul Package-9 on EPC mode under NHO-NE Package-9,Assam,NHIDCL,April 2026,0,1,0.04916961564445102,0.9990811821432415,True,True,0.5241253988938462,complete,none,Medium,v1-equal-weight-2026-04-snapshot
910,618353,Widening & Upgradation to 2-lanes with paved shoulders road from Tamenglong to Mahur NH-137 in the State of Assam starting from km 116.480 near Hangrum to km 136.500 near Hejaichak Package-8 on EPC mode under NHO-NE Package 8,Assam,NHIDCL,April 2026,0,1,0.045461806685360144,0.9989102504225759,True,True,0.522186028553968,complete,none,Medium,v1-equal-weight-2026-04-snapshot
911,618354,Wideinig & Upgradation to 2-lanes with paved shoulders road from Tamenglong to Mahur NH-137 in the State of Assam starting from km 96.870 near Jiri River to km 116.550 near Hangrum Package-7 on EPC mode Package7,Assam,NHIDCL,April 2026,0,1,0.04324151815905065,0.9981822087738641,True,True,0.5207118634664574,complete,none,Medium,v1-equal-weight-2026-04-snapshot
912,618371,"Widening/Improvement to 4-Lane with Paved Shoulder configuration of existing single lane road from Srirampur near Bhairiguri Village to Kachukhana Harichara Paglagaunj Package-I of Srirampur - Dhubri Section of NH-127B from existing Km 0.000 to Km 28.050 Design Km 0.000 to Km 27.650, Design Length27.650 Km under JICA ODA Loan assistance Phase-V -Balance work",Assam,NHIDCL,April 2026,0,0,0.20544558626642653,0.001388544214511625,True,True,0.10341706524046908,complete,none,Low,v1-equal-weight-2026-04-snapshot
913,618372,"Widening / Improvement to 4-Lane with Paved Shoulder configuration of existing single lane road from Kachukhana Harichara Paglagaunj to Dhubri - Phulbari Bridge approach Package-II of Srirampur - Dhubri Section of NH-127B from existing Km 28.050 to Km 55.060 Design Km 27.650 to Km 54.154, Design Length26.504 Km under JICA ODA Loan assistance Phase-V [Srirampur - Dhubri Pkg-2]",Assam,NHIDCL,April 2026,0,1,0.1033838248720383,0.9999824715963127,True,True,0.5516831482341755,complete,none,Medium,v1-equal-weight-2026-04-snapshot
914,618373,"Construction of 4-Lane Bridge including approaches over River Brahmaputra between Dhubri on North Bank,Assam and Phulbari on south Bank,Meghalaya on NH-127B under JICA ODA Loan assistance Phase-III",Assam,NHIDCL,April 2026,0,0,0.2018766757513339,0.0028517354857697107,True,True,0.1023642056185518,complete,none,Low,v1-equal-weight-2026-04-snapshot
915,618435,4-Laning from Rangagara to Kaliabor Tiniali from km 297.00 to km 315.315 of NH-37 on EPC basis under SARDP-NE in state of Assam,Assam,NHIDCL,April 2026,0,1,0.23455667437716218,0.999996555451713,True,True,0.6172766149144375,complete,none,Medium,v1-equal-weight-2026-04-snapshot
916,618436,4-Laning of Jamugurihat to end of Biswanath Chariali By-Pass from Km 182.000 to Km 208.000 of NH-52 on EPC mode in state of Assam under SARDP-NE,Assam,NHIDCL,April 2026,0,1,0.43316561121501734,0.9999988860489043,True,True,0.7165822486319608,complete,none,High,v1-equal-weight-2026-04-snapshot
917,618437,"Construction of Balance Work of 4-Laning of NH-37 Section between End of Moran Bypass to Bogibeel junction near Lapetketa Km. 561.700-Km. 580.875 under SARDP- NE, Phase 'A' in the State of Assam on EPC mode Pkg-I Road works & Toll Plaza",Assam,NHIDCL,April 2026,0,1,0.34843079692613543,0.9911908920259445,True,True,0.66981084447604,complete,none,High,v1-equal-weight-2026-04-snapshot
918,618438,"4-Laning of NH-37 Section between Demow to End of Moran Bypass From Km. 534.800 to Km. 561.700 including Emergency Landing Facility ELF under SARDP-NE, Phase 'A' in the State of Assam on EPC mode",Assam,NHIDCL,April 2026,0,1,0.27747276407385735,0.9998072940588429,True,True,0.6386400290663501,complete,none,Medium,v1-equal-weight-2026-04-snapshot
919,618439,"Construction of Balance Work of 4-Laning of the Section from Jorhat to Jhanji of NH- 37 Old from Km 453000 to Km 463000 10.000 Km, under SARDP- NE under EPC Mode in the state of Assam Pkg-I Road Works",Assam,NHIDCL,April 2026,0,-1,0.05351849600412049,,True,False,0.05351849600412049,partial,time_overrun_probability,Low,v1-equal-weight-2026-04-snapshot
920,618440,"Construction of Balance Work of 4-Laning of the Section from Jhanji to Demow of NH- 37 Old from Km 490.800 to Km 534.800, under SARDP- NE on EPC Mode in the state of Assam Pkg- IV Structures & Toll Plaza",Assam,NHIDCL,April 2026,0,-1,0.3889358252589324,,True,False,0.3889358252589324,partial,time_overrun_probability,Medium,v1-equal-weight-2026-04-snapshot
921,618441,"Construction of Balance Work of 4-Laning of the Section from Jhanji to Demow of NH- 37 Old from Km 490.800 to Km 501.800 11.000 Km, under SARDP- NE under EPC Mode in the state of Assam Pkg-I Road Works",Assam,NHIDCL,April 2026,1,-1,0.5524173447249026,,True,False,0.5524173447249026,partial,time_overrun_probability,Medium,v1-equal-weight-2026-04-snapshot
922,618442,"Construction of Balance Work of the 4-Laning of the Section from Jorhat to Jhanji of NH-37 Old from Km 477.000 to Km 490800 13.800 Km, under SARDP- NE under EPC Mode in the state of Assam Pkg-III Road Works",Assam,NHIDCL,April 2026,0,-1,0.037059549294003784,,True,False,0.037059549294003784,partial,time_overrun_probability,Low,v1-equal-weight-2026-04-snapshot
923,618443,"Construction of Balance Work of the 4-Laning of the Section from Jorhat to Jhanji of NH-37 Old from Km 463.00 to Km 477.000 14.000 Km, under SARDP- NE under EPC Mode in the state of Assam Pkg-II Road Works",Assam,NHIDCL,April 2026,0,-1,0.04359928487231232,,True,False,0.04359928487231232,partial,time_overrun_probability,Low,v1-equal-weight-2026-04-snapshot
924,618444,"Construction of Balance Work of the 4-Laning of the Section from Jorhat to Jhanji of NH-37 Old from Km 453.000 to Km 490.800, under SARDP- NE , under EPC Mode in the state of Assam Pkg-IV Structures & Toll Plaza",Assam,NHIDCL,April 2026,0,-1,0.05982097187781899,,True,False,0.05982097187781899,partial,time_overrun_probability,Low,v1-equal-weight-2026-04-snapshot
925,618454,"Earthwork in Formation, Road Work, Construction of Bridges, Blanketing, P. Way Linking works including Supply of P. Way Fittings and Track Ballast in connection with Construction of Railway Siding from Jogighopa Railway Station to MMLP at Jogighopa from Ch. 00 to 3760 on Item Rate basis Package -3, Railway Siding from Jogighopa Railway Station to MMLP",Assam,NHIDCL,April 2026,0,1,0.10508385851715968,0.9999795549958361,True,True,0.5525317067564979,complete,none,Medium,v1-equal-weight-2026-04-snapshot
926,618455,Development of External Trunk Connectivity and Internal Infrastructure Works at Multi Model Logistics ParkMMLP at Jogighopa in the State of Assam on EPC Mode Package-I Road and Utility Works,Assam,NHIDCL,April 2026,0,1,0.1025045985373519,0.9999976690527604,True,True,0.5512511337950562,complete,none,Medium,v1-equal-weight-2026-04-snapshot
927,618576,"6L Standalone Flyovers at Raha, Demow, Borghat, Kathiatali junctions and ROB at Jagiroad on stretches of NH 36 and NH 27",Assam,National Highways Authority of India [NHAI],April 2026,0,-1,0.44007067163467484,,True,False,0.44007067163467484,partial,time_overrun_probability,Medium,v1-equal-weight-2026-04-snapshot
928,618934,Guwahati Ring Road in the State of Assam,Assam,National Highways Authority of India [NHAI],April 2026,0,0,0.1709358773820988,0.00524194811119767,True,True,0.08808891274664823,complete,none,Low,v1-equal-weight-2026-04-snapshot
929,618958,2L with ES of Yagyi - Kalewa section from Milepost 40/0 to Milepost 115/5 in Myanmar,Assam,National Highways Authority of India [NHAI],April 2026,0,1,0.4993741530158291,0.9993658531719842,True,True,0.7493700030939067,complete,none,High,v1-equal-weight-2026-04-snapshot
930,619013,"Construction of Balance Work of 4-Laning of the Section from Jhanji to Demow of NH- 37 Old from Km 501.800 to Km 514.800 13.000 Km, under SARDP- NE under EPC Mode in the state of Assam Pkg-II Road Works",Assam,NHIDCL,April 2026,1,-1,0.7096189311467765,,True,False,0.7096189311467765,partial,time_overrun_probability,High,v1-equal-weight-2026-04-snapshot
931,619057,Construction of 4-Lane Badarpur Bypass from Design Chainage km 27300 at crossing with NH-6 Old NH-44 Near Siddeswar Pt.-I Village to Design Chainage km 38600 on NH-37 Old NH-44 at Kandigram Chaita Village on Silchar - Churaibari stretch in the State of Assam on EPC Mode under Bharatmala Pariyojana in Economic Corridors Silchar- Churaibari Pkg-3,Assam,NHIDCL,April 2026,0,0,0.06215346474598747,0.005499385153166573,True,True,0.03382642494957702,complete,none,Low,v1-equal-weight-2026-04-snapshot
932,619060,"Construction of Balance Work of 4-Laning of the Section from Jhanji to Demow of NH- 37 Old from Km 514.800 to Km 534.800 20.000 Km, under SARDP- NE under EPC Mode in the state of Assam Pkg-III Road Works",Assam,NHIDCL,April 2026,1,-1,0.6976589886113861,,True,False,0.6976589886113861,partial,time_overrun_probability,High,v1-equal-weight-2026-04-snapshot
933,619089,Balance work of 4L of NarimbangloJatinga Junction- Harangajoroad section from Km 0.000 to Km 49.230 of NH-27,Assam,National Highways Authority of India [NHAI],April 2026,1,1,0.7120134195437099,0.9983224023915039,True,True,0.8551679109676069,complete,none,High,v1-equal-weight-2026-04-snapshot
934,617897,Construction of proposed 4Lane Revelgunj bypass NH-19 in the State of Bihar on EPC mode connecting NH 19 to 85 origin,Bihar,MoRTH,April 2026,0,1,0.14484054720422906,0.9999988868347945,True,True,0.5724197170195118,complete,none,Medium,v1-equal-weight-2026-04-snapshot
935,617958,Widening & Strenthening from km132.895 to km 190.15 NH-80,Bihar,MoRTH,April 2026,0,1,0.2142173799130982,0.999993851322788,True,True,0.6071056156179431,complete,none,Medium,v1-equal-weight-2026-04-snapshot
936,617959,Rehabilitation & Widening work for 2 Lane with Paved Shoulder of Existing NH-80 from km 70.15 to Km 121.025 of Munger-Suttanganj -BhagatpurMirzachowki section on EPC Mode in the State of Bihar.,Bihar,MoRTH,April 2026,0,-1,0.16557362469348047,,True,False,0.16557362469348047,partial,time_overrun_probability,Low,v1-equal-weight-2026-04-snapshot
937,617961,Gaya-Hisua-Rajgir-Nalanda-Biharsharif section km0.00 to 92.935 NH-82,Bihar,MoRTH,April 2026,1,1,0.7162925588251698,0.9999989078203642,True,True,0.858145733322767,complete,none,High,v1-equal-weight-2026-04-snapshot
938,617966,Rehabilitation and Upgrading to 2 lanes/2-lane with paved shoulders configuration and strengthening of of Birpur and Bihpur Section from km 0.0 to Km 106 of NH 106 under phase I of National Highways Interconnectivity Improvement Projects NHIIP ICB No. NHIIP-BR-106-7 [NHIIP-BR-106-7],Bihar,MoRTH,April 2026,1,1,0.7228977648160487,0.9999958051752533,True,True,0.8614467849956511,complete,none,High,v1-equal-weight-2026-04-snapshot
939,617969,Construction of 4 Lane ROB and its approaches at the level crossing LC No 29 B of Km 29 Ekangarsarai at NH 110 New NH 33 & Railway Km 32.63 at Fatwa FUT Islampur IPR section in the state of Bihar on EPC mode.,Bihar,MoRTH,April 2026,0,0,0.12096345811986983,0.5984442321651249,True,True,0.35970384514249737,complete,none,Medium,v1-equal-weight-2026-04-snapshot
940,618004,Construction of Bhabhua Bypass from Ch. 10800Design Ch. 10800 to Ch. 19860 Design Ch. 18150 and Chand Bypass from Ch. 38060 Design Ch. 36250 to Ch. 40460 Design Ch. 38650 and widening of existing road to 2 - lane with Paved shoulder from Ch. 40460 Design Ch. 38650 to Ch. 46860 Design Ch. 45050 of NH-219 Total length- 16.150 Kmunder EPC mode in the state of Bihar,Bihar,MoRTH,April 2026,0,1,0.23087946055495742,0.018195390352514065,True,True,0.12453742545373575,complete,none,Low,v1-equal-weight-2026-04-snapshot
941,618005,Sheohar-Sitamarhi Section km 40.000 to 79.400 km Lot-I,Bihar,MoRTH,April 2026,1,1,0.6248799139017811,0.9999986251564877,True,True,0.8124392695291345,complete,none,High,v1-equal-weight-2026-04-snapshot
942,618006,Sitamarhi-Jaynagar Section km 79.400 to km 156.500 Lot-II,Bihar,MoRTH,April 2026,1,1,0.6507179085093303,0.9999981578001436,True,True,0.825358033154737,complete,none,High,v1-equal-weight-2026-04-snapshot
943,618007,Jaynagar-Narahia Section km 156.500 to km 219.945 Lot-III,Bihar,MoRTH,April 2026,1,1,0.6849374518957414,0.999997974181834,True,True,0.8424677130387876,complete,none,High,v1-equal-weight-2026-04-snapshot
944,618073,Improvement to Two lane with Paved Shoulder from Junction of NH22 near Hajipur to Junction of NH -122 at Bachhwara via Mahnar and Mohiuddin Nagar from Km 0.00 to Km 29.730 of NH 122 B in the State of Bihar.,Bihar,MoRTH,April 2026,0,1,0.13020271272612263,0.6660522001201357,True,True,0.39812745642312913,complete,none,Medium,v1-equal-weight-2026-04-snapshot
945,618074,Pre construction activity of NH 122B from km 0 to 72.348 and Improvement to two lane with paved shoulders of NH 122B from km 29.730 to km 72.348 in state of Bihar under EPC mode,Bihar,MoRTH,April 2026,0,1,0.18623609969956273,0.9999941130734675,True,True,0.5931151063865151,complete,none,Medium,v1-equal-weight-2026-04-snapshot
946,618080,Improvement to two lane with paved shoulders of BH WB Border Amdabad Manihari section from design Km 0.000 to Km 23.945 of NH 131 A Total length 23.945 Km under EPC mode in the state of Bihar,Bihar,MoRTH,April 2026,0,-1,0.12405453139030191,,True,False,0.12405453139030191,partial,time_overrun_probability,Low,v1-equal-weight-2026-04-snapshot
947,618120,construction of Four-Lane of chausa-Buxar Bypass from Km 45.000 to Km 65.915 Package - 2 in the State of Bihar on EPC Mode.,Bihar,MoRTH,April 2026,0,0,0.2092458081614385,0.00017699679827707867,True,True,0.10471140247985779,complete,none,Low,v1-equal-weight-2026-04-snapshot
948,618121,Improvement to two lane with paved shoulders of NH-319A from km 0 to km 45 in state of Bihar under EPC mode,Bihar,MoRTH,April 2026,0,1,0.17884451317153865,0.9999581662329794,True,True,0.589401339702259,complete,none,Medium,v1-equal-weight-2026-04-snapshot
949,618126,"Pre-Construction activities from Km 134.000 to Km 190.233 of NH-333A and Construction of 4 no. of Bypasses at Katoria, Lakhpura, Banka & Panjwara total length-14.359 Km to two lane with paved shoulders standard in State of Bihar.",Bihar,MoRTH,April 2026,0,0,0.09058315925007333,0.0017480567669651925,True,True,0.046165608008519265,complete,none,Low,v1-equal-weight-2026-04-snapshot
950,618146,Estimate for Improvement to two lane with paved shoulder from Ramnagar to Roseda from km 3.500 to 43.000 of NH 527 E on EPC mode in State of Bihar,Bihar,MoRTH,April 2026,0,1,0.13888083648775235,0.9772823224205793,True,True,0.5580815794541658,complete,none,Medium,v1-equal-weight-2026-04-snapshot
951,618228,construction of a new 4 lane Parallel to existing MG Setu with its approaces from km 0.00 to km 14.500 across river Ganga on NH-19 at Patna in the state of Bihar.,Bihar,MoRTH,April 2026,0,1,0.40077278455918175,0.9999647763513225,True,True,0.7003687804552521,complete,none,High,v1-equal-weight-2026-04-snapshot
952,618234,Construction of a new 4-lane major bridge across river Kosi at Phulaut including Rehabilitation and upgradation of existing Birpur and Bihpur section of NH-106 from km 106.000 to km 136.000 to 2-lane with paved shoulders in the State of Bihar on EPC mode,Bihar,MoRTH,April 2026,0,1,0.34901052464368754,0.9790495317137367,True,True,0.6640300281787122,complete,none,High,v1-equal-weight-2026-04-snapshot
953,618246,Construction of New 4-Lane Bridge Parallel to existing Vikramashila Setufrom km 8920 to Km 13375including approach road 35m Naugachhia side &53 m Bhagalpur sideacross River Ganga on newly declared NH-131B at Bhagalpur in the State of Bihar,Bihar,MoRTH,April 2026,0,0,0.3582781445724755,0.007839554801146991,True,True,0.18305884968681124,complete,none,Low,v1-equal-weight-2026-04-snapshot
954,618250,Construction of 6-Lane Elevated / Extra Dose Cable Bridge on River Ganga parallel to & Western side of Digha-Sonepur Rail cum-Road Bridge of NH 139W in the State of Bihar,Bihar,MoRTH,April 2026,0,1,0.17713976193856118,0.977947594006785,True,True,0.577543677972673,complete,none,Medium,v1-equal-weight-2026-04-snapshot
955,618251,"Improvement and Up gradation to four lane with Paved shoulder configuration from Existing Km 0000 to Km 39500 design km 0500 to Km 40342, Design length km of NH 227A near Mehrauna GhatUP Bihar Border to Siwan on the state of Bihar on Hybrid Annuity Model HAM basis",Bihar,MoRTH,April 2026,0,0,0.24385107507433013,0.0014049147922764059,True,True,0.12262799493330327,complete,none,Low,v1-equal-weight-2026-04-snapshot
956,618569,Balance work - WB-10 Gandak Bridge Km 402.00 to Km 440.00 Devanpur - Kotwa,Bihar,National Highways Authority of India [NHAI],April 2026,1,1,0.604437311415017,0.9999938794153318,True,True,0.8022155954151744,complete,none,High,v1-equal-weight-2026-04-snapshot
957,618570,4L Elevated Highway and at grade improvements at Gopalganj Town from Km. 384.000 to Km. 386.750 on NH-27,Bihar,National Highways Authority of India [NHAI],April 2026,0,1,0.42749484146996425,0.9999990018109967,True,True,0.7137469216404805,complete,none,High,v1-equal-weight-2026-04-snapshot
958,618571,Permanent rectification of 3 nos. of black spots in project Highway NH-27 of U.P border - Dewapur - Kotwa section from Km.360.915 to km.440.000 Total Length of 79.085 Km of NH-27& Permanent rectification of 5 nos. of black spots of project Highway NH-27 of Kotwa - Mehsi - Muzaffarpur Section from km.440.000 to km.520.000 Total length 80.00Km,Bihar,National Highways Authority of India [NHAI],April 2026,1,1,0.6543476978299613,0.9998092804903127,True,True,0.827078489160137,complete,none,High,v1-equal-weight-2026-04-snapshot
959,618582,4L of Galgalia - Bahadurganj section from Km 0.000 to Km 49.000 Package-I of NH327E,Bihar,National Highways Authority of India [NHAI],April 2026,0,-1,0.7714687347497677,,True,False,0.7714687347497677,partial,time_overrun_probability,High,v1-equal-weight-2026-04-snapshot
960,618583,4L of Bahadurganj Araria section from Km 49.000 to Km 94.000 Package-II of NH- 327E,Bihar,National Highways Authority of India [NHAI],April 2026,0,1,0.7179676325584526,0.9999996153161267,True,True,0.8589836239372897,complete,none,High,v1-equal-weight-2026-04-snapshot
961,618725,6L Greenfield Varanasi-Ranchi-Kolkata Highway from Pachmon village to Anarbansalea village From KM. 116000 to KM. 151200 Package-6,Bihar,National Highways Authority of India [NHAI],April 2026,1,0,0.7912761266316088,0.007703880973821491,True,True,0.39949000380271515,complete,none,Medium,v1-equal-weight-2026-04-snapshot
962,618726,6L Greenfield Varanasi-Ranchi-Kolkata Highway from junction with Chandauli- Chainpur Road near Khainti village to junction with Bhabhua-Adhaura road near Palka village from Km. 27.000 to Km. 54.000 Pkg-2,Bihar,National Highways Authority of India [NHAI],April 2026,1,0,0.7687087844277595,0.004398065281998613,True,True,0.38655342485487904,complete,none,Medium,v1-equal-weight-2026-04-snapshot
963,618727,6L Greenfield Varanasi-Ranchi-Kolkata Highway from junction with Bhabhua-Adhaura road in Bhairopur village to Konki village From KM. 54.000 to KM. 90.000Pkg-3,Bihar,National Highways Authority of India [NHAI],April 2026,1,0,0.7897928114025706,0.00048584352700085346,True,True,0.39513932746478575,complete,none,Medium,v1-equal-weight-2026-04-snapshot
964,618738,6L Bridge and its approaches across River Ganga as Part of Patna Ring Road NH- 131G starting from Km 8.480 near Sherpur to Km 23.000 near Dighwara,Bihar,National Highways Authority of India [NHAI],April 2026,0,1,0.26747719678966037,0.978621376940018,True,True,0.6230492868648392,complete,none,Medium,v1-equal-weight-2026-04-snapshot
965,618739,4L Greenfield Alignment of Amas to Shivrampur from 0.000 Km. to 55.002 Km. of NH 119 D Pkg-I,Bihar,National Highways Authority of India [NHAI],April 2026,1,1,0.845069411388216,0.9999993071999619,True,True,0.9225343592940889,complete,none,High,v1-equal-weight-2026-04-snapshot
966,618740,4L Greenfield Alignment of Shivrampur to Ramnagar from Km. 55.002 to Km. 109.300 of NH 119 D Pkg-II,Bihar,National Highways Authority of India [NHAI],April 2026,1,1,0.8347685492839224,0.9999322440759308,True,True,0.9173503966799266,complete,none,High,v1-equal-weight-2026-04-snapshot
967,618741,4L Greenfield Alignment from Kalyanapur to Tal Dashraha of NH-119D Pkg-III,Bihar,National Highways Authority of India [NHAI],April 2026,1,1,0.8170200933000751,0.9999977116418425,True,True,0.9085089024709587,complete,none,High,v1-equal-weight-2026-04-snapshot
968,618742,"Construction of 6-lane Greenfield corridor from Ramnagar to Kacchi Dargah NH-119D from Km 109700 to Km 122300, including widening of the existing NH-31 from Km 196700 to Km 198600, as part of the Amas-Darbhanga.",Bihar,National Highways Authority of India [NHAI],April 2026,0,0,0.32973339443780136,0.017559562349173524,True,True,0.17364647839348746,complete,none,Low,v1-equal-weight-2026-04-snapshot
969,618774,Ara - Mohania Pkg-II,Bihar,National Highways Authority of India [NHAI],April 2026,0,1,0.6202599915584686,0.9999992543269061,True,True,0.8101296229426873,complete,none,High,v1-equal-weight-2026-04-snapshot
970,618775,Ara Bypass,Bihar,National Highways Authority of India [NHAI],April 2026,0,0,0.28385379240811015,0.013755226489249582,True,True,0.14880450944867987,complete,none,Low,v1-equal-weight-2026-04-snapshot
971,618779,4L of Aurangabad-Paithan,Bihar,National Highways Authority of India [NHAI],April 2026,0,1,0.39115205150300997,0.9999812578686043,True,True,0.6955666546858071,complete,none,High,v1-equal-weight-2026-04-snapshot
972,618790,Construction of four laning of Bakarpur- Manikpur road section starting from village Chitarsenpur km 0000 and terminating at SH-74 near Manikpur 38814 at NH-139W under Bharatmalapariyona,Bihar,National Highways Authority of India [NHAI],April 2026,1,1,0.7832741078522071,0.9705635704354446,True,True,0.8769188391438258,complete,none,High,v1-equal-weight-2026-04-snapshot
973,618791,4L PS under NH configuration of Manikpur-Sahebganj of NH-139W,Bihar,National Highways Authority of India [NHAI],April 2026,0,0,0.33499663948946085,0.001887088637790391,True,True,0.16844186406362563,complete,none,Low,v1-equal-weight-2026-04-snapshot
974,618839,Aunta - Simaria including Ganga Bridge,Bihar,National Highways Authority of India [NHAI],April 2026,1,1,0.8975696667690997,0.9999890093227435,True,True,0.9487793380459215,complete,none,High,v1-equal-weight-2026-04-snapshot
975,618840,Simaria Km. 206.050 to Khagaria Km. 266.282,Bihar,National Highways Authority of India [NHAI],April 2026,1,1,0.6995662028777403,0.9999269600343532,True,True,0.8497465814560468,complete,none,High,v1-equal-weight-2026-04-snapshot
976,618841,4L Elevated Section and at-grade improvements at Begusarai town Simaria - Khagaria section from Km. 221.047 to Km. 225.302 of NH-31,Bihar,National Highways Authority of India [NHAI],April 2026,0,1,0.39077781960649766,0.9999609905599098,True,True,0.6953694050832038,complete,none,High,v1-equal-weight-2026-04-snapshot
977,618861,Bakhtiyarpur-Rajauli Pkg-II from km. 54.405 to km.101.630,Bihar,National Highways Authority of India [NHAI],April 2026,1,1,0.699713260467864,0.9999988585203547,True,True,0.8498560594941094,complete,none,High,v1-equal-weight-2026-04-snapshot
978,618862,Bakhtiyarpur-Rajauli Pkg-III from km. 101.630 to km.152.520,Bihar,National Highways Authority of India [NHAI],April 2026,1,1,0.7092075779193517,0.9998436230243948,True,True,0.8545256004718733,complete,none,High,v1-equal-weight-2026-04-snapshot
979,618902,Maheshkunt-Saharsa-Purnea Pkg I km 0.00 to km. 90.00 of NH-107,Bihar,National Highways Authority of India [NHAI],April 2026,1,1,0.8769417729265873,0.9999891532427905,True,True,0.9384654630846889,complete,none,High,v1-equal-weight-2026-04-snapshot
980,618903,Maheshkunt -Saharsa-Purnea Pkg II,Bihar,National Highways Authority of India [NHAI],April 2026,1,1,0.9136033424407265,0.9999997746825097,True,True,0.9568015585616181,complete,none,High,v1-equal-weight-2026-04-snapshot
981,618904,Chhapra - Hajipur from km. 143.200 to km. 209.200,Bihar,National Highways Authority of India [NHAI],April 2026,1,1,0.8571090066521421,0.9999990393698646,True,True,0.9285540230110033,complete,none,High,v1-equal-weight-2026-04-snapshot
982,618905,Widening with additional 3L abetting Chhapra Bypass Section of NH-19 from Km. 143.200 to Km. 159.255 Pkg-1,Bihar,National Highways Authority of India [NHAI],April 2026,1,0,0.46722096530457113,0.007318195128890636,True,True,0.2372695802167309,complete,none,Low,v1-equal-weight-2026-04-snapshot
983,618914,"4L Elevated Corridor and at-grade improvements from Design Ch0000 to Design Ch 19870 of Danapur Bihta Section, Design Ch0000 to Design Ch0231 connecting the existing RoB near Danapur station ,1.35 Km ramps and at-grade improvements to 4- lane section on Danapur side and Upgradation of existing Two lane carriageway to Four Lane carriageway from Design Ch19870 to Design Ch23500 of Bihta - Koilwar section",Bihar,National Highways Authority of India [NHAI],April 2026,0,1,0.27113464959597117,0.9979391097106705,True,True,0.6345368796533208,complete,none,Medium,v1-equal-weight-2026-04-snapshot
984,618915,4L of Bal. works of Patna - Gaya -Dobhi Pkg-II from km. 39.00 to km. 83.00 of Old NH- 83,Bihar,National Highways Authority of India [NHAI],April 2026,0,1,0.5852104892470109,0.9999929267888519,True,True,0.7926017080179314,complete,none,High,v1-equal-weight-2026-04-snapshot
985,618916,4L of Bal. works of Patna - Gaya -Dobhi Pkg-III from km. 83.00 to km. 127.217 of Old NH-83,Bihar,National Highways Authority of India [NHAI],April 2026,0,1,0.6116975055485717,0.9999966435141273,True,True,0.8058470745313495,complete,none,High,v1-equal-weight-2026-04-snapshot
986,618917,4L Greenfield starting from NH-30 near Saristabad Patna to Nathupur Project end point of Patna-Gaya-Dobhi Section of NH-83,Bihar,National Highways Authority of India [NHAI],April 2026,0,1,0.34658149218318174,0.9999611569791178,True,True,0.6732713245811498,complete,none,High,v1-equal-weight-2026-04-snapshot
987,618926,4L of Siwan- Masrakh section of Ram Janki Marg from Km 230.385 to Km 281.391 of NH-227A,Bihar,National Highways Authority of India [NHAI],April 2026,1,1,0.7707685643624312,0.07431551183989261,True,True,0.4225420381011619,complete,none,Medium,v1-equal-weight-2026-04-snapshot
988,618953,Umagaon-Saharsa Package-IV Koshi Bridge & approach Road - Bheja-Bakaur,Bihar,National Highways Authority of India [NHAI],April 2026,1,1,0.8878413098203606,0.9985697764498606,True,True,0.9432055431351105,complete,none,High,v1-equal-weight-2026-04-snapshot
989,618954,Umagaon - Saharsa Package - I Combined Umagaon-Kaluahi0.000KM to 21.609Km of NH227LSaharghat-Rahika0.000 Km to 26.130KM of NH227JRahika-Rampatti 0.00 KM to 15.00KM of NH527ABideshwarsthan-Bheja0.000KM to 25.915KM of NH527A.,Bihar,National Highways Authority of India [NHAI],April 2026,1,0,0.7743692028275706,0.0082390197739513,True,True,0.3913041113007609,complete,none,Medium,v1-equal-weight-2026-04-snapshot
990,618955,2L PS of Majhauli to Charout section from km. 0.00 to km. 63.655,Bihar,National Highways Authority of India [NHAI],April 2026,1,1,0.7673686706761181,0.9999821093171225,True,True,0.8836753899966203,complete,none,High,v1-equal-weight-2026-04-snapshot
991,618956,Construction of Major Bridge over Baghmati and Lakhandei River along with Approaches from Design km.16.500 to km.21.500,Bihar,National Highways Authority of India [NHAI],April 2026,0,0,0.3256565043677602,0.044549978834616984,True,True,0.1851032416011886,complete,none,Low,v1-equal-weight-2026-04-snapshot
992,619127,4L of Greenfield Alignment from Km. 47.000 to Km. 89.210 of Balbhadarpur to Bela Nawda Section of NH-119D,Bihar,National Highways Authority of India [NHAI],April 2026,0,1,0.7178348700409652,0.9933606029703005,True,True,0.8555977365056329,complete,none,High,v1-equal-weight-2026-04-snapshot
993,619136,Rehabilitation and Upgradation of Chorma - Bairgania Section of National Highway No 227F to 2 lane with paved shoulders from Design Ch.0.000 to Ch. 34.566,Bihar,National Highways Authority of India [NHAI],April 2026,1,1,0.5743820365875049,0.9999210793941069,True,True,0.7871515579908059,complete,none,High,v1-equal-weight-2026-04-snapshot
994,619152,Bakhtiyarpur Km 153.300 to Mokama Km 197.900,Bihar,National Highways Authority of India [NHAI],April 2026,1,1,0.7111382519947811,0.9996154104250671,True,True,0.8553768312099241,complete,none,High,v1-equal-weight-2026-04-snapshot
995,619166,Umagaon-Saharsa Package-V Bakaur-Parsarma-Bangaon-Bariyahi & Spur to Mahishi,Bihar,National Highways Authority of India [NHAI],April 2026,1,1,0.6059615726509433,0.9998362359628963,True,True,0.8028989043069198,complete,none,High,v1-equal-weight-2026-04-snapshot
996,619289,4L of Munger Mirzachauki section from Munger to Kharia village junction from Km 69520 to Km 95580 Pkg-1,Bihar,National Highways Authority of India [NHAI],April 2026,1,1,0.8566456069458753,0.9999970317096856,True,True,0.9283213193277804,complete,none,High,v1-equal-weight-2026-04-snapshot
997,619301,Construction of Approach Road to Rail-cum- Road Bridge across river Ganga at Munger Ghat NH-333 B,Bihar,National Highways Authority of India [NHAI],April 2026,1,1,0.7380934972905506,0.9999445347382476,True,True,0.8690190160143991,complete,none,High,v1-equal-weight-2026-04-snapshot
998,619305,4L of Munger Mirzachauki section from start of existing Bhagalpur bypass to Rasulpur from Km 125000 to Km 157350 Pkg-3,Bihar,National Highways Authority of India [NHAI],April 2026,1,1,0.864087878951802,0.9999850437126888,True,True,0.9320364613322454,complete,none,High,v1-equal-weight-2026-04-snapshot
999,619306,4L of Munger Mirzachauki section from Km 95580 to Km 125000 Pkg-2,Bihar,National Highways Authority of India [NHAI],April 2026,1,1,0.8459145265882608,0.999999885330916,True,True,0.9229572059595884,complete,none,High,v1-equal-weight-2026-04-snapshot
1000,619317,4L of Hajipur-Muzaffarpur Section of the existing NH-77 from Km. 0000 Ramashish Chowk to Km. 46300 and new bypass starting at Km. 46300 and connecting NH-28 of E-W Corridor at Km. 515045,Bihar,National Highways Authority of India [NHAI],April 2026,1,1,0.855439837576606,0.9999991074153858,True,True,0.9277194724959958,complete,none,High,v1-equal-weight-2026-04-snapshot
1001,619320,Muzaffarpur - Sonbarsa Section of NH-77 from km 2.800 to km 89.000,Bihar,National Highways Authority of India [NHAI],April 2026,1,1,0.8808418959019437,0.9999909142908003,True,True,0.940416405096372,complete,none,High,v1-equal-weight-2026-04-snapshot
1002,617908,Bemetara Bypass NH 30,Chhattisgarh,MoRTH,April 2026,0,0,0.10098330922904275,0.006539288976475539,True,True,0.05376129910275915,complete,none,Low,v1-equal-weight-2026-04-snapshot
1003,617919,Construction of 4 Nos Grade separtor between km. 281.000 to km. 307.600 km. 286.400 kumhari km. 299.000 Transport Nagar km. 302.000 Power House km. 304.000 Chandra Moura Chowk to km. 305.000 supeia of NH-53 old NH-06 Raipur - Durg 4 Lane on EPC mode in the state of chhattisgarh job NO. NH-53old NH-06 CG- 2017-18-56,Chhattisgarh,MoRTH,April 2026,0,1,0.19005138158635834,0.9999991347212818,True,True,0.59502525815382,complete,none,Medium,v1-equal-weight-2026-04-snapshot
1004,617971,Up-gradation to Two/Four lane with paved shoulder Configuration of Kondagaon- Narayanpur from design ch. 0.00 - 48.693 Design Length 47.493 Km. 1.20 Km. retained on NH-130D under EPC mode in the State Chhattisgarh.,Chhattisgarh,MoRTH,April 2026,0,0,0.11071775273278045,0.00013198611884444116,True,True,0.05542486942581244,complete,none,Low,v1-equal-weight-2026-04-snapshot
1005,617972,Upgradation to Two lane with Paved Shoulder Configuration of Narayanpur Kasturmeta pkg-II from design ch. 48.693 to 70.453 design length21.760 Km. on NH-130D under EPC mode in the state of Chhattisgarh.,Chhattisgarh,MoRTH,April 2026,0,-1,0.25722445075294387,,True,False,0.25722445075294387,partial,time_overrun_probability,Low,v1-equal-weight-2026-04-snapshot
1006,617973,Strengthening and widening of existing 2 lane road to two lane paved shoulder from km 7.750 to 26.542 & km. 32.093 to 45.786 of NH-130 on EPC mode in the state of chhattisgarh.job No. 130-CG-2017-18-348,Chhattisgarh,MoRTH,April 2026,0,1,0.24495556233804325,0.9999574315602088,True,True,0.622456496949126,complete,none,Medium,v1-equal-weight-2026-04-snapshot
1007,618014,"Upgradation of Ambikapur-Ramanujganj-Garwa road of NH-343, Package-III, Badki mahri village to Ramanujganj section from existing km 80.600 to km 110.330 Design Ch. 85.370 to Ch. 114.800 of total length 29.430 km to two lane with paved shoulders udner corridor scheme under EPC Mode in the of Chhattisgarh",Chhattisgarh,MoRTH,April 2026,0,0,0.2781635423971334,0.0011658021993940382,True,True,0.13966467229826374,complete,none,Low,v1-equal-weight-2026-04-snapshot
1008,618015,"Upgradation of Keonchi - Ratanpur Road of NH 45 Package-I, from design chainage km 237.860 to km 273.200 of length 35.340 km to two lane with paved shoulders under Corridor scheme on EPC mode in the state of Chhattisgarh.",Chhattisgarh,MoRTH,April 2026,1,1,0.4462434753393587,0.9928573034832401,True,True,0.7195503894112993,complete,none,High,v1-equal-weight-2026-04-snapshot
1009,618016,"Upgradation of Ambikapur Ramanujganj - Garhwa Road NH 343 of Package-I, Rajpuri Khurd Village to Padih Village section from existing km 7.830 to km 57.650 Design Ch. 13.700 to Ch. 62.700 of total length 49.00 km to two lane with paved shoulders under EPC mode in the state of Chhattisgarh",Chhattisgarh,MoRTH,April 2026,0,0,0.12569208772712676,0.014058168770937131,True,True,0.06987512824903194,complete,none,Low,v1-equal-weight-2026-04-snapshot
1010,618017,"Upgradation of Keonchi - Ratanpur Road of NH 45 Package-II, from design chainage km 278.75 to km 321.348 of length 42.598 km to two lane with paved shoulders under Corridor scheme on EPC mode in the state of Chhattisgarh.",Chhattisgarh,MoRTH,April 2026,0,1,0.23276329487423036,0.9954340860034311,True,True,0.6140986904388307,complete,none,Medium,v1-equal-weight-2026-04-snapshot
1011,618018,Upgradation of Bilaspur-Takhatpur-Mungeli-Pandariya-Pondi Road on N.H.-130A Package IIIA Takhatpur By-pass from existing Ch. 26.542 to 32.093 [Design Ch. 18.700 to 25.900] & Mungeli By-pass from existing Ch. 45.786 to 56.275 [Design Ch. 29.600 to 51.600] and Package IIIB Pandariya By-Pass from existing Ch. 82.582 to 87.133 [Design Ch. 77.900 to 81.1000 & Pondi By-pass from existing Ch. 103.166 to 104.756 [Design Ch. 97.000 to 103.395] to two lane with paved shoulder configuration in the,Chhattisgarh,MoRTH,April 2026,0,1,0.08651714868178524,0.9998698090830712,True,True,0.5431934788824282,complete,none,Medium,v1-equal-weight-2026-04-snapshot
1012,618064,Up-gradation of NH-930 Sherpar to Kohka from Km.67880 to Km.114860 to 2LPS in Chhattisgarh under EPC mode,Chhattisgarh,MoRTH,April 2026,0,-1,0.3000222436277467,,True,False,0.3000222436277467,partial,time_overrun_probability,Low,v1-equal-weight-2026-04-snapshot
1013,618078,Up-gradation of NH-130C Abhanpur to Paund from NH Km. 0000 to KM 40380 to two lane with paved shoulders in the State of Chhattisgarh on EPC mode.,Chhattisgarh,MoRTH,April 2026,0,1,0.23002797599540487,0.9999595807181759,True,True,0.6149937783567904,complete,none,Medium,v1-equal-weight-2026-04-snapshot
1014,618589,Durg-Raipur Bypass Section Package - 1 from km. 0.00 to km. 44.50 near Tendesara to near Khatti Village,Chhattisgarh,National Highways Authority of India [NHAI],April 2026,0,1,0.4908693610488966,0.9997959446152215,True,True,0.7453326528320591,complete,none,High,v1-equal-weight-2026-04-snapshot
1015,618590,Durg-Raipur-Arang Package - 2 from km. 44.50 to km. 92.23 near Khatti Village to near Aurang,Chhattisgarh,National Highways Authority of India [NHAI],April 2026,0,1,0.47286664339942164,0.9999550494164321,True,True,0.7364108464079269,complete,none,High,v1-equal-weight-2026-04-snapshot
1016,618639,4L of Bilaspur to Urga km 0.00 to 70.2 of NH-130A,Chhattisgarh,National Highways Authority of India [NHAI],April 2026,1,1,0.7913566724914967,0.999934988978499,True,True,0.8956458307349978,complete,none,High,v1-equal-weight-2026-04-snapshot
1017,618640,4L of Urga - Pathalgaon from Km. 70.200 to km. 157.745 of NH-130A,Chhattisgarh,National Highways Authority of India [NHAI],April 2026,1,0,0.698225932773489,0.006512955121976259,True,True,0.3523694439477326,complete,none,Medium,v1-equal-weight-2026-04-snapshot
1018,618673,Development of 6L of Jhanki Sargi Section Road from km 0.000 to km 42.800 of NH- 130CD Pkg-CG-1,Chhattisgarh,National Highways Authority of India [NHAI],April 2026,0,1,0.633347090518605,0.9999966472895779,True,True,0.8166718689040915,complete,none,High,v1-equal-weight-2026-04-snapshot
1019,618674,Development of 6L Sargi Basanwahi Section from km 42.800 to km 99.500 of NH- 130CD Pkg-CG-2,Chhattisgarh,National Highways Authority of India [NHAI],April 2026,0,1,0.5229197415908575,0.999474798269976,True,True,0.7611972699304168,complete,none,High,v1-equal-weight-2026-04-snapshot
1020,618675,Development of 6L of Basanwahi Marangpuri Section from km 99.500 to km 124.661 of NH-130-CD,Chhattisgarh,National Highways Authority of India [NHAI],April 2026,0,1,0.6062272745158029,0.9998873985064392,True,True,0.8030573365111211,complete,none,High,v1-equal-weight-2026-04-snapshot
1021,618849,Conversion of Partially Excavated Escape Tunnel to Uni-Directional 2L Tunnelincluding construction of cross passages and approach roads on either side of the tunnel from Km 12.732 to Km 14.568 of Kiratpur to Nerchowk Section of NH-21,Chhattisgarh,National Highways Authority of India [NHAI],April 2026,0,1,0.2884697316883816,0.9999586775659149,True,True,0.6442142046271483,complete,none,Medium,v1-equal-weight-2026-04-snapshot
1022,618957,4 laning of Champa - Korba from km 0.00 to km 38.2,Chhattisgarh,National Highways Authority of India [NHAI],April 2026,1,1,0.8009771801818159,0.9999994408193547,True,True,0.9004883105005852,complete,none,High,v1-equal-weight-2026-04-snapshot
1023,619103,4/6 Laning of Raipur-Simga Pkg-I from km. 0.00 to km. 48.58,Chhattisgarh,National Highways Authority of India [NHAI],April 2026,1,1,0.8311296425520506,0.9997082644425771,True,True,0.9154189534973138,complete,none,High,v1-equal-weight-2026-04-snapshot
1024,619167,4 Laning with PS of Pathrapalli-Katghora km 53.3 to km 92.6 Pkg-II of Bilaspur Kathghora,Chhattisgarh,National Highways Authority of India [NHAI],April 2026,1,1,0.708133538196182,0.9999606226530193,True,True,0.8540470804246006,complete,none,High,v1-equal-weight-2026-04-snapshot
1025,619183,Widening of Existing Road from Intermediate Lane 2-lane to 4-lane Between Km 19.994 to Km 35.180 of NH-848A Rakholi-Khadoli-Velugam Section in U.T. of Dadra and Nagar Haveli and Daman and Diu,Dadra & Nagar Haveli and Daman & Diu,MoRTH,April 2026,1,-1,0.4512803219863607,,True,False,0.4512803219863607,partial,time_overrun_probability,Medium,v1-equal-weight-2026-04-snapshot
1026,618509,Development of 6L UER II [Package - I] NH-1 Near Bakoli till Karala Kanjhawala Road from km. 0.70 to km.15.00,Delhi,National Highways Authority of India [NHAI],April 2026,1,1,0.8297168696096413,0.9999789058554971,True,True,0.9148478877325692,complete,none,High,v1-equal-weight-2026-04-snapshot
1027,618578,6L Access Controlled Highway from DND Maharani Bagh - Jn. with Jaitpur - Pushta Road of NH-148NA from km. 0.00 to km. 9.00 in NCR,Delhi,National Highways Authority of India [NHAI],April 2026,1,1,0.8419840182356799,0.9991945039879803,True,True,0.92058926111183,complete,none,High,v1-equal-weight-2026-04-snapshot
1028,619090,8L of Dwarka Expressway Pkg-II RuB near Dwarka Sector 21-DL/HR Border from 5.300 Km.to 9.500 Km. of NH-248BB,Delhi,National Highways Authority of India [NHAI],April 2026,1,1,0.9221295482227754,0.9999126094330009,True,True,0.9610210788278881,complete,none,High,v1-equal-weight-2026-04-snapshot
1029,619202,Dwarka Expressway from Km -0.600 to Km 5.300 - Pkg-I Shivmurti Chowk-RuB near Dwarka Sector 21,Delhi,National Highways Authority of India [NHAI],April 2026,1,1,0.9175323444880078,0.9998751137235308,True,True,0.9587037291057693,complete,none,High,v1-equal-weight-2026-04-snapshot
1030,617941,4-Laning from End of Zuari approaches to Start of Margao Bypass section of NH-66 from Km 536.800 to Km 543.450,Goa,MoRTH,April 2026,0,0,0.1017964123642947,0.00047635311827383777,True,True,0.051136382741284264,complete,none,Low,v1-equal-weight-2026-04-snapshot
1031,617942,Construction of Six lane Elevated Corridor from Km. 508.000 to Km. 513.150 including approaches on NH-66,Goa,MoRTH,April 2026,0,1,0.14347490329597254,0.9872472418379897,True,True,0.5653610725669811,complete,none,Medium,v1-equal-weight-2026-04-snapshot
1032,618609,Construction of 4L Flyover from MES College Junction to Bogmalo Junction on NH- 566 from Km. 7.106 to Km. 10.460 and 4L VUP at Queeny Nagar Junction from Km. 3.330 to Km. 4.550,Goa,National Highways Authority of India [NHAI],April 2026,0,1,0.18685214324183033,0.955419897095739,True,True,0.5711360201687847,complete,none,Medium,v1-equal-weight-2026-04-snapshot
1033,617906,Up-gradation of Dhoraji-Jamkandorna-Kalavad Section of NH-927D from Design Chainage km 0/00 to km 58/115 to Two lane with PS configuration in the State of Gujarat on EPC,Gujarat,MoRTH,April 2026,1,0,0.6112989472359672,0.002762529371494367,True,True,0.3070307383037308,complete,none,Low,v1-equal-weight-2026-04-snapshot
1034,617916,Work of 6 laning/Construction of elevated corridor from km 0/0 to 10/170 Narol Junction to Sarkhej junction including 4 lane Shastri Bridge on Sabarmati river on NH 47 in the State of Gujarat on HAM mode,Gujarat,MoRTH,April 2026,0,0,0.08002116691850857,0.00023135196275194485,True,True,0.04012625944063025,complete,none,Low,v1-equal-weight-2026-04-snapshot
1035,617926,Construction of new 4 lane major bridge with approaches on Sabarmati River near Dharoi at Km. 82/00 to 86/00 Design length 3.300 km on NH-58 in the State of Gujarat on Hybrid Annuity Mode HAM,Gujarat,MoRTH,April 2026,0,0,0.0724624815728335,0.00012598215802883615,True,True,0.03629423186543117,complete,none,Low,v1-equal-weight-2026-04-snapshot
1036,617927,Widening to 2LPS between Km 0/0 to 56/0 Khokhara Gujarat Border Vijayanagar Antrasuba Mathasur road of NH 58 in the State of Gujarat,Gujarat,MoRTH,April 2026,0,0,0.084055562990431,1.4696145040607955e-05,True,True,0.04203512956773581,complete,none,Low,v1-equal-weight-2026-04-snapshot
1037,617928,"Widening 2 lane to 4-lane from KM 92/320 to Km 115/320 Vav Chokdi-Satlasana to to Vrundavan Chokdi, Kheralu on NH-58 in the State of Gujarat.",Gujarat,MoRTH,April 2026,1,1,0.6375215029623356,0.9677139207640889,True,True,0.8026177118632123,complete,none,High,v1-equal-weight-2026-04-snapshot
1038,617976,Work of development and construction of elevated corridorfrom km 38/660 to km 42/690 Iscon junction to start point of approach of sanand flyover of NH-147 in the sate of Gujarat,Gujarat,MoRTH,April 2026,0,0,0.10613729081747257,0.011581050519911009,True,True,0.05885917066869179,complete,none,Low,v1-equal-weight-2026-04-snapshot
1039,617977,Development of Chiloda - Gandhinagar- Sarkhej ofNH-147 Package -II,Gujarat,MoRTH,April 2026,1,1,0.6160832294236646,0.999994071933784,True,True,0.8080386506787243,complete,none,High,v1-equal-weight-2026-04-snapshot
1040,618022,Upgradation to two lane with paved Shoulder Configuaration from Km. 0/00 to 47/000 of NH 351 Mahuva to Badhada section in the State of Gujarat,Gujarat,MoRTH,April 2026,1,1,0.5696395035497592,0.9841038477184507,True,True,0.776871675634105,complete,none,High,v1-equal-weight-2026-04-snapshot
1041,618107,Upgradation of Mehsana-Visnagar-vadnagar-Kheralu-Idar section from km 0/00 to 81/300 of NH 168G Mehsana to Idar in the State of GujaratTotal Length 81.300 Km on Hybrid Annuity Mode HAM,Gujarat,MoRTH,April 2026,0,0,0.0849659025670032,0.00015641002963997627,True,True,0.04256115629832159,complete,none,Low,v1-equal-weight-2026-04-snapshot
1042,618108,Up-gradation and strengthening to 2lanePS from Km 95/500 to km 129/775 of Nh 168G Idar-Bhiloda-Samlaji in the state of Gujarat Length 34.275 km,Gujarat,MoRTH,April 2026,0,1,0.5054331312913899,0.9983296648559411,True,True,0.7518813980736655,complete,none,High,v1-equal-weight-2026-04-snapshot
1043,618459,Delhi-Vadodara Greenfield Alignment NH-148N Pkg-26 Ch.696890 to Ch.726390,Gujarat,National Highways Authority of India [NHAI],April 2026,1,1,0.8327958671158048,0.9972629386847716,True,True,0.9150294029002881,complete,none,High,v1-equal-weight-2026-04-snapshot
1044,618460,Delhi-Vadodara Greenfield Alignment NH-148N Pkg-28 Ch.756052 to Ch.781282,Gujarat,National Highways Authority of India [NHAI],April 2026,1,1,0.894611259273609,0.999974148012139,True,True,0.947292703642874,complete,none,High,v1-equal-weight-2026-04-snapshot
1045,618462,Delhi-Vadodara Greenfield Alignment NH-148N Pkg-31 Ch.824920 to Ch.844382 [Junction near Pratap nagar Village - Junction near Dodka Village],Gujarat,National Highways Authority of India [NHAI],April 2026,1,1,0.8322998412988996,0.9997957516265925,True,True,0.916047796462746,complete,none,High,v1-equal-weight-2026-04-snapshot
1046,618463,Vadodara Mumbai Expressway Kim to Ankleshwar Phase IA - Pkg V,Gujarat,National Highways Authority of India [NHAI],April 2026,1,1,0.9294405642156423,0.9999982794575739,True,True,0.9647194218366081,complete,none,High,v1-equal-weight-2026-04-snapshot
1047,618464,Vadodara Mumbai Expressway Ena -Kim Phase IB - Pkg VI [Km 217.500 to Km 254.430],Gujarat,National Highways Authority of India [NHAI],April 2026,1,1,0.9237604518598481,0.9999855344552384,True,True,0.9618729931575433,complete,none,High,v1-equal-weight-2026-04-snapshot
1048,618465,Vadodara Mumbai Expressway Gandeva to Ena Phase IB - Pkg VII [Km 190.00 to Km 217.500],Gujarat,National Highways Authority of India [NHAI],April 2026,1,1,0.8953487827387194,0.9999776862393646,True,True,0.947663234489042,complete,none,High,v1-equal-weight-2026-04-snapshot
1049,618466,Vadodara Mumbai Expressway Jujuwa - Gandeva from Km. 154.600 to Km. 190.000 Phase-I Package-VIII,Gujarat,National Highways Authority of India [NHAI],April 2026,0,1,0.2704065492731236,0.9981391672442118,True,True,0.6342728582586676,complete,none,Medium,v1-equal-weight-2026-04-snapshot
1050,618467,Vadodara Mumbai Expressway Karvad - Jujuwa from Km. 128.000 to Km. 154.600 Phase-I Package-IX,Gujarat,National Highways Authority of India [NHAI],April 2026,0,1,0.26457768674872695,0.998410992713936,True,True,0.6314943397313315,complete,none,Medium,v1-equal-weight-2026-04-snapshot
1051,618501,Ahmedabad - Dholera Pkg I from km. 0.00 to km. 22.00 [Sardar Patel Ring Road - Sindhrej Village],Gujarat,National Highways Authority of India [NHAI],April 2026,1,1,0.939395070842704,0.9999957730902942,True,True,0.969695421966499,complete,none,High,v1-equal-weight-2026-04-snapshot
1052,618502,Ahmedabad - Dholera Pkg II from km. 22.00 to km. 48.52 [Sindhrej Village - Vejallka Village],Gujarat,National Highways Authority of India [NHAI],April 2026,1,1,0.9344713245027683,0.9999968806491014,True,True,0.9672341025759348,complete,none,High,v1-equal-weight-2026-04-snapshot
1053,618503,Ahmedabad - Dholera Pkg III from km. 48.52 to km. 71.06 [Vejallka Village - Start of DSIR zone],Gujarat,National Highways Authority of India [NHAI],April 2026,1,1,0.9022906183447877,0.9999995067008094,True,True,0.9511450625227986,complete,none,High,v1-equal-weight-2026-04-snapshot
1054,618504,Ahmedabad - Dholera Pkg IV from km. 71.06 to km. 109.019 [Start of DSIR zone - Adhelai Village],Gujarat,National Highways Authority of India [NHAI],April 2026,1,1,0.9505433537822537,0.9999979539877364,True,True,0.9752706538849951,complete,none,High,v1-equal-weight-2026-04-snapshot
1055,618507,"Balance work of Six Laning of Shamlaji-Motachiloda from Km. 401.200 to Km.494.410 section Design Chainage Km.447.385 to Km 540.595, Length- 93.210 Km of old NH-8 NH-48 in the state of Gujarat on single Percentage Item Rate Contract",Gujarat,National Highways Authority of India [NHAI],April 2026,1,1,0.210777486768583,0.9936510005462633,True,True,0.6022142436574232,complete,none,Medium,v1-equal-weight-2026-04-snapshot
1056,618508,Construction of Additional Structures including Approaches in Vadodara Surat Section of NH48 between existing Km. 108.000 to Km. 250.000,Gujarat,National Highways Authority of India [NHAI],April 2026,0,0,0.3014299609903044,0.007272790779129037,True,True,0.1543513758847167,complete,none,Low,v1-equal-weight-2026-04-snapshot
1057,618564,6L with PS of Samakhiyali to Santalpur section from km. 339.700 to Km. 430.100 of NH-27,Gujarat,National Highways Authority of India [NHAI],April 2026,0,1,0.4629136377843456,0.9998699035692203,True,True,0.731391770676783,complete,none,High,v1-equal-weight-2026-04-snapshot
1058,618614,Sanchore - Santalpur from km 67.000 - km 99.000 of NH-754K AJ-RGBS-Package-3,Gujarat,National Highways Authority of India [NHAI],April 2026,1,1,0.8957871393374311,0.9999944724339641,True,True,0.9478908058856976,complete,none,High,v1-equal-weight-2026-04-snapshot
1059,618615,Sanchore - Santalpur from km 99.000 - km 130.073 of NH-754K AJ-RGBS-Package-4,Gujarat,National Highways Authority of India [NHAI],April 2026,1,1,0.8933496499107458,0.9999971235501616,True,True,0.9466733867304538,complete,none,High,v1-equal-weight-2026-04-snapshot
1060,618616,4L of Dhrol bypass section of NH-151A Approx. length 5.7 Km & widening upto 4 laning of missing link of Amran section of NH-151A Approx. length 6.55 Km from existing Ch. 42000 to 48500 of ongoing Dhrol-Bhadra-Pipaliya section of NH-151A,Gujarat,National Highways Authority of India [NHAI],April 2026,0,0,0.20487922660763225,0.0008435279918948065,True,True,0.10286137729976352,complete,none,Low,v1-equal-weight-2026-04-snapshot
1061,618699,Pipli Bhavnagar-Package 1 from km 136.025 to km 169.328,Gujarat,National Highways Authority of India [NHAI],April 2026,1,-1,0.9176845784496073,,True,False,0.9176845784496073,partial,time_overrun_probability,High,v1-equal-weight-2026-04-snapshot
1062,618787,"Upgradation to 4L PS from Bhimasar, Junction of NH-41 to Anjar- Bhuj upto Airport Junction from Km 0.000 to Km 65.478 of NH-341",Gujarat,National Highways Authority of India [NHAI],April 2026,1,1,0.8153543932800202,0.9999988104041253,True,True,0.9076766018420728,complete,none,High,v1-equal-weight-2026-04-snapshot
1063,618833,Kodinar - Veraval Package VI from km. 221.610 to km. 263.00 of NH-8E & km. 120.900 to km. 121.150 of NH-8D,Gujarat,National Highways Authority of India [NHAI],April 2026,1,1,0.921120115888279,0.9999951638157127,True,True,0.9605576398519959,complete,none,High,v1-equal-weight-2026-04-snapshot
1064,618834,4L Kodinar - Veraval Package VI from km. 222.400 to km. 230.00 Kodinar Bypass of NH-8E NH 51 new,Gujarat,National Highways Authority of India [NHAI],April 2026,1,1,0.4404613593841309,0.999576459708886,True,True,0.7200189095465084,complete,none,High,v1-equal-weight-2026-04-snapshot
1065,618835,4L of Bal Works of Talaja - Mahuva from 54.990 km. to 100.450 km. of Old NH-8E Package-II,Gujarat,National Highways Authority of India [NHAI],April 2026,1,-1,0.8072892077523919,,True,False,0.8072892077523919,partial,time_overrun_probability,High,v1-equal-weight-2026-04-snapshot
1066,618901,4L PS Divided Carriageway from Patan Near Rajpur to Gojariya From Km 52.000 to Km 128.940 of NH-68,Gujarat,National Highways Authority of India [NHAI],April 2026,0,1,0.6840374788231286,0.9999084479281692,True,True,0.841972963375649,complete,none,High,v1-equal-weight-2026-04-snapshot
1067,618930,4L PS from Ch. 94.030 in Jabugam Village to Ch. 132.320 in Dhamasiya Village of NH-56 Pkg-III,Gujarat,National Highways Authority of India [NHAI],April 2026,0,0,0.45694685741591523,0.0014243452247030125,True,True,0.22918560132030913,complete,none,Low,v1-equal-weight-2026-04-snapshot
1068,618931,4L PS from Ch. 179.780 in Bitada/Movi Village to Ch. 208.900 in Nasarpore Village of NH-56 Pkg-V,Gujarat,National Highways Authority of India [NHAI],April 2026,0,0,0.3628652671511241,0.0012812582537122816,True,True,0.1820732627024182,complete,none,Low,v1-equal-weight-2026-04-snapshot
1069,619067,6L of Chiloda-Naroda section from Km. 540.595 to Km. 555.595 of NH-8Package-VII,Gujarat,National Highways Authority of India [NHAI],April 2026,1,1,0.5579201262403222,0.9990023973035044,True,True,0.7784612617719133,complete,none,High,v1-equal-weight-2026-04-snapshot
1070,619087,Widening to 6L of Existing 4L Jetpur - Gondal - Rajkot Section from Km. 117.600 to Km. 185.00 on NH-27,Gujarat,National Highways Authority of India [NHAI],April 2026,0,1,0.7390119796508785,0.9993647197648365,True,True,0.8691883497078575,complete,none,High,v1-equal-weight-2026-04-snapshot
1071,619137,4L of Dwarka-Khambaliya-Devariya section from km 203.500 to km 176.500 and from km 171.800 to km 125.000 of NH-151A,Gujarat,National Highways Authority of India [NHAI],April 2026,1,1,0.9345623169089363,0.9999969803750027,True,True,0.9672796486419695,complete,none,High,v1-equal-weight-2026-04-snapshot
1072,619145,Four Laning of Una to Kodinar from km. 180.478 to km. 221.610 Package-V,Gujarat,National Highways Authority of India [NHAI],April 2026,1,1,0.9458129297570327,0.9999997964569286,True,True,0.9729063631069806,complete,none,High,v1-equal-weight-2026-04-snapshot
1073,619146,Kagvadar - Una Package-IV,Gujarat,National Highways Authority of India [NHAI],April 2026,1,1,0.903906735533173,0.9999988116702777,True,True,0.9519527736017254,complete,none,High,v1-equal-weight-2026-04-snapshot
1074,619147,4L of Bal Works of Mahuva to Kagvadar from 100.450 Km. to 140.470 Km. of NH-8E Pkg- III,Gujarat,National Highways Authority of India [NHAI],April 2026,1,1,0.7960090531013911,0.9999821470691233,True,True,0.8979956000852571,complete,none,High,v1-equal-weight-2026-04-snapshot
1075,619148,4L of Bhavnagar - Talaja Package-I from Km. 6.945 to Km. 54.990 of Old NH-8E,Gujarat,National Highways Authority of India [NHAI],April 2026,1,-1,0.9363102976797687,,True,False,0.9363102976797687,partial,time_overrun_probability,High,v1-equal-weight-2026-04-snapshot
1076,619197,Delhi-Vadodara Greenfield Alignment NH-148N Pkg-27 Ch.729.700 to Ch.756.052,Gujarat,National Highways Authority of India [NHAI],April 2026,1,1,0.8997057706028194,0.9999416955618516,True,True,0.9498237330823356,complete,none,High,v1-equal-weight-2026-04-snapshot
1077,618482,Delhi-Amritsar-Katra Expressway Phase-I Pkg-I from Jussur Kheri on NH-KMP Expressway to Junction with Rohtak-Panipat road NH-709 near Rukhi Paani village Km 0000 to Km 34000,Haryana,National Highways Authority of India [NHAI],April 2026,1,1,0.836894798343985,0.9999516800739205,True,True,0.9184232392089527,complete,none,High,v1-equal-weight-2026-04-snapshot
1078,618483,Delhi-Amritsar-Katra Expressway Phase-I Pkg-II from Junction with Rohtak-Panipat road NH-709 near Rukhi Paani village to Junction with Jind-Panipat road NH-352A near Gangana village Km 34000 to Km 60800,Haryana,National Highways Authority of India [NHAI],April 2026,1,1,0.7970296789330175,0.9998158697653493,True,True,0.8984227743491834,complete,none,High,v1-equal-weight-2026-04-snapshot
1079,618484,Delhi-Amritsar-Katra Expressway Phase-I Pkg-III from Junction with Jind-Panipat road NH-352A near Gangana village to Junction with Jind-Karnal road NH-709A near Alewa village Km 60800 to Km 91400,Haryana,National Highways Authority of India [NHAI],April 2026,1,1,0.8155577053086951,0.9999392336426982,True,True,0.9077484694756967,complete,none,High,v1-equal-weight-2026-04-snapshot
1080,618485,Delhi-Amritsar-Katra Expressway Phase-I Pkg-IV from Junction with Jind-Karnal road NH-709A near Alewa village to Junction with Ambala-Kaithal-Hissar road NH-152 near Kharak Pandwa village Km 91400 to Km 120250,Haryana,National Highways Authority of India [NHAI],April 2026,1,1,0.8311634537056086,0.9999993158029187,True,True,0.9155813847542636,complete,none,High,v1-equal-weight-2026-04-snapshot
1081,618506,"Construction of Additional Structures, Improvement of Service Road & Maintenance of Six Lane Gurgaon-Jaipur Section of NH-48 old NH-8 between km 42700 to km 107100 in the State of Haryana",Haryana,National Highways Authority of India [NHAI],April 2026,0,0,0.18560213238719403,0.0018575956802500074,True,True,0.09372986403372202,complete,none,Low,v1-equal-weight-2026-04-snapshot
1082,618580,Gohana - Sonipat PKG-2,Haryana,National Highways Authority of India [NHAI],April 2026,1,1,0.9182480486193668,0.9999435521009802,True,True,0.9590958003601735,complete,none,High,v1-equal-weight-2026-04-snapshot
1083,618788,4L Greenfield Jalbhera Shahbad section from km. 0.000 to km. 22.850 of NH-152G,Haryana,National Highways Authority of India [NHAI],April 2026,1,1,0.74985664619793,0.9999995860755923,True,True,0.8749281161367611,complete,none,High,v1-equal-weight-2026-04-snapshot
1084,618792,4L Bhiwani-Hansi road section of NH-148B,Haryana,National Highways Authority of India [NHAI],April 2026,0,1,0.5750719705834318,0.9999732326338091,True,True,0.7875226016086205,complete,none,High,v1-equal-weight-2026-04-snapshot
1085,618936,Jagadhari - Tajewala from Km -0.175 to 32.337 km of NH-344,Haryana,National Highways Authority of India [NHAI],April 2026,0,1,0.7185847350344587,0.9999997327845499,True,True,0.8592922339095044,complete,none,High,v1-equal-weight-2026-04-snapshot
1086,619080,4L PS of Ambala Ring Road of New NH-44,Haryana,National Highways Authority of India [NHAI],April 2026,1,1,0.622292397404927,0.9999991820378942,True,True,0.8111457897214106,complete,none,High,v1-equal-weight-2026-04-snapshot
1087,619092,4L of Jind-Gohana road Package-1 from km. 0.00 to km. 40.601 of NH-352 A under NHO,Haryana,National Highways Authority of India [NHAI],April 2026,1,1,0.8876203264637086,0.9999961134188206,True,True,0.9438082199412645,complete,none,High,v1-equal-weight-2026-04-snapshot
1088,619132,4/6L of Gurgaon - Pataudi - Rewari from km. 0.00 to km.43.87 of NH-352W,Haryana,National Highways Authority of India [NHAI],April 2026,1,1,0.892867974193477,0.9999873079655897,True,True,0.9464276410795334,complete,none,High,v1-equal-weight-2026-04-snapshot
1089,619201,Karnal ring road Lot-4/Pkg-1,Haryana,National Highways Authority of India [NHAI],April 2026,1,1,0.7229591168943372,0.9999761205626521,True,True,0.8614676187284946,complete,none,High,v1-equal-weight-2026-04-snapshot
1090,618050,Rehabilitation and Upgradation to 2-lane/Intermediate lane configuration of Ashyari- Shri Kyari Section km 50.000 to km 75.000 of NH-707 in the state of Himachal Pradesh under Green National Highways Corridor Project GNHCP with the loan assistance of World Bank on EPC mode.,Himachal Pradesh,MoRTH,April 2026,1,1,0.4544900303060111,0.9999977892167674,True,True,0.7272439097613892,complete,none,High,v1-equal-weight-2026-04-snapshot
1091,618215,"Improvement/construction of existing CL-5 Road to NH Intermediate lane specification with hard shoulder from Km 166.000 to 203.77 net Length 37.770 kms of NH-505 Sumdo-Kaza-Gramphoo road in the state of Himachal Pradesh on EPC mode under project Deepak, BRO",Himachal Pradesh,MoRTH,April 2026,0,0,0.3327620932355896,0.007670014558429592,True,True,0.17021605389700958,complete,none,Low,v1-equal-weight-2026-04-snapshot
1092,618216,"Improvement/construction of existing CL-5 Road to NH Intermediate lane specification with hard shoulder from Km 133.000 to 166.000 net Length 33.000 kms of NH-505 Sumdo-Kaza-Gramphoo road in the state of Himachal Pradesh on EPC mode under project Deepak, BRO",Himachal Pradesh,MoRTH,April 2026,0,1,0.39687521581471585,0.9654227397424144,True,True,0.6811489777785651,complete,none,High,v1-equal-weight-2026-04-snapshot
1093,618217,Improvement/construction of existing Class-5 Road to NH Intermediate lane specification with hard shoulder from existing Km 76/340 to 134/940 Design chainage from Km 76/300 to 133/000 net Length 56.700 kms of NH-505 Sumdo-Kaza- Gramphoo road in the state of Himachal Pradesh Package I,Himachal Pradesh,MoRTH,April 2026,0,1,0.278290084427042,0.978169014236885,True,True,0.6282295493319635,complete,none,Medium,v1-equal-weight-2026-04-snapshot
1094,618230,Rehabilitation and Upgradation to 2-lane configuration of Kalwahn-Mandi Section km 208.950 to 250.592 of NH-70 in the State of Himachal Pradesh under Green National Highways Corridor Project GNHCP with the loan assistance of World Bank on EPC mode.Package-3,Himachal Pradesh,MoRTH,April 2026,0,1,0.2648446463913231,0.9991716134865043,True,True,0.6320081299389138,complete,none,Medium,v1-equal-weight-2026-04-snapshot
1095,618231,Rehabilitation and Upgradation to 2-lane configuration of Hamirpur-Karnohal Section km 141.00 to 181.00 of NH-70 in the State of Himachal Pradesh under Green National Highways Corridor Project GNHCP with the loan assistance of World Bank on EPC mode.Package-1,Himachal Pradesh,MoRTH,April 2026,0,1,0.33972542773672443,0.9999328601588949,True,True,0.6698291439478097,complete,none,High,v1-equal-weight-2026-04-snapshot
1096,618232,Rehabilitation and Upgradation to 2-lane configuration of Karnohal- Kalwahn Section km 181.00 to 208.950 of NH-70 in the State of Himachal Pradesh under Green National Highways Corridor Project GNHCP with the loan assistance of World Bank on EPC mode.Package-2,Himachal Pradesh,MoRTH,April 2026,0,1,0.31577867315576524,0.8970848338708275,True,True,0.6064317535132964,complete,none,Medium,v1-equal-weight-2026-04-snapshot
1097,618253,Construction of missing link from Birhu to Lathiani from Km 35/550 Design chainage Km 0.000 to Km 42/800 Design Chainage Km 8.153on NH-503A including Lathiani Bridge on back water of Govindsagar and its approaches in Himachal Pradesh.,Himachal Pradesh,MoRTH,April 2026,1,0,0.5113222719744318,0.0007437136341904006,True,True,0.2560329928043111,complete,none,Low,v1-equal-weight-2026-04-snapshot
1098,618850,Nerchowk km 190.000 to Pandoh including Pandoh bypass km221.305,Himachal Pradesh,National Highways Authority of India [NHAI],April 2026,1,1,0.9148755056997906,0.9999982636063028,True,True,0.9574368846530468,complete,none,High,v1-equal-weight-2026-04-snapshot
1099,618851,Pandoh bypass 221.305 to Takoli 242.000 of NH-21 in the state of Himachal Pradesh,Himachal Pradesh,National Highways Authority of India [NHAI],April 2026,1,1,0.8145320663408873,0.9999998079018386,True,True,0.9072659371213629,complete,none,High,v1-equal-weight-2026-04-snapshot
1100,618852,4L Sundar Nagar Bypass from Km.173.900 to Km.179.600 of NH-21,Himachal Pradesh,National Highways Authority of India [NHAI],April 2026,1,1,0.6115851087946118,0.9999884899092047,True,True,0.8057867993519083,complete,none,High,v1-equal-weight-2026-04-snapshot
1101,618878,Rehabilitation and Upgradation to 4L configuration & Strengthening of Sihuni to Rajol from Km 51.000 to Km 72.000 of NH-154 Package-IIA,Himachal Pradesh,National Highways Authority of India [NHAI],April 2026,1,1,0.7757575465535739,0.9998618040617975,True,True,0.8878096753076856,complete,none,High,v1-equal-weight-2026-04-snapshot
1102,618879,Rehabilitation and Upgradation to 2L PS configuration & Strengthening of Padhar to Bijni section from Km 180.000 to Km 202.815 of NH-154 Pkg-VA,Himachal Pradesh,National Highways Authority of India [NHAI],April 2026,0,0,0.5604362282987639,0.005411206372495056,True,True,0.2829237173356295,complete,none,Low,v1-equal-weight-2026-04-snapshot
1103,618880,Rehabilitation and Up-gradation to 4L configuration & Strengthening of Thanpuri to Paror section from Km 85.135 to Km 100.840 of NH-154 Pkg-IIC,Himachal Pradesh,National Highways Authority of India [NHAI],April 2026,0,1,0.5530693764577816,0.9998510590532138,True,True,0.7764602177554978,complete,none,High,v1-equal-weight-2026-04-snapshot
1104,618881,4L PS bijni to mandi section from Km 202.815 to Km 208.000 of NH-20 New NH-154 of Pathankot-Mandi Package-VB,Himachal Pradesh,National Highways Authority of India [NHAI],April 2026,0,0,0.48564155971045264,0.02019664137212017,True,True,0.2529191005412864,complete,none,Low,v1-equal-weight-2026-04-snapshot
1105,618888,Rehabilitation and Up-gradation of existing road to 2L PS from End of Hamirpur Bypass near Chilbahal to Bhangbar section from Km. 138.295 to Km.175.270 of NH- 88 Pkg-IV,Himachal Pradesh,National Highways Authority of India [NHAI],April 2026,1,1,0.8240150690196987,0.9999997064244499,True,True,0.9120073877220742,complete,none,High,v1-equal-weight-2026-04-snapshot
1106,618889,"4L of Bhangbar Near Ranital to Kangra Bypass Section of Old NH-88 New NH- 303,503 up to Intersection with NH-154 from Km 175.270 to Km 193.400 Pkg-VB",Himachal Pradesh,National Highways Authority of India [NHAI],April 2026,1,1,0.8570601780245081,0.9999984123984704,True,True,0.9285292952114892,complete,none,High,v1-equal-weight-2026-04-snapshot
1107,618890,2L PS of Hamirpur Bypass from Km 121.175 to Km.138.295 of NH-103&3,Himachal Pradesh,National Highways Authority of India [NHAI],April 2026,1,1,0.6948446835408225,0.9998900922019994,True,True,0.847367387871411,complete,none,High,v1-equal-weight-2026-04-snapshot
1108,618891,4L PS from Kalar Bala Village to Nauni Chowk of NH 205 from Km 41.000 to Km 58.450,Himachal Pradesh,National Highways Authority of India [NHAI],April 2026,0,1,0.28129098766895366,0.9782412867439474,True,True,0.6297661372064505,complete,none,Medium,v1-equal-weight-2026-04-snapshot
1109,618921,4L of Kathlighat to Shakral Village from Km 128.835 to Km 146.300 of NH- 5 Shimla Bypass - Pkg I,Himachal Pradesh,National Highways Authority of India [NHAI],April 2026,1,1,0.870219809111355,0.9932691374948669,True,True,0.9317444733031109,complete,none,High,v1-equal-weight-2026-04-snapshot
1110,618922,4L of Shakral Village to Dhalli Section from Km 146.300 to Km 156.560 Shimla Bypass - Pkg II and Shimla connectivity from Km 0.000 to Km 0.725 of NH-5,Himachal Pradesh,National Highways Authority of India [NHAI],April 2026,1,1,0.8157188264654665,0.9722127027960977,True,True,0.8939657646307821,complete,none,High,v1-equal-weight-2026-04-snapshot
1111,619003,Solan - Kaithlighat Section of NH-22 Now NH-5 from Km. 106.139 to Km.129.05,Himachal Pradesh,National Highways Authority of India [NHAI],April 2026,1,1,0.8873766580231249,0.999999326141296,True,True,0.9436879920822105,complete,none,High,v1-equal-weight-2026-04-snapshot
1112,619153,4L of HP/Punjab Border - Mo from km. 11.00 to km. 42.00 of Old NH-20 New NH-154 Package-IA,Himachal Pradesh,National Highways Authority of India [NHAI],April 2026,1,1,0.8787857042146128,0.9999996685257868,True,True,0.9393926863701998,complete,none,High,v1-equal-weight-2026-04-snapshot
1113,618038,Construction of Shopian Bypass on NH-444 taking off from existing chainage Km 36500 and re-joining at km 47588 of existing Chainage New Design Ch. From km 28000 to km 36925 as 2- lane with paved shoulder in the UT of Jammu & Kashmir on EPC mode.,Jammu and Kashmir,MoRTH,April 2026,0,-1,0.0803593328361747,,True,False,0.0803593328361747,partial,time_overrun_probability,Low,v1-equal-weight-2026-04-snapshot
1114,618201,"Widening and strengthening to 2 lane with paved shoulder from existing Ch. Km 56720 to Km 100820 and Design Ch. From Km 62600 to Km 106360 Total Length43.760 Km on SRINAGAR -BARAMULA URINH-01 in the UT of Jammu & Kashmir under project BEACON, Border Roads Organization BRO on EPC mode.",Jammu and Kashmir,MoRTH,April 2026,0,-1,0.059347315629552276,,True,False,0.059347315629552276,partial,time_overrun_probability,Low,v1-equal-weight-2026-04-snapshot
1115,618202,Construction of 2 lane with paved shoulders Baramulla Bypass Greenfield bypass from existing Ch. Km 47020 to Km 56720 and Design Ch. From 48500 to 62600 Total length 14.100 km on road Srinagar Baramulla Uri NH-01 in the UT of Jammu & Kashmir under Project.Package-III,Jammu and Kashmir,MoRTH,April 2026,0,-1,0.09525301298787771,,True,False,0.09525301298787771,partial,time_overrun_probability,Low,v1-equal-weight-2026-04-snapshot
1116,618203,"Construction of 4 lane with paved shoulder Pattan bypass Greenfield bypass from existing Ch. Km 24320 to Km 33760 and Design Ch. from Km 24400 to Km 35300, total length 10.900 km on road SrinagarBaramulla Uri NH-01 in the UT of Jammu & Kashmir under Project BEACON, Border Roads Organization BRO on EPC mode. Package-II",Jammu and Kashmir,MoRTH,April 2026,0,-1,0.10379955366864209,,True,False,0.10379955366864209,partial,time_overrun_probability,Low,v1-equal-weight-2026-04-snapshot
1117,618204,Construction of realignment between Pandrass- Pashkyun Total length 27.10 km on road Zozila-Kargil -Leh NH-1 to 2 lane specifications i.e. Drass alignment 9.30 km Kharboo realignment 6.30 km & Kargil alignment 11.50 km under project Vijayak BRO in the UT of Ladakh on EPC Mode,Jammu and Kashmir,MoRTH,April 2026,0,1,0.030588919409770942,0.9998852095366133,True,True,0.5152370644731922,complete,none,Medium,v1-equal-weight-2026-04-snapshot
1118,618205,"Construction of 4 lane with paved shoulder from Existing Ch. 14200 to 24320 Design Ch. 14200 to 24400, Ch. 33760 to 42780 Design Ch. 35300 to 44294 & Ch. 43440 to 47020 Design Ch. 44958 to 48500 Delina Flyover including construction of flyover length 1.704 km of total length 22.736 kms in AOR of 760 BRTF on road SRINAGAR BARAMULA URI NH-01 in the UT of Jammu & Kashmir under project BEACON, Border Roads Organization BRO Package-IJob No NH-1-J&K-2022-23-110",Jammu and Kashmir,MoRTH,April 2026,0,1,0.09268522011644183,0.9999907938362731,True,True,0.5463380069763575,complete,none,Medium,v1-equal-weight-2026-04-snapshot
1119,618206,Widening and Strengthening of Rafiabad-Kupwara-Chowkibal-Tangdhar-Chamkot NH- 701 road from design Ch. From 0000 to 51000 to two lanes with paved shoulders under Project Beacon in the UT of Jammu & Kashmir on EPC mode Package-I.,Jammu and Kashmir,MoRTH,April 2026,0,-1,0.06686053762409462,,True,False,0.06686053762409462,partial,time_overrun_probability,Low,v1-equal-weight-2026-04-snapshot
1120,618220,Reconstruction and widening to 2 lane with paved shoulder from existing chainage km 102000 to km 134950 Design chainage km 90150 to km 116980 including construction of Naushera Tunnel Total length of tunnel 0.700 km under 31 TF on Akhnoor-Poonch road NH-144A in the UT of Jammu & Kashmir under Project Sampark BRO on EPC mode Package-V Job no NH-144A-J&K-2020-21-104,Jammu and Kashmir,MoRTH,April 2026,0,1,0.1331377832118487,0.9999962461573724,True,True,0.5665670146846106,complete,none,Medium,v1-equal-weight-2026-04-snapshot
1121,618221,Rehabilitation and upgradation to 2 lane with paved shoulder from existing chainage Km 166.100 to Km 192.98 design chainage Km 146.700 to Km 162.800 including construction of Bhimber Gali Tunnel Total Length of Tunnel 1.100 Km under 31 BRTF on Akhnoor-Poonch Roads on EPC mode NH-144A Package-VII,Jammu and Kashmir,MoRTH,April 2026,0,-1,0.12965544789908512,,True,False,0.12965544789908512,partial,time_overrun_probability,Low,v1-equal-weight-2026-04-snapshot
1122,618222,Widening and Strengthening up gradation to 2 lane with paved shoulder from existing chainage Km 192.98 to Km 229.820 design chainage Km 162.800 to Km 198.18 under 31 BRTF on Akhnoor-Poonch Road NH-144A in the UT of Jammu and Kashmir under Project Sampark Border Roads Organisation BRO on EPC Mode Package-VIII Job No NH-144A-J&K-2022-2023-111,Jammu and Kashmir,MoRTH,April 2026,0,1,0.05382530131129053,0.9996404696645226,True,True,0.5267328854879065,complete,none,Medium,v1-equal-weight-2026-04-snapshot
1123,618223,Rehabilitation and up-gradation to 2 lane with paved shoulder from existing chainage km 64535 to km 85385 Design chainage km 55800 to km 74350 under 13 TF on Akhnoor-Poonch road NH-144A under Project Sampark BRO in the UT of Jammu & Kashmir on EPC mode Package-III Job no NH-144A-J&K-2019-20-79,Jammu and Kashmir,MoRTH,April 2026,0,1,0.21064409837204612,0.9999934748375984,True,True,0.6053187866048222,complete,none,Medium,v1-equal-weight-2026-04-snapshot
1124,618224,Rehabilitation and up-gradation to 2 lane with paved shoulder from existing chainage km 49150 to km 64535 Design chainage km 46.450 to km 55.800 including construction of Sungal Tunnel Total length of Tunnel 2.79 km under 13 TF on Akhnoor-Poonch road NH-144A under Project Sampark BRO in the UT of Jammu & Kashmir on EPC mode Package-II Job no NH-144A-J&K-2019-20-78,Jammu and Kashmir,MoRTH,April 2026,0,1,0.22966017139732361,0.9998783648488611,True,True,0.6147692681230923,complete,none,Medium,v1-equal-weight-2026-04-snapshot
1125,618225,Rehabilitation and up-gradation to 2 lane with paved shoulder from existing chainage km 134950 to km 166100 Design chainage km 116980 to km 146700 under 31 TF on Akhnoor-Poonch road NH-144A in the UT of Jammu & Kashmir under Project Sampark BRO on EPC mode Package-VI Job no NH-144A-J&K-2021-22-106,Jammu and Kashmir,MoRTH,April 2026,0,1,0.05724375913052355,0.9999991396707241,True,True,0.5286214494006238,complete,none,Medium,v1-equal-weight-2026-04-snapshot
1126,618226,Rehabilitation and upgradation to 2 lane with paved shoulder from existing chainage Km 30.053 to Km 49.150 design chainage Km 30.000 to Km 46.450 including Kandi Tunnel under 31 BRTF on Akhnoor-Poonch Road NH-144A Under Project Sampark in the UT of Jammu & Kashmir EPC modePackage-I Job no NH-144A-J&K-2020-21-83.,Jammu and Kashmir,MoRTH,April 2026,0,1,0.18787995666362398,0.9999842284230371,True,True,0.5939320925433306,complete,none,Medium,v1-equal-weight-2026-04-snapshot
1127,618394,Up-gradation to 2-lane with Paved Shoulder from Km 12.850 to Km20.300 of 7.450Km length on Goha-Khellani section and a link road to Goha village of 2.016 km on NH- 244 in UT of Jammu and Kashmir on EPC Mode Pkg-1,Jammu and Kashmir,NHIDCL,April 2026,0,1,0.14686314139867307,0.9999955764088092,True,True,0.5734293589037411,complete,none,Medium,v1-equal-weight-2026-04-snapshot
1128,618395,"Construction & Upgradation to 2-lane with paved shoulder from Design Ch. Km 51700 at Premnagar km 66315 to Km 66535 New Thatri at Start of Km 83rd, Tunnel Km 82665 of 14.835 Km design length on Chenani-Sudhmahadev-Goha Khellani- Kishtwar-Vailoo Donipawa-Ashajipora section of NH-244 in the UT of J&K on EPC Mode under NHO-Gen Pkg - 2",Jammu and Kashmir,NHIDCL,April 2026,0,1,0.045468255165316995,0.9999985389389652,True,True,0.5227333970521411,complete,none,Medium,v1-equal-weight-2026-04-snapshot
1129,618396,Construction & Upgradation to 2 lane with paved shoulder from Design Km. 31.449 Khellani Ex. Km 44.946 to Km 51.700 Prem Nagar Ex. Km 68617 of 20.251 Km length on Khellani - Kishtwar - Chattroo section of NH-244 in the UT of J&K on EPC Mode under NHO-Gen PKG- 1,Jammu and Kashmir,NHIDCL,April 2026,0,1,0.06394246229483709,0.9999997514581538,True,True,0.5319711068764954,complete,none,Medium,v1-equal-weight-2026-04-snapshot
1130,618397,Widening and Up-gradation to 2-Lane with Paved Shoulder of configuration and geometric improvement from Km 0.000 to Km 16.990 on Chenani Sudhmahadev section of NH-244 in UT of Jammu and Kashmir to be executed on EPC basis,Jammu and Kashmir,NHIDCL,April 2026,0,1,0.24749447612684705,0.9999995677244261,True,True,0.6237470219256366,complete,none,Medium,v1-equal-weight-2026-04-snapshot
1131,618398,Up-gradation to 2-lane with Paved Shoulder from Km 20.300 to Km 29.030 of 8.730 Km length on Goha-Khellani section on NH-244 in UT of Jammu and Kashmir on EPC Mode Package II,Jammu and Kashmir,NHIDCL,April 2026,0,1,0.14147719122407768,0.9999963720519848,True,True,0.5707367816380312,complete,none,Medium,v1-equal-weight-2026-04-snapshot
1132,618399,Construction of Kishtwar bypass with 2 lane with paved shoulder from Design Km. 80.675 Dulhasti to km 95.550 Bandarkoot of 14.88 km & a link road to Kishtwar town from 0000 to 1.871 of length1.871 Km on Khellani - Kishtwar - Chattroo section in UT of Jammu and Kashmir on EPC Mode Pkg-4,Jammu and Kashmir,NHIDCL,April 2026,0,1,0.06322349055741291,0.9999978587020313,True,True,0.5316106746297221,complete,none,Medium,v1-equal-weight-2026-04-snapshot
1133,618400,Construction & Upgradation to 2-lane with paved shoulder from Design Km 67.805 at the end of Km 83rd Tunnel near Dhrabshalla Ex. Km 83905 to Km 80.675 start of Kishtwar Bypass - Dulhasti Ex. Km 970751 of 12.870 Km length on chenani- Sudhmahadev-Goha Khellani-Kishtwar-vailoo-Donipawa-Ashajipora seition of NH-244 in the UT of J&K on EPC Mode under NHO-Gen Pkg-3,Jammu and Kashmir,NHIDCL,April 2026,0,1,0.036209329505946034,0.999998999546707,True,True,0.5181041645263266,complete,none,Medium,v1-equal-weight-2026-04-snapshot
1134,618406,Up-gradation to 4-lane with Paved Shoulder of Jammu-Akhnoor road section of NH- 144A from Ganesh Vihar Km 6.000 to Khati Chowk Km 26.350 in UT of Jammu and Kashmir on EPC basis Pkg-3A,Jammu and Kashmir,NHIDCL,April 2026,0,1,0.18971895221171844,0.9999997922273823,True,True,0.5948593722195504,complete,none,Medium,v1-equal-weight-2026-04-snapshot
1135,618407,Jammu-Akhnoor Road Pkg-I,Jammu and Kashmir,NHIDCL,April 2026,0,1,0.33661717573649513,0.99998042622598,True,True,0.6682988009812376,complete,none,High,v1-equal-weight-2026-04-snapshot
1136,618494,Delhi-Amritsar-Katra Expressway Phase-II Pkg-XV [Junction with Hiranagar Road near village Gurha Baildaran to Junction with Jammu Ring Road NH-244A near Jakh village from Km 468100 to Km 503250],Jammu and Kashmir,National Highways Authority of India [NHAI],April 2026,1,1,0.7343855860224575,0.999999082017283,True,True,0.8671923340198703,complete,none,High,v1-equal-weight-2026-04-snapshot
1137,618495,4/6L Access Control Expressway from Design Chainage Km 515.000 to 528.300 Kunjwani to Sidhra Section of NH-44 and from Design Chainage Km 550.900 to Km 566.520 Domel to Katra Section Phase II-Package XVII,Jammu and Kashmir,National Highways Authority of India [NHAI],April 2026,0,1,0.45492619322346,0.9999975286358102,True,True,0.727461860929635,complete,none,High,v1-equal-weight-2026-04-snapshot
1138,618496,Delhi-Amritsar-Katra Expressway Phase-II Pkg-XVI Existing Jakh Vijaypur-Kunjwani section of NH-44 including spur Connectivity to Jammu Airport NH-144A [Km 503500 to km 514500],Jammu and Kashmir,National Highways Authority of India [NHAI],April 2026,1,1,0.7454262119814455,0.9999995059125554,True,True,0.8727128589470005,complete,none,High,v1-equal-weight-2026-04-snapshot
1139,618497,Delhi Amritsar Katra Expressway Phase-II Pkg XVIII Development and Upgradation of Four lane Access Control Expressway from Design Chainage KM 530.00 to KM 545.300 Sidhra to Domel Section of NH-44,Jammu and Kashmir,National Highways Authority of India [NHAI],April 2026,0,1,0.3115644108708611,0.9999989042636783,True,True,0.6557816575672697,complete,none,High,v1-equal-weight-2026-04-snapshot
1140,618541,4L Ring road/bypass around Srinagar city from km 0.000 to km 42.100 Phase-I,Jammu and Kashmir,National Highways Authority of India [NHAI],April 2026,0,1,0.5462187009258191,0.9999998144806035,True,True,0.7731092577032113,complete,none,High,v1-equal-weight-2026-04-snapshot
1141,618543,4L of twin tube tunnel configuration including approaches from Marog to Digdol from Km.154.210 to Km.158.650 North Bound and from Km.155.940 to Km.160.260 South Bound of Ramban to Banihal Pkg-I of Old NH-1A New NH-44,Jammu and Kashmir,National Highways Authority of India [NHAI],April 2026,0,1,0.6756776453607827,0.9999847401882965,True,True,0.8378311927745397,complete,none,High,v1-equal-weight-2026-04-snapshot
1142,618544,"4L twin tube tunnel including approaches from Digdol to Khuni Nallah North Bound connecting with existing major bridge on NB and South Bound connecting with Tunnel T4 ,Single tube tunnel of Ramban to Banihal Pkg-II of Old NH-1A New NH-44",Jammu and Kashmir,National Highways Authority of India [NHAI],April 2026,0,1,0.5580545897737683,0.9999999485945257,True,True,0.779027269184147,complete,none,High,v1-equal-weight-2026-04-snapshot
1143,618545,"4L of Km.165.092 to Km.171.855 North Bound and from Km.166.895 to Km.173.638 South Bound, excl. certain reaches of North Bound and South Bound of Ramban to Banihal Pkg-III of Old NH-1A New NH-44",Jammu and Kashmir,National Highways Authority of India [NHAI],April 2026,0,1,0.42434186792771345,0.9999997737692182,True,True,0.7121708208484658,complete,none,High,v1-equal-weight-2026-04-snapshot
1144,618547,2L NH-1 from km 8.660 to km 33.775 Sumbal to Wayul to 4L dual carriageway NH standard as part of Srinagar Ring Road PhaseII [Design Ch. 41.907 to Ch. 66.609],Jammu and Kashmir,National Highways Authority of India [NHAI],April 2026,0,1,0.3186419578964127,0.9999838515203798,True,True,0.6593129047083963,complete,none,High,v1-equal-weight-2026-04-snapshot
1145,618549,Construction of twin tube tunnels on Jammu Kashmir Ring Road NH-244A Between Design Ch. 50600 to 51700 and design Ch. 53535 to 55700 on EPC mode under residual NHDP component of Bharatmala Pariyojna,Jammu and Kashmir,National Highways Authority of India [NHAI],April 2026,1,1,0.3240619621967533,0.9999596530924117,True,True,0.6620108076445825,complete,none,High,v1-equal-weight-2026-04-snapshot
1146,618550,Corridor Efficiency Improvement including removal of black spots in Lakhanpur - Samba section of NH-44 from Chainage Km. 16.300 to Km. 74.100,Jammu and Kashmir,National Highways Authority of India [NHAI],April 2026,0,1,0.1913109952024164,0.9999995527119907,True,True,0.5956552739572035,complete,none,Medium,v1-equal-weight-2026-04-snapshot
1147,618967,Upgradation and Strengthening of Chenani to Nashri Section via Patnitop of NH244 from Km 0.000 to Km 39.100,Jammu and Kashmir,National Highways Authority of India [NHAI],April 2026,0,0,0.1307442927593282,0.0021978290394014054,True,True,0.0664710608993648,complete,none,Low,v1-equal-weight-2026-04-snapshot
1148,619038,Construction/upgradation to 2-lane with paved shoulder from Design Km 95.55 Bandarkoot to Km. 111.06 Chattroo of 15.52 Km length on Khellani-Kishtwar-Chattroo section on NH-244 in UT of Jammu and Kashmir on EPC Mode Pkg-5,Jammu and Kashmir,NHIDCL,April 2026,0,1,0.04251071600445403,0.999998371333872,True,True,0.521254543669163,complete,none,Medium,v1-equal-weight-2026-04-snapshot
1149,618060,Widening and Strengthening of existing paveemnt to two lane with paved shoulders from km 116.00 to km 176.355 of NH-75E in the State of Jharkhand on EPC mode.,Jharkhand,MoRTH,April 2026,0,1,0.08821259758016678,0.999987540989125,True,True,0.5441000692846459,complete,none,Medium,v1-equal-weight-2026-04-snapshot
1150,618083,Construction of byepass around Lohardaga town of NH-143A in the Sate of Jharkhand under EPC mode.,Jharkhand,MoRTH,April 2026,0,1,0.05307908566447155,0.9936326176994562,True,True,0.5233558516819639,complete,none,Medium,v1-equal-weight-2026-04-snapshot
1151,618084,Widening to 2-lane with paved shoulder from km 0.00 to 44.00 Kuru-Ghaghra section of NH-143A including re-construction of culverts and bridges.,Jharkhand,MoRTH,April 2026,0,1,0.19222679294930362,0.9998166512140647,True,True,0.5960217220816841,complete,none,Medium,v1-equal-weight-2026-04-snapshot
1152,618123,Widening and Strengthening/Reconstruction to Two Lane with Paved Shoulder/ Two Lane with paved shoulders with service road from km 0000 to km 42250 excluding design Ch. 03220 to 04200 & 28350 to 29060 of NH-320G in the state of Jharkhand under EPC mode,Jharkhand,MoRTH,April 2026,0,-1,0.03481372956033559,,True,False,0.03481372956033559,partial,time_overrun_probability,Low,v1-equal-weight-2026-04-snapshot
1153,618127,Construction of 2- Lane with paved shoulder from km 56.45 Dharampur More to 93.050 Pakur of NH-333A in the State of Jharkhand on EPC mode,Jharkhand,MoRTH,April 2026,0,0,0.08950952542135981,0.0008489643698592762,True,True,0.045179244895609545,complete,none,Low,v1-equal-weight-2026-04-snapshot
1154,618242,Widening and Reconstruction to 4-lane/4-lane with service road including structures from Pokharia More at Km 47.600 Ex. Km 50.230 to Govindpur at km 62.949 Ex. Km 65.325 of Nh-419 in the State of Jharkhand on EPC mode.,Jharkhand,MoRTH,April 2026,0,1,0.07250843773172494,0.9998126415826296,True,True,0.5361605396571772,complete,none,Medium,v1-equal-weight-2026-04-snapshot
1155,618535,Construction of Six lane elevated flyover including reconstruction/rehabilitation of existing pavement from Km 406100 to Km 411150 Length 5.05 Km at Gobindpur area in the Barwa Adda Panagarh section of NH-19 from Km.398.240 to Km.521.120 including Panagarh Bypass in the State of Jharkhand on EPC Mode.,Jharkhand,National Highways Authority of India [NHAI],April 2026,0,0,0.17324375846190118,0.0015946123086799423,True,True,0.08741918538529056,complete,none,Low,v1-equal-weight-2026-04-snapshot
1156,618641,4 Lane of CG/JH Border-Gumla from km 0.000 to km 32.370 of NH-43 in the State of Jhrkhand,Jharkhand,National Highways Authority of India [NHAI],April 2026,0,0,0.26885152058482453,0.009828705601572538,True,True,0.13934011309319855,complete,none,Low,v1-equal-weight-2026-04-snapshot
1157,618642,4L of Palma to Gumla from km. 26.00 to km. 89.170 of NH-23,Jharkhand,National Highways Authority of India [NHAI],April 2026,1,1,0.8212430093469797,0.9999882539383638,True,True,0.9106156316426717,complete,none,High,v1-equal-weight-2026-04-snapshot
1158,618644,4L of Ormanjhi-Gola section from Km 81.450 to Km 53.600 of NH- 320BPKG-II,Jharkhand,National Highways Authority of India [NHAI],April 2026,1,1,0.8222675369080058,0.9999671476301789,True,True,0.9111173422690924,complete,none,High,v1-equal-weight-2026-04-snapshot
1159,618645,4L of Gola-BokaroJaina More section from Km 53.600 to Km 21.110 of NH-320PKG-1,Jharkhand,National Highways Authority of India [NHAI],April 2026,1,1,0.7818895520624279,0.9999973722525276,True,True,0.8909434621574778,complete,none,High,v1-equal-weight-2026-04-snapshot
1160,618736,4L Elevated corridor of Kalimandir-Dimna Chowk-Baliguma Jamshedpur Section of NH-33 New NH-18 from km 241940 to km 251961 Length 10.021 km,Jharkhand,National Highways Authority of India [NHAI],April 2026,0,0,0.190621273627232,0.0044308177545293185,True,True,0.09752604569088066,complete,none,Low,v1-equal-weight-2026-04-snapshot
1161,618737,Grade separated Interchanges at Km. 113.730 junction with Ranchi Hazaribagh Road & Km. 139.225 junction with Ranchi Jamshedpur road on 4L Ranchi Bypass of NH-33,Jharkhand,National Highways Authority of India [NHAI],April 2026,0,0,0.14735526111308736,0.0019708709163327124,True,True,0.07466306601471004,complete,none,Low,v1-equal-weight-2026-04-snapshot
1162,618829,4L from km 196.87 Sankha to km 219.6 Khajuri on NH-75 [Rehla / Garhwa Bypass],Jharkhand,National Highways Authority of India [NHAI],April 2026,0,-1,0.6922016467697978,,True,False,0.6922016467697978,partial,time_overrun_probability,High,v1-equal-weight-2026-04-snapshot
1163,618830,4L from Km 147.450 Bhogu to Km 196.870 Sankha on NH-75 Sec-III,Jharkhand,National Highways Authority of India [NHAI],April 2026,1,1,0.7131393669286692,0.9999426159086902,True,True,0.8565409914186797,complete,none,High,v1-equal-weight-2026-04-snapshot
1164,618831,4L from Km 95.400 Udaipura to Km 147.450 Bhogu on NH-75 Sec-II,Jharkhand,National Highways Authority of India [NHAI],April 2026,0,1,0.4930705812609019,0.919526627334279,True,True,0.7062986042975905,complete,none,High,v1-equal-weight-2026-04-snapshot
1165,618832,4L from Km 55.00 Kuru to Km 95.400 Udaipura on NH-75 Sec-I,Jharkhand,National Highways Authority of India [NHAI],April 2026,0,0,0.20462946349889222,0.011116681067461383,True,True,0.1078730722831768,complete,none,Low,v1-equal-weight-2026-04-snapshot
1166,618863,Barhi-Koderma Section of NH31 km 0.00 - km 27.5,Jharkhand,National Highways Authority of India [NHAI],April 2026,1,1,0.7565258040873036,0.9992551274211906,True,True,0.8778904657542471,complete,none,High,v1-equal-weight-2026-04-snapshot
1167,618946,4L of Mehgama - Hansdiha from km. 41.900 to km. 93.000 of NH -133A Pkg-II,Jharkhand,National Highways Authority of India [NHAI],April 2026,1,1,0.8105882139023844,0.9999917612518596,True,True,0.9052899875771221,complete,none,High,v1-equal-weight-2026-04-snapshot
1168,618947,4L of NH-80 from km 215.00 to km 260.00 Mirza Chauki to Farkka Pkg-I,Jharkhand,National Highways Authority of India [NHAI],April 2026,1,1,0.8629964994661831,0.9999055402192274,True,True,0.9314510198427053,complete,none,High,v1-equal-weight-2026-04-snapshot
1169,618949,4L of Basukinath- Deoghar Section of NH-114A,Jharkhand,National Highways Authority of India [NHAI],April 2026,1,1,0.7522888180276227,0.9999678225111394,True,True,0.876128320269381,complete,none,High,v1-equal-weight-2026-04-snapshot
1170,618950,Construction of Bypass to NH-114A Connecting NH-333 and NH-133 Deoghar Bypass from design km 0.000 to design Km 49.000,Jharkhand,National Highways Authority of India [NHAI],April 2026,0,0,0.31599123167169324,0.00039270520718687944,True,True,0.15819196843944006,complete,none,Low,v1-equal-weight-2026-04-snapshot
1171,619005,Construction of bypass around Chatra Town on NH-22 old NH-99 in the state of Jharkhand under EPC Mode,Jharkhand,MoRTH,April 2026,0,0,0.13314197569040365,0.004460825744906091,True,True,0.06880140071765486,complete,none,Low,v1-equal-weight-2026-04-snapshot
1172,617935,"Construction of Elevated corridor from Km. 135.650 to 136.300 on 63, from Km. 249 to Km. 250.050 on old NH-4 and from Km. 192.910 to Km. 193.350 on NH-218 from decongestion of traffic in Ranichennamma circle in Hubli city in the state of Karnataka on EPC basis",Karnataka,MoRTH,April 2026,1,1,0.14954611261496206,0.999899906630057,True,True,0.5747230096225096,complete,none,Medium,v1-equal-weight-2026-04-snapshot
1173,617950,Construction of Srinivasapura Bypass from existing Km 453.890 Design Ch. 0000 to existing Km 461.450 Design Ch 10080 on NH-69 in the State of Karnataka Under NH O in EPC mode under Annual Plan 2022-23 NH-69-KNT-2022-23-966 dated 22.11.2022,Karnataka,MoRTH,April 2026,0,0,0.1764265976759332,0.005968242005157466,True,True,0.09119741984054533,complete,none,Low,v1-equal-weight-2026-04-snapshot
1174,617951,Construction of Chintamani Bypass from Design Ch.0000 Existing Ch.428880 to Design Ch.15400 Existing Ch.444010 on NH-69 in the State of Karnataka in EPC Mode under NHO Annual Plan 2022-23. NH-69-KNT-2022-23-989 dated 24.03.2023,Karnataka,MoRTH,April 2026,0,0,0.06184377784145655,0.0008472044506439257,True,True,0.03134549114605024,complete,none,Low,v1-equal-weight-2026-04-snapshot
1175,617954,Balance work of Rehabilitation and upgrading to 2lane/2lane with paved shoulder configuration and strengthening from from Km 343.80 to 400.33 of Gowribidanur-Chik Ballapur section in the state of Karnataka Under Annual Plan 2021-22 under EPC Mode.-952,Karnataka,MoRTH,April 2026,0,1,0.04644833894117415,0.99999469379543,True,True,0.523221516368302,complete,none,Medium,v1-equal-weight-2026-04-snapshot
1176,617955,Widening to two lane with paved Shoulders from Km 40.00 to Km 75.00 Existing chainages of Mangalore - Tumkur section of NH-73 in the State of Karnataka on EPC Mode under Annual Plan 2021-22 Job No NH-73-KNT-2021-22-945,Karnataka,MoRTH,April 2026,0,1,0.09433598703904232,0.9999842194834453,True,True,0.5471601032612438,complete,none,Medium,v1-equal-weight-2026-04-snapshot
1177,617989,Construction of Major Bridge at Km.180.865 across river Krishna on NH 167 Hagari Jadcherla section,Karnataka,MoRTH,April 2026,1,1,0.44112082610638015,0.9998792329030589,True,True,0.7205000295047195,complete,none,High,v1-equal-weight-2026-04-snapshot
1178,617998,Widening to existing 2 lane with paved Shoulder to 4 Lane with paved shoulder from design Km 153.00 to 168.27 Mala Gate to Karkala of NH -169 on Shimoga - Mangalore section in the state of Karnataka on EPC mode under Annula Plan 2021-22 Job No. NH-169-KNT-2021-22-949,Karnataka,MoRTH,April 2026,0,1,0.11525620310490056,0.9999869752582422,True,True,0.5576215891815713,complete,none,Medium,v1-equal-weight-2026-04-snapshot
1179,617999,Widening to 2LPS from Km 67 to Km 115 on Kadur-Hosadurga section NH 173 in the state of Karnataka NH-173-KNT-2022-23-980 dated 13.03.2023,Karnataka,MoRTH,April 2026,0,1,0.03318400194476616,0.9263184409049315,True,True,0.47975122142484883,complete,none,Medium,v1-equal-weight-2026-04-snapshot
1180,618000,Widening to 2-Lane with Paved Shoulders from Km 116.800 to 149.070Design Changes on Hosadurga - Holalkere Section of NH-173 in the State of Karnataka on EPC mode under Annual Plan 2021-22 Job no. NH-173-KNT-2021-22-946,Karnataka,MoRTH,April 2026,0,1,0.13576879359121877,0.9970593715489416,True,True,0.5664140825700802,complete,none,Medium,v1-equal-weight-2026-04-snapshot
1181,618027,Widening to 2LPS from Km 71.00 to 104.00 Existing chainages Sarjapur to Pattadkallu on Bhanapur to Gaddanakeri section NH-367 in the State of Karnataka under NHO on EPC mode under Annual Plan 2022-23 NH-367-KNT-2022-23-972 dated 08.02.2023,Karnataka,MoRTH,April 2026,0,0,0.019080823439022846,0.016246946261885952,True,True,0.0176638848504544,complete,none,Low,v1-equal-weight-2026-04-snapshot
1182,618028,"Construction of Bypass at Kuknoor, Yelburga, Gajendragada of Bhanapur Gaddanakeri section of NH-367 in the State of Karnataka under NHO on EPC mode under Annual Plan 2022-23. NH-367-KNT-2022-23-973 dated 08.02.2023",Karnataka,MoRTH,April 2026,0,0,0.04939950418354134,0.0006790278628988538,True,True,0.025039266023220097,complete,none,Low,v1-equal-weight-2026-04-snapshot
1183,618029,Widening to 4 lane from Km. 133.00 to 158.04 design Chainage Km. 130.88 to 155.145 Shirur Cross to Gaddankeri of NH-367 in the State of Karnataka on EPC mode. Job No. NH-367-KNT-2021-22-930,Karnataka,MoRTH,April 2026,0,1,0.06213046412793265,0.9999970088897189,True,True,0.5310637365088258,complete,none,Medium,v1-equal-weight-2026-04-snapshot
1184,618030,Widening to 2 lane with paved shoulder from Km. 103.225 Pattadakal to Km. 133.00 Shirur cross of NH-367 in the state of Karnataka on EPC Mode.Job No. NH-367-KNT- 2021-22-934,Karnataka,MoRTH,April 2026,0,1,0.12577247260461147,0.9999948502559172,True,True,0.5628836614302644,complete,none,Medium,v1-equal-weight-2026-04-snapshot
1185,618031,Balance work of Construction of Two/Four lane with paved shoulder from Km 422.000 to 523.600 Chitradurga to Shivamogga of NH-13 in the state of Kanataka on EPC mode.,Karnataka,MoRTH,April 2026,0,1,0.15638976889804124,0.9927986898571762,True,True,0.5745942293776087,complete,none,Medium,v1-equal-weight-2026-04-snapshot
1186,618086,"Widening to Two Lane with Paved Shoulders from KB Cross to Chunchanahalli ie., Design Ch. 485240 Km Existing Km 494.000 to Design Ch. 523393 Km Existing km 533.152 & From Design Ch. 530393 Existing Km 540.175 to Design Ch. 534476 Existing Km 544.200 at Nelligere of NH-150A on EPC mode under Annual Plan 2022-23 NH-150A-KNT-2022-23-977 dated 08.03.2023",Karnataka,MoRTH,April 2026,0,0,0.043355376478135074,0.0028344316592853525,True,True,0.023094904068710214,complete,none,Low,v1-equal-weight-2026-04-snapshot
1187,618087,Widening to intermediate/two lane to 2 lane with paved shoulder from Existing chanages Km 112.750 to 142.00 Liingasur to Mudabal cross & from Km. 147.070 to Km. 149.070 Maski city limit of Jewargi Chamrajnagar setion of NH-150A in the state of Karnataka on EPC mode. Job No. NH-150A-KNT-2021-22-951,Karnataka,MoRTH,April 2026,0,1,0.12221290629311563,0.999997706907394,True,True,0.5611053066002548,complete,none,Medium,v1-equal-weight-2026-04-snapshot
1188,618095,Widening to Two Lane with Paved Shoulders from Km 0.00 Design Chainage 0.00 to Km 23.338 Design Chainage 23310 of NH-166E MH/KNT Border- Kanamadi- Bijjargi- Tikota section in the state of Karnataka in EPC Mode under Annual plan 2022-23 NH- 166E-KNT-2022-23-974,Karnataka,MoRTH,April 2026,0,0,0.028633236614767684,0.01601647530385303,True,True,0.022324855959310358,complete,none,Low,v1-equal-weight-2026-04-snapshot
1189,618109,Widening to 4 lane from Km 51.60 to 76.20 Hebri to Parkala and from Km 85.20 to 88.90 Karavali junction to Malpe of Thirthahalli-Udupi-Malpe Section of NH-169A in the State of Karnataka on EPC Mode under Annual plan 2021-22 Job No. NH-169A- KNT-2021-22-927,Karnataka,MoRTH,April 2026,0,1,0.059179291117933845,0.9999967713507741,True,True,0.5295880312343539,complete,none,Medium,v1-equal-weight-2026-04-snapshot
1190,618144,Construction of Major Bridge Across Sharavathi Backwaters and approches between Ambargodu and Kalasavalli Near Sigandhur in Sagar Taluk on NH 369E in the State of Karnataka on EPC mode.Job No. NH-369E-KNT-2018-19-895 dated 06.03.2019.,Karnataka,MoRTH,April 2026,0,-1,0.23564030307772701,,True,False,0.23564030307772701,partial,time_overrun_probability,Low,v1-equal-weight-2026-04-snapshot
1191,618147,Widening to 2 Lane with Paved Shoulders from design Km 103.200 Existing Km 103.200 to design Km 116.700 Existing Km 118.470 on AP/KNT Border to Sira Section of NH-544E in the State of Karnatakaon EPC mode under Annual plan 2022- 23,Karnataka,MoRTH,April 2026,0,1,0.06109917206761475,0.9680561579337064,True,True,0.5145776650006606,complete,none,Medium,v1-equal-weight-2026-04-snapshot
1192,618149,Widening to two lane with paved shoulders from Km 0.00 to 102.310 Design Chainage of NH-548B Murrum-Maharashtra Border in the State of Karnataka,Karnataka,MoRTH,April 2026,0,0,0.12993658989814663,0.003909871610841253,True,True,0.06692323075449394,complete,none,Low,v1-equal-weight-2026-04-snapshot
1193,618184,Construction of 2 Lane with paved shoulder from km 55.6 to km 90.7 existing chainages of NH-766C complete Realignment of 13.76 km with 2 major Bridges across Sharavathi Backwaters on EPC mode under Annual Plan 2022-23 in the state of Karnataka NH-766C-KNT-2022-23 dated 14.10.2022,Karnataka,MoRTH,April 2026,0,1,0.02525961905498218,0.9871699003675886,True,True,0.5062147597112854,complete,none,Medium,v1-equal-weight-2026-04-snapshot
1194,618185,Widening to 2LPS from Km 0.000 to 37.850 Except Ex. Km 24.45 to 27.20 of NH-766c Byndoor-Ranebennur Section in the state of Karnataka on EPC Mode under Annual Plan 2022-23 NH-766C-KNT-2022-23-969 dated 30.12.2022,Karnataka,MoRTH,April 2026,0,0,0.04603538681242846,0.0017498497309930345,True,True,0.02389261827171075,complete,none,Low,v1-equal-weight-2026-04-snapshot
1195,618189,Widening to Two Lane with Paved Shoulder of NH-73 New Spur Road Ujire - Dharmasthala - Periyashanthi in the State of Karnataka under on HAM under NHO Annual Plan 2023-24Job No NH-73Spur-KNT-2023-24-996,Karnataka,MoRTH,April 2026,0,-1,0.04293908102498644,,True,False,0.04293908102498644,partial,time_overrun_probability,Low,v1-equal-weight-2026-04-snapshot
1196,618517,4/6L of Bangalore - Pune Section of bypass connecting Dharwad - Hubli from km. 403.80 to km. 433.20,Karnataka,National Highways Authority of India [NHAI],April 2026,0,1,0.46971562826923036,0.9995433889059071,True,True,0.7346295085875687,complete,none,High,v1-equal-weight-2026-04-snapshot
1197,618518,Davanagere - Haveri of NH-48 Old NH-4 from km. 260.00 to km. 338.923,Karnataka,National Highways Authority of India [NHAI],April 2026,1,1,0.8655107482759131,0.9999994844512927,True,True,0.932755116363603,complete,none,High,v1-equal-weight-2026-04-snapshot
1198,618520,4L of km 0.00 to km 42.00 of Dobbaspet to Doddaballapura Bypass section of NH-648 old NH-207] [Bangalore Ring Road Pkg 1],Karnataka,National Highways Authority of India [NHAI],April 2026,1,1,0.7879578069982968,0.9999998554476603,True,True,0.8939788312229786,complete,none,High,v1-equal-weight-2026-04-snapshot
1199,618630,6L of MH/KN Border Nimbal Village to KN/TS Border Singnodi Village from Km. 26.000 to Km. 97.000 in Gulbarga of NH-150C Pkg-II,Karnataka,National Highways Authority of India [NHAI],April 2026,0,1,0.4988151468706852,0.9999097010075951,True,True,0.7493624239391401,complete,none,High,v1-equal-weight-2026-04-snapshot
1200,618649,4 Lane with PS from Des. Ch 228.500 to Des. Ch. 273.400 of Belgaum-Hungund- Raichur Section of NH 748 A Package-6,Karnataka,National Highways Authority of India [NHAI],April 2026,0,1,0.27346946304605724,0.9792059741959787,True,True,0.626337718621018,complete,none,Medium,v1-equal-weight-2026-04-snapshot
1201,618650,4 Lane with PS from Des. Ch 89.900 to Des. Ch. 136.100 of Belgaum-Hungund- Raichur Section of NH-748A Package-3,Karnataka,National Highways Authority of India [NHAI],April 2026,0,1,0.13857704442238547,0.9991155420393769,True,True,0.5688462932308812,complete,none,Medium,v1-equal-weight-2026-04-snapshot
1202,618651,4 Lane with PS from Des. Ch 43.800 to Des. Ch. 89.900 of Belgaum-Hungund- Raichur Section of NH-748A Package-2,Karnataka,National Highways Authority of India [NHAI],April 2026,0,1,0.15559565020250873,0.9877371384413149,True,True,0.5716663943219118,complete,none,Medium,v1-equal-weight-2026-04-snapshot
1203,618697,4LPS Access Controlled Highway of Bellary Bypass Balance work from Ch. 254750 to Ch. 266837 and construction of 4LPS from Ch. 277.690 to Ch. 278.690 at D. Hirehal Village Balance work of NH 150A of Bellary Byrapura Section,Karnataka,National Highways Authority of India [NHAI],April 2026,0,1,0.1579986754330267,0.08776928279712598,True,True,0.12288397911507634,complete,none,Low,v1-equal-weight-2026-04-snapshot
1204,618698,Challakere to Hariyur section from km 358.500 to km 414.205 of NH-150 A,Karnataka,National Highways Authority of India [NHAI],April 2026,1,1,0.8173670623412224,0.9999759652919856,True,True,0.9086715138166039,complete,none,High,v1-equal-weight-2026-04-snapshot
1205,618702,4L of Addahole Near Gundya to Bantwal Cross section Pkg-02 from Design Km 270.270 to Design km 318.55 including flyover at Kalladka Town including approaches from Km. 311.57 to Km. 313.67 of NH-75 Old NH-48,Karnataka,National Highways Authority of India [NHAI],April 2026,0,1,0.5986349284276953,0.9999944057112015,True,True,0.7993146670694484,complete,none,High,v1-equal-weight-2026-04-snapshot
1206,618706,Bangalore-Nidagatta Pkg. I,Karnataka,National Highways Authority of India [NHAI],April 2026,1,1,0.7931393863258507,0.9999996002947308,True,True,0.8965694933102908,complete,none,High,v1-equal-weight-2026-04-snapshot
1207,618707,Additional works under BM1 to ensure road safety under 6L of Bengaluru Mysuru Access control with close toll from Km.17.300 to Km.136.300 of NH-275,Karnataka,National Highways Authority of India [NHAI],April 2026,0,0,0.21546934990627672,0.0005811440621004159,True,True,0.10802524698418857,complete,none,Low,v1-equal-weight-2026-04-snapshot
1208,618709,4L of Left-Over Works of Hospet-Bellary -Karnataka/AP border from Km.280.080 Dec.Ch. to Km.375450Des.Ch. of NH-63 New-67,Karnataka,National Highways Authority of India [NHAI],April 2026,0,1,0.21071830721029272,0.9999996768273053,True,True,0.605358992018799,complete,none,Medium,v1-equal-weight-2026-04-snapshot
1209,618799,Belakeri Port to Kumta - Sirsi road from km 0.00 - km 4.265 of Belekeri Port Road Link Rd. and km 4.965 - km 60.00 of SH-69,Karnataka,National Highways Authority of India [NHAI],April 2026,0,1,0.41274249492974113,0.999993417794324,True,True,0.7063679563620326,complete,none,High,v1-equal-weight-2026-04-snapshot
1210,618870,4L PS from near Hemmige Village Periyapatna - Hassan Road Jn. to near Hunsur - KR Nagar Jn section from Km. 144.900 to Km. 169.000 of NH-275 Pkg. III,Karnataka,National Highways Authority of India [NHAI],April 2026,1,1,0.3098865079403759,0.9775601592908238,True,True,0.6437233336155999,complete,none,Medium,v1-equal-weight-2026-04-snapshot
1211,618871,4L PS from Near Guddehosur to Start of Kushalnagara Bypass to near Hemmige Village Periyapatna - Hassan Road Jn from Km. 122.200 to Km. 144.900 of NH-275 Pkg. II,Karnataka,National Highways Authority of India [NHAI],April 2026,0,0,0.28101571591464614,0.9159561718334305,True,True,0.5984859438740383,complete,none,Medium,v1-equal-weight-2026-04-snapshot
1212,618872,4L PS from near Hunsur - KR Nagar Junction to near Yalachahalli village KR Nagara - Yelawala Road Junction fcrom Km 169.000 to Km 195.550 of NH-275 Pkg-IV,Karnataka,National Highways Authority of India [NHAI],April 2026,0,1,0.28080465161611146,0.991353645334933,True,True,0.6360791484755222,complete,none,Medium,v1-equal-weight-2026-04-snapshot
1213,618873,4L PS from near Yalachahalli village KR Nagara - Yelawala Road junction to Srirangapatna Bypass Near Paschima Vahini from km 195.550 to Km 214.535 of NH- 275 Pkg-V,Karnataka,National Highways Authority of India [NHAI],April 2026,0,1,0.3111772698694718,0.9816224384704042,True,True,0.6463998541699381,complete,none,Medium,v1-equal-weight-2026-04-snapshot
1214,618887,4L of Bettadahalli- Shivamogga section from Km.170.415 to km. 226.750 of NH-206 Tumkur- Shivamogga Pkg-IV,Karnataka,National Highways Authority of India [NHAI],April 2026,1,1,0.8663606288871475,0.9999726140752361,True,True,0.9331666214811918,complete,none,High,v1-equal-weight-2026-04-snapshot
1215,618896,4L of Sannur to Bikarnakatte section from Km 691.350 to Km 736.362 of NH-169 Karkala - Mangalore Package-III,Karnataka,National Highways Authority of India [NHAI],April 2026,1,1,0.6561918833239718,0.9999998951481511,True,True,0.8280958892360615,complete,none,High,v1-equal-weight-2026-04-snapshot
1216,619070,Tumkur-Chitradurga,Karnataka,National Highways Authority of India [NHAI],April 2026,0,1,0.709122922291707,0.9999999909879752,True,True,0.8545614566398412,complete,none,High,v1-equal-weight-2026-04-snapshot
1217,619071,Tumkur - Nelamangala 6L,Karnataka,National Highways Authority of India [NHAI],April 2026,0,1,0.5705629795605569,0.9995094578148485,True,True,0.7850362186877027,complete,none,High,v1-equal-weight-2026-04-snapshot
1218,619072,Bangalore/TN border to Hoskote,Karnataka,National Highways Authority of India [NHAI],April 2026,1,1,0.6105054648593744,0.9999997923340174,True,True,0.8052526285966959,complete,none,High,v1-equal-weight-2026-04-snapshot
1219,619073,4L of 42.000 to km 80.00 of Dodaballapur Bypass to Hoskote section of NH-648 Old NH-207 [Bangalore Ring Road Pkg 2],Karnataka,National Highways Authority of India [NHAI],April 2026,1,1,0.8066904249182604,0.9999999427487563,True,True,0.9033451838335083,complete,none,High,v1-equal-weight-2026-04-snapshot
1220,619096,Goa / Karnataka Km.93.700 to Kundapur Km.283.30,Karnataka,National Highways Authority of India [NHAI],April 2026,1,1,0.8555831860370656,0.9999998503284544,True,True,0.9277915181827601,complete,none,High,v1-equal-weight-2026-04-snapshot
1221,619106,4 Lane with PS from Des. Ch 182.300 to Des. Ch. 228.500 of Belgaum-Hungund- Raichur Section of NH 748 A Package-5,Karnataka,National Highways Authority of India [NHAI],April 2026,0,1,0.2773184722804219,0.9986524503785404,True,True,0.6379854613294812,complete,none,Medium,v1-equal-weight-2026-04-snapshot
1222,619107,4 Lane with PS from Des. Ch 136.100 to Des. Ch. 182.300 of Belgaum-Hungund- Raichur Section of NH-748A Package-4,Karnataka,National Highways Authority of India [NHAI],April 2026,0,1,0.1239636172310188,0.962264034393431,True,True,0.5431138258122249,complete,none,Medium,v1-equal-weight-2026-04-snapshot
1223,619108,4 Lane with PS from Des. Ch 0.000 to Des. Ch. 43.800 of Belgaum-Hungund-Raichur Section of NH-748A Package-1,Karnataka,National Highways Authority of India [NHAI],April 2026,0,1,0.13926199224324848,0.9908794677047927,True,True,0.5650707299740206,complete,none,Medium,v1-equal-weight-2026-04-snapshot
1224,619117,Hassan km 184.912 to Maranahally km 230.060 of NH - 75 in Karnataka,Karnataka,National Highways Authority of India [NHAI],April 2026,1,1,0.7042058497477012,0.9999969014021429,True,True,0.852101375574922,complete,none,High,v1-equal-weight-2026-04-snapshot
1225,619120,Nidagatta-Mysore Pkg II,Karnataka,National Highways Authority of India [NHAI],April 2026,1,1,0.7999815708039618,0.9999991424446457,True,True,0.8999903566243037,complete,none,High,v1-equal-weight-2026-04-snapshot
1226,619121,4L of Hubli - Hospet Section of NH-63 from Km 128.850 to Km 272.571,Karnataka,National Highways Authority of India [NHAI],April 2026,1,1,0.8786603944534144,0.9999970153701022,True,True,0.9393287049117582,complete,none,High,v1-equal-weight-2026-04-snapshot
1227,619138,Yekkambi-Haveri,Karnataka,National Highways Authority of India [NHAI],April 2026,0,1,0.32530198778471564,0.9997531959897352,True,True,0.6625275918872254,complete,none,High,v1-equal-weight-2026-04-snapshot
1228,619144,Hospet - Chitradurga from km. 299.00 to km. 418.750,Karnataka,National Highways Authority of India [NHAI],April 2026,0,1,0.7182247595100222,0.9999999428138276,True,True,0.859112351161925,complete,none,High,v1-equal-weight-2026-04-snapshot
1229,619150,BRT Tiger Reserve Boundary Km.287.500 to Bangalore Section Km.458.420 of NH- 209 in Karnataka,Karnataka,National Highways Authority of India [NHAI],April 2026,1,1,0.8544847547149359,0.999999251866252,True,True,0.9272420032905939,complete,none,High,v1-equal-weight-2026-04-snapshot
1230,619164,Belgaum-Khanapur Pkg I Km 0.000-Km 30.800 of NH-4A,Karnataka,National Highways Authority of India [NHAI],April 2026,0,1,0.7228353778176348,0.9999990164838745,True,True,0.8614171971507547,complete,none,High,v1-equal-weight-2026-04-snapshot
1231,619211,6L of MH/KN Border Nimbal Village to KN/TS Border Singnodi Village from Km. 97.000 to Km. 162.500 in Yadgir of NH-150C Pkg-III,Karnataka,National Highways Authority of India [NHAI],April 2026,0,1,0.5159912494474951,0.9999558147418581,True,True,0.7579735320946765,complete,none,High,v1-equal-weight-2026-04-snapshot
1232,619214,4L of Channarayapatna Bypass and Hassan Bypass with structures in Devihalli - Hassan section,Karnataka,National Highways Authority of India [NHAI],April 2026,0,1,0.5115997210639456,0.9999997497730402,True,True,0.7557997354184929,complete,none,High,v1-equal-weight-2026-04-snapshot
1233,619218,4L Tumkur-Shimoga Pkg-I from Mallasandra to Karadi village of NH-206 from Km. 12.300 to Km. 65.195,Karnataka,National Highways Authority of India [NHAI],April 2026,1,1,0.8980316860532302,0.9999999143852105,True,True,0.9490158002192204,complete,none,High,v1-equal-weight-2026-04-snapshot
1234,619219,4L of Tumkur-Shimoga Pkg-II from Km 65.195 Karadi to Km 121.900 Banawara of NH-206,Karnataka,National Highways Authority of India [NHAI],April 2026,1,1,0.8929931129519414,0.9999996910328006,True,True,0.946496401992371,complete,none,High,v1-equal-weight-2026-04-snapshot
1235,619220,Tumkur-Shimoga Pkg-III from Km 121.900 Banawara to Km 170.415 Bettadahalli of Old NH-206,Karnataka,National Highways Authority of India [NHAI],April 2026,1,1,0.8768307608019786,0.9999968872980585,True,True,0.9384138240500186,complete,none,High,v1-equal-weight-2026-04-snapshot
1236,618070,Widening to 2 Lanes with paved shoulders from Km.87/000 to 133/720 Nattukal to Thanau Jn. in Palakkad of NH-966 Old NH-213 on EPC mode Basis under NHO Annual Plan 2016-17 in the state of Kerala,Kerala,MoRTH,April 2026,1,1,0.2689166115224458,0.9999190084312637,True,True,0.6344178099768547,complete,none,Medium,v1-equal-weight-2026-04-snapshot
1237,618595,6L of Chengala - Neeleshwaram from km. 56.200 to km. 93.468,Kerala,National Highways Authority of India [NHAI],April 2026,1,1,0.8511942397365896,0.9995256749120106,True,True,0.9253599573243001,complete,none,High,v1-equal-weight-2026-04-snapshot
1238,618596,6L of Taliparamba to Muzhappilangad from Km 134.650 to Km 170.6 of NH-66,Kerala,National Highways Authority of India [NHAI],April 2026,1,1,0.8517845493304869,0.9997430919644702,True,True,0.9257638206474785,complete,none,High,v1-equal-weight-2026-04-snapshot
1239,618597,6L of Azhiyur-Vengalam from km. 189.200 to km. 230.400 of NH-66,Kerala,National Highways Authority of India [NHAI],April 2026,1,1,0.6845298838845478,0.9999731661202198,True,True,0.8422515250023839,complete,none,High,v1-equal-weight-2026-04-snapshot
1240,618598,6L Minor Bridge Paloli Palam at km. 203.160 & Major Bridge Morad at km. 204.895 and allied works,Kerala,National Highways Authority of India [NHAI],April 2026,1,1,0.6634739730199428,0.9999917971316471,True,True,0.831732885075795,complete,none,High,v1-equal-weight-2026-04-snapshot
1241,618599,6L of Ramanatukkara Junction to start of Valanchery bypass section of NH-66,Kerala,National Highways Authority of India [NHAI],April 2026,0,1,0.23657081223513124,0.9999473024127259,True,True,0.6182590573239286,complete,none,Medium,v1-equal-weight-2026-04-snapshot
1242,618600,6L of Valanchery bypass to Kappirikkad of NH 66 from km. 298500 to km 335850,Kerala,National Highways Authority of India [NHAI],April 2026,0,1,0.3607503028324397,0.999924139822652,True,True,0.6803372213275458,complete,none,High,v1-equal-weight-2026-04-snapshot
1243,618601,6L of Kappirikkad to Thalikulam section from km 335.85 to km 369.015 of NH - 66 old NH-17,Kerala,National Highways Authority of India [NHAI],April 2026,0,1,0.2878833839755932,0.9999135380200155,True,True,0.6438984609978043,complete,none,Medium,v1-equal-weight-2026-04-snapshot
1244,618602,6L of Thalikulam to Kodugallur section from km 369.015 to km 397.850 of NH - 66 old NH-17,Kerala,National Highways Authority of India [NHAI],April 2026,0,1,0.27884607644436404,0.9999174920426479,True,True,0.639381784243506,complete,none,Medium,v1-equal-weight-2026-04-snapshot
1245,618603,6L of Kodugallur to Edapppally section from km 397.750 to km 423.780 of NH - 66 old NH-17,Kerala,National Highways Authority of India [NHAI],April 2026,1,1,0.6256714096903611,0.9999731514292516,True,True,0.8128222805598063,complete,none,High,v1-equal-weight-2026-04-snapshot
1246,618604,Aroor-Thuravoor Thekku,Kerala,National Highways Authority of India [NHAI],April 2026,0,1,0.5317066391937678,0.9977930086997051,True,True,0.7647498239467365,complete,none,High,v1-equal-weight-2026-04-snapshot
1247,618605,Thuravoor Thekku-Paravoor,Kerala,National Highways Authority of India [NHAI],April 2026,0,1,0.6381152753158839,0.9999777081887505,True,True,0.8190464917523173,complete,none,High,v1-equal-weight-2026-04-snapshot
1248,618606,Paravoor-Kottankulangara,Kerala,National Highways Authority of India [NHAI],April 2026,0,1,0.5418945939091341,0.9998205053631306,True,True,0.7708575496361323,complete,none,High,v1-equal-weight-2026-04-snapshot
1249,618607,Kottankulangara- Start of Kollam Bypass,Kerala,National Highways Authority of India [NHAI],April 2026,1,1,0.7756182789318916,0.9999665849618093,True,True,0.8877924319468504,complete,none,High,v1-equal-weight-2026-04-snapshot
1250,618708,Widening/Development of Existing NH-85 from Km 0.000 to Km 124.636 section to 2L/LPS section in the state of Kerala on EPC Mode under Bharatmala Pariyojana,Kerala,National Highways Authority of India [NHAI],April 2026,1,1,0.6614310035055236,0.9999871058376931,True,True,0.8307090546716084,complete,none,High,v1-equal-weight-2026-04-snapshot
1251,619098,Kozhikode Bypass Calicut Bypass Vengalam Jn. to Ramanattukara Jn.,Kerala,National Highways Authority of India [NHAI],April 2026,1,1,0.8830639714616327,0.9997387953969881,True,True,0.9414013834293105,complete,none,High,v1-equal-weight-2026-04-snapshot
1252,619206,6L of Perole Nileshwar town to Taliparamba from Km 94.248 to Km 134.650 of NH-66,Kerala,National Highways Authority of India [NHAI],April 2026,1,1,0.7657985987002282,0.999996624315632,True,True,0.8828976115079301,complete,none,High,v1-equal-weight-2026-04-snapshot
1253,619207,Start of Kollam Bypass - Kadambattukonam,Kerala,National Highways Authority of India [NHAI],April 2026,1,1,0.8291784581599921,0.9997112042976943,True,True,0.9144448312288432,complete,none,High,v1-equal-weight-2026-04-snapshot
1254,619208,Kadambattukonam-Kazhakuttom,Kerala,National Highways Authority of India [NHAI],April 2026,0,1,0.4153216624410239,0.9993831826305649,True,True,0.7073524225357944,complete,none,High,v1-equal-weight-2026-04-snapshot
1255,618408,Kargil Zanskar Road,Ladakh,NHIDCL,April 2026,0,1,0.13299549082019319,0.9999983715487304,True,True,0.5664969311844618,complete,none,Medium,v1-equal-weight-2026-04-snapshot
1256,618409,Widening & Up-gradation to 2 lane with Paved shoulder of NH-301 Kargil- Zanskar Road from Design km 57.000 Ex. Km. 57.905 to Km 87.000 Ex. Km. 88.2491 of 30.000 Km length Pkg-lll,Ladakh,NHIDCL,April 2026,0,1,0.1461355625347909,0.999998512500597,True,True,0.573067037517694,complete,none,Medium,v1-equal-weight-2026-04-snapshot
1257,618410,Widening & Up-gradation to 2 lane with paved shoulder of NH-301 Kargil- Zanskar Road from Design Km .30.040 Ex. Km. 30.000 to Design Km 57.000 Ex. Km. 57.905 of 26.960 Km length Pkg-II,Ladakh,NHIDCL,April 2026,0,1,0.13700429521024757,0.9999986508463671,True,True,0.5685014730283073,complete,none,Medium,v1-equal-weight-2026-04-snapshot
1258,617909,Construction of Rewa Bypass to 4-lane with paved shoulder along with service road from Ratahara Chowk to Chorhata Chowk Road section of NH-30 from km 00.000 to 19.200 in the State of Madhya Pradesh on Hybrid Annuity Mode HAM.,Madhya Pradesh,MoRTH,April 2026,0,0,0.06176510143797448,0.0001466079390879704,True,True,0.030955854688531223,complete,none,Low,v1-equal-weight-2026-04-snapshot
1259,617911,Rehabilitation and upgradation Umaria to Shahdol section of NH-78 from Existing Km. 68/4 to Km. 142/2 to 2LPS including construction of Birshinghpur and Shahdol Bypass on EPC mode under NHDP-IVA,Madhya Pradesh,MoRTH,April 2026,1,1,0.6286914106268656,0.9999966803679202,True,True,0.8143440454973929,complete,none,High,v1-equal-weight-2026-04-snapshot
1260,617914,Upgradation and reconstruction of Shahpura-Dindori Section of NH 45 from Km 103.700 Design to Km 164.580 Design including 3 bypasses Total length 60.88km to Two lane with paved shoulder configuration along with One time improvement in 03 nos of bypassed built-up areas in a total length of 12.341 km in the State of Madhya Pradesh on EPC mode,Madhya Pradesh,MoRTH,April 2026,1,1,0.4776080430720136,0.9990626750938147,True,True,0.7383353590829141,complete,none,High,v1-equal-weight-2026-04-snapshot
1261,617915,Upgradation of Dindori-Sagartola-kabichabutra MP-CG border section of NH -45 from km 000Design to km 77.00 Design to Two lane with paved shoulder configration along with one time improvement in 04 nos. of bypaased built-up areas in a total length of 9.1 km in the state of Madhya Pradesh on EPC mode.,Madhya Pradesh,MoRTH,April 2026,0,1,0.13891302105874895,0.9999890756100958,True,True,0.5694510483344224,complete,none,Medium,v1-equal-weight-2026-04-snapshot
1262,618019,Upgradation & widening of Jharkheda- Berasia - Dholkhedi from design km 0000 to km 87900 Design length 87.90km of NH-346 including 3 nos. bypasses of 13.10 Km in the State of Madhya Pradesh under EPC mode.,Madhya Pradesh,MoRTH,April 2026,0,1,0.1053842261371407,0.9999043738563422,True,True,0.5526442999967415,complete,none,Medium,v1-equal-weight-2026-04-snapshot
1263,618020,"Rehabilitation & Upgradation of KurwaiMungaoliChanderi Road section of NH-346, from Design Chainge 0.000 to 81.300 Km Total length 83.1 km to Two lane with paved shoulder configuration along with One time improvement in 07 nos of bypassed built- up areas in a total length of 22.615 km in the state of Madhya Pradesh on EPC mode.",Madhya Pradesh,MoRTH,April 2026,0,1,0.11102674572164023,0.9999946154742574,True,True,0.5555106805979488,complete,none,Medium,v1-equal-weight-2026-04-snapshot
1264,618021,Up-gradation of Pichhore- Dinara section of NH-346 from Km 292.750 to 334.550 to two lane with paved shoulders in the state of Madhya Pradesh on EPC mode,Madhya Pradesh,MoRTH,April 2026,0,0,0.020508940519109328,0.0016721765167167656,True,True,0.011090558517913046,complete,none,Low,v1-equal-weight-2026-04-snapshot
1265,618035,Rehabilitation & Upgradation of existing intermediate lane to two Lane with paved shoulder from km. 0.600 Gulganj bypass on NH-34 to km. 43.00 Barna River length 42.400 km. on Gulganj-Amanganj-Pawai-Katni NH43 Extn. in the state of Madhya Pradesh on EPCmode.,Madhya Pradesh,MoRTH,April 2026,0,1,0.05132223046204713,0.8816009965660032,True,True,0.46646161351402515,complete,none,Medium,v1-equal-weight-2026-04-snapshot
1266,618036,Upgradation and reconstruction of existing intermediate lane to two Lane with paved shoulder configuration from km. 43.00 Barna River to km. 77.00 ken river length 34.00 km. on Gulganj-Amanganj-Pawai-Katni NH43 Extn. along with One time improvement in 01 no. of bypassed built-up area in a total length of 1.585 km in the state of Madhya Pradesh on EPCmode.,Madhya Pradesh,MoRTH,April 2026,0,0,0.04407917880283421,0.007658470657316239,True,True,0.025868824730075225,complete,none,Low,v1-equal-weight-2026-04-snapshot
1267,618043,Upgradation and reconstruction of Dindori - Mandla Section of NH 543 from Km 77100 Design to Km 170580 Design Total length 93.48km to Two lane with paved shoulder configuration along with One time improvement in 04 nos of bypassed built-up areas in a total length of 7.23 km in the state of Madhya Pradesh on EPC mode,Madhya Pradesh,MoRTH,April 2026,1,0,0.40595391026748573,0.005124596327157877,True,True,0.2055392532973218,complete,none,Low,v1-equal-weight-2026-04-snapshot
1268,618044,Upgradation of Shahdol- Sagartola Section of NH 543 from km 0000 to km 69400 to 2 lane with paved shoulders under Hybrid Annuity Mode HAM in the State of Madhya Pradesh,Madhya Pradesh,MoRTH,April 2026,0,-1,0.09250547247675955,,True,False,0.09250547247675955,partial,time_overrun_probability,Low,v1-equal-weight-2026-04-snapshot
1269,618045,"Construction of Mihona bypass, Lahar bypass, Daboh bypass & Bhander Bypass total length 20.60 km to 2-lane with paved shoulder from on Mihona-Bhander-MP/UP border section of NH 552E in the State of Madhya Pradesh on EPC mode",Madhya Pradesh,MoRTH,April 2026,0,-1,0.1709701291220624,,True,False,0.1709701291220624,partial,time_overrun_probability,Low,v1-equal-weight-2026-04-snapshot
1270,618068,"Construction of Kaithi-Padaria Kala bypass, Patna-Tamoli bypass, Jaso bypass and Nagod bypass total length 15.44 Km to 2-lane with paved shoulders flexible pavement on NH-943 in the State of Madhya Pradesh on EPC Mode.",Madhya Pradesh,MoRTH,April 2026,0,1,0.18913587805600915,0.997658453131484,True,True,0.5933971655937466,complete,none,Medium,v1-equal-weight-2026-04-snapshot
1271,618085,Upgradation of Nasrullagani-Rehti-Budhni Scction to 2-lane with paved shoulder from Km 0150 to Km 50500 of NH-146B in the state of Madhya Pradesh on EPC mode.,Madhya Pradesh,MoRTH,April 2026,0,1,0.11459051744000133,0.9999950767472886,True,True,0.557292797093645,complete,none,Medium,v1-equal-weight-2026-04-snapshot
1272,618129,"Construction of Kasrawad bypass, Selani bypass, Khargone bypass & Bistan bypass Total length. 31.950 km Section of NH-347 C to Two lane with paved shoulder configuration in the State of Madhya Pradesh on EPC mode.",Madhya Pradesh,MoRTH,April 2026,0,0,0.0819399790896605,0.00026029234398122395,True,True,0.04110013571682086,complete,none,Low,v1-equal-weight-2026-04-snapshot
1273,618156,"Construction of Morena bypass, Ambah bypass & Porsa bypass Totat length 27.16 km Section of NH-552 Ext. to TWo lane with paved shoulder configuration in the state of Madhya Pradesh on EPC mode",Madhya Pradesh,MoRTH,April 2026,0,0,0.07632515448463274,0.0001142440154665449,True,True,0.038219699250049644,complete,none,Low,v1-equal-weight-2026-04-snapshot
1274,618157,Construction of Ater realignment & Bhind bypass Total length. 21.50 km Section of NH-552Extn. to Two lane with paved shoulder configuration in the State of Madhya Pradesh on EPC mode.,Madhya Pradesh,MoRTH,April 2026,0,1,0.023361183546205252,0.9566410811704961,True,True,0.49000113235835063,complete,none,Medium,v1-equal-weight-2026-04-snapshot
1275,618158,"Upgradation of Goras to Shyampur Road section of NH-552 Ext., from Design Chainge 48.400 to 111.800 Km Total length 63.40 km to two lane with paved shoulder configuration along with One time improvement of 8.91 km in the state of Madhya Pradesh on EPC mode",Madhya Pradesh,MoRTH,April 2026,0,0,0.04343137947196399,0.00036110232063573755,True,True,0.02189624089629986,complete,none,Low,v1-equal-weight-2026-04-snapshot
1276,618170,Construction of Two lane with paved shoulder configuration of Shujalpur Bypass section of NH-752C from km 33100 Design to km. 42570 Design total design length 10.470 km in the State of Madhya Pradesh on EPC mode.,Madhya Pradesh,MoRTH,April 2026,0,1,0.07397707714900713,0.9875671083311017,True,True,0.5307720927400544,complete,none,Medium,v1-equal-weight-2026-04-snapshot
1277,618171,"Work of Upgradation of Jirapur-Pachore Road including Pachore, Jirapur, Chhapiheda & Khujner Bypasses from 0000 to 58790 Design Length 58.79 Km section of NH-752C to 2LPS in the State of Madhya Pradesh under EPC mode",Madhya Pradesh,MoRTH,April 2026,0,1,0.17846414572496083,0.9981208533191849,True,True,0.5882924995220729,complete,none,Medium,v1-equal-weight-2026-04-snapshot
1278,618619,Bypass on Western side of Gwalior City,Madhya Pradesh,National Highways Authority of India [NHAI],April 2026,0,0,0.15101740195188873,4.772413531916742e-05,True,True,0.07553256304360395,complete,none,Low,v1-equal-weight-2026-04-snapshot
1279,618620,"Additional works 2VUPs, MR-10 junction flyover and underpass in Six lane Indore- Dewas section of NH-52 in the state of Madhya Pradesh on EPC Mode",Madhya Pradesh,National Highways Authority of India [NHAI],April 2026,1,1,0.5177240776510598,0.9997904255452015,True,True,0.7587572515981307,complete,none,High,v1-equal-weight-2026-04-snapshot
1280,618621,Indore - Edlabad Pkg-II [Tejajinagar to Balwara],Madhya Pradesh,National Highways Authority of India [NHAI],April 2026,1,1,0.5630594415774851,0.9999995414534979,True,True,0.7815294915154916,complete,none,High,v1-equal-weight-2026-04-snapshot
1281,618622,4L of Indore - Boregaon Pkg-III [Balwara to Dhangaon] from km. 42.260 to km. 82.660 of NH347BG & 753L,Madhya Pradesh,National Highways Authority of India [NHAI],April 2026,0,1,0.5453814477585811,0.9999926542937695,True,True,0.7726870510261753,complete,none,High,v1-equal-weight-2026-04-snapshot
1282,618623,4L Boregaon Buzurg to Shahpur Pkg I of Boregaon Buzurg to Muktainagar of NH 753L,Madhya Pradesh,National Highways Authority of India [NHAI],April 2026,0,1,0.36084989477826535,0.9989917355811136,True,True,0.6799208151796895,complete,none,High,v1-equal-weight-2026-04-snapshot
1283,618625,Indore - Gujarat / MP Border from km. Km 9.500 to Km 171.000 of NH-59 in MP,Madhya Pradesh,National Highways Authority of India [NHAI],April 2026,0,1,0.4372296924825389,0.9999725097707932,True,True,0.7186011011266661,complete,none,High,v1-equal-weight-2026-04-snapshot
1284,618654,4L Greenfield Rudhi to Deshgaon Pkg V of Betul-Khandwa/Deshgaon,Madhya Pradesh,National Highways Authority of India [NHAI],April 2026,0,1,0.35175855541392154,0.9999773233099314,True,True,0.6758679393619265,complete,none,High,v1-equal-weight-2026-04-snapshot
1285,618655,2L PS of Roshni to Ashapur Section of NH-347B from Design KM Ch. 89.900 to 114.000 KM Package III of Betul Khandwa,Madhya Pradesh,National Highways Authority of India [NHAI],April 2026,0,0,0.1710794750086081,0.002034652893343725,True,True,0.08655706395097591,complete,none,Low,v1-equal-weight-2026-04-snapshot
1286,618661,4L from km 0.000 to 42.040 Bhopal Ratnaigiri Tiraha to Vidisha Morikodi,Madhya Pradesh,National Highways Authority of India [NHAI],April 2026,1,0,0.48617617895637216,4.02976217910475e-05,True,True,0.2431082382890816,complete,none,Low,v1-equal-weight-2026-04-snapshot
1287,618662,4L Vidisha Gyaraspur section of NH-146 from Design Chainage km 59475 existing chainage km 81240 to Design Chainage km 88361 existing chainage km 110.315,Madhya Pradesh,National Highways Authority of India [NHAI],April 2026,0,0,0.17394695972602886,5.2943828034467806e-05,True,True,0.08699995177703167,complete,none,Low,v1-equal-weight-2026-04-snapshot
1288,618663,i 4L Vidisha to Hinotiya from km 0.000 to Km 27.000 Vidisha Mehulwa-Talbehat Pkg- I Section of NH- 346 and ii 4L Vidisha to Morikori from Km 39.000 to 59.476 section of NH-146,Madhya Pradesh,National Highways Authority of India [NHAI],April 2026,0,1,0.3336831583152344,0.9999685546370021,True,True,0.6668258564761183,complete,none,High,v1-equal-weight-2026-04-snapshot
1289,618664,Berkhedi to Godpehra on NH-44 Sagar link road,Madhya Pradesh,National Highways Authority of India [NHAI],April 2026,0,1,0.3889151542561595,0.999995234656811,True,True,0.6944551944564852,complete,none,High,v1-equal-weight-2026-04-snapshot
1290,618665,4L of Sagar - Mohari from Km.8 to Km.50 Pkg-I,Madhya Pradesh,National Highways Authority of India [NHAI],April 2026,0,1,0.5182822306862126,0.9999953854187119,True,True,0.7591388080524623,complete,none,High,v1-equal-weight-2026-04-snapshot
1291,618666,4- Laning of Mohari to Satai Ghat section NH-934 from Km 50300 to Km 89875 Total length 39.575 km Package-2 in the State of Madhya Pradesh on EPC Mode,Madhya Pradesh,National Highways Authority of India [NHAI],April 2026,0,0,0.3900797180251763,0.008729538828228928,True,True,0.19940462842670262,complete,none,Low,v1-equal-weight-2026-04-snapshot
1292,618667,4L of near Satai Ghat to Chowka section of NH-34 from D. Ch. 89.875 to D. Ch. 145.000 Package-3,Madhya Pradesh,National Highways Authority of India [NHAI],April 2026,0,0,0.2663749229567175,3.3067255685277706e-05,True,True,0.1332039951062014,complete,none,Low,v1-equal-weight-2026-04-snapshot
1293,618671,4-lanning of Rahatgarh to Berkhedi section of NH-146 from Design Ch 124470 to Ch. 134.549,Madhya Pradesh,National Highways Authority of India [NHAI],April 2026,0,0,0.1409259414026315,3.225551144237091e-05,True,True,0.07047909845703694,complete,none,Low,v1-equal-weight-2026-04-snapshot
1294,618672,4-lanning of Gyaraspur to Rahatgarh section of NH-146 from Design Ch. 88361 to Ch 124470 in the state of MP on HAM mode,Madhya Pradesh,National Highways Authority of India [NHAI],April 2026,0,0,0.2444725500600273,2.9393153694481683e-05,True,True,0.1222509716068609,complete,none,Low,v1-equal-weight-2026-04-snapshot
1295,618684,Outer Ring Road of Jabalpur Town from Manegaon to NH-45 Pkg-2,Madhya Pradesh,National Highways Authority of India [NHAI],April 2026,0,1,0.23406850157339604,0.9997845875523513,True,True,0.6169265445628737,complete,none,Medium,v1-equal-weight-2026-04-snapshot
1296,618685,Outer Ring Road of Jabalpur Town from NH45 to Kushner Pkg-3,Madhya Pradesh,National Highways Authority of India [NHAI],April 2026,0,1,0.27850160248484884,0.9991612981254796,True,True,0.6388314503051642,complete,none,Medium,v1-equal-weight-2026-04-snapshot
1297,618686,Outer Ring Road of Jabalpur Town from Kushner to Amjhar Road including Airport Connectivity Pkg-IV,Madhya Pradesh,National Highways Authority of India [NHAI],April 2026,0,1,0.4453439254613044,0.9874945636938401,True,True,0.7164192445775723,complete,none,High,v1-equal-weight-2026-04-snapshot
1298,618687,Outer Ring Road of Jabalpur Town from Barela to Manegaon Pkg-1,Madhya Pradesh,National Highways Authority of India [NHAI],April 2026,0,1,0.38499564748881127,0.9916017845485271,True,True,0.6882987160186692,complete,none,High,v1-equal-weight-2026-04-snapshot
1299,618688,Outer Ring Road of Jabalpur Town from Amjhar Road including Airport Connectivity to barela Pkg-V,Madhya Pradesh,National Highways Authority of India [NHAI],April 2026,0,0,0.19204899580213752,4.2322902245355885e-06,True,True,0.09602661404618103,complete,none,Low,v1-equal-weight-2026-04-snapshot
1300,618694,Indore - Harda Pkg-I [Indore to Raghav Garh from km. 0.25 to km. 26.903],Madhya Pradesh,National Highways Authority of India [NHAI],April 2026,0,1,0.5453034788315825,0.9999994768506372,True,True,0.7726514778411098,complete,none,High,v1-equal-weight-2026-04-snapshot
1301,618695,Indore - Harda Pkg-III [Nanasa to Pidgaon Section from km 95.000 to km 142.445],Madhya Pradesh,National Highways Authority of India [NHAI],April 2026,1,1,0.7584090192437648,0.9999799447898939,True,True,0.8791944820168294,complete,none,High,v1-equal-weight-2026-04-snapshot
1302,618701,Balance work of 4L of Nauradehi Sanctuary de-scoped stretch of Hiran River to Sindoor River from Km. 66.00 to 130.00 NH-12 New NH-45,Madhya Pradesh,National Highways Authority of India [NHAI],April 2026,0,1,0.4795023383179446,0.9999430365809491,True,True,0.7397226874494468,complete,none,High,v1-equal-weight-2026-04-snapshot
1303,618735,4L of Chandesara to Khedakhajuriya from Km. 0.000 to - 750 & Km 0.000 to km 41.400 of NH-148NG Pkg-I,Madhya Pradesh,National Highways Authority of India [NHAI],April 2026,1,1,0.4077508880587196,0.9999325907261927,True,True,0.7038417393924561,complete,none,High,v1-equal-weight-2026-04-snapshot
1304,618751,2L PS of Hinotiya-Mehulwa section of NH-346 from Km. 27.000 to Km 75.700 Vidisha Mehulwa-Talbehat Pkg-II Section of NH- 346,Madhya Pradesh,National Highways Authority of India [NHAI],April 2026,1,1,0.5109853463053762,0.999984157992282,True,True,0.755484752148829,complete,none,High,v1-equal-weight-2026-04-snapshot
1305,618762,Itarsi Km. 63.000 to Betul Km. 137.000 of NH-69 in Madhya Pradesh,Madhya Pradesh,National Highways Authority of India [NHAI],April 2026,0,1,0.5079347374813937,0.9990509043168534,True,True,0.7534928208991236,complete,none,High,v1-equal-weight-2026-04-snapshot
1306,618784,Balance works of 4 lane divided carriageway of Missing Link section of NH-39 Rewa Bypass from junction with NH 30 near Bela to Junction with MPRDC ring road near Silpara on SH 9 design length 13.100 km on EPC Mode under Bharatmala Pariyojana in the State of Madhya Pradesh,Madhya Pradesh,National Highways Authority of India [NHAI],April 2026,0,1,0.24185407574562412,0.9955029135453699,True,True,0.6186784946454971,complete,none,Medium,v1-equal-weight-2026-04-snapshot
1307,618932,Construction of 6 lane Indore western bypass from km 0000 to Km 34000 Pkg -l in the State of Madhya Pradesh on Hybrid Annuity Mode under NHO,Madhya Pradesh,National Highways Authority of India [NHAI],April 2026,0,0,0.21150554380885103,0.0028158612894927187,True,True,0.10716070254917187,complete,none,Low,v1-equal-weight-2026-04-snapshot
1308,618933,Construction of 6 lane Indore western bypass from km 34000 to Km 64000 Pkg-II in the state of Madhya Pradesh on Hybrid Annuity Mode under NHO,Madhya Pradesh,National Highways Authority of India [NHAI],April 2026,0,-1,0.24265598526312052,,True,False,0.24265598526312052,partial,time_overrun_probability,Low,v1-equal-weight-2026-04-snapshot
1309,618962,4L of Budhni to Shahganj Bypass End Package-III of NH-146B from Km. 73.750 to Km. 102.000,Madhya Pradesh,National Highways Authority of India [NHAI],April 2026,0,0,0.31006283025070475,0.000960445937502976,True,True,0.15551163809410387,complete,none,Low,v1-equal-weight-2026-04-snapshot
1310,618963,Construction work of 4-laning of Shahganj bypass end to Badi Package-IV of NH-146B from design km 102.000 to design km 142.357 Design length 40.357 km,Madhya Pradesh,National Highways Authority of India [NHAI],April 2026,1,0,0.17953044517574251,0.0043687195259627925,True,True,0.09194958235085265,complete,none,Low,v1-equal-weight-2026-04-snapshot
1311,618964,4 Laning of Sandalpur to Nasrullaganj Pkg-1 section of NH-146B Length 43.2 Km.,Madhya Pradesh,National Highways Authority of India [NHAI],April 2026,0,0,0.21950169219593071,0.0040743158364446455,True,True,0.11178800401618769,complete,none,Low,v1-equal-weight-2026-04-snapshot
1312,618966,Six laning with both sides Service Road of Ayodhya Bypass from Design Km 0000 near Ashram Tiraha on NH-46 to Km 16439 end at Ratnagiri Tiraha on Nh-146,Madhya Pradesh,National Highways Authority of India [NHAI],April 2026,0,0,0.28256588622319023,0.008462230141591946,True,True,0.14551405818239108,complete,none,Low,v1-equal-weight-2026-04-snapshot
1313,619007,Upgradation of Sarvardewla to Pal MP/MH Border Road section of NH-347 C from Design Chainge km 81.600 to 137.400 Total length 55.80 km to two lane with paved shoulder configuration along with One time improvement of 1 .95 km in the State of Madhya Pradesh on EPC mode.,Madhya Pradesh,MoRTH,April 2026,0,-1,0.0880573896130076,,True,False,0.0880573896130076,partial,time_overrun_probability,Low,v1-equal-weight-2026-04-snapshot
1314,619100,Dhangaon - Borgaon section km 81.000 to km 139.000 [Indore - Edlabad Pkg IV],Madhya Pradesh,National Highways Authority of India [NHAI],April 2026,1,1,0.7465816160684207,0.9999826846202876,True,True,0.8732821503443542,complete,none,High,v1-equal-weight-2026-04-snapshot
1315,619114,Indore - Harda Pkg-II [Raghavgarh to Nanasa from km. 29.30 to km. 92.30],Madhya Pradesh,National Highways Authority of India [NHAI],April 2026,1,1,0.5671843654622575,0.9999394046031492,True,True,0.7835618850327033,complete,none,High,v1-equal-weight-2026-04-snapshot
1316,617912,Construction of 6 lane flyover from Khapari ROB to Mihan Interchange design chainage km 8760 to 11450 L- 2.69 km and upgradation of existing 4L PS road to 6LPS with service road by flexible pavement design chainage km 11450 to 14500 L- 3.05 [total project length 5.74 km] in section of Nagpur - Hyderabad NH-44 Old NH-7 in Nagpur district in the state of Maharashtra on HAM mode.,Maharashtra,MoRTH,April 2026,0,0,0.03544175038755523,0.00013613490535600094,True,True,0.017788942646455617,complete,none,Low,v1-equal-weight-2026-04-snapshot
1317,617917,"Construction of 4 Lane Flyover at Nagpur RTO Chowk To Nagpur University Campus from Ch 2/250 to 5/100 and 4 lane flyover at wadi/midc junction from km 8/360 to km, 10/300 on NH 53 in state of Maharashtra.",Maharashtra,MoRTH,April 2026,1,1,0.4044076029834259,0.9999820763164408,True,True,0.7021948396499333,complete,none,High,v1-equal-weight-2026-04-snapshot
1318,617932,Construction of New Four Lane Bypass to Parbhani City Parwa to Asola Km 463/265 to Km 481/180 Design Ch. 19220 to Ch. 34434 Length-15.214 Km section of NH-61 on EPC mode in the State of Maharashtra.,Maharashtra,MoRTH,April 2026,0,1,0.16615186750146002,0.9984181342662523,True,True,0.5822850008838562,complete,none,Medium,v1-equal-weight-2026-04-snapshot
1319,617933,Up-gradation to four lane/ Two lane with paved shoulders configuration of Kalyan - Murbad - Malshej Ghat - Nirmal Road NH- 61 km 15/200 to Km 38/00 and from Km. 58/00 to Km 84/00 Design length 48.58 km of NH-61 on EPC Mode in Thane District in the state of Maharashtra,Maharashtra,MoRTH,April 2026,0,0,0.10518023845460696,0.0005810160227392068,True,True,0.05288062723867308,complete,none,Low,v1-equal-weight-2026-04-snapshot
1320,617934,Nasratpur to Barasgaon section of NH-61 2L / 4L PS from Km.514/00 to 558/200,Maharashtra,MoRTH,April 2026,0,1,0.1610612002210636,0.9998993081380685,True,True,0.5804802541795661,complete,none,Medium,v1-equal-weight-2026-04-snapshot
1321,617937,Udgir Raavi Degloor Aadampur phata to Sagroli fata,Maharashtra,MoRTH,April 2026,0,-1,0.07843846944869826,,True,False,0.07843846944869826,partial,time_overrun_probability,Low,v1-equal-weight-2026-04-snapshot
1322,617938,Rehabilitation And Upgradation to four lane with paved shoulder configuration from km 24350 to km 61875 Jawale - Borgaon Kale of NH-63 in the State of Maharashtra on EPC mode under Annual Plan 2024-25 Total length - 37.525 Km.,Maharashtra,MoRTH,April 2026,0,0,0.06950612273808847,0.0021231330614217355,True,True,0.035814627899755105,complete,none,Low,v1-equal-weight-2026-04-snapshot
1323,617944,Kashedi ghat tunnel NH-66 [Bhogaon Khurd - Kashedi section] 4 lanes under NHDP on EPC mode,Maharashtra,MoRTH,April 2026,1,0,0.532348781934449,0.00638862055805398,True,True,0.2693687012462515,complete,none,Low,v1-equal-weight-2026-04-snapshot
1324,617945,Balance work of NH-66 from design Km 84/00 to Km 87/100 Indapur Bypass and Km 91/600 to Km 99/100 Mangaon Bypass to four lane with paved shoulder in State of Maharashtra under NHO on EPC Mode.,Maharashtra,MoRTH,April 2026,0,0,0.02198170035288831,0.0019117780169260728,True,True,0.011946739184907192,complete,none,Low,v1-equal-weight-2026-04-snapshot
1325,617946,Kashedi to Parshuram Ghat section of NH-66 from Km 161/600 - Km 205/400 - 4L PS,Maharashtra,MoRTH,April 2026,0,1,0.5497642874444664,0.9999826555668464,True,True,0.7748734715056564,complete,none,High,v1-equal-weight-2026-04-snapshot
1326,617947,Arawali Kante section of NH-17New NH-66 4L PS from Km.241/300 to 281/300,Maharashtra,MoRTH,April 2026,1,1,0.618387373385002,0.9999815430383927,True,True,0.8091844582116974,complete,none,High,v1-equal-weight-2026-04-snapshot
1327,617948,Kante - Wakad section of NH-66 4L PS from Km.281/300 to 332/200,Maharashtra,MoRTH,April 2026,1,1,0.6272743483432819,0.9999841682121473,True,True,0.8136292582777146,complete,none,High,v1-equal-weight-2026-04-snapshot
1328,617965,Kopargaon to Savali Vihir section,Maharashtra,MoRTH,April 2026,0,1,0.11109234936353764,0.9999358034730809,True,True,0.5555140764183093,complete,none,Medium,v1-equal-weight-2026-04-snapshot
1329,617978,"Rehabilitation, upgradation & widening of existing highway to 2L/4LPS Rigid Pavement of NH 160 section- Phaltan to Mhaishal near Karnataka Border including Tasgaon Bypass, from existing chainage Km 301/430 to Km 458/415 in the State of Maharashtra- Package-II & Package III combined- starting from existing chainage Km 341/300 to Km 394/130 and design chainage Km 340/250 at Dahiwadi Village to Km 392/950 ending at Vita Village in the State of Maharashtra on EPC Mode.",Maharashtra,MoRTH,April 2026,0,0,0.031082410227310703,0.0007584341798216567,True,True,0.01592042220356618,complete,none,Low,v1-equal-weight-2026-04-snapshot
1330,617979,"Rehabilitation, upgradation & widening of existing highway to 2L/4LPS Rigid Pavement of NH 160 section- Phaltan to Mhaisal near Karnataka Border including Tasgaon Bypass, from existing chainage Km 301/430 to Km 458/415 in the State of Maharashtra. Package-I starting from existing chainage Km 301/430 at Phaltan Village Junction of Phaltan Baramati Road Design Chainage -301/430km & ending at existing chainage Km 341/300 Dahiwadi Village Bus Stop Design chainage Km 340466km in the S",Maharashtra,MoRTH,April 2026,0,0,0.0447385223815859,0.00023851198493130175,True,True,0.0224885171832586,complete,none,Low,v1-equal-weight-2026-04-snapshot
1331,618042,"Rehabilitation/ Upgradation of existing Highway to four lane standards in Kurkheda town from km.413257 to km 410775, Two lane in Shankarpur Gurnuli km 42400 to km 43100 section and Reconstruction of Major Bridge at Ch. 448558 Bhuti Nallah and Ch. 411695 Sati River bridge, Minor Bridge at Ch. 411477 and Ch. 405800 Lendhari Bridge of NH 543 Bhamhapuri-wadsa-kurkheda-korchi-Deori-Amgaon road on EPC mode in the State of Maharashtra",Maharashtra,MoRTH,April 2026,0,1,0.09191200161600749,0.9960921460562813,True,True,0.5440020738361444,complete,none,Medium,v1-equal-weight-2026-04-snapshot
1332,618046,Rehabilitation & Up-gradation of Sabalkhed to Ashti Section from Km 37900 to Km 55100 & Chinchpur to Jamkhed Section from km 70000 to km 72922 of NH-561 to Two lane with Paved shoulder/ Four lane configuration in the State of Maharashtra on EPC Mode Length20.122km.,Maharashtra,MoRTH,April 2026,0,-1,0.09405429856557841,,True,False,0.09405429856557841,partial,time_overrun_probability,Low,v1-equal-weight-2026-04-snapshot
1333,618047,"Widening, Reconstruction & Up-gradation to 2 lane with Paved Shoulder/Four Lane configuration for the work of Ahmednagar to Sabalkhed & Ashti to Chinchpur Section of NH-561 from Design km 2915 to km 37728 & Design km 55100 to km 70000 in the State of Maharashtra on EPC mode. Length 49.713 km",Maharashtra,MoRTH,April 2026,0,0,0.03500494624626961,0.00045803552431295354,True,True,0.017731490885291284,complete,none,Low,v1-equal-weight-2026-04-snapshot
1334,618049,Up-gradation to 2/4 lane with paved shoulder configuration of NH-652 from Tuljapur Naldurg-Akkalkot road Chainage from Km. 00.000 to km 30.982 in the State of Maharashtra on EPC mode.,Maharashtra,MoRTH,April 2026,0,0,0.021363333979685244,0.0012008961504131712,True,True,0.011282115065049208,complete,none,Low,v1-equal-weight-2026-04-snapshot
1335,618059,Construction of four-lane Concrete Road from Police Headquarter Gondia City to Rawanwadi Village Birsi Airport Junction from design km 0.000 to km 15.781 existing km 39/720 of NH-753 to existing Km 8/400 of NH 543 on sections from Kohmara- Goregaon- Police HeadquarterKaranja - Collector Office Square - Balaghat T Point- Rawanwadi- Rajegaon of NH-753 and NH-543 in Gondia District in the state of Maharashtra. Total Length of the project 15.781 Km.,Maharashtra,MoRTH,April 2026,0,1,0.02463239611461916,0.8984871359206482,True,True,0.4615597660176337,complete,none,Medium,v1-equal-weight-2026-04-snapshot
1336,618061,"Strengthening, Widening & Up-gradation of newly declared NH-761 from NH- 61Junction-BelheAlkutiDevibhoyareNighojShirur, from Design chainage Km 0.000 to Km 37.970 from Single/Intermediate/2L to 2LPS in the State of Maharashtra on EPC Mode Length 37.970 Km",Maharashtra,MoRTH,April 2026,0,0,0.017416889321599655,0.00018214722406352605,True,True,0.00879951827283159,complete,none,Low,v1-equal-weight-2026-04-snapshot
1337,618065,"Rehabilitation/Upgradation of existing Highway to 2LPS/4 lane of Dhawali to Rajoli from Design Km.149476 to 163476 existing Km.150000 to 164000, Pandhasala to Mohadongri from design Km.170476 to 181476 existing Km.171000 to 182000, Ambeshivni Fata to Bodli from design Km.183476 to 185476 existing Km.184000 to 186000 and Made Tukum to Gadchiroli from design Km.188476 to 189476 existing Km.188000 to 18900 having length 28 km of NH-930 of Dhawali to Gadchroli road in the",Maharashtra,MoRTH,April 2026,0,1,0.08129000112958545,0.9998904172324996,True,True,0.5405902091810425,complete,none,Medium,v1-equal-weight-2026-04-snapshot
1338,618088,Nandurshingote to Kolhar,Maharashtra,MoRTH,April 2026,0,0,0.0552024016890479,0.003104933559309688,True,True,0.029153667624178793,complete,none,Low,v1-equal-weight-2026-04-snapshot
1339,618089,Rehabilitation & Up-gradation of Mudkhed to Nanded section from Km. 372000 to Km 388400 of NH 161A i.e. Nanded-Bhokar-Himayatnagar-Kinwat-Mahur-Arani Road Design chainage from Km 372000 Mudkhed to Km 387650 Nanded of NH 161A Length 15.65 Km to 2/4Lane with paved shoulders configuration in the State of Maharashtra on EPC mode.,Maharashtra,MoRTH,April 2026,0,1,0.10191353096553364,0.9999894701992428,True,True,0.5509515005823882,complete,none,Medium,v1-equal-weight-2026-04-snapshot
1340,618090,Sarsam - Kothari of NH-161A - 2L PS from Km.33/00 to 90/00,Maharashtra,MoRTH,April 2026,0,1,0.24786369712008507,0.9997373337614217,True,True,0.6238005154407534,complete,none,Medium,v1-equal-weight-2026-04-snapshot
1341,618094,Pen to Khopoli 2LPS,Maharashtra,MoRTH,April 2026,0,1,0.09851091560558195,0.9999369071472023,True,True,0.5492239113763921,complete,none,Medium,v1-equal-weight-2026-04-snapshot
1342,618096,Rehabilitation and Up-gradation to 2 lane road with paved shoulders configuration for the balance work of 13 km length on Helwak-Patan-Karad section Km. 85000 to 133 417 of NH-166E in the state of Maharashtra on EPC mode.,Maharashtra,MoRTH,April 2026,0,1,0.021350253947725894,0.9209518090169897,True,True,0.4711510314823578,complete,none,Medium,v1-equal-weight-2026-04-snapshot
1343,618097,Guhagar - Rampur - 2L-PS - km 0/00 Guhagar to 26/230 Rampur and 40/00 Mirjoli to 53/600 Sati on NH-166E,Maharashtra,MoRTH,April 2026,0,1,0.11911169901532842,0.9999201247966817,True,True,0.559515911906005,complete,none,Medium,v1-equal-weight-2026-04-snapshot
1344,618098,"Upgradation of exhisting 2 lane flexible pavement to 2 lane paved shoulders rigid pavement from design chainage Km 66.00 to Design Km 82.440 Start of Kolhapur Municipal corporation near Phulewadi to kale, design length 16.440 Km section on Talere Gaganbawada-Kolhapur road NH 166G in the state of Maharashtra on EPC mode",Maharashtra,MoRTH,April 2026,0,1,0.10558658151068087,0.9986505479012465,True,True,0.5521185647059637,complete,none,Medium,v1-equal-weight-2026-04-snapshot
1345,618099,"Rehabilitation & up-gradation for Talere Gaganbawada - kolhapur Road NH 166G stretch start from km. 0/00 to Km. 06/00 and km. 13/00 to km 19/440 of NH-166G, length 12.440 km in the State of Maharashtra.",Maharashtra,MoRTH,April 2026,0,0,0.031511080460786406,0.005194720765697648,True,True,0.01835290061324203,complete,none,Low,v1-equal-weight-2026-04-snapshot
1346,618133,Strengthening and Widening of road Sakoli- Wadsa-Armori-Gadchiroli-Ashti- Allapalli - Sironcha National highway NH 353C in Km 262/00 to 321/00 including 16 minor Bridges and 2 Major Bridge Total length 59 Km section from repanpalli to sironcha in Gadchiroli Dist in the State of Maharashtra.,Maharashtra,MoRTH,April 2026,0,1,0.15257999388792798,0.9999963186003769,True,True,0.5762881562441524,complete,none,Medium,v1-equal-weight-2026-04-snapshot
1347,618134,Rehabilitation /Upgradation from Lagam to Alapalli section Desing Km. 199/400 to km 227/400 Length 28.0 Km to 2 lane with Paved Shoulders/ 4 lane configuration section of NH-353 C Sakoli-Wadsa-Armori-Gadchiroli-Ashti-Alapalli Sironcha in Gadchiroli District on EPC mode in the state of Maharashtra.,Maharashtra,MoRTH,April 2026,0,0,0.030636076440508017,0.00023135943619726686,True,True,0.015433717938352642,complete,none,Low,v1-equal-weight-2026-04-snapshot
1348,618136,Upgradatiobn and Rehabilitation of Section of NH 361 F from Parli 00/000 to Gangakhed 30/400 to Two Lanes with paved shoulder / Four lane configurations on EPC mode in the State of Maharashtra.,Maharashtra,MoRTH,April 2026,0,1,0.10725242458972127,0.9998548796676624,True,True,0.5535536521286918,complete,none,Medium,v1-equal-weight-2026-04-snapshot
1349,618137,Rehabilitation and Up-gradation of Jarud - Sirsala section of NH-361F km 59500 to km11500 to Two lane with paved shoulder/ Four Lane in the state of Maharashtra on EPC mode Length 55.5 Km.,Maharashtra,MoRTH,April 2026,0,0,0.04012806365370914,0.00029843030330063794,True,True,0.02021324697850489,complete,none,Low,v1-equal-weight-2026-04-snapshot
1350,618138,"Widening, Reconstruction & Up-gradation to 2 lane with Paved Shoulder/Four Lane configuration for the work of Sautada to Shirapur Section of NH-561 from Design km 86300 to km 125589 in the state of Maharashtra on EPC mode. Design length 39.289 km",Maharashtra,MoRTH,April 2026,0,0,0.02320309970072135,0.00033905479268794456,True,True,0.011771077246704648,complete,none,Low,v1-equal-weight-2026-04-snapshot
1351,618139,Rehabilitation and Up-gradation of Gangakhed Loha section of NH-361F from Km 169/00 to 210/00 to two lane with paved shoulder/ four lane configuration in the state of Maharashtra on EPC mode Length - 41.00 Km.,Maharashtra,MoRTH,April 2026,0,0,0.02205949468850815,0.00018904299753840883,True,True,0.01112426884302328,complete,none,Low,v1-equal-weight-2026-04-snapshot
1352,618150,Rehabilitation and Up-gradation of i. Deogaon phata to Digras phata Ch. 0/000 to 15/000 & Selu to Borgavhan Ch 20/900 to 35/800 [Length 29.9km] ii. Injegaon Dhamoni to Pohner Phata Ch.58/200 to Ch. 83/700 [Length25.5 km] and iii. Pohner phata to Pathri Design Ch. 42/700 to 58/200 [Length 15.5 km] sections of NH-548B to Two lane with paved shoulder configuartion in the state of Maharashtra on EPC mode Total project length 70.9 Km.,Maharashtra,MoRTH,April 2026,0,0,0.053816627655990476,0.00048050061563586203,True,True,0.02714856413581317,complete,none,Low,v1-equal-weight-2026-04-snapshot
1353,618152,Mhaswad to Tembhurni section of NH-548C - 2L PS,Maharashtra,MoRTH,April 2026,0,1,0.2259614375845774,0.999740060649758,True,True,0.6128507491171676,complete,none,Medium,v1-equal-weight-2026-04-snapshot
1354,618153,Satara to Mhaswad,Maharashtra,MoRTH,April 2026,0,1,0.26942344102627325,0.9973585598427396,True,True,0.6333910004345065,complete,none,Medium,v1-equal-weight-2026-04-snapshot
1355,618154,"Rehabilitation & upgradation of Jamkhed to Sautada Section of NH548 D from km 195.375 to km 208.774, Length 13.399 Km to 2L PS /4L configuration with rigid pavement in the state of Maharashtra on EPC mode.",Maharashtra,MoRTH,April 2026,0,1,0.09664619092893874,0.9949399020015107,True,True,0.5457930464652248,complete,none,Medium,v1-equal-weight-2026-04-snapshot
1356,618155,Development/Widening of Talegaon Chakan Shikrapur Nhavara Section of NH-548D from existing chainage km. 54/000 to 82/300 and Design chainage Km. 54/000 to 82/120 Shikrapur to Nhavara Section to 2LPS/4L Configuration on EPC Mode in the State of Maharashtra.,Maharashtra,MoRTH,April 2026,0,0,0.018284511698427118,0.00030174999822776057,True,True,0.00929313084832744,complete,none,Low,v1-equal-weight-2026-04-snapshot
1357,618172,Paithan - Shirur section 2LPS Km 0.0 to 55.00,Maharashtra,MoRTH,April 2026,0,1,0.139452128817746,0.9999796066631952,True,True,0.5697158677404706,complete,none,Medium,v1-equal-weight-2026-04-snapshot
1358,618173,Shirur-Kharda section from 55937 km to 114486 km to 2LPS/4L,Maharashtra,MoRTH,April 2026,0,1,0.11182878348488727,0.9998356296333872,True,True,0.5558322065591372,complete,none,Medium,v1-equal-weight-2026-04-snapshot
1359,618174,Rehabilitation and Upgradation to two lane with paved shoulder configuration of NH- 752G from Sakri to Pimpalner Section Design Ch km 0000 to Ch km 21411 in the state of Maharashtra on EPC Mode. Length 21.411 km.,Maharashtra,MoRTH,April 2026,0,0,0.034452057691033586,0.0004806362817700883,True,True,0.017466346986401836,complete,none,Low,v1-equal-weight-2026-04-snapshot
1360,618175,Rehabilitation and Upgradation of Satana to Mangrul Chandwad Section of NH752 G Design Ch Km 64.000 to Ch Km 101.140 two lane with paved shoulder/four lane configuration in the state of Maharashtra on EPC mode.,Maharashtra,MoRTH,April 2026,0,1,0.08514960253075829,0.9994359972157808,True,True,0.5422927998732695,complete,none,Medium,v1-equal-weight-2026-04-snapshot
1361,618176,Rehabilitation and upgradation from ch km 50/200 to 56/800 and km 62/600 to 100/403 of Kolde to Visarwadi Near Junction with NH-6 section of NH 752G total length 44.40 to two-lane with paved shoulder / four lanes in the State of Maharashtra on EPC mode.,Maharashtra,MoRTH,April 2026,0,-1,0.026075584025000483,,True,False,0.026075584025000483,partial,time_overrun_probability,Low,v1-equal-weight-2026-04-snapshot
1362,618177,Pal Phata Phulambri - Khultabad 2LPS,Maharashtra,MoRTH,April 2026,0,1,0.11963923690976093,0.9999684306163417,True,True,0.5598038337630513,complete,none,Medium,v1-equal-weight-2026-04-snapshot
1363,618178,Widening and strengthening of Gangakhed to Kingaon section of NH-752K in Km 38/750 to 72/304 Flexible Pavement Length33.554 km to 2-lane configuration on EPC mode in the State of Maharashtra.,Maharashtra,MoRTH,April 2026,0,0,0.03185391314626135,0.0017810714045956467,True,True,0.016817492275428496,complete,none,Low,v1-equal-weight-2026-04-snapshot
1364,618179,Rehabilitation and Upgradation of Shewali phata to Kalambhir section i.e. Km 0443 to Km 4500 & Nizampur to Chadwel section i.e. Km 13485 to Km 26265 Length16.317 Km excluding 2 Major Bridges with approaches Km 13735 to Km 14095 & Km 19660 to Km 20030 of NH 753B to 2LPS Configuration in the State of Maharashtra on EPC Mode.,Maharashtra,MoRTH,April 2026,0,0,0.02969533691254595,0.012282269658517418,True,True,0.020988803285531685,complete,none,Low,v1-equal-weight-2026-04-snapshot
1365,618180,Pune raigarh District Border To Mangaon Ch 69000 to 103775 NH-753F,Maharashtra,MoRTH,April 2026,0,1,0.1146696652143631,0.9999650515644507,True,True,0.5573173583894069,complete,none,Medium,v1-equal-weight-2026-04-snapshot
1366,618181,Rehabilitation / Upgradation to 4 Lane with Paved shoulder of Existing Section in Sillod Town with Design Ch. Km54500 to Km 60679 [Length6.179 km] section of NH 753F Aurangabad-Jalgaon road on EPC Mode in the State of Maharashtra,Maharashtra,MoRTH,April 2026,0,0,0.06101913611851461,0.32723597267448107,True,True,0.19412755439649784,complete,none,Low,v1-equal-weight-2026-04-snapshot
1367,618188,Rehabilitation and Up-gradation to 2 lane with paved shoulder configuration of Mahud Sangola road NH 965 G 159400 to 161900and 162400 to 183960 Design Chainage from km. 32/300 to km. 34/800 and km. 35/800 to km. 56/860 Rigid Pavement on EPC mode in the State of Maharashtra.,Maharashtra,MoRTH,April 2026,0,1,0.03085252367344474,0.9992452539916983,True,True,0.5150488888325715,complete,none,Medium,v1-equal-weight-2026-04-snapshot
1368,618198,Balance work of Rehabilitation and Up-gradation to 2-lane road with paved shoulders configuration for NH- 965DD from Pacharal-Mandangad-Mhapral-Rajewadi Upto Junction of NH-66 Ch-22700 to 75100 Km and Ambadave connector Birth place of Dr. Babasaheb Ambedkar Ch-0000 to 7325 Km length Km 59.725 in the state of Maharashtra on EPC mode. Balance Work,Maharashtra,MoRTH,April 2026,0,1,0.23328356417043727,0.9998318766666227,True,True,0.61655772041853,complete,none,Medium,v1-equal-weight-2026-04-snapshot
1369,618199,"Rehabilitation, Upgradation & Widening of existing Highway to Rigid Pavement 2 Lane with Paved Shoulder of NH 965DD from Lonand Shirval-Bhor Mandangad-Pchral Section ShindewadiPhata to Varandah Ghat Dist Border from Km 33/550 to 92/550 in the state of Maharashtra on EPC mode.",Maharashtra,MoRTH,April 2026,0,0,0.05300573048274633,5.6302071578556434e-05,True,True,0.026531016277162443,complete,none,Low,v1-equal-weight-2026-04-snapshot
1370,618468,Vadodara Mumbai Expressway Phase II - Pkg XI [Km. 77.000 to Km. 103.400] Ganjad - Talsari,Maharashtra,National Highways Authority of India [NHAI],April 2026,1,1,0.8778189541697751,0.9999083583760943,True,True,0.9388636562729347,complete,none,High,v1-equal-weight-2026-04-snapshot
1371,618469,Vadodara Mumbai Expressway Phase II - Pkg XIII [Km. 26.582 to Km. 50.700] Shirsad - Masvan,Maharashtra,National Highways Authority of India [NHAI],April 2026,1,1,0.7737549506999599,0.9999948625223127,True,True,0.8868749066111363,complete,none,High,v1-equal-weight-2026-04-snapshot
1372,618470,Vadodara Mumbai Expressway Phase II - Pkg XIV [Km. 3.000 to Km. 20.200 of Spur] Shirsad - Akloli,Maharashtra,National Highways Authority of India [NHAI],April 2026,1,1,0.8530777827229866,0.9999223261642111,True,True,0.9265000544435988,complete,none,High,v1-equal-weight-2026-04-snapshot
1373,618471,Vadodara Mumbai Expressway Phase II - Pkg XV [Km. 20.200 to Km. 43.000 of Spur] Akloli - Amne,Maharashtra,National Highways Authority of India [NHAI],April 2026,1,1,0.8758735395145313,0.9980630473225525,True,True,0.9369682934185419,complete,none,High,v1-equal-weight-2026-04-snapshot
1374,618472,Vadodara Mumbai Expressway Phase II - Pkg XVI [Km. 43.000 to Km. 69.800 of Spur] Amne - Bhoj,Maharashtra,National Highways Authority of India [NHAI],April 2026,1,1,0.6730584144656231,0.9998104757955485,True,True,0.8364344451305858,complete,none,High,v1-equal-weight-2026-04-snapshot
1375,618473,Vadodara Mumbai Expressway Phase II - Pkg XVII [Km. 69.800 to Km. 79.783 of Spur] Bhoj - Morbe,Maharashtra,National Highways Authority of India [NHAI],April 2026,1,1,0.821169003190161,0.9986872405276455,True,True,0.9099281218589033,complete,none,High,v1-equal-weight-2026-04-snapshot
1376,618511,Upgradation & rehabilitation of Service Roads on both sides in urban areas of Pune City on PuneSatara section of NH48,Maharashtra,National Highways Authority of India [NHAI],April 2026,0,1,0.12735433976955982,0.8745235364637568,True,True,0.5009389381166583,complete,none,Medium,v1-equal-weight-2026-04-snapshot
1377,618512,Tunnel at Khambataki Ghat Section and its approaches from existing Km. 771.730 to existing Km. 782.000,Maharashtra,National Highways Authority of India [NHAI],April 2026,0,1,0.6084170022972507,0.9999926007786271,True,True,0.8042048015379388,complete,none,High,v1-equal-weight-2026-04-snapshot
1378,618513,6L of Kagal-Satara section from Km 592.500 to Km 658.000 of NH-48 Pkg-I,Maharashtra,National Highways Authority of India [NHAI],April 2026,0,1,0.649889985601725,0.9998393519217275,True,True,0.8248646687617263,complete,none,High,v1-equal-weight-2026-04-snapshot
1379,618514,6L of Kagal-Satara section from Km 658.000 to Km 725.000 of NH-48 Pkg-II,Maharashtra,National Highways Authority of India [NHAI],April 2026,0,1,0.6560946146246929,0.9995187549719393,True,True,0.8278066847983161,complete,none,High,v1-equal-weight-2026-04-snapshot
1380,618557,4L of Indora Chowk to Pachpaoli and Agrasen Chowk - Ashoka Chowk,Maharashtra,National Highways Authority of India [NHAI],April 2026,0,1,0.41723854147627487,0.9999299558012013,True,True,0.708584248638738,complete,none,High,v1-equal-weight-2026-04-snapshot
1381,618585,6L of Gonde Km. 439.038 to Pimpri Sado Km. 459.905 section of NH-848 Old NH-3,Maharashtra,National Highways Authority of India [NHAI],April 2026,0,1,0.1940083857861494,0.9499695986143618,True,True,0.5719889922002556,complete,none,Medium,v1-equal-weight-2026-04-snapshot
1382,618586,Improvement and strengthening of existing 2 lane stretch to 2-Lane with PS 1.5m on both sides on Ghoti-Sinnar section of NH-160A using Thin White Topping 200mm thick in the State Of Maharashtra on EPC Mode,Maharashtra,National Highways Authority of India [NHAI],April 2026,0,0,0.11060702561682759,0.20188702823142765,True,True,0.15624702692412762,complete,none,Low,v1-equal-weight-2026-04-snapshot
1383,618588,4L Mitigation Measure structures on CH/MH Border to Wainganga Bridge Section of NH-6 New NH-53,Maharashtra,National Highways Authority of India [NHAI],April 2026,0,1,0.5246823714979135,0.9999908083870793,True,True,0.7623365899424964,complete,none,High,v1-equal-weight-2026-04-snapshot
1384,618594,Balance work of 4L Panvel to Indapur section of NH-66 Old NH- 17 from km 0.000 Panvel to km 42.300 Kasu,Maharashtra,National Highways Authority of India [NHAI],April 2026,0,1,0.2281660789952711,0.9998568853080833,True,True,0.6140114821516772,complete,none,Medium,v1-equal-weight-2026-04-snapshot
1385,618626,Four laning from Dive Ghat Km. 220.900 to Hadapsar Km. 234.150 of Mohol Alandi section Pkg VI of NH-965,Maharashtra,National Highways Authority of India [NHAI],April 2026,0,1,0.24215945701231573,0.9973698666118405,True,True,0.6197646618120781,complete,none,Medium,v1-equal-weight-2026-04-snapshot
1386,618627,Construction of 7 Nos of Standalone safety structures/works at different locations on various NHs,Maharashtra,National Highways Authority of India [NHAI],April 2026,0,0,0.12685488164090175,0.012701642010096348,True,True,0.06977826182549905,complete,none,Low,v1-equal-weight-2026-04-snapshot
1387,618628,Strengthening of Existing Alignment of Pandharpur Town Part Bypassed Section of NH 965 from KM 36.230 to KM 44.230 from Chh. Shivaji Maharaj Chowk to Wakhari,Maharashtra,National Highways Authority of India [NHAI],April 2026,0,1,0.42387798621283324,0.9911768015549752,True,True,0.7075273938839042,complete,none,High,v1-equal-weight-2026-04-snapshot
1388,618638,Tarsod - Fagne section of NH-6,Maharashtra,National Highways Authority of India [NHAI],April 2026,1,1,0.906413695392424,0.9999924357932283,True,True,0.9532030655928261,complete,none,High,v1-equal-weight-2026-04-snapshot
1389,618652,Chakur Loha Section of NH-361 from km 114.600 to km 187.80,Maharashtra,National Highways Authority of India [NHAI],April 2026,1,1,0.9125738094196396,0.9999824770578137,True,True,0.9562781432387266,complete,none,High,v1-equal-weight-2026-04-snapshot
1390,618653,Loha-Waranga Section of NH-361 from km 187.800 to km 244.369,Maharashtra,National Highways Authority of India [NHAI],April 2026,1,1,0.9098121859997979,0.9999824770578137,True,True,0.9548973315288058,complete,none,High,v1-equal-weight-2026-04-snapshot
1391,618693,Bodhre - Dhule,Maharashtra,National Highways Authority of India [NHAI],April 2026,0,1,0.6317320547767854,0.9999966953942886,True,True,0.815864375085537,complete,none,High,v1-equal-weight-2026-04-snapshot
1392,618754,Upgradation of 2L/4L with Paved Shoulder of Shirwal-Lonand Section from KM 159900 To KM 188025 of NH-965DD Section I and 2L With Paved Shoulder of Lonand-Satara Section from KM 51500 To KM 96246 Of NH-965D Section II in Satara District in the State of Maharashtra on EPC Mode under NHO-,Maharashtra,National Highways Authority of India [NHAI],April 2026,0,0,0.13510897495104243,0.0012877147332239379,True,True,0.06819834484213319,complete,none,Low,v1-equal-weight-2026-04-snapshot
1393,618766,Up-gradation to Four Lane with Paved Shoulder configuration of the highway starting from existing km 88.400 Savali Vihir to km 163.400 start of Ahmednagar bypass Design Length 75.000 km section of NH-160 in the State of Maharashtra under Bharatmala Pariyojana on EPC Mode,Maharashtra,National Highways Authority of India [NHAI],April 2026,0,0,0.26427081331916913,0.00041640580821036545,True,True,0.13234360956368973,complete,none,Low,v1-equal-weight-2026-04-snapshot
1394,618836,4L of Ratnagiri - Kolhapur section from km 67.140 to km 112.340 of NH-166 Pkg II,Maharashtra,National Highways Authority of India [NHAI],April 2026,0,1,0.5260651849570485,0.9998791319938048,True,True,0.7629721584754267,complete,none,High,v1-equal-weight-2026-04-snapshot
1395,618837,4L of Ratnagiri - Kolhapur section from km 112.340 to km 145.300 of NH-166 PkgIII,Maharashtra,National Highways Authority of India [NHAI],April 2026,0,1,0.5510511824171801,0.9998860003951326,True,True,0.7754685914061563,complete,none,High,v1-equal-weight-2026-04-snapshot
1396,618937,4L of Nagpur-Katol Section from Km. 13.00 to Km. 62.900 of NH-353J,Maharashtra,National Highways Authority of India [NHAI],April 2026,1,1,0.772793826663611,0.9999974678396751,True,True,0.886395647251643,complete,none,High,v1-equal-weight-2026-04-snapshot
1397,618939,Construction of Standalone Flyover cum ROB from Design Ch.66.600 to Design Ch.68.800 in Gadchandur Town on NH-353B,Maharashtra,National Highways Authority of India [NHAI],April 2026,0,0,0.13179060533891218,0.018634931101423346,True,True,0.07521276822016776,complete,none,Low,v1-equal-weight-2026-04-snapshot
1398,619008,Rehabilitation and Up gradation of Charthana Jintur Section of NH 752 I Km 25100 to 47100 to 2 Lane with Paved Shoulder configuration Flexible Pavement in the state of Maharashtra on EPC mode. Reg- Resubmission of Annual Plan Estimate.,Maharashtra,MoRTH,April 2026,0,0,0.04202967437986693,5.916524089528952e-05,True,True,0.02104441981038111,complete,none,Low,v1-equal-weight-2026-04-snapshot
1399,619042,"Construction of six lane Flyover at Katraj junction at Km, 3/880 of NH 548-DD Vadgaon - Katraj - Kondhwa - Mantarwadi Chowk - Loni Kalbhor - Theur Phata - Lonikand Road in Pune Dist of the State of Maharashtra. On Engineering Procurement and construction EPC Basis mode L.1.326 Km,",Maharashtra,MoRTH,April 2026,0,0,0.15643624095880804,0.01334617460194727,True,True,0.08489120778037765,complete,none,Low,v1-equal-weight-2026-04-snapshot
1400,619069,Satara Km 725.000 to Pune Km 865.350 of NH - 4 New NH - 48 in Maharashtra,Maharashtra,National Highways Authority of India [NHAI],April 2026,1,1,0.5537901088960259,0.9838847385566912,True,True,0.7688374237263585,complete,none,High,v1-equal-weight-2026-04-snapshot
1401,619095,Balance works of 4L Panvel Indapur section of NH66 old NH17 from km 42.300 kasu to km 84.600 Indapur,Maharashtra,National Highways Authority of India [NHAI],April 2026,0,1,0.2709450053864133,0.9999831508999757,True,True,0.6354640781431945,complete,none,Medium,v1-equal-weight-2026-04-snapshot
1402,619149,4L of Ratnagiri - Kolhapur section of NH-166 from km 0.000 to km 19.769 and km 31.000 to km 67.140 Pkg I,Maharashtra,National Highways Authority of India [NHAI],April 2026,1,1,0.6775324640534143,0.9999947965462312,True,True,0.8387636302998227,complete,none,High,v1-equal-weight-2026-04-snapshot
1403,619163,4L of Baramati to Indapur Pkg-II from km. 41.400 to km. 84.550 of NH-965G Saint Tukaram Marg,Maharashtra,National Highways Authority of India [NHAI],April 2026,0,1,0.5618804689817622,0.9999966458317008,True,True,0.7809385574067316,complete,none,High,v1-equal-weight-2026-04-snapshot
1404,619198,Vadodara Mumbai Expressway Phase II - Pkg XII [Km. 50.700 to Km. 77.000] Masvan - Ganjad,Maharashtra,National Highways Authority of India [NHAI],April 2026,1,1,0.8893451234105764,0.9999062981678563,True,True,0.9446257107892163,complete,none,High,v1-equal-weight-2026-04-snapshot
1405,619203,Vadape to Thane from km 539.202 to km 563.000 section of NH-3 new NH-848,Maharashtra,National Highways Authority of India [NHAI],April 2026,1,1,0.8913423171131833,0.9999791296739877,True,True,0.9456607233935855,complete,none,High,v1-equal-weight-2026-04-snapshot
1406,619209,4L of existing 2/4L stretch from Lonand to Dive Ghat Km 166.400 to Km 220.900 of Mohol Alandi section of NH-965 Pkg - V,Maharashtra,National Highways Authority of India [NHAI],April 2026,1,1,0.8232591979980127,0.9977103368839881,True,True,0.9104847674410004,complete,none,High,v1-equal-weight-2026-04-snapshot
1407,619210,Dharampuri-Lonand from km. 117.00 to 166.40 Pkg-IV on Mohol-Alandi Section,Maharashtra,National Highways Authority of India [NHAI],April 2026,0,1,0.5502811862854813,0.9999976758673196,True,True,0.7751394310764004,complete,none,High,v1-equal-weight-2026-04-snapshot
1408,618298,Widening/Improvement of existing 2-Lane road to 4-Lane Divided Highway from Sekmai to Nilakuthi section of Imphal-Kohima Road Design Chainage from Km 297700 to Km 308729 of NH-39 New NH-02 in state of Manipur on EPC mode Pkg-5B,Manipur,NHIDCL,April 2026,0,1,0.04894049597522878,0.9999946827051038,True,True,0.5244675893401664,complete,none,Medium,v1-equal-weight-2026-04-snapshot
1409,618299,Improvement/Up-gradation of existing 2-Lane Road to 4-Lane Divided Highway from Daili to Kuraopokpi section of Imphal-Kohima road NH-02 Design Chainage from Km 274610 to Km 287000 in the state of Manipur on EPC mode Pkg-4B,Manipur,NHIDCL,April 2026,0,0,0.16454516978021597,0.004723130110356796,True,True,0.08463414994528638,complete,none,Low,v1-equal-weight-2026-04-snapshot
1410,618300,Improvement/Up-gradation of existing 2-Lane Road to 4-Lane Divided Highway from Taphukuki to Daili section of Imphal-Kohima road NH-02 Design Chainage from Km 262175 to Km 274610 in the state of Manipur on EPC mode Pkg-4A,Manipur,NHIDCL,April 2026,0,1,0.07550756632068645,0.999850521397798,True,True,0.5376790438592423,complete,none,Medium,v1-equal-weight-2026-04-snapshot
1411,618301,Widening/Improvement of existing 2-lane to 4-Lane Divided Highway from Kuraopokpi to Sekmai section of Imphal-Kohima Road Design Ch. km 287.00 to 297.700 of NH-39 New NH-02 in state of Manipur on EPC mode Pkg-5A,Manipur,NHIDCL,April 2026,0,0,0.15382422814326546,0.007814764765012947,True,True,0.0808194964541392,complete,none,Low,v1-equal-weight-2026-04-snapshot
1412,618302,Widening/Improvement to 2-lane with earthen shoulder of Yaingangpokpi - Finch corner road section of NH-202 from Km 16.900 to Km 30.970 of NH-202 in the state of Manipur on EPC mode Package-2,Manipur,NHIDCL,April 2026,0,1,0.10708132522228148,0.999994656536932,True,True,0.5535379908796068,complete,none,Medium,v1-equal-weight-2026-04-snapshot
1413,618303,Widening/Improvement to 2-lane with earthen shoulder of Yaingangpokpi - Finch corner road section of NH-202 from Km 0.000 to Km 16.900 of NH-202 in the state of Manipur on EPC mode Package-1,Manipur,NHIDCL,April 2026,0,1,0.08325326424789622,0.999997422450293,True,True,0.5416253433490946,complete,none,Medium,v1-equal-weight-2026-04-snapshot
1414,618304,"Widening/Improvement to 2 Lane with earthen shoulder of Jessami to Laynen bridge Nagaland border section of NH-29 of Imphal -Ukhrul - Jessami Economic Corridor from km 0.000 to km 11.009 in the State of Manipur on EPC mode under Bharatmala Pariyojana, under NHO-NE Package-7",Manipur,NHIDCL,April 2026,0,1,0.060852727173115066,0.25758109112893635,True,True,0.1592169091510257,complete,none,Low,v1-equal-weight-2026-04-snapshot
1415,618305,Widening/Improvement to 2 lane with earthen shoulder of Marrem Khullen to Jessami section of NH-202 of Imphal - Ukhrul - Jessami Economic Corridor from Design Chainage km 95.700 to km 140.180 in the State of Manipur on EPC mode under Bharatmala Pariyojana under NHO-NE Package-6,Manipur,NHIDCL,April 2026,0,0,0.03989071311766755,0.015018490604177636,True,True,0.027454601860922592,complete,none,Low,v1-equal-weight-2026-04-snapshot
1416,618306,"Widening/Improvement to 2 lane with earthen shoulder of Choithar to Marrem Khullen section of NH-202 of Imphal Ukhrul Jessami Economic Corridor from Design Chainage km 53.110 to km 95.700 in the State of Manipur on EPC mode under Bharatmala Pariyojana, under NHO-NE Package-5",Manipur,NHIDCL,April 2026,0,1,0.07248038683109996,0.8818523279220787,True,True,0.4771663573765893,complete,none,Medium,v1-equal-weight-2026-04-snapshot
1417,618333,Widening to 2 lane with Paved shoulder of lmphal to Jiribam section of NH-37 from Design Ch. from km 169570 Near Nungkao vlllage under Tamenglong District to km 205974 near Jiribam Bridge under Jiribam district under NHO-NE PKG-7,Manipur,NHIDCL,April 2026,0,1,0.028896877937974807,0.9991996918907086,True,True,0.5140482849143417,complete,none,Medium,v1-equal-weight-2026-04-snapshot
1418,618334,Widening to 2 Lane with Paved shoulder of lmphal to Jiribam section of NH-37 from Design Ch. from km 131.280 to km 169.570 on EPC mode in Manipur under NHO- TSP PKG-6,Manipur,NHIDCL,April 2026,0,1,0.017455223910875978,0.9940630524683791,True,True,0.5057591381896276,complete,none,Medium,v1-equal-weight-2026-04-snapshot
1419,618335,Widening to 2 Lane with Paved shoulder of lmphal to Jiribam section of NH-37 from Design Ch. from Km 101280 Near Khongsang Village to Km 131280 near Puilon Kambiron Village on EPC Mode in Manipur PKG-5,Manipur,NHIDCL,April 2026,0,1,0.037949508719852754,0.9974831454314256,True,True,0.5177163270756392,complete,none,Medium,v1-equal-weight-2026-04-snapshot
1420,618336,Widening to 2 -Lane with Paved shoulder of Imphal to Jiribam section of NH-37 from Design Chainage 66.110 km to 101.280 Km Existing Chainage km 67.496 to km 103.557 on EPC Mode in Manipur PKG-4,Manipur,NHIDCL,April 2026,0,1,0.047703575525827005,0.9998050495380353,True,True,0.5237543125319312,complete,none,Medium,v1-equal-weight-2026-04-snapshot
1421,618337,Widening to 2 -Lane with Paved shoulder of Imphal to Jiribam section of NH-37 from Design Chainage 33.000 km to 66.390 Km Existing Chainage from km 33.395 to km 67.496 on EPC Mode in Manipur PKG-3,Manipur,NHIDCL,April 2026,0,1,0.04563186976978613,0.9999978557433291,True,True,0.5228148627565576,complete,none,Medium,v1-equal-weight-2026-04-snapshot
1422,618338,Widening to 2-Lane with Paved shoulder of Imphal to Jiribam section of NH-37 from Design Chainage 15.940 km to 33.120 Km Existing Chainage Km 15.946 to Km 33.395 Total length17.180 Km in the State of Manipur on EPC mode PKG-2 - Balance Works & Rectification works,Manipur,NHIDCL,April 2026,0,1,0.1151169482974173,0.7081051896313856,True,True,0.4116110689644014,complete,none,Medium,v1-equal-weight-2026-04-snapshot
1423,618344,Widening to 2-lane with Hard shoulder of Churachandpur to Tuivai Section of NH- 102B from Design Chainage 69.875 Km to 121.769 Km in the State of Manipur on EPC mode Package-3,Manipur,NHIDCL,April 2026,0,1,0.07553284328596804,0.9999620393813353,True,True,0.5377474413336517,complete,none,Medium,v1-equal-weight-2026-04-snapshot
1424,618345,Widening to 2-lane with Hard shoulder of Churachandpur to Tuivai Section from Km 48.587 to Km 69.875 in the State of Manipur on EPC mode under NHO Package-2B,Manipur,NHIDCL,April 2026,0,1,0.07059132734789944,0.999997504478989,True,True,0.5352944159134443,complete,none,Medium,v1-equal-weight-2026-04-snapshot
1425,618346,Widening to 2-lane with Hard shoulder of Churachandpur to Tuivai Section of NH- 102B from km 32.835 to km 48.587 in the State of Manipur on EPC mode under NHO Package-2A,Manipur,NHIDCL,April 2026,0,1,0.09070009944985821,0.999998433218975,True,True,0.5453492663344166,complete,none,Medium,v1-equal-weight-2026-04-snapshot
1426,618347,Widening to 2-lane with Hard shoulder of Churachandpur to Tuivai Section of NH- 102B from km 13.747 to km 32.835 in the State of Manipur on EPC mode under NHO Package-1B,Manipur,NHIDCL,April 2026,0,1,0.0895240381581675,0.9999993050880132,True,True,0.5447616716230903,complete,none,Medium,v1-equal-weight-2026-04-snapshot
1427,618348,Balance work of Widening to 2 Two lane with hard shoulder of Churachandpur to Tuivai section of NH-102B from km 130.000 to km 141.029 Package-4B in the State of Manipur on EPC Mode,Manipur,NHIDCL,April 2026,0,0,0.22077424780543342,0.44253976934616335,True,True,0.3316570085757984,complete,none,Low,v1-equal-weight-2026-04-snapshot
1428,618349,Balance work of Widening to 2 Two lane with hard shoulder of Churachandpur to Tuivai section of NH-102B from Design Chainage km 118850 to km 130000 Package- 4A in the State of Manipur on EPC Mode,Manipur,NHIDCL,April 2026,0,0,0.15641204579105417,0.5052112311513164,True,True,0.3308116384711853,complete,none,Low,v1-equal-weight-2026-04-snapshot
1429,618355,"Construction of of 2 -Lane with paved shoulders road from Tamenglong-Tousem- Lisang-Mahur Road NH-137 starting near Dialong Village from km 10.000 at Dialong to km 31.430 near Old Tamenglong , near Barak River on EPC Mode Package-2",Manipur,NHIDCL,April 2026,0,1,0.03702229746139083,0.9999979570949452,True,True,0.518510127278168,complete,none,Medium,v1-equal-weight-2026-04-snapshot
1430,618356,Construction of 2 -Lane with paved shoulders road from Tamenglong to Mahur in the state of Manipur from km 31.430 at Old Tamenglong to km 43.480 ending near Phelong on EPC Mode Package-3,Manipur,NHIDCL,April 2026,0,1,0.0548152637077465,0.9999953508532093,True,True,0.527405307280478,complete,none,Medium,v1-equal-weight-2026-04-snapshot
1431,618357,Construction of 2 -Lane with paved shoulders road from Tamenglong to Mahur NH- 137 in Manipur starting from km 54.180 near Azuram to km 80.630 near Mandeu on EPC Mode Package 5,Manipur,NHIDCL,April 2026,0,1,0.03150172538965657,0.9998609567649863,True,True,0.5156813410773214,complete,none,Medium,v1-equal-weight-2026-04-snapshot
1432,618358,Construction of 2 -Lane with paved shoulders road from Tamenglong to Mahur NH- 137 starting from km 80.630 near Mandeu to km 96.870 near Jiri River on EPC Mode Package-6,Manipur,NHIDCL,April 2026,0,1,0.046759152859894924,0.9997552712006639,True,True,0.5232572120302794,complete,none,Medium,v1-equal-weight-2026-04-snapshot
1433,618387,Construction of 2-laning with Hard shoulder of Ukhrul Tolloi - Tadubi section of NH- 102A from Design Chainage km 9450 to km 50850 in the State of Manipur on EPC mode under NHO-NE Package-2,Manipur,NHIDCL,April 2026,0,1,0.02918289838806584,0.9993995649065001,True,True,0.514291231647283,complete,none,Medium,v1-equal-weight-2026-04-snapshot
1434,618388,Construction of 2-laning with Hard shoulder road of Ukhrul - Tolloi - Tadubi section of NH-102A from Design Chainage 50.850 km to 81.870 km in the State of Manipur on EPC mode under NHO-TSP Package -3,Manipur,NHIDCL,April 2026,0,1,0.04117616410435274,0.9994740383171244,True,True,0.5203251012107386,complete,none,Medium,v1-equal-weight-2026-04-snapshot
1435,618389,Construction of 2-laning with Hard shoulder road of Ukhrul - Tolloi - Tadubi section of NH-102A from Design Chainage 81.870 km to 105.825 km in the State of Manipur on EPC mode under NHO-TSP Package -4,Manipur,NHIDCL,April 2026,0,1,0.050419406964992454,0.9979073746162769,True,True,0.5241633907906347,complete,none,Medium,v1-equal-weight-2026-04-snapshot
1436,618415,"Improvement of existing road to 2 laning with Hard Shoulders of Maram-Peren section Package-1B, length- 17.660 km from Design Chainage 22.340 km to 40.000 km on NH-129A in the State of Manipur on EPC mode",Manipur,NHIDCL,April 2026,0,1,0.07144500971121098,0.9999991406072246,True,True,0.5357220751592178,complete,none,Medium,v1-equal-weight-2026-04-snapshot
1437,618416,"Improvement of existing road to 2 laning with Hard Shoulders of Maram -Peren section Package-1A, length- 22.340Km from Design Chainage 0.000 km to 22.340 km on NH-129A in the State of Manipur on EPC mode",Manipur,NHIDCL,April 2026,0,1,0.06272559580735504,0.9999983415649076,True,True,0.5313619686861313,complete,none,Medium,v1-equal-weight-2026-04-snapshot
1438,617885,Rehabilitation and Up-gradation of Nongstoin Wahkaji section of Project Road Km 0000 to Km 43060 to Intermediate Lane with earthern shoulder under SARDP-NE Phase-A in the State of Meghalaya on EPC mode. Job No- SARDP-NE ong-Don- Maw/MG/2020-21/294,Meghalaya,MoRTH,April 2026,0,1,0.15004426013451444,0.9999986584108094,True,True,0.5750214592726619,complete,none,Medium,v1-equal-weight-2026-04-snapshot
1439,618076,Improvement and Widening two lannig with paved Shoulder of NH 127B from km 31.500 Goeragre to km 63.224 Package-II in state of Meghalaya,Meghalaya,MoRTH,April 2026,0,-1,0.03758263814196543,,True,False,0.03758263814196543,partial,time_overrun_probability,Low,v1-equal-weight-2026-04-snapshot
1440,618294,Improvement and Widening of National Highway No. 127B Darugiri - Songsak - Williamnagar Junction Section to two lane with paved shoulder from design Km 0000 to Km 36635 Design length 36.635 Km existing Km 112000 to Km 151060 of NH-1278 under Bharatmala Pariyojana Lot-1 Pkg-1B Meghalaya portion,Meghalaya,NHIDCL,April 2026,0,0,0.05695723853871848,0.00013097994313750446,True,True,0.02854410924092799,complete,none,Low,v1-equal-weight-2026-04-snapshot
1441,618295,Improvement/Widening of New NH-217 Dainadubi-Darugiri section to Two lane with paved shoulder in Meghalaya from design Km 0000 to Km 40840 existing Km 8600 to Km 53000 of Old NH-62 under BMP Lot-1 Pkg-1B Meghalaya portion,Meghalaya,NHIDCL,April 2026,0,0,0.08541625518991493,0.002926504077688593,True,True,0.04417137963380176,complete,none,Low,v1-equal-weight-2026-04-snapshot
1442,618374,Improvement/Widening to 2-L with Paved Shoulder/ 4-Laning of NH-40 section from Km 151330 to Km 163400 design Km 63.530 to Km 71.520 including Dawki Bridge of length 368 m between Shillong-Dawki under JICA ODA Loan assistance Phase-II Pkg- 5 -Balance work,Meghalaya,NHIDCL,April 2026,0,0,0.2523143550463443,0.4618903694009019,True,True,0.3571023622236231,complete,none,Medium,v1-equal-weight-2026-04-snapshot
1443,618375,Improvement/Widening to 2-Lane with Paved Shoulder from design Km 45.760 to Km 63.530 between Shillong-Dawki under JICA ODA Loan assistance Phase-II -Balance work Pkg-4,Meghalaya,NHIDCL,April 2026,0,1,0.07191425500179094,0.9825851601535217,True,True,0.5272497075776563,complete,none,Medium,v1-equal-weight-2026-04-snapshot
1444,618376,Improvement/Widening to 2-Lane with Paved Shoulder between Shillong-Dawki road up to Bangladesh Border from design Km 10.670 to Km 37.550 under JICA ODA Loan assistance Phase-II -Balance Work-Pkg-2,Meghalaya,NHIDCL,April 2026,0,1,0.12269532704127795,0.9846879512679763,True,True,0.5536916391546272,complete,none,Medium,v1-equal-weight-2026-04-snapshot
1445,618377,Improvement/Widening to 2-L with Paved Shoulder/4-L from Km 81740 to Km 93490 design Km 0000 to Km 10670 of NH-40 New NH-106 & 206 section & 4-L from design Km 0.00 to Km 0.930 of NH-44 section between Shillong-Dawki under JICA ODA Loan assistance Phase-II -Balance Work Pkg-1,Meghalaya,NHIDCL,April 2026,0,1,0.09116877340543061,0.9966793245449007,True,True,0.5439240489751657,complete,none,Medium,v1-equal-weight-2026-04-snapshot
1446,618418,Rehabilitation and up gradation of Nongstoin-Rambrai-Kyrshai road up to Meghalaya- Assam border from Km 0.335 to km 34.039 to 2-Lane under NHO - NE in the State of Meghalaya Package-1,Meghalaya,NHIDCL,April 2026,0,1,0.04486109103503973,0.9997434807476759,True,True,0.5223022858913579,complete,none,Medium,v1-equal-weight-2026-04-snapshot
1447,618419,"Construction of 2-Lane with paved shoulders of Shillong Western Bypass starting from NH-06 near Ladumsaw existing Km 60.900 of old NH40 to NH106 old NH 44E Package-III, from km 24700 to km 38256 under SARDP-NE PHASE A in the state of Meghalaya on EPC Mode Greenfield alignment",Meghalaya,NHIDCL,April 2026,0,0,0.03901116750177066,0.011625722067347416,True,True,0.025318444784559038,complete,none,Low,v1-equal-weight-2026-04-snapshot
1448,618420,"Construction of 2 lane with paved shoulder of Shillong Western Bypass starting from NH-06 near Ladumsaw existing km 60.900 of old NH-40 to NH-106 old NH-44E, Package-II km 12800 to km 24700 under SARDP-NE Phase A in the State of Meghalaya on EPC Mode",Meghalaya,NHIDCL,April 2026,0,0,0.05587344775954862,0.00017137944520094736,True,True,0.02802241360237478,complete,none,Low,v1-equal-weight-2026-04-snapshot
1449,618421,"Construction of 2-Lane with paved shoulder of Shillong Western Bypass starting from NH-06 near Ladumsaw Existing km 60.900 of old NH-40 to NH106 old NH-44E, km 0000 to km 12800 Package-I under SARDP-NE PHASE A in the State of Meghalaya on EPC Mode Greenfield alignment",Meghalaya,NHIDCL,April 2026,0,0,0.06137370205220361,0.000919068795876533,True,True,0.031146385424040073,complete,none,Low,v1-equal-weight-2026-04-snapshot
1450,618316,4-Laning of Vairengte - Chhimluang section Package-3 of NH-306 from Existing Chainage km 43000 to Km 59700 Design Chainage km 46000 to km 60850 on Silchar - Vairengte- Sairang road in the State of Mizoram under Bharatmala Pariyojna under NHO-NE. Package-1&2 in Assam state,Mizoram,NHIDCL,April 2026,0,0,0.0514721558427413,0.0025562084074853535,True,True,0.027014182125113327,complete,none,Low,v1-equal-weight-2026-04-snapshot
1451,618317,4-Laning of chhimluang-Kolasib from section pkg-4 of NH-306 & NH-6 existing chainage km 59700 to km 86000 design chainage km 61000 to km 77500 on Silchar- vairengte-sairang road in the state of Mizoram under Bharatmala Pariyojna on EPC mode Vairengte - Sairang Pkg-4,Mizoram,NHIDCL,April 2026,0,0,0.08477424156625321,0.008985533745036479,True,True,0.046879887655644846,complete,none,Low,v1-equal-weight-2026-04-snapshot
1452,618318,4-Laning of Kolasib - Sethawn section Package-5 of NH-6 from Existing Chainage km 86000 to km 107850 Design Chainage km 77500 to km 95500 on silchar - vairengte - sairang road under Bharatmala Pariyojna on EPC mode under NHO-NE Vairengte - Sairang Pkg-5,Mizoram,NHIDCL,April 2026,0,0,0.11400048531711976,0.00019969743853798046,True,True,0.05710009137782887,complete,none,Low,v1-equal-weight-2026-04-snapshot
1453,618319,"4-Laning of Sethawn - N. Kawnpui section Package-6 of NH-6 from Existing Chainage km 107850 to km 126315 Design Chainage km 95500 to km 111850 on Silchar- Vairengte- Sairang road, Vairengte - Sairang Pkg-6",Mizoram,NHIDCL,April 2026,0,0,0.15457005543183086,0.001960814164313287,True,True,0.07826543479807208,complete,none,Low,v1-equal-weight-2026-04-snapshot
1454,618320,Construction of 4-Laning of N. Kawnpui N. Mualvum Mualkhang via Khamrang Village section Package-7 of NH-6 from Existing Chainage km 127200 to km 142000 Design Chainage km 111850 to km 123400 on Silchar - Vairengte - Sairang road in the State of Mizoram on EPC mode,Mizoram,NHIDCL,April 2026,0,-1,0.029042927558867945,,True,False,0.029042927558867945,partial,time_overrun_probability,Low,v1-equal-weight-2026-04-snapshot
1455,618321,Construction of 4-Laning of West Serawlg-Sairang section of NH-6 from Existing Chainage km 142000 to km 158900 Design Chainage km 123400 to km 136260 on Silchar - Vairengte - Sairang road in the State of Mizoram under Bharatmala Pariyojna on EPC mode under NHO-NE Package-8,Mizoram,NHIDCL,April 2026,0,-1,0.02405112684406824,,True,False,0.02405112684406824,partial,time_overrun_probability,Low,v1-equal-weight-2026-04-snapshot
1456,618323,Construction of Twin Tube Uni-directional Aizawl Bypass Tunnel of 2.5 km and its approaches of 2.1 km from km 10.600 to km 15.200 on Sarrang - Phaibawk section of NH-6 in the State of Mizoram on EPC Mode under NHO-NE Package-2,Mizoram,NHIDCL,April 2026,0,-1,0.031940609422928326,,True,False,0.031940609422928326,partial,time_overrun_probability,Low,v1-equal-weight-2026-04-snapshot
1457,618324,Construction of 2-lane Aizawl Bypass from km 15.200 to km 34.500 Package-3 on Sairang - Phaibawk section of NH-6 in the State of Mizoram under Bharatmala Pariyojna on EPC Mode under NHO-NE,Mizoram,NHIDCL,April 2026,0,-1,0.086630920206428,,True,False,0.086630920206428,partial,time_overrun_probability,Low,v1-equal-weight-2026-04-snapshot
1458,618341,Up-gradation to 2-lane with paved shoulders of Ngopa - Pawlrang section of NH 102B of Aizawl - Imphal Economic Corridor from Existing Chainage km 32.796 to km 72.030 [Design Chainage km 31.280 to km 68.170] in the State of Mizoram under Bharatmala Pariyojna on EPC mode under NHO-NE Package-2 Keifang- Tuivai Pkg-2,Mizoram,NHIDCL,April 2026,0,1,0.06953532115634548,0.9990647861118482,True,True,0.5343000536340968,complete,none,Medium,v1-equal-weight-2026-04-snapshot
1459,618342,Rehabilitation and upgradation to 2 Lane with Paved shoulder of Economic corridor of NH-6 from Design chaiange Km 0.000 to Km 13.510 Package-1 in the state of Mizoram under Bharatmala Pariyojana on EPC mode,Mizoram,NHIDCL,April 2026,0,1,0.16623296502970722,0.9999973676008245,True,True,0.5831151663152658,complete,none,Medium,v1-equal-weight-2026-04-snapshot
1460,618343,"Rehabilitation and Up gradation to 2-lane with paved shoulder of Keifang Section Economic Corridor of NH-06 from Existing Chainage Km 30050 Keifang to Km 50360 Keifang, Design Chainage Km 27400 to Km 45040 PkgIII in the State of Mizoram under Bharatmala Pariyojna on EPC Mode Seling-Dulte - III",Mizoram,NHIDCL,April 2026,0,1,0.18332271068657607,0.9999964025130023,True,True,0.5916595565997892,complete,none,Medium,v1-equal-weight-2026-04-snapshot
1461,618362,Construction of 2-laning with hard shoulder of Lunglei to Chhumkhum from Design Chainage Km 0.000 to Km 37.420 of NH-302 [Lunglei-Tlabung] Package-A,Mizoram,NHIDCL,April 2026,0,1,0.059951778037210364,0.9999890705431321,True,True,0.5299704242901713,complete,none,Medium,v1-equal-weight-2026-04-snapshot
1462,618363,Construction of 2-laning with hard shoulder configuration of Chhumkhum to Tlabung from Design Chainage Km 37.420 to Km 74.950 of NH-302 in Mizoram under Bharatmala Pariyojana on EPC mode [Pkg-B],Mizoram,NHIDCL,April 2026,0,1,0.06453351722675041,0.9999919450339985,True,True,0.5322627311303745,complete,none,Medium,v1-equal-weight-2026-04-snapshot
1463,618379,Widening and Up-gradation to 2- Lane with Paved Shoulder Configuration and geometric improvement from Km. 208. 000 to Km 250.000 Package-5 on Aizawl Tuipang Section of NH-54 in the State of Mizoram Package-5,Mizoram,NHIDCL,April 2026,0,-1,0.15507120772419075,,True,False,0.15507120772419075,partial,time_overrun_probability,Low,v1-equal-weight-2026-04-snapshot
1464,618380,Widening and Up-gradation to 2- Lane with Paved Shoulder Configuration and geometric improvement from Km. 125. 000 to Km 166 Package-3 on Aizawl Tuipang Section of NH-54 in the State of Mizoram Package-3,Mizoram,NHIDCL,April 2026,0,1,0.1324501669553887,0.9997169171011465,True,True,0.5660835420282676,complete,none,Medium,v1-equal-weight-2026-04-snapshot
1465,618381,Widening and up-gradation to 2-lane with paved shoulder configuration and geometric improvements from km 250.00 Lunglei to km 298.00 on Aizawl-Tuipang section under JICA ODA Loan assistance Phase-I Package-6,Mizoram,NHIDCL,April 2026,0,1,0.1518903876194245,0.9974582145245812,True,True,0.5746743010720028,complete,none,Medium,v1-equal-weight-2026-04-snapshot
1466,618382,Widening and up-gradation to 2-lane with paved shoulder configuration and geometric improvements from km 298.00 to km 339.00 on Aizawl-Tuipang section under JICA ODA Loan assistance Phase-I Package-7,Mizoram,NHIDCL,April 2026,1,1,0.46716609824070227,0.9996765398106964,True,True,0.7334213190256993,complete,none,High,v1-equal-weight-2026-04-snapshot
1467,618383,Widening and up-gradation to 2-lane with paved shoulder configuration and geometric improvements from km 339.00 to km 380.00 Siaha on Aizawl-Tuipang section under JICA ODA Loan assistance Phase-I Package-8,Mizoram,NHIDCL,April 2026,0,1,0.3697267696215215,0.9997834330134464,True,True,0.684755101317484,complete,none,High,v1-equal-weight-2026-04-snapshot
1468,618384,Widening and Up-gradation to 2- Lane with Paved Shoulder Configuration and geometric improvement from Km. 166. 000 to Km 208.000 Package-4 on Aizawl Tuipang Section of NH-54 in the State of Mizoram Package-4,Mizoram,NHIDCL,April 2026,0,1,0.13813740488456921,0.9998214360463743,True,True,0.5689794204654718,complete,none,Medium,v1-equal-weight-2026-04-snapshot
1469,618452,"2-laning of Zorinpui - Longmasu section of NH-502A from km 0.000 to km 28.244 in the State of Mizoram on EPC mode under NHO-NE, stretch of IMBR",Mizoram,NHIDCL,April 2026,0,1,0.05744720533512349,0.003071285975930967,True,True,0.03025924565552723,complete,none,Low,v1-equal-weight-2026-04-snapshot
1470,619010,Up-gradation to 2 lane with paved shoutders of Pawlrang - Rulchawm section- of NH- 102B of Aizawl - Imphal Economic Corridor from Existing Chainage km 72.030 to km 104.129 including 2.459 km re-alignment section from Tuivai River to Rulchawm connecting km 48.150 of NH-6 [Design Chainage km 68.170 to km 98.579] in the State of Mizoram under Bharatmala Pariyojna on EPC mode under NHO-NE Package-3 Keifang- Tuivai Pkg-3,Mizoram,NHIDCL,April 2026,0,1,0.03818137976659881,0.9882880532593047,True,True,0.5132347165129517,complete,none,Medium,v1-equal-weight-2026-04-snapshot
1471,619199,Bangalore Chennai Expressway Phase-II Pkg-I from km.71.000 to Km 96.000 Bethamangala in the state of Karnataka to Byreddypalli,"Multi-States (Andhra Pradesh, Karnataka)",National Highways Authority of India [NHAI],April 2026,0,0,0.41671059627184803,0.00891447775985623,True,True,0.21281253701585212,complete,none,Low,v1-equal-weight-2026-04-snapshot
1472,618681,6L Aluru - Jakkuva Section of NH-130CD Road from km 365.033 to km 396.800 Pkg. 1,"Multi-States (Andhra Pradesh, Odisha)",National Highways Authority of India [NHAI],April 2026,1,1,0.8612428211483079,0.9999915863778892,True,True,0.9306172037630985,complete,none,High,v1-equal-weight-2026-04-snapshot
1473,618477,Bangalore Chennai Expressway Phase-III Package I Gudipala to Walajajhpet from Km 156.000 to Km 180.000,"Multi-States (Andhra Pradesh, Tamil Nadu)",National Highways Authority of India [NHAI],April 2026,0,1,0.5334072773056985,0.9996237695547521,True,True,0.7665155234302252,complete,none,High,v1-equal-weight-2026-04-snapshot
1474,618634,6L of Veera Kaveri Raja Puram to Pondavakkam from km 61.380 to km 96.040 of NH 716B Pkg-III,"Multi-States (Andhra Pradesh, Tamil Nadu)",National Highways Authority of India [NHAI],April 2026,0,1,0.5783333002195796,0.999845825060161,True,True,0.7890895626398703,complete,none,High,v1-equal-weight-2026-04-snapshot
1475,618769,Walajahpet/Ranipet to TN/AP Border Section of from Km.106.800 to Km.133.36 NH-4,"Multi-States (Andhra Pradesh, Tamil Nadu)",National Highways Authority of India [NHAI],April 2026,0,0,0.2916985244792526,0.00303062835050166,True,True,0.14736457641487713,complete,none,Low,v1-equal-weight-2026-04-snapshot
1476,618771,6L of Varadharajula to Kumarajapet from km 0.000 to km 43.800 of NH-716B Pkg-I,"Multi-States (Andhra Pradesh, Tamil Nadu)",National Highways Authority of India [NHAI],April 2026,0,1,0.6071704601709075,0.9998701728754437,True,True,0.8035203165231756,complete,none,High,v1-equal-weight-2026-04-snapshot
1477,618772,6L of Kumarajapet to Veera Kaveri Raja Puram from km 43.800 to km 61.380 of NH- 716B Pkg-II,"Multi-States (Andhra Pradesh, Tamil Nadu)",National Highways Authority of India [NHAI],April 2026,1,1,0.7934646043428175,0.09037406430052321,True,True,0.44191933432167035,complete,none,Medium,v1-equal-weight-2026-04-snapshot
1478,619077,6 laning of Balance Work of Chennai - Tada from km. 21.40 to km. 54.40,"Multi-States (Andhra Pradesh, Tamil Nadu)",National Highways Authority of India [NHAI],April 2026,1,1,0.6507701221052637,0.9997308353341864,True,True,0.825250478719725,complete,none,High,v1-equal-weight-2026-04-snapshot
1479,618747,Khammam-Devarapalle Pkg III [4L Access Controlled Greenfield from Chintagudem village to Recherla village Design Chainage 63117 to 105236],"Multi-States (Andhra Pradesh, Telangana)",National Highways Authority of India [NHAI],April 2026,1,1,0.8356383209324025,0.9998390677345608,True,True,0.9177386943334817,complete,none,High,v1-equal-weight-2026-04-snapshot
1480,618818,4L Access Controlled Greenfield Highway section on NH-163G Khammam Vijayawada from Remidicherla village at Design Ch. 280.200 Km to Jakkampudi village on NH-16 at Design Ch. 309.909 Km Package-III,"Multi-States (Andhra Pradesh, Telangana)",National Highways Authority of India [NHAI],April 2026,1,1,0.765965387015114,0.026504638431797723,True,True,0.39623501272345585,complete,none,Medium,v1-equal-weight-2026-04-snapshot
1481,619143,4L Access Controlled Greenfield Highway section on NH-163G Khammam Vijayawada from BrahmanapalliK village at Design Ch. 250.400 Km to Remidicherla village at Design Ch. 280.200 KmPackage-II,"Multi-States (Andhra Pradesh, Telangana)",National Highways Authority of India [NHAI],April 2026,1,1,0.6367981359993277,0.2271123814172141,True,True,0.4319552587082709,complete,none,Medium,v1-equal-weight-2026-04-snapshot
1482,619212,6L Access Controlled Greenfield Highway of Julekal village to Dinnedevarapadu village from Km 242.200 to Km 280.400 Pkg-2,"Multi-States (Andhra Pradesh, Telangana)",National Highways Authority of India [NHAI],April 2026,1,1,0.8365083320388687,0.9999991458754872,True,True,0.9182537389571779,complete,none,High,v1-equal-weight-2026-04-snapshot
1483,618359,Widening/Improvement to 4-Lane with Paved Shoulder from km 55000 Nagabang Gamsuk to km 82514 Oyan in the State of Assam and Arunachal Pradesh on EPC mode under Bharatmala Pariyojna of Length 27.514 Km Package-3,"Multi-States (Arunachal Pradesh, Assam)",NHIDCL,April 2026,0,0,0.2595369128618931,0.003766104670160904,True,True,0.13165150876602702,complete,none,Low,v1-equal-weight-2026-04-snapshot
1484,618531,6L of Aurangabad to Bihar-Jharkhand border Chordaha section from km. 180.000 to km. 209.827 of NH-2 PKG-01,"Multi-States (Bihar, Jharkhand)",National Highways Authority of India [NHAI],April 2026,0,0,0.6509634638209708,0.006053959393317347,True,True,0.32850871160714407,complete,none,Low,v1-equal-weight-2026-04-snapshot
1485,618532,6L of Aurangabad to Bihar-Jharkhand border Chordaha section from km. 209.827 to Km. 249.525 of NH-19 PKG-02,"Multi-States (Bihar, Jharkhand)",National Highways Authority of India [NHAI],April 2026,0,1,0.6444571028388242,0.9999992898948666,True,True,0.8222281963668454,complete,none,High,v1-equal-weight-2026-04-snapshot
1486,618724,6L Greenfield Varanasi-Ranchi-Kolkata Highway from Anarbansalea village to Sagrampur village From KM. 151200 to KM. 184700Package-7,"Multi-States (Bihar, Jharkhand)",National Highways Authority of India [NHAI],April 2026,1,0,0.720301246856689,0.002973203189773236,True,True,0.3616372250232311,complete,none,Medium,v1-equal-weight-2026-04-snapshot
1487,618951,Hariharganj to Parwa Mode section from km 23.284 to km 57.049 of NH-98,"Multi-States (Bihar, Jharkhand)",National Highways Authority of India [NHAI],April 2026,1,1,0.7034264139144288,0.9999963716599224,True,True,0.8517113927871756,complete,none,High,v1-equal-weight-2026-04-snapshot
1488,618952,4L of Sahibganj - Manihari Ganga Bridge including Manihari Bypass,"Multi-States (Bihar, Jharkhand)",National Highways Authority of India [NHAI],April 2026,1,1,0.6831855622670353,0.9999383208607726,True,True,0.841561941563904,complete,none,High,v1-equal-weight-2026-04-snapshot
1489,619078,Six Laning of Bihar - Jharkhand Border Chordaha - Gorhar section of NH-2 from km 249.525 to km 320.810,"Multi-States (Bihar, Jharkhand)",National Highways Authority of India [NHAI],April 2026,0,1,0.5342287701503959,0.9962908414192715,True,True,0.7652598057848337,complete,none,High,v1-equal-weight-2026-04-snapshot
1490,619307,4L of Munger Mirzachauki section from Km 157350 to Km 193931 Pkg-4,"Multi-States (Bihar, Jharkhand)",National Highways Authority of India [NHAI],April 2026,1,1,0.775466337116128,0.999998875831633,True,True,0.8877326064738805,complete,none,High,v1-equal-weight-2026-04-snapshot
1491,618530,Six Laning of Varanasi to Aurangabad from km. 786.00 to km. 978.40 of Old NH-2,"Multi-States (Bihar, Uttar Pradesh)",National Highways Authority of India [NHAI],April 2026,0,1,0.5958583224532377,0.9999998574841319,True,True,0.7979290899686848,complete,none,High,v1-equal-weight-2026-04-snapshot
1492,618728,6L Greenfield Varanasi-Ranchi-Kolkata Highway from junction with NH-19 & Varanasi Ring Road near Rewasa village to junction with Chandauli-Chainpur road near Khainti village from Km. 0.000 to Km. 27.000 - Pkg-1,"Multi-States (Bihar, Uttar Pradesh)",National Highways Authority of India [NHAI],April 2026,1,1,0.7191975432552973,0.9664239183721751,True,True,0.8428107308137363,complete,none,High,v1-equal-weight-2026-04-snapshot
1493,618882,Construction of additional 3-Lane Bridge over River Ganga for connection between Buxar and Bharauli on NH-922 in the State of Uttar Pradesh and Bihar on Hybrid Annuity Mode,"Multi-States (Bihar, Uttar Pradesh)",National Highways Authority of India [NHAI],April 2026,0,0,0.2551282475562357,0.0004906222893819481,True,True,0.12780943492280883,complete,none,Low,v1-equal-weight-2026-04-snapshot
1494,619154,Construction of Four Lane Highway from Ghazipur- Ballia-UP/Bihar State Border Greenfield section of NH-31 Package III [from Pindari km 78.150 to Rawalganj Bypass Km 117.120] on EPC Mode in the state of Uttar Pradesh.,"Multi-States (Bihar, Uttar Pradesh)",National Highways Authority of India [NHAI],April 2026,1,1,0.7121976488120579,0.9999964625022659,True,True,0.8560970556571619,complete,none,High,v1-equal-weight-2026-04-snapshot
1495,618584,4L of Kishanganj - Bahadurganj section from Km. 0.000 to Km. 23.649 & interchange at Start Point Length - 1.200 Km of NH-27,"Multi-States (Bihar, West Bengal)",National Highways Authority of India [NHAI],April 2026,0,0,0.17794655928448289,0.0011379294865597278,True,True,0.0895422443855213,complete,none,Low,v1-equal-weight-2026-04-snapshot
1496,618676,6L of Dhanara - Hatibena Section from Km 124.611 to km 146.50 of NH-130-CD Package OD-1,"Multi-States (Chhattisgarh, Odisha)",National Highways Authority of India [NHAI],April 2026,1,1,0.6928672399134317,0.9999927230890322,True,True,0.8464299815012319,complete,none,High,v1-equal-weight-2026-04-snapshot
1497,619064,Vadodara Mumbai Expressway Talsari to Karvad Phase IB - Pkg X [Km 103.400 to Km 128.000],"Multi-States (Dadra & Nagar Haveli and Daman & Diu, Gujarat, Maharashtra)",National Highways Authority of India [NHAI],April 2026,1,1,0.7666146903440665,0.9998443217100697,True,True,0.8832295060270681,complete,none,High,v1-equal-weight-2026-04-snapshot
1498,618577,Dwarka Expressway Pkg-III Delhi/HR Border to Start of RoB Gurugram,"Multi-States (Delhi, Haryana)",National Highways Authority of India [NHAI],April 2026,1,1,0.8324414549211921,0.9999946230890397,True,True,0.916218039005116,complete,none,High,v1-equal-weight-2026-04-snapshot
1499,619122,Akshardham - DL/UP Border Pkg-01,"Multi-States (Delhi, Uttar Pradesh)",National Highways Authority of India [NHAI],April 2026,0,1,0.49741810541355747,0.9970571937228202,True,True,0.7472376495681888,complete,none,High,v1-equal-weight-2026-04-snapshot
1500,618942,Balance work of 2L PS from Km 30.800 to Km 70.800 and 2L with Rigid Carriageway from Km 70.800 to km 84.120 of Khanapur- KA/GOA Border section of NH-4A,"Multi-States (Goa, Karnataka)",National Highways Authority of India [NHAI],April 2026,0,1,0.4185048347396684,0.9999990866659378,True,True,0.7092519607028032,complete,none,High,v1-equal-weight-2026-04-snapshot
1501,618637,Bal. Works of Fagne Km. 510.000 to Maharashtra/Gujarat Border Km. 650.794,"Multi-States (Gujarat, Maharashtra)",National Highways Authority of India [NHAI],April 2026,1,1,0.7002389739293469,0.9999241117593608,True,True,0.8500815428443538,complete,none,High,v1-equal-weight-2026-04-snapshot
1502,618486,Delhi-Amritsar-Katra Expressway Phase-I Pkg-V from Junction with Ambala-Kaithal- Hissar road NH-152 near Kharak Pandwa village to Junction with Patiala-Samana- Patran road SH-10 near Ghagga village Km 120250 to Km 157920,"Multi-States (Haryana, Punjab)",National Highways Authority of India [NHAI],April 2026,1,1,0.7291746319520004,0.9999309102188123,True,True,0.8645527710854064,complete,none,High,v1-equal-weight-2026-04-snapshot
1503,618760,4L Greenfield a Malout bypass from ch. Km 44.500 to ch. Km 35.500 on NH-07 and Ch. Km 0.000 to Km 6.984 on NH-09 bMandi Dabwali Bypass from Ch. 38.450 Km to Km 27.910 Pkg-02,"Multi-States (Haryana, Punjab)",National Highways Authority of India [NHAI],April 2026,0,1,0.43250489440829126,0.999991006291268,True,True,0.7162479503497796,complete,none,High,v1-equal-weight-2026-04-snapshot
1504,618935,4L Ambala - Kalaamb from Km. -0.800 to Km. 33.015 of old NH-72,"Multi-States (Haryana, Punjab)",National Highways Authority of India [NHAI],April 2026,1,1,0.762347644225561,0.9999981402389052,True,True,0.881172892232233,complete,none,High,v1-equal-weight-2026-04-snapshot
1505,619093,4L Ismailabad to Ambala Section of NH-152 Lot-4/Package-1,"Multi-States (Haryana, Punjab)",National Highways Authority of India [NHAI],April 2026,0,1,0.28141002332585807,0.9999644122014812,True,True,0.6406872177636697,complete,none,Medium,v1-equal-weight-2026-04-snapshot
1506,619134,6L of Ambala-Chandigarh greenfield section from Km. 0.000 to Km. 25.000 with 4L spur to Lalru from Km. 0.000 to Km. 5.828 & spur to PR-7 road from Km. 0.000 to Km. 11.157,"Multi-States (Haryana, Punjab)",National Highways Authority of India [NHAI],April 2026,1,1,0.773475376383457,0.9999068257404069,True,True,0.8866911010619319,complete,none,High,v1-equal-weight-2026-04-snapshot
1507,619216,6L access Controlled Greenfield Highway from Adhoya Musalmana to Sadopur section of Shamli -Ambala Package-III Design Ch. Form km 84.400 to km 121.786,"Multi-States (Haryana, Punjab)",National Highways Authority of India [NHAI],April 2026,0,1,0.5549440302631216,0.9999992109611309,True,True,0.7774716206121262,complete,none,High,v1-equal-weight-2026-04-snapshot
1508,618505,Additional Structures on 6LGurgaon-Jaipur Section of NH-48 between KM 42.700 to KM 273.00,"Multi-States (Haryana, Rajasthan)",National Highways Authority of India [NHAI],April 2026,0,1,0.29245366426752983,0.9999683839046067,True,True,0.6462110240860683,complete,none,Medium,v1-equal-weight-2026-04-snapshot
1509,618691,4 laning of Aligarh-Palwal Section from Km. 46.390 Design Chainage to Km. 69.110 Terminating at junction EPE Package-II from Kurana- Eastern Peripheral Expressway of NH-334D,"Multi-States (Haryana, Uttar Pradesh)",National Highways Authority of India [NHAI],April 2026,0,0,0.22701333883083613,0.0015011145946795005,True,True,0.11425722671275781,complete,none,Low,v1-equal-weight-2026-04-snapshot
1510,618723,6L access Controlled Greenfield Highway from Ranipur Barsi to Adhoya Musalmana section of Shamli -Ambala Package-II Design Ch. Form km 45.500 to km 84.400,"Multi-States (Haryana, Uttar Pradesh)",National Highways Authority of India [NHAI],April 2026,0,1,0.5655120849659865,0.9999991856045531,True,True,0.7827556352852698,complete,none,High,v1-equal-weight-2026-04-snapshot
1511,619068,Construction of Greenfield Connectivity to Jewar International Airport from DND- Faridabad-Ballabhgarh Bypass KMP Link - Spur to Delhi Mumbai Expressway,"Multi-States (Haryana, Uttar Pradesh)",National Highways Authority of India [NHAI],April 2026,1,1,0.6909673409481387,0.9999983192615707,True,True,0.8454828301048547,complete,none,High,v1-equal-weight-2026-04-snapshot
1512,618907,2L/4L of Hoshiarpur to Una section including Hoshiarpur Bypass of NH 503A,"Multi-States (Himachal Pradesh, Punjab)",National Highways Authority of India [NHAI],April 2026,0,0,0.363322813046707,0.013480285058792448,True,True,0.18840154905274972,complete,none,Low,v1-equal-weight-2026-04-snapshot
1513,619291,4L Poanta SahebMednipur from Km. 435.65 to km. 458.65 of NH-07Pkg-1,"Multi-States (Himachal Pradesh, Uttarakhand)",National Highways Authority of India [NHAI],April 2026,1,1,0.625438312256682,0.9999740700559698,True,True,0.8127061911563259,complete,none,High,v1-equal-weight-2026-04-snapshot
1514,619066,Delhi-Amritsar-Katra Expressway Phase-II Pkg-XIV from Junction with Pathankot- Gurdaspur road NH-54 near Balsua to Junction with Hiranagar Road near village Gurha Baildaran km 423500 to km 468100,"Multi-States (Jammu and Kashmir, Punjab)",National Highways Authority of India [NHAI],April 2026,1,1,0.7710557576672751,0.9999971059910173,True,True,0.8855264318291463,complete,none,High,v1-equal-weight-2026-04-snapshot
1515,618828,4L from Km 219.600 Khajuri to Km 260.483 Wyndhamganj on NH-75 Sec-V,"Multi-States (Jharkhand, Uttar Pradesh)",National Highways Authority of India [NHAI],April 2026,1,1,0.718920204458454,0.9999840006700204,True,True,0.8594521025642372,complete,none,High,v1-equal-weight-2026-04-snapshot
1516,618533,Barwa Adda Km. 398.240 to Panagarh Km. 521.120,"Multi-States (Jharkhand, West Bengal)",National Highways Authority of India [NHAI],April 2026,1,1,0.7000694963608447,0.9999939467580728,True,True,0.8500317215594588,complete,none,High,v1-equal-weight-2026-04-snapshot
1517,618734,6L Greenfield Varanasi- Ranchi- Kolkata Highway from junction with NH-320 in Lepo village to Kamlapur villageJH/WB border from km 358.500 to km 387.200 Pkg -13,"Multi-States (Jharkhand, West Bengal)",National Highways Authority of India [NHAI],April 2026,1,0,0.778583833736295,0.003304774908308873,True,True,0.3909443043223019,complete,none,Medium,v1-equal-weight-2026-04-snapshot
1518,618909,2L PS of JH / WB Border km. 70.524 - Purulia km.84.400 & Purulia km. 94.30 - Chandil Junction with NH-33 km. 153.705 of Old NH-32,"Multi-States (Jharkhand, West Bengal)",National Highways Authority of India [NHAI],April 2026,1,1,0.7804052342190946,0.9997573870624802,True,True,0.8900813106407874,complete,none,High,v1-equal-weight-2026-04-snapshot
1519,618948,4L of NH-80 section of Mirza Chauki to Farakka section from existing km 190.00 to design km 200.75 junction at km 3.100 of NH 133 B and from existing km 260.00 to existing km 283.00 design km 274.133 in the state of Jharkhand package - II,"Multi-States (Jharkhand, West Bengal)",National Highways Authority of India [NHAI],April 2026,0,0,0.18311308603738283,0.00023753853872888485,True,True,0.09167531228805585,complete,none,Low,v1-equal-weight-2026-04-snapshot
1520,619104,4L/2L PS of Govindpur Raiganj - Chas - WB border section of from km. 0.00 to km. 56.889 of Old NH-32,"Multi-States (Jharkhand, West Bengal)",National Highways Authority of India [NHAI],April 2026,1,-1,0.8884786185421116,,True,False,0.8884786185421116,partial,time_overrun_probability,High,v1-equal-weight-2026-04-snapshot
1521,619205,Six Laning of KT/KL Border Thalapaddy -Chengala from Km. 17.200 to Km. 57.20,"Multi-States (Karnataka, Kerala)",National Highways Authority of India [NHAI],April 2026,1,1,0.7763931039901629,0.9999200833594524,True,True,0.8881565936748077,complete,none,High,v1-equal-weight-2026-04-snapshot
1522,618515,6L from Belgaum to Sankeshwar Bypass from Km. 515.000 to Km. 555.017 of NH-48 Pkg-I,"Multi-States (Karnataka, Maharashtra)",National Highways Authority of India [NHAI],April 2026,0,1,0.45121245360395856,0.9977487583100858,True,True,0.7244806059570221,complete,none,High,v1-equal-weight-2026-04-snapshot
1523,618516,6L from Sankeshwar Bypass to MH-KNT Border from Km. 555.017 to Km. 592.853 of NH-48 Pkg-II,"Multi-States (Karnataka, Maharashtra)",National Highways Authority of India [NHAI],April 2026,0,1,0.7410419634394677,0.9999984280957508,True,True,0.8705201957676092,complete,none,High,v1-equal-weight-2026-04-snapshot
1524,618636,Akkalkot MH/KN border New Greenfield corridor from Km 512.000 to Km 548.400 of NH-150C part of Akkalkot KN/TS Border section Package XIV,"Multi-States (Karnataka, Maharashtra)",National Highways Authority of India [NHAI],April 2026,1,1,0.7413723240040967,0.9861245799458181,True,True,0.8637484519749574,complete,none,High,v1-equal-weight-2026-04-snapshot
1525,618519,Bangalore Ring Road STRR-NH-948A- Package-I of Phase-III from Belagondapalli TN to TN/KNT border from km 144.480 to 179.969,"Multi-States (Karnataka, Tamil Nadu)",National Highways Authority of India [NHAI],April 2026,0,1,0.8122340734814927,0.9999960259123929,True,True,0.9061150496969428,complete,none,High,v1-equal-weight-2026-04-snapshot
1526,618581,Hosur to Dhamrapuri Pkg-1 [Neraluru - Thorapalli Agraharam],"Multi-States (Karnataka, Tamil Nadu)",National Highways Authority of India [NHAI],April 2026,1,1,0.7191724959190019,0.9999838984601068,True,True,0.8595781971895544,complete,none,High,v1-equal-weight-2026-04-snapshot
1527,618631,6L of MH/KN Border Nimbal Village to KN/TS Border Singnodi Village from Km. 162.5 to Km. 203.100 in Raichur of NH-150C Pkg-IV,"Multi-States (Karnataka, Telangana)",National Highways Authority of India [NHAI],April 2026,0,1,0.6345619779314942,0.9999956175340569,True,True,0.8172787977327756,complete,none,High,v1-equal-weight-2026-04-snapshot
1528,618632,6L Access Controlled Greenfield Highway of Nandinne village to Julekal village from Km 202.900 to Km 242.200 Pkg-1,"Multi-States (Karnataka, Telangana)",National Highways Authority of India [NHAI],April 2026,1,1,0.7599452195531375,0.999999884393981,True,True,0.8799725519735593,complete,none,High,v1-equal-weight-2026-04-snapshot
1529,619097,Thalassery Mahe Bypass Km 170.600 to Km 189.200 of NH-17New NH-66 in Kerala,"Multi-States (Kerala, Puducherry)",National Highways Authority of India [NHAI],April 2026,1,1,0.8454322057696761,0.9999876590932805,True,True,0.9227099324314783,complete,none,High,v1-equal-weight-2026-04-snapshot
1530,619101,4L Shahpur to Muktainagar from Km. 186.000 to km 216.278 of NH 753L Pkg II of Boregaon Buzurg to Muktainagar,"Multi-States (Madhya Pradesh, Maharashtra)",National Highways Authority of India [NHAI],April 2026,0,1,0.38409881585524397,0.9939555551488185,True,True,0.6890271855020312,complete,none,High,v1-equal-weight-2026-04-snapshot
1531,618556,"Construction of 26 VUPs, Major Bridge, Service Road etc. on Lalitpur-Sagar- Lakhnadon section of NH-44 NS","Multi-States (Madhya Pradesh, Uttar Pradesh)",National Highways Authority of India [NHAI],April 2026,0,1,0.3747423097521393,0.9915952637903664,True,True,0.6831687867712528,complete,none,High,v1-equal-weight-2026-04-snapshot
1532,618668,4L of Chowka to Kaimaha near MP/UP Border section NH-34 from D. Ch. 145.000 to D. Ch. 197.266 excluding existing Chhatarpur bypass from D. Ch. 160.307 to D. Ch. 168.630 Package-4,"Multi-States (Madhya Pradesh, Uttar Pradesh)",National Highways Authority of India [NHAI],April 2026,0,0,0.23562775313691398,0.0001570439312070339,True,True,0.1178923985340605,complete,none,Low,v1-equal-weight-2026-04-snapshot
1533,618624,Mangloor to Telangana Maharashtra Border,"Multi-States (Maharashtra, Telangana)",National Highways Authority of India [NHAI],April 2026,1,0,0.8814082185281832,0.9999987906546534,True,True,0.9407035045914183,complete,none,High,v1-equal-weight-2026-04-snapshot
1534,618938,4L of Rajura-Korpana-Adilabad Road upto M.S. Border from km 32.910 to km 89.090 of NH-353B,"Multi-States (Maharashtra, Telangana)",National Highways Authority of India [NHAI],April 2026,1,1,0.7959353686335728,0.9999975589022492,True,True,0.897966463767911,complete,none,High,v1-equal-weight-2026-04-snapshot
1535,618941,4L of Bamni - Rajura - Warur - Devada upto M.S. Border of NH - 930D from km 19.000 to km 51.985,"Multi-States (Maharashtra, Telangana)",National Highways Authority of India [NHAI],April 2026,1,1,0.7875784880340687,0.9994698932916126,True,True,0.8935241906628406,complete,none,High,v1-equal-weight-2026-04-snapshot
1536,618844,Viluppuram Km.0.000 to Puducherry Km.29.000,"Multi-States (Puducherry, Tamil Nadu)",National Highways Authority of India [NHAI],April 2026,0,1,0.6362789104914879,0.9996355211707981,True,True,0.817957215831143,complete,none,High,v1-equal-weight-2026-04-snapshot
1537,618845,Puducherry Km.29.000 to Poondiyankuppam Km.67.000,"Multi-States (Puducherry, Tamil Nadu)",National Highways Authority of India [NHAI],April 2026,0,1,0.6901817450325594,0.999689935830979,True,True,0.8449358404317692,complete,none,High,v1-equal-weight-2026-04-snapshot
1538,618847,Sattanathapuram to Nagapattinam from Km 123.800 to Km 179.555,"Multi-States (Puducherry, Tamil Nadu)",National Highways Authority of India [NHAI],April 2026,0,1,0.7227464326732129,0.9999863136328494,True,True,0.8613663731530312,complete,none,High,v1-equal-weight-2026-04-snapshot
1539,618755,4L of left out existing road section from Lalgopalganj Km 161.450 to Nawabganj Km 180.200 in Prayagraj,"Multi-States (Rajasthan, Uttar Pradesh)",National Highways Authority of India [NHAI],April 2026,0,1,0.18589385068787417,0.2121126821972333,True,True,0.19900326644255373,complete,none,Low,v1-equal-weight-2026-04-snapshot
1540,618711,6L with access control provision Saharanpur bypass to Ganeshpur section from 13.89 Km to 41.820 Km of Delhi- Dehradun Economic Corridor package-2,"Multi-States (Uttar Pradesh, Uttarakhand)",National Highways Authority of India [NHAI],April 2026,0,1,0.49301245487371664,0.9999855204372174,True,True,0.7464989876554671,complete,none,High,v1-equal-weight-2026-04-snapshot
1541,618783,4-laning of Pilibhit - Sitarganj from Km. 32.500 to Km. 70.800 Pkg-2 of NH-30,"Multi-States (Uttar Pradesh, Uttarakhand)",National Highways Authority of India [NHAI],April 2026,0,1,0.5077372106282197,0.9987195838608244,True,True,0.7532283972445221,complete,none,High,v1-equal-weight-2026-04-snapshot
1542,618886,Road Safety Improvement of Critical Junctions on MuzaffarnagarHaridwar Section of NH-334 from Km 143000 to Km 196000,"Multi-States (Uttar Pradesh, Uttarakhand)",National Highways Authority of India [NHAI],April 2026,0,0,0.14434391896699603,0.00012723507564001973,True,True,0.07223557702131803,complete,none,Low,v1-equal-weight-2026-04-snapshot
1543,618912,Construction of Rudrapur Bypass Section from Km. 0.000 to 20.640 in the state of Uttar Pradesh & Uttarakhand,"Multi-States (Uttar Pradesh, Uttarakhand)",National Highways Authority of India [NHAI],April 2026,1,1,0.7317316972395047,0.9999985544524677,True,True,0.8658651258459862,complete,none,High,v1-equal-weight-2026-04-snapshot
1544,618928,"Improvement & Up-gradation of NH-734 Section of Moradabad-Thakurdwara Kashipur including Moradabad & Kashipur Bypasse Package-III Kashipur Bypass Length 14.490 Km., Starts from Ch. 38770 and ends at Ch. 53260 existing Ch. 05560","Multi-States (Uttar Pradesh, Uttarakhand)",National Highways Authority of India [NHAI],April 2026,0,1,0.5015544418352582,0.999991172752873,True,True,0.7507728072940656,complete,none,High,v1-equal-weight-2026-04-snapshot
1545,618969,4/6L of Spur to Haridwar Greenfield from Km. 0.000 to Km. 50.70,"Multi-States (Uttar Pradesh, Uttarakhand)",National Highways Authority of India [NHAI],April 2026,1,1,0.6325043698932302,0.9995954256004878,True,True,0.816049897746859,complete,none,High,v1-equal-weight-2026-04-snapshot
1546,619217,4L of Haridwar-Nagina section from km. 0.00 to km. 71.614 of NH-74,"Multi-States (Uttar Pradesh, Uttarakhand)",National Highways Authority of India [NHAI],April 2026,0,1,0.5703354860426453,0.9985246072018117,True,True,0.7844300466222285,complete,none,High,v1-equal-weight-2026-04-snapshot
1547,617886,Widening of existing Single lane / Intermediate lane road to 2 lane from Km 101 to Km 125 of NH 61,Nagaland,MoRTH,April 2026,0,1,0.26659696673335964,0.9681047964664635,True,True,0.6173508815999116,complete,none,Medium,v1-equal-weight-2026-04-snapshot
1548,618002,Widening of existing single lane to intermediate lane road from Mokokchung to Chare via Dikhu in the state of Nagaland on EPC mode,Nagaland,MoRTH,April 2026,0,-1,0.20828747531032285,,True,False,0.20828747531032285,partial,time_overrun_probability,Low,v1-equal-weight-2026-04-snapshot
1549,618072,Widening to Existing single lane /intermediate lane to 2 lane from Km185.00 to Km 220.00 of NH-61 New NH-02 in the state of Nagaland.,Nagaland,MoRTH,April 2026,0,1,0.09896271749356504,0.9999997188042726,True,True,0.5494812181489188,complete,none,Medium,v1-equal-weight-2026-04-snapshot
1550,618290,"Construction of 2-lane with Paved shoulder of Kohima- Bypass Road Connecting NH- 39New NH-02, NH-150New NH-02, NH-61New NH-29, NH-39New NH-02 from Design Km 32.00 to Design Km 43.454Design Length-11.454 Km in the State of Nagaland under SARDP-NE on EPC Mode Package-IV",Nagaland,NHIDCL,April 2026,0,1,0.24834067183984382,0.9999916813188486,True,True,0.6241661765793463,complete,none,Medium,v1-equal-weight-2026-04-snapshot
1551,618291,"Construction of 2-lane with Paved shoulder of Kohima-Bypass Road connecting NH- 39 New NH-02, NH150New NH-02, NH7-61 New NH-29 and NH-39 New NH-02 from Design km 21.000 to km 32.268 [Design length11.268 km] in the state of Nagaland Under SARDP-NE on EPC Mode Package- 3",Nagaland,NHIDCL,April 2026,1,1,0.5620595166635002,0.9827649520649981,True,True,0.7724122343642492,complete,none,High,v1-equal-weight-2026-04-snapshot
1552,618292,Construction of 2-Lane with paved shoulder of Kohima-Bypass Road connecting New NH-02 and New NH-29 from Design Km 10.500 to design Km 21.000 [Design Length- 10.500 km] including TUNNEL of 500m at Ch. 11.000 in the state of Nagaland Under SARDP-NE on EPC Mode Package-2,Nagaland,NHIDCL,April 2026,0,1,0.24198357754177888,0.9999857025011185,True,True,0.6209846400214487,complete,none,Medium,v1-equal-weight-2026-04-snapshot
1553,618293,"Construction of 2-Lane with paved shoulder of Kohima-Bypass Road connecting NH- 39New NH-02, NH-150New NH-02, NH-61New NH-29 and NH-39New NH-02 from design Km 0.00 to Km 10.500 in the State of Nagaland under SARDP-NE on EPC Mode Package-1 -Balance work",Nagaland,NHIDCL,April 2026,1,0,0.5009615192178324,0.2736131557344912,True,True,0.3872873374761618,complete,none,Medium,v1-equal-weight-2026-04-snapshot
1554,618296,Balance work of Construction of 2-lane with hard shoulder of Kohima - Jessami road on NH-29 old NH-150 from existing km 98.380 near Chizami vill. to km120.367 Nagaland/Manipur Border [Design km 95.700 to design km 117.200] [Design Length 21.500 km] in the state of Nagaland Under Bharatmala Pariyojna on EPC Mode Package-V under NHO,Nagaland,NHIDCL,April 2026,0,1,0.20924327500756185,0.9858456822479199,True,True,0.5975444786277408,complete,none,Medium,v1-equal-weight-2026-04-snapshot
1555,618297,Construction of 2-lane with hard shoulder of Kohima - Jessami road on NH-29 Old NH- 150 from existing Km 30.474 Near Kidwema road Chakahabama to existing Km 53.220 Near Kikruma Village Design Km 29.60 to Km 51.50 Design length-21.90 Km in the state of Nagaland Under Bharatmala Pariyojna on EPC Mode under NHO Package-II -Balance work,Nagaland,NHIDCL,April 2026,0,1,0.15752461909273147,0.9654392281029693,True,True,0.5614819235978504,complete,none,Medium,v1-equal-weight-2026-04-snapshot
1556,618328,4-Laning of Balance work of Dimapur-Kohima Road from design km 152.490 to km 166.700 Existing km 156.000 to km 172.900 Excluding Dimapur & Kohima Bypass under SARDP-NE Package-III,Nagaland,NHIDCL,April 2026,1,-1,0.5997941731600211,,True,False,0.5997941731600211,partial,time_overrun_probability,Medium,v1-equal-weight-2026-04-snapshot
1557,618329,Construction of 4/6 Laning from Km 132.375 to Km 153.058 Total New Alignment length of 20.683 Km of Daboka-Dimapur Section Dimapur Bypass Nagaland Portion of NH-36 & 39 in the State of Nagaland on EPC basis under PhaseA of SARDP-NE,Nagaland,NHIDCL,April 2026,0,1,0.20716263317838965,0.999991592696783,True,True,0.6035771129375863,complete,none,Medium,v1-equal-weight-2026-04-snapshot
1558,618364,"Widening to 2 Lane with Hard shoulder of Akegwo-Avangkhu section of NH-202K for Package-I Design Chainage 0000 Km to 34795 Km, in the State of Nagaland on EPC mode under NH O-NE",Nagaland,NHIDCL,April 2026,0,0,0.028011778690714202,0.0032882004364231886,True,True,0.015649989563568695,complete,none,Low,v1-equal-weight-2026-04-snapshot
1559,618365,Widening to 2 Lane with Hard shoulder of Akegwo-Avangkhu section of NH-202K for Package-III Design Chainage 69875 Km to 106816 Km in the State of Nagaland on EPC mode under NHO-NE,Nagaland,NHIDCL,April 2026,0,0,0.0315545081919343,0.0062744655629548285,True,True,0.018914486877444563,complete,none,Low,v1-equal-weight-2026-04-snapshot
1560,618366,Widening to 2 Lane with Hard shoulder of Akegwo-Avangkhu section of NH-202K for Package-II Design Chainage 34795 Km to 69875 Km in the State of Nagaland on EPC mode under NHO-NE,Nagaland,NHIDCL,April 2026,0,0,0.027941907116418835,0.0027400111412365052,True,True,0.01534095912882767,complete,none,Low,v1-equal-weight-2026-04-snapshot
1561,618413,Construction of 2 laning with Hard shoulder of Peren-Dimapur section on NH 129A from Design Km 146.208 to Km 163.592 Length- 17.384 km in the state of Nagaland on EPC mode under NHO-TSP Package-III,Nagaland,NHIDCL,April 2026,1,1,0.46109555872905583,0.9915796282198247,True,True,0.7263375934744403,complete,none,High,v1-equal-weight-2026-04-snapshot
1562,618414,Construction of Balance work for 2-lane with hard shoulder of Peren- Dimapur section on NH-129A from Design Km 126.775 to Km 146.208 Length 19.433 Km in the state of Nagaland on EPC mode under NHO-TSP Package-II,Nagaland,NHIDCL,April 2026,0,0,0.3201891894556049,0.013644495295951416,True,True,0.16691684237577814,complete,none,Low,v1-equal-weight-2026-04-snapshot
1563,618422,"Construction of 2-lane with hard shoulders of Merangkong-Tamlu-Mon road Wakching Twon portion on EPC basis from existing Chainage Km 59000 to Km 73640 [Design Km. 59000 to Km, 72450] Design length - 13.450 Km under SARDP-NE package-V Balance work",Nagaland,NHIDCL,April 2026,0,1,0.35512336575012093,0.9626034557732084,True,True,0.6588634107616647,complete,none,High,v1-equal-weight-2026-04-snapshot
1564,618423,Construction of 2-Lane with hard shoulders of Merangkong-Tamlu-Mon MTM Road from existing Km 20.456 to Km 41.065 Design Km. 20 to Km. 40.0 Design Length- 20.000 Km in the State of Nagaland under SARDP-NE Phase-A Pkg-2 Balance work,Nagaland,NHIDCL,April 2026,0,1,0.3619100710249684,0.9979562554255565,True,True,0.6799331632252625,complete,none,High,v1-equal-weight-2026-04-snapshot
1565,619059,Construction of 2-Lane with hard shoulders of Merangkong-Tamlu-Mon Road on EPC Basis from existing road Km. 76.640 to Km 98.065 Design chainage Km. 63.800 to Km. 86.835 Design Length-23.035 Km in the state of Nagaland under SARDP-NE PKG-IV Balance work,Nagaland,NHIDCL,April 2026,0,1,0.2982434308521813,0.9893325905606473,True,True,0.6437880107064142,complete,none,Medium,v1-equal-weight-2026-04-snapshot
1566,617898,New construction of Major Bridge with Approaches from Km 0.000 to 1.200 Madhopur -Badabanta section of NH-20 under NHO in Annual Plan 2022-23 in the State of Odisha,Odisha,MoRTH,April 2026,0,0,0.06786430204842882,0.0003452934181455461,True,True,0.03410479773328718,complete,none,Low,v1-equal-weight-2026-04-snapshot
1567,617899,Widening and Strengthening to 4LPS/2LPS from km 0.000 to 35.800 Kuakhia - Mangalpur section of NH 20 in the state of Odisha on Annual Plan 2021-22,Odisha,MoRTH,April 2026,0,1,0.11929248710137207,0.9940190434831946,True,True,0.5566557652922833,complete,none,Medium,v1-equal-weight-2026-04-snapshot
1568,617902,construction or By-pass road on NH-26 for Nabrangpur Town,Odisha,MoRTH,April 2026,0,0,0.05381744769754926,0.00032407956651102436,True,True,0.02707076363203014,complete,none,Low,v1-equal-weight-2026-04-snapshot
1569,617904,Construction of Bypass road to Balangir town from km 72/400 Desing km 0/0 to km 79/800 Design km 11/670 of NH-26 in the State of Odisha.,Odisha,MoRTH,April 2026,0,1,0.18709923819815139,0.9984273860423506,True,True,0.592763312120251,complete,none,Medium,v1-equal-weight-2026-04-snapshot
1570,617905,Construction of 4 lane ROB with approaches in lieu of LC No. RV-172 at km 176.00 of NH-201 present NH-26 at Kesinga including land acquisition in the state of Odisha on EPC mode under Annual Plan 2021-22,Odisha,MoRTH,April 2026,0,1,0.07636045368201205,0.9993717363932256,True,True,0.5378660950376188,complete,none,Medium,v1-equal-weight-2026-04-snapshot
1571,617920,Widening and Strengthening to 2LPS including LA from km 318.970 to 353.450 Balikuda-Mulkani Section of NH-55 under NHO in Annual Plan 2022-23 in the State of Odisha. Job No. NH-55-OD-2022-23-656,Odisha,MoRTH,April 2026,0,0,0.12466296882364863,0.010118263474873558,True,True,0.06739061614926109,complete,none,Low,v1-equal-weight-2026-04-snapshot
1572,617921,Widening and strengthening to 2LPS including LA of Kandarpur-Balikuda from km 277/500 to 318/970 of NH-55 in the State of Odisha under Annual Plan 2021-22.,Odisha,MoRTH,April 2026,0,1,0.08901446272080793,0.9986097453332554,True,True,0.5438121040270316,complete,none,Medium,v1-equal-weight-2026-04-snapshot
1573,617922,Construction of Jharsuguda Bypass including Land acqusition on NH-49 from km 258.636 to km 283.300 design chainage 258.636 to km 289.876 under NHO in Annual Plan 2022-23 for the state of Odisha Job No.NH-49-OD-2022-23-655,Odisha,MoRTH,April 2026,0,0,0.13943108788766603,0.00958599656303479,True,True,0.07450854222535042,complete,none,Low,v1-equal-weight-2026-04-snapshot
1574,617923,Construction of Daspalla Bypass from km 195.250 To 200.635 of NH-57 including land acquisition in the state of Odisha on EPC mode under Annual Plan 2022-23.,Odisha,MoRTH,April 2026,0,0,0.06987776956405932,0.00013094703330972904,True,True,0.03500435829868452,complete,none,Low,v1-equal-weight-2026-04-snapshot
1575,617924,Construction of bypass to Nayagarh town from km 235.469 to 252.482 of NH-57 including land acquisition in the state of Odisha.,Odisha,MoRTH,April 2026,0,1,0.05657550472896049,0.999969353213647,True,True,0.5282724289713038,complete,none,Medium,v1-equal-weight-2026-04-snapshot
1576,617925,Construction of Bypass to Khordha town from Km 294/000 to 300/300 on NH-57 including LA in the State of Odisha on EPC mode.,Odisha,MoRTH,April 2026,0,1,0.1142766758125055,0.9914920553901514,True,True,0.5528843656013285,complete,none,Medium,v1-equal-weight-2026-04-snapshot
1577,617930,Construction of Bypass on NH-59 from Km 336/350 to 349/910 13.56 km near Berhampur town including 4-lane RoB in the state of Odisha.,Odisha,MoRTH,April 2026,0,1,0.11641603475212561,0.2796308217676881,True,True,0.19802342825990688,complete,none,Low,v1-equal-weight-2026-04-snapshot
1578,618003,Construction of four lane ROB and its approaches in lieu of existing Level Crossing No. RV-71 at km 435 on NH-217 New NH-353 at Khariar including land acquisition under NHO in Annual Plan 2021-22 for the state of Odisha for F.Y. 2021-22 to F.Y 2033-34,Odisha,MoRTH,April 2026,0,1,0.15181985010838805,0.9983545438724628,True,True,0.5750871969904254,complete,none,Medium,v1-equal-weight-2026-04-snapshot
1579,618012,"Widening & strengthenlng to 2LPS from km 0,000 to 40.000 Dhaugaon- Podamari section of NH 326 in the State of Odisha under Annual Plan 2021.22.",Odisha,MoRTH,April 2026,0,1,0.11444110910933687,0.9942465999130582,True,True,0.5543438545111975,complete,none,Medium,v1-equal-weight-2026-04-snapshot
1580,618079,Construction of Dharmagarh Bypass on NH-130C including land acquisition in the state of Odisha on EPC Mode under Annual plan 2022-23.,Odisha,MoRTH,April 2026,0,0,0.0399462302041526,0.0003400478720997216,True,True,0.02014313903812616,complete,none,Low,v1-equal-weight-2026-04-snapshot
1581,618122,Widening to 2 lane with paved shoulded of Jareikela Jharkhand/Odisha Border - Dhabaleswar section from 0/0 to 36/0 of NH-320D in the State of Odisha under Annual Plan 2021-22.,Odisha,MoRTH,April 2026,0,0,0.12287881551898057,0.0009424118600205651,True,True,0.061910613689500564,complete,none,Low,v1-equal-weight-2026-04-snapshot
1582,618523,Bhadrak KM 136.500 to Baleshwar KM 199.141,Odisha,National Highways Authority of India [NHAI],April 2026,1,1,0.801102797467823,0.9999426565947561,True,True,0.9005227270312895,complete,none,High,v1-equal-weight-2026-04-snapshot
1583,618591,"Construction of 6-lane flyover at Ainthapali junction and a 2-lane ROB LHS on NH-53 Earlier NH-6 in Sambalpur, on EPC mode in Odisha under NHO",Odisha,National Highways Authority of India [NHAI],April 2026,0,0,0.12982843066119035,0.0010916175272227561,True,True,0.06546002409420655,complete,none,Low,v1-equal-weight-2026-04-snapshot
1584,618592,"Balance work of 8 nos. of Elephant Underpasses EUPs, 1 no. of Vehicular Underpass VUP, 1 nos. of Light Vehicular Underpass LVUP, 1 nos. of Pedestrian Underpass PUP, 1 nos. of Foot Over Bridge FOB and A2 side approach of Jharpokharia Flyover at Km.215.270 in Baharagora-Singhara section of NH-49",Odisha,National Highways Authority of India [NHAI],April 2026,0,1,0.2277278870889507,0.9994811892716688,True,True,0.6136045381803098,complete,none,Medium,v1-equal-weight-2026-04-snapshot
1585,618593,Balance work of Rehabilitation and Upgradation to four laning of Baharagora Singhara section of NH-49 from Km.229.727 to Km.238.990 Length 9.263 Km. including construction of five nos. of Elephant Underpasses EUP and fourteen nos. of Animal Underpasses AUP inside the buffer zone of Similipal Tiger Reserve Area in Bangriposi Ghat section in the State of Odisha on EPC Mode,Odisha,National Highways Authority of India [NHAI],April 2026,0,0,0.1311724175412892,9.639163968188283e-05,True,True,0.06563440459048554,complete,none,Low,v1-equal-weight-2026-04-snapshot
1586,618677,6L Greenfield Kaliagura Baunsaguar Section of NH-130-CD Road from km 249000 to km 293000 Package OD-5,Odisha,National Highways Authority of India [NHAI],April 2026,1,1,0.860558883337399,0.9999961127220045,True,True,0.9302774980297017,complete,none,High,v1-equal-weight-2026-04-snapshot
1587,618678,6L Greenfield Baunsaguar - Baraja Section of NH-130-CD Road from km 293000 to km 338500 Package OD-6,Odisha,National Highways Authority of India [NHAI],April 2026,1,1,0.8791072157433543,0.9999980824325052,True,True,0.9395526490879298,complete,none,High,v1-equal-weight-2026-04-snapshot
1588,618680,6L Greenfield Kandili - Aluru Section of NH-130-CD Road from km 342500 to km 365033 Package-OD-8,Odisha,National Highways Authority of India [NHAI],April 2026,1,1,0.7675157314871994,0.9999774546455147,True,True,0.8837465930663571,complete,none,High,v1-equal-weight-2026-04-snapshot
1589,618704,6L Flyover including RE Wall approaches with Flexible Pavement in the Elephant Corridor of Angul Sambalpur Section of NH-42 New NH-55 Km.202.533,Odisha,National Highways Authority of India [NHAI],April 2026,0,0,0.3538615004530214,0.05509820799123487,True,True,0.20447985422212814,complete,none,Low,v1-equal-weight-2026-04-snapshot
1590,618705,"4L Godibandha to Ballhar Chhak, Ballhar Chhak to Banarpal & Banarpal to Start of Angul bypass at Km.314.130 to Km.321.035 of NH53, at Km.75.200 to Km.84.000 of NH149 & at Km.84.000 to Km.86.100 of NH55",Odisha,National Highways Authority of India [NHAI],April 2026,0,0,0.28608397086819104,0.0003831716196766132,True,True,0.14323357124393382,complete,none,Low,v1-equal-weight-2026-04-snapshot
1591,618819,Balance work of Panikoili Rimoli Section of new NH-20 from Km 0.00 to Km. 163.000,Odisha,National Highways Authority of India [NHAI],April 2026,1,1,0.5882932530114241,0.9997220035790887,True,True,0.7940076282952564,complete,none,High,v1-equal-weight-2026-04-snapshot
1592,618820,Rehabilitation and Up gradation from 4 to 8 laning of Chandikhole Paradip Section of NH-53 Old NH 5A from Km.39.000 to Km.60.00 Package-3,Odisha,National Highways Authority of India [NHAI],April 2026,1,1,0.5581433692173008,0.9999924388653374,True,True,0.7790679040413191,complete,none,High,v1-equal-weight-2026-04-snapshot
1593,618821,Rehabilitation and Up gradation from 4 to 8 laning of Chandikhole Paradip Section of NH-53 Old NH 5A from Km 18.00 to Km 39.00 in the State of Odisha on HAM mode Package-2,Odisha,National Highways Authority of India [NHAI],April 2026,1,1,0.6073959648722452,0.999990849876229,True,True,0.8036934073742371,complete,none,High,v1-equal-weight-2026-04-snapshot
1594,618822,Rehabilitation and Up gradation from 4 to 8 laning of Chandikhole Paradip Section of NH-53 Old NH 5A from Km.0.00 to Km.18.00Package-1,Odisha,National Highways Authority of India [NHAI],April 2026,0,1,0.5345583318009693,0.999990849876229,True,True,0.7672745908385992,complete,none,High,v1-equal-weight-2026-04-snapshot
1595,618908,3L Major Bridge over River Brahmani at Km. 401.250 Duburi - Chandikhole Section of NH-200 New NH -53,Odisha,National Highways Authority of India [NHAI],April 2026,0,1,0.3446983195371859,0.9957010855643766,True,True,0.6701997025507813,complete,none,High,v1-equal-weight-2026-04-snapshot
1596,618913,4-L of Rajamunda to Barkote Section of NH-23 from km. 287.200 to km. 337.185,Odisha,National Highways Authority of India [NHAI],April 2026,1,1,0.7807192155242221,0.9999654104136135,True,True,0.8903423129689179,complete,none,High,v1-equal-weight-2026-04-snapshot
1597,619075,6L of Bhubaneswar - Jagatpur - Chandikhole Section of NH-16,Odisha,National Highways Authority of India [NHAI],April 2026,0,1,0.5962410903354892,0.9999841814328255,True,True,0.7981126358841574,complete,none,High,v1-equal-weight-2026-04-snapshot
1598,619109,6L of Badakumari - Karki Section from Km 179.000 to km 226.500 of NH-130-CD Package OD-3,Odisha,National Highways Authority of India [NHAI],April 2026,1,1,0.8971131980696688,0.9999993964157329,True,True,0.9485562972427009,complete,none,High,v1-equal-weight-2026-04-snapshot
1599,619118,Four Laning of Angul to Sambalpur from Km.112.000 to Km.265.000,Odisha,National Highways Authority of India [NHAI],April 2026,1,1,0.8950707814928732,0.9999701892911308,True,True,0.9475204853920021,complete,none,High,v1-equal-weight-2026-04-snapshot
1600,619119,Cuttack-Angul Section of NH-42 New NH-55 from km 0.400 to km 60.200 Pkg-I in the State of Odisha,Odisha,National Highways Authority of India [NHAI],April 2026,1,1,0.881470873805841,0.9999971839156143,True,True,0.9407340288607277,complete,none,High,v1-equal-weight-2026-04-snapshot
1601,619157,4 Laning of Talcher to end of Kamakhyanagar Bypass km 8.844 - km 15.725 of NH- 149 and km 301.875 - km 335.946 of NH-53 Pkg-I,Odisha,National Highways Authority of India [NHAI],April 2026,1,1,0.9182066132062344,0.999971160085708,True,True,0.9590888866459713,complete,none,High,v1-equal-weight-2026-04-snapshot
1602,619158,4 Laning of Duburi Chandikhole from km 388.376 to km 428.074 Pkg-III,Odisha,National Highways Authority of India [NHAI],April 2026,1,1,0.8974667882694891,0.9984135519218338,True,True,0.9479401700956614,complete,none,High,v1-equal-weight-2026-04-snapshot
1603,619181,Rehabilitation and Up gradation from 4 to 8 laning of Chandikhole Paradip Section of NH-53 Old NH 5A from Km.60.000 to Km.76.646 Package-4,Odisha,National Highways Authority of India [NHAI],April 2026,1,1,0.6516470346057711,0.8457356055054215,True,True,0.7486913200555962,complete,none,High,v1-equal-weight-2026-04-snapshot
1604,619213,6L of Hatibena - Badakumari Section from Km 146.50 to km 179.00 of NH-130-CD Package OD-2,Odisha,National Highways Authority of India [NHAI],April 2026,1,1,0.8479173370003545,0.9999936536229416,True,True,0.923955495311648,complete,none,High,v1-equal-weight-2026-04-snapshot
1605,619215,Cuttack-Angul Section of NH-42 New NH-55 from Km.60.200 to Km. 112.000 Pkg-II in the State of Odisha,Odisha,National Highways Authority of India [NHAI],April 2026,1,1,0.868013295358724,0.9999972183431078,True,True,0.9340052568509158,complete,none,High,v1-equal-weight-2026-04-snapshot
1606,618010,Development to 4-lane with paved shoulder for the road section Talwandi Sabo- Raman road to refinery Road junction with Bathinda Dabwali Road of NH-254 from existing Km 131.600 to Km 155.650 Design Km 131600 to km 155600 in the State of Punjab. Job No NH-254-PB-2022-23-565,Punjab,MoRTH,April 2026,0,0,0.1192852279680849,0.0006747236301125637,True,True,0.05997997579909873,complete,none,Low,v1-equal-weight-2026-04-snapshot
1607,618023,Work of Widening/upgradation of 2-Lane with paved shoulder of Sri Muktsar Sahib to Malout road from Km 279.400 to Km 307.060 section of NH-354 in the State of Punjab on EPC mode. Job No. NH-354-PB-2021-22-555,Punjab,MoRTH,April 2026,0,1,0.2267070001300711,0.9991292816212375,True,True,0.6129181408756543,complete,none,Medium,v1-equal-weight-2026-04-snapshot
1608,618024,Up-gradation to two lane with paved shoulder configuration of NH-354 Section Arifkes- Ferozepur-Muktsar-Malaut from Km 201.500 to Km 212.500 & Km 229.690 to Km 269.960 and strengthening of existing pavement from Km 212.500 to Km 229.690 excluding Km 218.500 to 223.690 of NH-354 on EPC Mode in the State of Punjab. Job No. NH-354-PB-2020-21-532,Punjab,MoRTH,April 2026,0,1,0.2364705418659074,0.9998407037165077,True,True,0.6181556227912075,complete,none,Medium,v1-equal-weight-2026-04-snapshot
1609,618487,Delhi-Amritsar-Katra Expressway Phase-I Pkg-VII from Junction with Patiala-Bathinda road NH-7 near Bhawanigarh to Junction with Ludhiana-Malerhkotla SH-11 near Bhogiwal village Km 188830 to km 225770,Punjab,National Highways Authority of India [NHAI],April 2026,1,1,0.8282643090876767,0.9993317524773875,True,True,0.9137980307825321,complete,none,High,v1-equal-weight-2026-04-snapshot
1610,618488,Delhi-Amritsar-Katra Expressway Phase-I Pkg-VIII from Junction with Ludhiana- Malerkotla SH-11 near Bhogiwal village to Junction with Ludhiana-Moga road NH-5 near Mullanpur Dakha Km 225770 to km 260860,Punjab,National Highways Authority of India [NHAI],April 2026,1,-1,0.7855473325430019,,True,False,0.7855473325430019,partial,time_overrun_probability,High,v1-equal-weight-2026-04-snapshot
1611,618489,Delhi-Amritsar-Katra Expressway Phase-I Pkg-IX from Junction with Ludhiana-Moga road NH-5 near Mullanpur Dakha to Junction with Jalandhar - Moga road NH-703 near Kang Sahibu village Km 260860 to km 303900,Punjab,National Highways Authority of India [NHAI],April 2026,1,1,0.82536058555139,0.9997325402501044,True,True,0.9125465629007472,complete,none,High,v1-equal-weight-2026-04-snapshot
1612,618490,Delhi-Amritsar-Katra Expressway Phase-I Pkg-X from Jn. with Jalandhar - Moga road NH-703 to Jn. with Jalandhar-Kapurthala road NH-703A and to Jn. with Kapurthala - Sultanpur Lodhi road NH-703A km 000 to km 24000 to Amritsar connectivity,Punjab,National Highways Authority of India [NHAI],April 2026,0,1,0.6728441481830219,0.9999225318906761,True,True,0.836383340036849,complete,none,High,v1-equal-weight-2026-04-snapshot
1613,618491,Delhi-Amritsar-Katra Expressway Phase-I Pkg-XI from Junction with Jalandhar - Kapurthala road NH-703A near khojewal village to Junction with Amritsar-Mehta- SriHargobindpur-Tanda road NH-503A near SriHargobindpur Km 319400 to km 362420,Punjab,National Highways Authority of India [NHAI],April 2026,1,-1,0.8854327658995278,,True,False,0.8854327658995278,partial,time_overrun_probability,High,v1-equal-weight-2026-04-snapshot
1614,618492,Delhi-Amritsar-Katra Expressway Phase-I Pkg-XII from Junction with Amritsar-Mehta- SriHargobindpur-Tanda road NH-503A near SriHargobindpur to Junction with Pathankot-Gurdaspur road NH-54 near Gurdaspur Km 362420 to km 397700,Punjab,National Highways Authority of India [NHAI],April 2026,0,1,0.9371629167329216,0.984784280708956,True,True,0.9609735987209388,complete,none,High,v1-equal-weight-2026-04-snapshot
1615,618493,Delhi-Amritsar-Katra Expressway Phase-I Spur-I from Jn. with Kapurthala - Sultanpur Lodhi Road NH-703A near Isharwal village to Jn. with Kapurthala - Tarn Taran road NH-703AA near Goinwal Sahib [Km 24000 to Km 41000 of Amritsar connectivity],Punjab,National Highways Authority of India [NHAI],April 2026,0,1,0.6189534889929067,0.9967882690895988,True,True,0.8078708790412528,complete,none,High,v1-equal-weight-2026-04-snapshot
1616,618551,Greenfield connectivity from Govindsar village on Delhi Amritsar Katra Expressway to Talwara village on NH-44 Pathankot by-pass,Punjab,National Highways Authority of India [NHAI],April 2026,1,0,0.521497938020321,0.0001359558461179451,True,True,0.26081694693321944,complete,none,Low,v1-equal-weight-2026-04-snapshot
1617,618552,Development of 6L Greenfield Jalandhar Bypass starting from Kahlwan NH-03 ending at Kang Sahbu NH-703 via Sarmastpur NH-44 - Madara NH-03 - Khajurla NH-44,Punjab,National Highways Authority of India [NHAI],April 2026,1,1,0.9453339109986217,0.9999891758796752,True,True,0.9726615434391485,complete,none,High,v1-equal-weight-2026-04-snapshot
1618,618610,6L of Jodhpur Romana Bathinda - Mandi Dabwali Punjab Haryana Border section of NH-54 from km. 0.000 to km. 27.400 of NH-54,Punjab,National Highways Authority of India [NHAI],April 2026,1,1,0.8663966951645699,0.9997780661992984,True,True,0.9330873806819342,complete,none,High,v1-equal-weight-2026-04-snapshot
1619,618617,6L Amritsar-Bathinda Greenfield section from village Tiba on NE-5A to Jn. with Moga Jalandhar road NH-703 near Dharamkot from km 0.000 to km 39.000 of NH-754A Pkg-1,Punjab,National Highways Authority of India [NHAI],April 2026,1,1,0.9351033828974096,0.9999989216620826,True,True,0.9675511522797461,complete,none,High,v1-equal-weight-2026-04-snapshot
1620,618618,6L Amritsar-Bathinda Greenfield section from Jn. with Bhagta Bhai Ka-Bhadaur Road near Dyalpura Bhai Ka to Jn. with Mandi Dabwali Bathinda Road on NH-54 near Sangat Kalan from km 93.000 to km 154.866 of NH-754A Pkg-3,Punjab,National Highways Authority of India [NHAI],April 2026,1,0,0.8823789797376737,0.9733270685112015,True,True,0.9278530241244376,complete,none,High,v1-equal-weight-2026-04-snapshot
1621,618647,6L Access Controlled Ludhiana-Bathinda Greenfield highway from Jn. with Amritsar- Bathanda Greenfield Road NH-754A near Rampura Phul to Jn. with Moga-Barnala Road NH-703 near village Tallewal from Km 0.0 to Km 30.3 of NH-754AD Pkg-1,Punjab,National Highways Authority of India [NHAI],April 2026,1,1,0.874635683242197,0.9999305605402896,True,True,0.9372831218912433,complete,none,High,v1-equal-weight-2026-04-snapshot
1622,618764,Moga - Bagha Purana - Bajakhana from km. 0.00 to km. 43.32,Punjab,National Highways Authority of India [NHAI],April 2026,1,1,0.9028614774598006,0.9999405182599359,True,True,0.9514009978598683,complete,none,High,v1-equal-weight-2026-04-snapshot
1623,618776,4L of Greenfield section from Sirhind to Mohali,Punjab,National Highways Authority of India [NHAI],April 2026,1,1,0.8820783865480989,0.9999984080024245,True,True,0.9410383972752616,complete,none,High,v1-equal-weight-2026-04-snapshot
1624,618785,4/6L Greenfield LudhianaRupnagar highway from Jn. with NE-5 village near to ManewalLudhiana to Jn. with NH-205 near Bheora Village Rupnagar from Km 66.0 to Km 91.0 i/c spur to Kharar from Km 0.0 to Km 19.5 with Ludhiana bypass of NH-205K Pkg-3,Punjab,National Highways Authority of India [NHAI],April 2026,1,1,0.9133954820483354,0.9999957629111529,True,True,0.9566956224797442,complete,none,High,v1-equal-weight-2026-04-snapshot
1625,618786,4L of Phagwara - Hoshiarpur,Punjab,National Highways Authority of India [NHAI],April 2026,1,1,0.6452258674557484,0.9496925508125285,True,True,0.7974592091341384,complete,none,High,v1-equal-weight-2026-04-snapshot
1626,618793,4L of Fazilka to Abohar section of NH-07 including construction of Greenfield Abohar & Fazilka Bypasses,Punjab,National Highways Authority of India [NHAI],April 2026,1,1,0.7102877272634385,0.9999798329691993,True,True,0.8551337801163189,complete,none,High,v1-equal-weight-2026-04-snapshot
1627,618794,Amritsarairport Junction - Ramdas from km. 100.835 to km. 139.813 Pkg - IV,Punjab,National Highways Authority of India [NHAI],April 2026,0,1,0.5003847335022702,0.9999932317604387,True,True,0.7501889826313545,complete,none,High,v1-equal-weight-2026-04-snapshot
1628,618795,Amritsar Bypass Pkg III from km. 71.496 to km. 105.158,Punjab,National Highways Authority of India [NHAI],April 2026,0,1,0.9056716679910066,0.9999968923505166,True,True,0.9528342801707617,complete,none,High,v1-equal-weight-2026-04-snapshot
1629,618809,4L of Beas-Mehta-Batala-Dera Baba Nanak from intersection with Jalandhar-Amritsar Highway NH-3 near Beas till start of Batala Bypass near Village Acchhal from Km. 0.000 to Km. 31.300 Pkg-1,Punjab,National Highways Authority of India [NHAI],April 2026,1,1,0.8125805886661608,0.999777458585158,True,True,0.9061790236256594,complete,none,High,v1-equal-weight-2026-04-snapshot
1630,618810,4L of existing Beas Baba Bakala - Dera Baba Nanak Section from start of Batala Bypass till intersection with Ajnala Gurdaspur Highway NH 354 near Dera Baba Nanak from Km. 31.300 to Km. 69.100 with Additional batala Bypass Pkg-II,Punjab,National Highways Authority of India [NHAI],April 2026,0,1,0.8044317319484203,0.9999994273462418,True,True,0.902215579647331,complete,none,High,v1-equal-weight-2026-04-snapshot
1631,618906,4L of Amritsar-Ghoman - Tanda - Una Section from Km 8.270 to Km 54.000 of NH- 503A Package-I,Punjab,National Highways Authority of India [NHAI],April 2026,1,1,0.7918472681454322,0.9999787414636658,True,True,0.8959130048045489,complete,none,High,v1-equal-weight-2026-04-snapshot
1632,619099,6L Amritsar-Bathinda Greenfield section from Jn. with Moga Jalandhar road NH-703 near Dharamkot to Jn. with Bhagta Bhai Ka-Bhadaur Road near Dyalpura Bhai Ka from km 39.000 to km 93.000 of NH-754A Pkg-2,Punjab,National Highways Authority of India [NHAI],April 2026,1,1,0.9359903537566729,0.9651283650254076,True,True,0.9505593593910402,complete,none,High,v1-equal-weight-2026-04-snapshot
1633,619105,6L Access Controlled Ludhiana-Bathinda Greenfield highway from Jn. with Moga- Barnala Road NH-703 near village Tallewal to Jn. with Delhi-Katra Expressway NE-5 near Ludhiana village Ballowal from Km 30.300 to Km 75.543 of NH-754AD Pkg-2,Punjab,National Highways Authority of India [NHAI],April 2026,1,0,0.8790290518041054,0.004097894967264993,True,True,0.4415634733856852,complete,none,Medium,v1-equal-weight-2026-04-snapshot
1634,619200,Delhi-Amritsar-Katra Expressway Phase-I Spur-III from Junction with Amritsar- Jalandhar road NH-3 near Bhishambarpura to Junction with Amritsar-Anjala road NH- 354 near Amritsar Airport [Km 71000 to Km 99000 of Amritsar connectivity],Punjab,National Highways Authority of India [NHAI],April 2026,1,1,0.9509865929188315,0.9999976641632863,True,True,0.9754921285410589,complete,none,High,v1-equal-weight-2026-04-snapshot
1635,619318,4/6L Greenfield Ludhiana Rupnagar highway from Jn. with NE-5 village near to ManewalLudhiana to Jn. with NH-205 near Bheora Village Rupnagar from Km. 0.00 to Km. 37.7 including spur to Kharar with Ludhiana bypass of NH-205K Pkg-1,Punjab,National Highways Authority of India [NHAI],April 2026,1,1,0.9225992926995182,0.9999997016543007,True,True,0.9612994971769095,complete,none,High,v1-equal-weight-2026-04-snapshot
1636,617887,Beawer Gomti 4LPS from km 58.245 to km 108.600 Pkg-I,Rajasthan,MoRTH,April 2026,0,1,0.11423349261823629,0.9999367522744987,True,True,0.5570851224463675,complete,none,Medium,v1-equal-weight-2026-04-snapshot
1637,617891,"Construction of Two lane with Paved Shoulder for Fatehpur Bypass Design Km 0.000 to Km 7.400 , Mandawa Bypass Design Km 20.925 to Km 27.300 & Jhunjhunu Bypass Design Km 41.625 to Km 54.689 of NH-11 on EPC Mode in the state of Rajasthan .",Rajasthan,MoRTH,April 2026,0,1,0.08229472141644342,0.9999207543110189,True,True,0.5411077378637311,complete,none,Medium,v1-equal-weight-2026-04-snapshot
1638,617900,Upgradation to Two Lane Paved Shoulder in km 33/0 to 126/520 of NH-23 Old NH- 11B Kothun-Lalsot-Karoli-Dholpur road in the state of Rajasthan under EPC mode Length-93.52 Km.,Rajasthan,MoRTH,April 2026,0,1,0.2986929580717372,0.997871996168031,True,True,0.6482824771198841,complete,none,Medium,v1-equal-weight-2026-04-snapshot
1639,617901,Widening of Pachpadra-Bagundi Section to 4 Lane from Km 73/60 to 95/70 of NH-25 on EPC mode in the state of Rajasthan.,Rajasthan,MoRTH,April 2026,0,1,0.08608693622467335,0.9999888430645145,True,True,0.543037889644594,complete,none,Medium,v1-equal-weight-2026-04-snapshot
1640,618011,Construction of 2 lane with paved shoulder for the work of Development of remaining sections of NH-325 Balotra to sanderao via Jalore to 2 lane with paved shoulder configuration by Construction of Byasses for town portions1 Asotra- Brahmdham bypass 2Siwana Bypass 3 Mokalsar Bypass 4 Major realignment at Kathadi 5 Major realignment at Bishangarh 6 Jalore Bypass 7 Ahore Town portion 8 Dujana Bypass in the state of Rajasthan on EPC Mode,Rajasthan,MoRTH,April 2026,0,1,0.08525711386708996,0.9987690671210475,True,True,0.5420130904940688,complete,none,Medium,v1-equal-weight-2026-04-snapshot
1641,618069,Upgradation to Two-lane with paved shoulder of Hanumangarh to Kenchiyan section from Km 0.000existing chainage-Km 23.200 to Km 49.605existing chainage-Km 74.645 of NH-54 in the State of Rajasthan on EPC mode.,Rajasthan,MoRTH,April 2026,0,0,0.11110051518200162,0.0047307072763174245,True,True,0.057915611229159523,complete,none,Low,v1-equal-weight-2026-04-snapshot
1642,618092,Up-gradation to 2 lane with paved shoulder from Neechli Oden Nathdwara at Design Km 88.800 existing km 55.95 to Bhatewar at Design Km 142.028 existing km 0.00 of NH-162E in the State of Rajasthan on EPC mode.,Rajasthan,MoRTH,April 2026,0,0,0.0368702381180285,0.00025751868528831365,True,True,0.018563878401658407,complete,none,Low,v1-equal-weight-2026-04-snapshot
1643,618093,Up-gradation to 2 lane with Paved shoulder from Charbhuja at Design km 0.00 existing km 150.00 to Neechli Oden Nathdwara at Design ch. Km 88.800 existing km 55.950 of NH-162E on EPC mode.,Rajasthan,MoRTH,April 2026,0,-1,0.09714253925699202,,True,False,0.09714253925699202,partial,time_overrun_probability,Low,v1-equal-weight-2026-04-snapshot
1644,618117,Upgradation to 2-Lane with Paved Shoulder from Design Km 36300 to Design Chainage 47918 and from Design Ch 69900 to Design Ch 83940 of NH-248A Natni Ka Bara in the State of Rajasthan on EPC Mode.,Rajasthan,MoRTH,April 2026,0,0,0.08068009641559247,0.0041514821658960865,True,True,0.04241578929074428,complete,none,Low,v1-equal-weight-2026-04-snapshot
1645,618118,Upgradation of two lane paved shoulder from Shahpura existing km. 0.00 Design Ch. 000 to Thanagazi existing Km.37352 Design Ch. 36810 of NH-248A on EPC mode in the State of Rajasthan.,Rajasthan,MoRTH,April 2026,0,1,0.1129335569867322,0.9961726770602237,True,True,0.554553117023478,complete,none,Medium,v1-equal-weight-2026-04-snapshot
1646,618200,Construction of 2 lane with Paved Shoulder for Northern Bypass Phase-II of Kota city in the State of Rajasthan.,Rajasthan,MoRTH,April 2026,0,1,0.048573817709259975,0.9999964660842212,True,True,0.5242851418967406,complete,none,Medium,v1-equal-weight-2026-04-snapshot
1647,618235,Balance work of Rehabilitation and Up-gradation to 4-Lane configuration of Ras- Beawar Section Km 00.000 to km 30.050 of NH-158 in the State of Rajasthan under Green National Highway Corridor Project GNHCP.,Rajasthan,MoRTH,April 2026,0,0,0.052213680758481394,0.006939469642103985,True,True,0.02957657520029269,complete,none,Low,v1-equal-weight-2026-04-snapshot
1648,618456,Delhi-Vadodara Greenfield Alignment NH-148N Pkg-14 Ch. 388.420 to Ch. 419.000 [Junction with NH- 76 to Junction with NH-12 near village Ummedpura],Rajasthan,National Highways Authority of India [NHAI],April 2026,1,1,0.5928394130351461,0.9999785588475854,True,True,0.7964089859413657,complete,none,High,v1-equal-weight-2026-04-snapshot
1649,618457,Delhi-Vadodara Greenfield Alignment NH-148N Pkg-10 Ch. 292.950 to Ch. 319.400 [End of Interchange on NH-166 near village Mui to Hardeoganj village near Indergarh],Rajasthan,National Highways Authority of India [NHAI],April 2026,0,1,0.5158324041747627,0.9996452533721227,True,True,0.7577388287734428,complete,none,High,v1-equal-weight-2026-04-snapshot
1650,618458,Delhi-Vadodara Greenfield Alignment NH-148N Pkg-15 Ch. 419.000 to Ch.427.300 [Junction with NH-12 near village Ummedpura to Major bridge over Takli river near Nayagaon Jageer village],Rajasthan,National Highways Authority of India [NHAI],April 2026,0,1,0.53914519466969,0.999967072806567,True,True,0.7695561337381285,complete,none,High,v1-equal-weight-2026-04-snapshot
1651,618611,Sangariya near Chautala-Rasisar near Bikaner section of NH-754K Phase-I AJ/SR- Package-7,Rajasthan,National Highways Authority of India [NHAI],April 2026,1,1,0.6863959856493891,0.9999815990730548,True,True,0.843188792361222,complete,none,High,v1-equal-weight-2026-04-snapshot
1652,618612,Deogarh near Dhandhaniya-Rajasthan/Gujarat Border Phase-I AJ/DRGB-Package-6,Rajasthan,National Highways Authority of India [NHAI],April 2026,0,1,0.6241176136932338,0.9997109009201691,True,True,0.8119142573067015,complete,none,High,v1-equal-weight-2026-04-snapshot
1653,618613,Deogarh near Dhandhaniya-Rajasthan/Gujarat Border Phase-I AJ/DRGB-Package-7,Rajasthan,National Highways Authority of India [NHAI],April 2026,0,1,0.6025959271821804,0.9991056819364958,True,True,0.8008508045593381,complete,none,High,v1-equal-weight-2026-04-snapshot
1654,618757,6L access controlled Highway from Km 40080 to Km 86513 Mator to Barodameo Section,Rajasthan,National Highways Authority of India [NHAI],April 2026,0,1,0.31938810753343255,0.9983199903040563,True,True,0.6588540489187444,complete,none,High,v1-equal-weight-2026-04-snapshot
1655,618758,6L accesscontrolled highway from km 0000 to km 40080 Paniyala to Mator Section of Paniyala-Barodameo ICR,Rajasthan,National Highways Authority of India [NHAI],April 2026,0,0,0.35760453631975087,0.5089999040821728,True,True,0.4333022202009618,complete,none,Medium,v1-equal-weight-2026-04-snapshot
1656,618796,Tanot -Ramgarh-Bhadasar-Jaisalmer NH-68 and BhadasarMokal-Sarkaritala up to Pakisthan Border NH-968 Pkg-BM/5,Rajasthan,National Highways Authority of India [NHAI],April 2026,1,1,0.7184520725159331,0.9999882114090085,True,True,0.8592201419624708,complete,none,High,v1-equal-weight-2026-04-snapshot
1657,618797,Mayjilar Jaisalmer with Jaisalmer Bypass Link Road Section of NH-11 Part of BM-7 & Sundra Myajilar Ambsingh ki Dhani Road part of Munabao Tanot project NH-70,Rajasthan,National Highways Authority of India [NHAI],April 2026,0,0,0.18587676874484113,0.00040097468094303445,True,True,0.09313887171289208,complete,none,Low,v1-equal-weight-2026-04-snapshot
1658,618838,4L of Karwar Km. 281.980 of NH-62 Nagaur road to Dangiyavas of Jodhpur Ring Road Pkg-II,Rajasthan,National Highways Authority of India [NHAI],April 2026,0,1,0.43123438941955244,0.9999909491509728,True,True,0.7156126692852626,complete,none,High,v1-equal-weight-2026-04-snapshot
1659,618853,Construction of Four lane Elevated Structure at Raniwada Circle in Sanchore City on NH-68,Rajasthan,National Highways Authority of India [NHAI],April 2026,0,0,0.1786183841676346,0.013213378720658382,True,True,0.09591588144414649,complete,none,Low,v1-equal-weight-2026-04-snapshot
1660,619063,4L Greenfield spur from Delhi-Vadodara Greenfield expressway near Bandikui to Jaipur,Rajasthan,National Highways Authority of India [NHAI],April 2026,1,1,0.49759074654630403,0.9999963247881378,True,True,0.748793535667221,complete,none,High,v1-equal-weight-2026-04-snapshot
1661,619251,Construction of two lane with paved shoulder of Ghatol Bypass from km 133.250 to km 140.950 of NH-56 old NH No. 113 on EPC mode in the State of Rajasthan.,Rajasthan,MoRTH,April 2026,0,-1,0.04520488699267478,,True,False,0.04520488699267478,partial,time_overrun_probability,Low,v1-equal-weight-2026-04-snapshot
1662,618071,Construction of two lane with paved shoulder Gangtok Bypass Road from Ranipool to Burtuk Ch 0.00 Km to 23.316 L23.316 Km in the State of Sikkim,Sikkim,MoRTH,April 2026,0,1,0.15320695628424302,0.999795532976533,True,True,0.576501244630388,complete,none,Medium,v1-equal-weight-2026-04-snapshot
1663,618426,Construction/Up gradation of Existing road to 2 Lane with Paved Shoulder including Geometric Improvement from Ranipool to Pakyong Balance work from Km 2.000 to 16.167 of NH-717-A on EPC basis under SARDP-NE Phase A in the State of Sikkim,Sikkim,NHIDCL,April 2026,1,1,0.6324146249109015,0.9975835327330016,True,True,0.8149990788219516,complete,none,High,v1-equal-weight-2026-04-snapshot
1664,618428,Realignment of NH-717A from Design Ch.0.00 Km 77.800 of NH-10 to Design Ch.2.00 Km 3.100 of NH-717A with two lane paved shoulder including Major Bridge of 680 m in the State of Sikkim on EPC Mode-COS work,Sikkim,NHIDCL,April 2026,1,1,0.5611339334938586,0.9999974699813482,True,True,0.7805657017376034,complete,none,High,v1-equal-weight-2026-04-snapshot
1665,618446,Construction & Upgradation of existing road to 2-lane with paved shoulder from New Rolep Bridge at km 37.600 to Chochenpheri at km 52.00 in the section of Rongli to Chochenpheri of NH 717B Pkg-II C,Sikkim,NHIDCL,April 2026,0,1,0.17075039443656595,0.9928643532793767,True,True,0.5818073738579713,complete,none,Medium,v1-equal-weight-2026-04-snapshot
1666,618447,Construction of 2-Laning with Paved Shoulder of New Greenfield Alignment From Helipad near Menla at Km 82000 to Menla at Km 94030 of Rhenock-Menla Spur NH- 717B Package-IIIB on EPC Basis under SARDP-NE Phase 'A' in the State of Sikkim.,Sikkim,NHIDCL,April 2026,0,1,0.2429753306932441,0.999981052005053,True,True,0.6214781913491486,complete,none,Medium,v1-equal-weight-2026-04-snapshot
1667,618448,Construction of 2-Laning with Paved Shoulder of New Greenfield Alignment From Chochenpheri at Km 52000 to Helipad near Menla at Km 82000 of Rhenock-Menla Spur NH-717B Package-IIIA on EPC Basis under SARDP-NE Phase 'A' in the State of Sikkim.,Sikkim,NHIDCL,April 2026,0,1,0.1549282904916493,0.9979829767140762,True,True,0.5764556336028628,complete,none,Medium,v1-equal-weight-2026-04-snapshot
1668,618449,Construction & Upgradation of existing road to 2-lane with paved shoulder from km27.200 End of Rongli bypass to km37.600New Rolep Bridge of Rhenok-Menla spur NH-717B on EPC Mode under SARDP-NE Phase-A in Sikkim Pkg-II B,Sikkim,NHIDCL,April 2026,1,1,0.5406752561853834,0.999994765425303,True,True,0.7703350108053432,complete,none,High,v1-equal-weight-2026-04-snapshot
1669,618450,Rehabilitation & Upgradation of existing road to 2-lane with paved shoulder including geometric improvement of section from start of Rabangla km33.600 to km58.840 under SARDP-NE Phase A Pkg- IV,Sikkim,NHIDCL,April 2026,0,1,0.38422587948832176,0.9999949420686259,True,True,0.6921104107784739,complete,none,High,v1-equal-weight-2026-04-snapshot
1670,617962,"Construction of Bypass to Madurai Achambathu Viratipathu in between km 6/850 10/382 of NH 49 Extn New NH 85 including Land Acquisition on Engineering, Procurement & Construction EPC basis Contract under NH O Annual Plan 2021-22 in the state of Tamil Nadu job No.NH-49 Extn New NH 85 - TN-2021-22-997",Tamil Nadu,MoRTH,April 2026,1,0,0.5425926067719162,0.008452514063932177,True,True,0.2755225604179242,complete,none,Low,v1-equal-weight-2026-04-snapshot
1671,618478,Bangalore Chennai Expressway Phase-III Package II Walajahpet to Arakkonam from Km 180.000 to Km 204.500,Tamil Nadu,National Highways Authority of India [NHAI],April 2026,0,1,0.3989429803664576,0.9999981976486261,True,True,0.6994705890075419,complete,none,High,v1-equal-weight-2026-04-snapshot
1672,618479,Bangalore Chennai Expressway Phase-III Package III Arakkonam to Kancheepuram from Km 204.500 to Km 230.000,Tamil Nadu,National Highways Authority of India [NHAI],April 2026,0,1,0.31867062058738915,0.9991608292319691,True,True,0.6589157249096791,complete,none,High,v1-equal-weight-2026-04-snapshot
1673,618480,Construction of Trumpet Interchange Connecting Bangalore Chennai Expressway km.261705 to km. 262800 with Maduravoyal to Walajapet Section of NH 48 near Sriperumbudur Toll Plaza at km. 35700,Tamil Nadu,National Highways Authority of India [NHAI],April 2026,1,1,0.4891484391177478,0.9913900370158825,True,True,0.7402692380668151,complete,none,High,v1-equal-weight-2026-04-snapshot
1674,618481,4L Bangalore-Chennai Expressway from Km. 230.000 to Km. 261.705 of Kanchepuram to Sriperumbudur Section Phase-III/Package-IV,Tamil Nadu,National Highways Authority of India [NHAI],April 2026,0,1,0.31716443857626736,0.9999985834258022,True,True,0.6585815110010348,complete,none,High,v1-equal-weight-2026-04-snapshot
1675,618521,Karaipettai to Walajapet from Km 71.015 to 107.091,Tamil Nadu,National Highways Authority of India [NHAI],April 2026,0,1,0.5122615891492154,0.9987396002254244,True,True,0.7555005946873199,complete,none,High,v1-equal-weight-2026-04-snapshot
1676,618522,Balance Works for six laning of Sriperumbudur to karaipettai section of NH-4 New NH- 48 from 37000 Existing Km 37000 to Km 71015 Existing Km 71000 in Tamilnadu on EPC mode underNHDP Phase-V,Tamil Nadu,National Highways Authority of India [NHAI],April 2026,0,1,0.2730244214833212,0.09303205531273674,True,True,0.18302823839802895,complete,none,Low,v1-equal-weight-2026-04-snapshot
1677,618561,Improving the Alignment of Thoppur Ghat Section from Km 158.500 to Km 165.100 in Dharmapuri - Salem Section of NH-44,Tamil Nadu,National Highways Authority of India [NHAI],April 2026,0,0,0.19990542442375694,0.005840537446054787,True,True,0.10287298093490586,complete,none,Low,v1-equal-weight-2026-04-snapshot
1678,618562,Dindigul Bypass - Samyanallore from km. 373.275 to km. 426.00,Tamil Nadu,National Highways Authority of India [NHAI],April 2026,0,-1,0.5715857688988303,,True,False,0.5715857688988303,partial,time_overrun_probability,Medium,v1-equal-weight-2026-04-snapshot
1679,618563,4L of Madurai Ring Road Phase 1 [Vadipatti-Thamrapatti] from km 0.00 - km 29.960,Tamil Nadu,National Highways Authority of India [NHAI],April 2026,0,1,0.3883343732804093,0.999983198534087,True,True,0.6941587859072482,complete,none,High,v1-equal-weight-2026-04-snapshot
1680,618608,4L of left-over works including additional structures from Kerala/Tamil Nadu border to Kanyakumari Section from Km 43.0 to Km 96.174 of NH66,Tamil Nadu,National Highways Authority of India [NHAI],April 2026,0,1,0.33527416714947494,0.9999922041740898,True,True,0.6676331856617824,complete,none,High,v1-equal-weight-2026-04-snapshot
1681,618635,6L of Pondavakkam to Kannigaipair from km 96.040 to km 116.100 of NH 716B Pkg- IV,Tamil Nadu,National Highways Authority of India [NHAI],April 2026,0,1,0.3989348234778662,0.9999976225752807,True,True,0.6994662230265735,complete,none,High,v1-equal-weight-2026-04-snapshot
1682,618743,Trichy 135.800 to Karur 218.000 section of NH-67 - Trichy Bypass,Tamil Nadu,National Highways Authority of India [NHAI],April 2026,0,-1,0.38878438268647236,,True,False,0.38878438268647236,partial,time_overrun_probability,Medium,v1-equal-weight-2026-04-snapshot
1683,618744,4L of Thirumangalam to Vadugapatti section from km 0.000 to km 36.000 of NH-744,Tamil Nadu,National Highways Authority of India [NHAI],April 2026,0,1,0.3735000375363386,0.9999999416012825,True,True,0.6867499895688105,complete,none,High,v1-equal-weight-2026-04-snapshot
1684,618745,4L of Vadugapatti to Therkuvenganallur Rajapalyam section from km 36.000 to km 71.600 of NH-744,Tamil Nadu,National Highways Authority of India [NHAI],April 2026,0,1,0.4103522653097346,0.9999995257752865,True,True,0.7051758955425106,complete,none,High,v1-equal-weight-2026-04-snapshot
1685,618756,Melur - Pilayarpatti - Karaikudi from km 99.920 of NH 38 to km 12.9 of NH 383 Ext.,Tamil Nadu,National Highways Authority of India [NHAI],April 2026,0,1,0.35352637640120377,0.9999748251809366,True,True,0.6767506007910702,complete,none,High,v1-equal-weight-2026-04-snapshot
1686,618773,Tuticorin - Tirunelveli from km. 0.00 to km. 47.250,Tamil Nadu,National Highways Authority of India [NHAI],April 2026,1,-1,0.6871993648517684,,True,False,0.6871993648517684,partial,time_overrun_probability,High,v1-equal-weight-2026-04-snapshot
1687,618800,Construction of New Double Tier 4L Elevated Corridor from Chennai Port to Maduravoyal in Chennai District from km -0.342 to Km 20.593 and Package II from Km 4.604 to Km 9.700,Tamil Nadu,National Highways Authority of India [NHAI],April 2026,0,1,0.3084584837126738,0.9834268367055387,True,True,0.6459426602091063,complete,none,Medium,v1-equal-weight-2026-04-snapshot
1688,618801,Construction of New Double Tier 4-lane Elevated Corridor from Chennai Port to Maduravoyal in Chennai District from Km -0342 to Km 20223 Package 1 from Km - 0342 to Km 4604,Tamil Nadu,National Highways Authority of India [NHAI],April 2026,0,1,0.33844291183524694,0.999951470843101,True,True,0.669197191339174,complete,none,High,v1-equal-weight-2026-04-snapshot
1689,618846,Poondiyankuppam Km.67.000 to Sattanathapuram Km.123.800,Tamil Nadu,National Highways Authority of India [NHAI],April 2026,0,1,0.5424987853436238,0.9999091448464543,True,True,0.7712039650950391,complete,none,High,v1-equal-weight-2026-04-snapshot
1690,618874,Four Laning of Trichy - Dindigul from km. 333.00 to km. 421.273 of NH-45,Tamil Nadu,National Highways Authority of India [NHAI],April 2026,0,1,0.3127768261609476,0.9999992514205264,True,True,0.656388038790737,complete,none,High,v1-equal-weight-2026-04-snapshot
1691,618894,4L of Madathukulam - Pollachi from km. 74.38 to km. 116.95 of old NH-209 New NH- 83,Tamil Nadu,National Highways Authority of India [NHAI],April 2026,0,1,0.44816047576056756,0.9999895872251396,True,True,0.7240750314928536,complete,none,High,v1-equal-weight-2026-04-snapshot
1692,618895,Kamalapuram to Oddanchatram from km. 0.00 to km. 35.822,Tamil Nadu,National Highways Authority of India [NHAI],April 2026,0,1,0.4606390585597132,0.9999944687261729,True,True,0.7303167636429431,complete,none,High,v1-equal-weight-2026-04-snapshot
1693,618897,4L of Sethiyathope -Cholapuram section from Km. 65.960 to Km. 116.440 section of NH45 C Pkg-II,Tamil Nadu,National Highways Authority of India [NHAI],April 2026,1,1,0.641501928426826,0.9999988981765585,True,True,0.8207504133016923,complete,none,High,v1-equal-weight-2026-04-snapshot
1694,618898,Balance Works for Four laning of Vikravandi to Sethiyathope section from Km 0.0 to Km 65.96 of NH-45C in Tamil Nadu under NHDP Phase-IV on EPC mode,Tamil Nadu,National Highways Authority of India [NHAI],April 2026,0,0,0.1484916573787089,0.0035726036427444637,True,True,0.07603213051072669,complete,none,Low,v1-equal-weight-2026-04-snapshot
1695,618899,Kallagam km.38.700 to Meensurutti Km.98.433 of NH-227 in Tamil Nadu,Tamil Nadu,National Highways Authority of India [NHAI],April 2026,0,1,0.44619010248233815,0.9999995501371667,True,True,0.7230948263097524,complete,none,High,v1-equal-weight-2026-04-snapshot
1696,618943,Salem - Ulundurpet section from km 0.313 to km 136.670 of NH-68,Tamil Nadu,National Highways Authority of India [NHAI],April 2026,1,1,0.38746876857762,0.9999960779584484,True,True,0.6937324232680342,complete,none,High,v1-equal-weight-2026-04-snapshot
1697,619045,Construction of New Double Tier 4L Elevated Corridor from Chennai Port to Maduravoyal in Chennai District from km -0.342 to Km 20.593 and Package IV from Km 14.185 to Km 20.593,Tamil Nadu,National Highways Authority of India [NHAI],April 2026,1,1,0.31393671423101854,0.9996789062569512,True,True,0.6568078102439849,complete,none,High,v1-equal-weight-2026-04-snapshot
1698,619074,6-laning of Krishnagiri Km.0.000 to Walajahpet Km.148.300 section on NH-46 under NHDP-V,Tamil Nadu,National Highways Authority of India [NHAI],April 2026,0,1,0.3398788632728146,0.9998641297022631,True,True,0.6698714964875389,complete,none,High,v1-equal-weight-2026-04-snapshot
1699,619083,Thumbipadi-Namakkal from km. 180.00 to km. 248.625 Package No. NS-2/BOT/TN- 02,Tamil Nadu,National Highways Authority of India [NHAI],April 2026,1,1,0.7124566994531208,0.9999999063550818,True,True,0.8562283029041013,complete,none,High,v1-equal-weight-2026-04-snapshot
1700,619084,Start of Karur Bypass - Dindigul from km. 292.600 to km. 305.600 Contract Package No. NS2/BOT/TN-4,Tamil Nadu,National Highways Authority of India [NHAI],April 2026,1,1,0.6604644445730438,0.9999982045229593,True,True,0.8302313245480015,complete,none,High,v1-equal-weight-2026-04-snapshot
1701,619086,Chengapalli km 102.035 to Neelambur Km144.680 and Madukkarai Km 170.880 to Walayar K183.010 Package No. NS-2/BOT/TN-08,Tamil Nadu,National Highways Authority of India [NHAI],April 2026,0,1,0.4722654529928329,0.9999998163734873,True,True,0.7361326346831601,complete,none,High,v1-equal-weight-2026-04-snapshot
1702,619094,Thorapalli - Agraharam - Jittandahalli Section from km 23.350 to km 60.100 [Hosur to Dhamrapuri Pkg-2],Tamil Nadu,National Highways Authority of India [NHAI],April 2026,1,1,0.7753287787059402,0.9995285639128016,True,True,0.8874286713093709,complete,none,High,v1-equal-weight-2026-04-snapshot
1703,619129,Mahabalipuram - Pondicherry Pkg-I [Mamallapuram to Mugaiyur],Tamil Nadu,National Highways Authority of India [NHAI],April 2026,1,1,0.7110006932702123,0.9999649201429506,True,True,0.8554828067065814,complete,none,High,v1-equal-weight-2026-04-snapshot
1704,619130,Mahabalipuram - Pondicherry Pkg-II [Mugaiyur to Marakkanam],Tamil Nadu,National Highways Authority of India [NHAI],April 2026,1,1,0.7381777299416268,0.9719308953231887,True,True,0.8550543126324077,complete,none,High,v1-equal-weight-2026-04-snapshot
1705,619131,Four Laning of Chettikulam to Natham section of NH-785,Tamil Nadu,National Highways Authority of India [NHAI],April 2026,0,1,0.45571302913212347,0.999999663056835,True,True,0.7278563460944792,complete,none,High,v1-equal-weight-2026-04-snapshot
1706,619139,Construction of New Double Tier 4L Elevated Corridor from Chennai Port to Maduravoyal in Chennai District from km -0.342 to Km 20.593 and Package III from Km 9.700 to Km 14.185,Tamil Nadu,National Highways Authority of India [NHAI],April 2026,0,1,0.28895334129318617,0.9998549909638613,True,True,0.6444041661285238,complete,none,Medium,v1-equal-weight-2026-04-snapshot
1707,619161,Access Controlled Highway of 4 Lane with Paved Shoulders from Tiruvallur Design Chainage Km 1756 to TN/AP Broder Design Chainage Km 6151 of NH-716 Chennai- Tirupati Package-1,Tamil Nadu,National Highways Authority of India [NHAI],April 2026,0,1,0.21163823365506598,0.9163702145555324,True,True,0.5640042241052992,complete,none,Medium,v1-equal-weight-2026-04-snapshot
1708,619222,"Balance works of four lane from km 43.950 Thiruvallur Bypass to km 61.470 Veppampattu Bypass passing through Thannerkulam, Thozur and Sevapet Bypass 17.520 kms of Tirupathi- Tiruttani- Chennai section of NH 205",Tamil Nadu,National Highways Authority of India [NHAI],April 2026,1,1,0.5985142924712308,0.9999631762961432,True,True,0.799238734383687,complete,none,High,v1-equal-weight-2026-04-snapshot
1709,617913,6-laning of km 9.900 to km 19/948 Aramgarh to Shamshabad Section of Hyderabad- Bangalore section of NH-44 Under NHO EPC basis in the state of Telangana,Telangana,MoRTH,April 2026,1,1,0.4431048695484179,0.9999920545865687,True,True,0.7215484620674932,complete,none,High,v1-equal-weight-2026-04-snapshot
1710,617936,Widening to two/four lane with paved shoulder from Km.180.600 to Km.223.000 of NH-63 on Nizamabad-Jagadalpur road on EPC mode under NHO in the state of Telangana.,Telangana,MoRTH,April 2026,0,-1,0.3040965840745929,,True,False,0.3040965840745929,partial,time_overrun_probability,Low,v1-equal-weight-2026-04-snapshot
1711,617939,6-Laning of Pune-Hyderabad Section of NH-65 from Km 493/0 to Km 524/0 from Sangareddy X Roads to Madinaguda in the State of Telangana,Telangana,MoRTH,April 2026,0,0,0.09897261946068257,0.008435537798680002,True,True,0.05370407862968129,complete,none,Low,v1-equal-weight-2026-04-snapshot
1712,617940,"Rehabilitation and Upgradation of LB-Nagar to Malkapur section to 6-Lane main carriageway with service roads, drains cum footpath, including VUPs and widening of Minor bridge & road safety provisions from Km. 15/00 to Km 40/00 of NH-65 Old NH-9 under NH O for the year 2020-21 in the state of Telangana on EPC Mode.",Telangana,MoRTH,April 2026,0,1,0.17357746379982827,0.9998486625248257,True,True,0.586713063162327,complete,none,Medium,v1-equal-weight-2026-04-snapshot
1713,617980,Construction of six lane elevated corridor from km 7.950 Uppal to km 14.200 of NH- 163 to De-Congest the urban limits of Hyderabad-Bhoopalapatnam section on EPC mode in the state of Telangana,Telangana,MoRTH,April 2026,0,1,0.24807377000684538,0.9999657054837142,True,True,0.6240197377452799,complete,none,Medium,v1-equal-weight-2026-04-snapshot
1714,617981,Widening to Two with Paved shoulders from Km 59.500 to Km 132.033 of Manneguda- Ravunapally section of NH-163 Erstwhile SH-4 in the State of Telangana on EPC mode under NH O Annual Plan 2016-17,Telangana,MoRTH,April 2026,0,1,0.18532392442102508,0.9999857158943732,True,True,0.5926548201576991,complete,none,Medium,v1-equal-weight-2026-04-snapshot
1715,617982,Widening and strengthening of existing 2-lane to 2- lane with paved shoulders from km 159/0 to 165/4 and 186/0 to 215/0 of NH-163 on EPC mode int the state of Telangana,Telangana,MoRTH,April 2026,0,1,0.21166751681518975,0.9999889387477426,True,True,0.6058282277814662,complete,none,Medium,v1-equal-weight-2026-04-snapshot
1716,617983,Widening & Strengthening of Existing 2LPS to 4 lane PS from Km 150000 to Km 159000 and Km 165400 to Km 186000 of NH-163 old NH-202 under NH O for the year 2020-21 on EPC Mode in the state of Telangana.,Telangana,MoRTH,April 2026,0,1,0.0990515191165689,0.9999986854200473,True,True,0.5495251022683081,complete,none,Medium,v1-equal-weight-2026-04-snapshot
1717,617992,Rehabilitation & upgradation of NH - 167 from design km 187.723 to 234.434 Miryalaguda to Kodad section to two lane with paved shoulder on EPC mode in the state of Telangana,Telangana,MoRTH,April 2026,0,1,0.20826079405609932,0.9999827689894502,True,True,0.6041217815227747,complete,none,Medium,v1-equal-weight-2026-04-snapshot
1718,617993,Rehabilitation and upgradation of NH-167 from design km 157.707 to 187.723 design length 30.016 km to two lane with paved shoulders of Alinagar-Miryalaguda Sec on EPC mode in the state of Telangana,Telangana,MoRTH,April 2026,0,1,0.16762817547718817,0.9999969637088979,True,True,0.5838125695930431,complete,none,Medium,v1-equal-weight-2026-04-snapshot
1719,617994,Rehabilitation and upgradation of NH-167 from design km 113.900 to 154.479 Mallepally Haliya section to two lane with paved shoulders on EPC mode in the stte of Telangana,Telangana,MoRTH,April 2026,0,1,0.2595480383400114,0.9999944991166959,True,True,0.6297712687283537,complete,none,Medium,v1-equal-weight-2026-04-snapshot
1720,617995,Widening to Two Lane with Paved Shoulders from Km 67.000 to Km 114.425 of Kalwakurthy- Mallapally Section of NH 167 Erstwhile section of SH 18 in the State of Telangana on EPC mode under NH O Annual Plan 2016-17,Telangana,MoRTH,April 2026,0,1,0.2830795333588039,0.9999939522795795,True,True,0.6415367428191917,complete,none,Medium,v1-equal-weight-2026-04-snapshot
1721,617996,Widening to 2/4 Lane with paved shoulders from Km 182.120 to Km 227.600 of NH 167 on Haggari-Jadcherla Road on EPC mode under NHO in the state of Telangana,Telangana,MoRTH,April 2026,0,1,0.30522245884388477,0.9997118525427593,True,True,0.652467155693322,complete,none,High,v1-equal-weight-2026-04-snapshot
1722,618001,"Construction of 4-lane flyover at Amberpet-X road, Hyderabad on NH-202 in the State of Telangana",Telangana,MoRTH,April 2026,1,1,0.5088399987524882,0.9999885818037767,True,True,0.7544142902781324,complete,none,High,v1-equal-weight-2026-04-snapshot
1723,618025,Rehabiitation and upgradation from km 121/000 to 154/000 Nakrekal to Mallampally section of NH-365 to 2 lane with paved shoulders in the state of Telangana in the EPC mode,Telangana,MoRTH,April 2026,0,1,0.1565425570696361,0.9999483689462424,True,True,0.5782454630079392,complete,none,Medium,v1-equal-weight-2026-04-snapshot
1724,618026,Rehabilitation and upgradation to two lane with paved shoulders from Km 0/000 to 72/6 of NH-365 Nakrekal to Tanamcherla section under NHDP IV in the state of Telangana under EPC mode,Telangana,MoRTH,April 2026,0,1,0.2491208134051597,0.9999081976773685,True,True,0.6245145055412641,complete,none,Medium,v1-equal-weight-2026-04-snapshot
1725,618091,Widening to two lane with paved shoulders from Km 0/000 to Km 45/946 of Nizampet- Narayankhed-bidar section of NH-161B in the state of Telangana under Annual Plan 2021-22 on EPC mode under NHO,Telangana,MoRTH,April 2026,0,1,0.12393035385218505,0.9820322875516077,True,True,0.5529813207018963,complete,none,Medium,v1-equal-weight-2026-04-snapshot
1726,618104,Widening to two lane with paved shoulders from Km 0/000 to Km 79/300 of Kalwakurthy - Kollapur section of NH-167K in the state of Telangana under annual plan 2021-22 on EPC mode under NHO.,Telangana,MoRTH,April 2026,0,1,0.2171553979617401,0.9994510990782709,True,True,0.6083032485200055,complete,none,Medium,v1-equal-weight-2026-04-snapshot
1727,618105,Widening and strengthening to 4 lane / 2-lane with paved shoulders of Mahabubnagar - Chincholi section from km 60/255 to Km 102/834 of NH-167N in the State of Telangana on EPC mode.,Telangana,MoRTH,April 2026,0,1,0.08363280455922219,0.997622722691554,True,True,0.5406277636253881,complete,none,Medium,v1-equal-weight-2026-04-snapshot
1728,618106,Widening and Strengthening to 2/4 lane with paved shoulders of Mahabubnagar Chincholi section from Km 0/0 to Km 60/255 of NH-167N in the state of Telangana under Annual plan 2021-22 on EPC modepackage-I under NHO Job No.167N-TS- 2021-22-75,Telangana,MoRTH,April 2026,0,1,0.1285741373334281,0.9999425748440635,True,True,0.5642583560887457,complete,none,Medium,v1-equal-weight-2026-04-snapshot
1729,618130,Widening to 2 lane with paved shoulders from 0.00 to 32.970 ofAdilabadto Bela section of NH 353B in the State of Telangana,Telangana,MoRTH,April 2026,0,0,0.07072148580033014,0.0071311291292763,True,True,0.03892630746480322,complete,none,Low,v1-equal-weight-2026-04-snapshot
1730,618132,Widening & strengthening of existing carriageway in 2 lane with paved shoulders from km 25/0 to 59/2 design Ch km 25.467 to 59.200 of NH - 353C on EPC mode in the state of Telangana,Telangana,MoRTH,April 2026,0,-1,0.21302808865849843,,True,False,0.21302808865849843,partial,time_overrun_probability,Low,v1-equal-weight-2026-04-snapshot
1731,618140,Widening to two/four lane with paved shoulders from Km.34.250 to Km.71.830 of NH- 365A on Kodad-Khammam-Kurvi road.,Telangana,MoRTH,April 2026,0,0,0.06421617926642136,0.0007863664591835462,True,True,0.03250127286280245,complete,none,Low,v1-equal-weight-2026-04-snapshot
1732,618141,Widening and Improvement of existing carriage way to 2 lane with paved shoulders from Km. 86/160 to 131/730 of Jangaon-Duddeda section of NH-365B in the State of Telangana on EPC Mode,Telangana,MoRTH,April 2026,0,1,0.06892537393780128,0.9999860271133032,True,True,0.5344557005255522,complete,none,Medium,v1-equal-weight-2026-04-snapshot
1733,618142,Widening to Two lane with Paved shoulders from km.40/410 to 84/037 of Thirumanlagiri-- Suryapet Section of NH-365B earstwhile section of SH-16,Telangana,MoRTH,April 2026,0,1,0.27063332781069493,0.9999984815156117,True,True,0.6353159046631534,complete,none,Medium,v1-equal-weight-2026-04-snapshot
1734,618143,widening to two lane with Paved shoulders from Km.0/970 to Km.40/410 of Jangaon - Thirumal giriof NH- 365B in the state of Telanganaon EPC mode under NHO Annual Plan 2016-17,Telangana,MoRTH,April 2026,0,0,0.20029890385189308,0.9999210190878453,True,True,0.6001099614698692,complete,none,Medium,v1-equal-weight-2026-04-snapshot
1735,618182,Widening to Two lane with paved shoulders from 106/830 to 158/496 of Yellareddy- Rudrur Section of NH-765D in the state of Telangana on EPC mode under NHO under Annual plan 2022-23,Telangana,MoRTH,April 2026,0,0,0.058716833555137196,0.00265896023890089,True,True,0.03068789689701904,complete,none,Low,v1-equal-weight-2026-04-snapshot
1736,618183,Widening to 2 lane with paved shoulders from Km 62/920 to km 106/830 of Medak - Yellareddy section in the State of Telangana under Annual Plan 2022-23 on EPC mode under NHO,Telangana,MoRTH,April 2026,0,0,0.05111306516890801,0.01945753943567429,True,True,0.035285302302291155,complete,none,Low,v1-equal-weight-2026-04-snapshot
1737,618186,"Rehabilitation and Up-gradation of Valigonda to Thorrur Section to Two Lane with Paved Shoulders from Km 39.180 to Km 108.300 of NH-930P in the State of Telangana on Engineering, Procurement and Construction EPC Basis",Telangana,MoRTH,April 2026,0,1,0.12208223332335638,0.9999945767811386,True,True,0.5610384050522474,complete,none,Medium,v1-equal-weight-2026-04-snapshot
1738,618190,Widening to two lane with paved shoulders of 'Bodhan Basar Bhainsa ' section from Km 38/900 to 95/300 of NH-161BB in the state of Telangana under Annual Plan 2021- 22 on EPC Mode under NH O.,Telangana,MoRTH,April 2026,0,1,0.09894584103055505,0.9999798725427508,True,True,0.549462856786653,complete,none,Medium,v1-equal-weight-2026-04-snapshot
1739,618196,Widening to 2 lane with Paved Shoulders of Siddipet-Elkathurthy section from Km 69/978 to km 133/619 of NH-765DG in the State of Telangana under Annual plan 2021-22 on EPC mode,Telangana,MoRTH,April 2026,0,1,0.1097012211942916,0.9999964397742683,True,True,0.55484883048428,complete,none,Medium,v1-equal-weight-2026-04-snapshot
1740,618197,Widening to 2 lane with Paved Shoulders of Medak - Siddipet section from Km 0/0 to km 69/978 of NH-765DG in the State of Telangana under Annual plan 2021-22 on EPC mode,Telangana,MoRTH,April 2026,0,1,0.20867583510281296,0.9999883527661647,True,True,0.6043320939344888,complete,none,Medium,v1-equal-weight-2026-04-snapshot
1741,618558,Improvement of Geometrics of Kalkallu to Gundla Pochanpalli from Km 454.00 to Km 471.00 of NH-44,Telangana,National Highways Authority of India [NHAI],April 2026,0,1,0.6224000684280875,0.9999997395336241,True,True,0.8111999039808557,complete,none,High,v1-equal-weight-2026-04-snapshot
1742,618559,6L of existing 4L from Gundlapochampally to Bowenpally from km 471.300 to km 481.331 of NH-44,Telangana,National Highways Authority of India [NHAI],April 2026,1,1,0.40589620092053225,0.9972798080082442,True,True,0.7015880044643883,complete,none,High,v1-equal-weight-2026-04-snapshot
1743,618560,Improvement of Geometrics of Thondupally to Kothur from Km 22.300 to Km 34.14 of NH-44,Telangana,National Highways Authority of India [NHAI],April 2026,0,-1,0.47292261474814606,,True,False,0.47292261474814606,partial,time_overrun_probability,Medium,v1-equal-weight-2026-04-snapshot
1744,618746,Khammam-Devarapalle Pkg I [4L Access Controlled Greenfield from Thallampadu village to Somavaram village Design Chainage 0000 to 33604],Telangana,National Highways Authority of India [NHAI],April 2026,1,1,0.8313010776368556,0.9999083630681476,True,True,0.9156047203525015,complete,none,High,v1-equal-weight-2026-04-snapshot
1745,618765,4L of Karimnagar-Warangal section from km 49.500 to km 117.820 of NH-563,Telangana,National Highways Authority of India [NHAI],April 2026,1,1,0.744376258558745,0.9980309917240107,True,True,0.8712036251413778,complete,none,High,v1-equal-weight-2026-04-snapshot
1746,618811,4L Access Controlled Greenfield Highway Section Mancherial Warangal from Pangidipalle village at Design Ch. 72.350 Km to Oorugonda village at Design Ch. 112.240 KmPackage-III,Telangana,National Highways Authority of India [NHAI],April 2026,0,0,0.41625526665519147,0.02708543287825674,True,True,0.22167034976672412,complete,none,Low,v1-equal-weight-2026-04-snapshot
1747,618812,4L Access Controlled Greenfield Section Mancherial Warangal from Puttapaka village at Design Ch. 35.300 Km to Pangidipalle village at Design Ch. 72.350 KmPackage-II,Telangana,National Highways Authority of India [NHAI],April 2026,1,1,0.5313394903558539,0.969756412777326,True,True,0.75054795156659,complete,none,High,v1-equal-weight-2026-04-snapshot
1748,618813,4L Access Controlled Greenfield Section Mancherial Warangal from Narva village at Design Ch. 3.834 Km to Puttapaka village at Design Ch. 35.300 Km Package-I,Telangana,National Highways Authority of India [NHAI],April 2026,0,1,0.4107884595456966,0.9912702444443973,True,True,0.7010293519950469,complete,none,High,v1-equal-weight-2026-04-snapshot
1749,618814,4L Access Controlled Greenfield Highway section on NH163G Warangal-Khammam from Oorugonda village in Hanamkonda District at Design Ch. 112.240 Km to Venkatpur village in Warangal District at Design Ch. 150.240 KmPackage-I,Telangana,National Highways Authority of India [NHAI],April 2026,0,1,0.42714661295388284,0.8976832695240087,True,True,0.6624149412389457,complete,none,High,v1-equal-weight-2026-04-snapshot
1750,618815,4L Access Controlled Greenfield Highway section on NH-163G Warangal-Khammam from Venkatpur village in Warangal District at Design Ch. 150.240 Km to Thallasenkesa village in Mahabubabed District at Design Ch. 189.650 kmPackage-II,Telangana,National Highways Authority of India [NHAI],April 2026,0,1,0.4505695337082938,0.9999849365916488,True,True,0.7252772351499712,complete,none,High,v1-equal-weight-2026-04-snapshot
1751,618817,4L Access Controlled Greenfield Highway section on NH-163G Khammam Vijayawada from V. Venkatayapalem village at Design Ch. 220.480 Km to BrahmanapalliK village at Design Ch. 250.400 Km Package-I.,Telangana,National Highways Authority of India [NHAI],April 2026,1,1,0.37964835070450137,0.9566814892358204,True,True,0.6681649199701609,complete,none,High,v1-equal-weight-2026-04-snapshot
1752,618944,Hyderabad - Maneguda,Telangana,National Highways Authority of India [NHAI],April 2026,1,1,0.7086662830839555,0.9657519605470808,True,True,0.8372091218155182,complete,none,High,v1-equal-weight-2026-04-snapshot
1753,618945,4L of Kodad Design Km 0.00/Existing Km 185.00 of NH-65 to Khammam Design Km 31.800/Existing Km 29.400 of NH-365A,Telangana,National Highways Authority of India [NHAI],April 2026,1,1,0.8008611714674485,0.9999958993790445,True,True,0.9004285354232465,complete,none,High,v1-equal-weight-2026-04-snapshot
1754,619009,Upgradation to Two Lane with Paved Shoulders from Km 0.000 to Km 41.920 Green Field Alignment of Gowrelly to Valigonda Section of NH-930P in the State of Telangana on EPC Mode under Annual Plan 2022-23,Telangana,MoRTH,April 2026,0,-1,0.1540503474418479,,True,False,0.1540503474418479,partial,time_overrun_probability,Low,v1-equal-weight-2026-04-snapshot
1755,619128,Khammam-Devarapalle Pkg II [4L Access Controlled Greenfield from Somavaram village to Chintagudem village Design Chainage 33604 to 63117],Telangana,National Highways Authority of India [NHAI],April 2026,1,1,0.6552409656764675,0.9999328216635807,True,True,0.8275868936700241,complete,none,High,v1-equal-weight-2026-04-snapshot
1756,619165,Thanamcherla-Jamandlapally 2LPS,Telangana,National Highways Authority of India [NHAI],April 2026,0,1,0.45118967576652297,0.9988887153462848,True,True,0.7250391955564038,complete,none,High,v1-equal-weight-2026-04-snapshot
1757,619193,Rehabilitation and upgradation of NH-221 from km 121/0 to 165/0 Rudrampur to Bhadrachalam section to two lane with paved shoulder under NHDPIV in the state of Telangana through EPC mode,Telangana,MoRTH,April 2026,1,1,0.5826001256775771,0.999998639806075,True,True,0.791299382741826,complete,none,High,v1-equal-weight-2026-04-snapshot
1758,619253,Construction of 4 lane Bypass to Nalgonda Town lrorn Km 000 Existing Ch. 181590 to Km 14.00 Existing Ch. 28/685 ol Nakrekal to Nagarjunsagar Section of NH -565 in the State of Telangara on EPC under Annual Plan 2024 -25,Telangana,MoRTH,April 2026,0,-1,0.0441036944431323,,True,False,0.0441036944431323,partial,time_overrun_probability,Low,v1-equal-weight-2026-04-snapshot
1759,618350,Improvement & widening of existing NH-08 to 4-lane with Paved Shoulder from Champak Nagar to Khayerpur section design Km 242500 to Km 261610 in the state of Tripura on EPC basis under NHO-NE,Tripura,NHIDCL,April 2026,0,1,0.04575888821818453,0.9916768761031652,True,True,0.5187178821606749,complete,none,Medium,v1-equal-weight-2026-04-snapshot
1760,618367,Improvement and Widening to 2-lane with paved shoulder of road from design Km 72.000 Pati Chhari to design Km 107.654 Harina Total length 35.654 Km on Teliamura to Harina section of NH 208 in the state of Tripura on EPC mode under JICA ODA Loan Phase VI Package-4,Tripura,NHIDCL,April 2026,0,0,0.019478014328656135,0.0015452429689680408,True,True,0.010511628648812088,complete,none,Low,v1-equal-weight-2026-04-snapshot
1761,618368,Improvement and Widening to 2-lane with paved shoulder of road from design Km 36.000 Rangamati to design Km 72.000 Pati Chhari Total length 36.000 Km on Teliamura to Harina section of NH 208 in the state of Tripura on EPC mode under JICA ODA Loan Phase VI Package-3,Tripura,NHIDCL,April 2026,0,0,0.06229471227855545,0.0020296121747702457,True,True,0.03216216222666285,complete,none,Low,v1-equal-weight-2026-04-snapshot
1762,618369,Improvement and Widening to 2-lane with paved shoulder of road from existing Km 438.170 Khowai Chowmuhani to existing Km 439.410 South Pulinpur of NH-08 and from design Km 0.000 South Pulinpur to design Km 36.00 near Rangamati of NH 208 on Khowai Teliamura- Harina section Total length 37.24 in the state of Tripura on EPC mode under JICA ODA Loan Phase VI Package-2,Tripura,NHIDCL,April 2026,0,0,0.03919313437400537,0.0030599319018099064,True,True,0.02112653313790764,complete,none,Low,v1-equal-weight-2026-04-snapshot
1763,618370,Improvement and Widening to 2-lane with paved shoulder of road from Km 101.300 to km 127.319 Total Length 26.019 Km i.e. the Khowai Teliamura-Amarpur-Harina- Sabroom section of NH 208 in the state of Tripura on EPC under JICA ODA Loan Phase VI Package-1,Tripura,NHIDCL,April 2026,0,1,0.04504162025587675,0.9609024204813857,True,True,0.5029720203686312,complete,none,Medium,v1-equal-weight-2026-04-snapshot
1764,618385,Rehabilitation and up-gradation of road from design km 25.250 to km 36.460 Total lengh 11.210 km of Kailashahar-Kurti Bridge section on NH-208A to 2-lane with paved shoulder on EPC basis under NHO Package-III- Balance Work,Tripura,NHIDCL,April 2026,0,0,0.3192679007754516,0.012949287499889791,True,True,0.16610859413767068,complete,none,Low,v1-equal-weight-2026-04-snapshot
1765,618386,Rehabilitation & Upgradation of Road from Km 0.00 to Km 18.600 Total length-18.600 km of Kumarghat-Kailashahar section on NH-208 to 2-lane with Paved shoulder on EPC bais under NHO,Tripura,NHIDCL,April 2026,1,1,0.4579085322228867,0.9999960772507178,True,True,0.7289523047368023,complete,none,High,v1-equal-weight-2026-04-snapshot
1766,618411,Melaghar-Srimantapur section on NH-08 Spur from Km 23 to Km 34.500 11.5 Km and overlay from Km 20.30 to Km 22.00 1.7 Km Total Length 13.2 Km,Tripura,NHIDCL,April 2026,0,1,0.07928114328233173,0.9999890253835023,True,True,0.5396350843329171,complete,none,Medium,v1-equal-weight-2026-04-snapshot
1767,618417,"Construction of 4-Lane with paved shoulder Agartala bypass Western side, length 25.402 km connecting NH-8 near Amtali to NH-108B near Lembuchhera in the state of Tripura on EPC basis under NHO-NE",Tripura,NHIDCL,April 2026,0,0,0.08288535918447726,0.0018637969495685933,True,True,0.042374578067022925,complete,none,Low,v1-equal-weight-2026-04-snapshot
1768,617957,Construction of Jasra Bypass with four lane paved shoulder configurationfrom Km 379.670 on NH-76New NH-35 to Km 18.00 on NH-27New NH-30 on EPC in the State of Uttar Pradesh.,Uttar Pradesh,MoRTH,April 2026,0,-1,0.08211551227603028,,True,False,0.08211551227603028,partial,time_overrun_probability,Low,v1-equal-weight-2026-04-snapshot
1769,617963,Rehabilitation and upgradation to four lane road from km 70.500 to km 78.600 of NH- 92 under EPC mode in the State of Uttar Pradesh,Uttar Pradesh,MoRTH,April 2026,1,1,0.45869839825889813,0.9667896256049477,True,True,0.7127440119319229,complete,none,High,v1-equal-weight-2026-04-snapshot
1770,617964,"Widening to Four Lane rigid pavement configuration from Km 90.00 to Km 100.800 on NH-96 Km 42.0 to Km 53.300 as per new NH-330,design length of 11.300 km under EPC mode in the state of Uttar Pradesh.",Uttar Pradesh,MoRTH,April 2026,0,0,0.1268538634899497,0.0036110626210705014,True,True,0.0652324630555101,complete,none,Low,v1-equal-weight-2026-04-snapshot
1771,618008,"Construction of four-lane elevated viaduct from km.4634 to km.6345 on NH-24A including Retaining wall, service lane, at grade road and improvement of junctions, on EPC mode",Uttar Pradesh,MoRTH,April 2026,1,1,0.15299170756607858,0.9999760775839667,True,True,0.5764838925750226,complete,none,Medium,v1-equal-weight-2026-04-snapshot
1772,618009,Balance work of Construction of Ring Road for Raebareli City on eastern side of NH- 24B Phase-1 on EPC mode.,Uttar Pradesh,MoRTH,April 2026,1,1,0.4631865741298832,0.9999224081045756,True,True,0.7315544911172294,complete,none,High,v1-equal-weight-2026-04-snapshot
1773,618054,Construction of Balrampur bypass with 2L flexible pavement configuration from km.223.000 of NH-330 to km.328.300 of NH-730 under EPC mode,Uttar Pradesh,MoRTH,April 2026,0,1,0.088353341792137,0.9775541082899635,True,True,0.5329537250410502,complete,none,Medium,v1-equal-weight-2026-04-snapshot
1774,618055,Construction of Pratapgarh Bypass Extension connecting NH-31 to NH-330 on EPC mode in the State of Uttar Pradesh.,Uttar Pradesh,MoRTH,April 2026,0,1,0.2117631950910336,0.9999814056159381,True,True,0.6058723003534858,complete,none,Medium,v1-equal-weight-2026-04-snapshot
1775,618056,Improvement and Up-gradation to two Lane with Paved Shoulder Configuration from existing km. 420.00 Shohrathgarh to km. 454.00 Uska Bazar of NH-730 in the state of Uttar Pradesh EPC basis,Uttar Pradesh,MoRTH,April 2026,0,1,0.12334190830115371,0.999971744470575,True,True,0.5616568263858643,complete,none,Medium,v1-equal-weight-2026-04-snapshot
1776,618057,Construction of Shohratgarh Bypass on NH-730 under EPC mode in the State of Uttar Pradesh,Uttar Pradesh,MoRTH,April 2026,0,1,0.16362574941217256,0.9884310763442234,True,True,0.5760284128781981,complete,none,Medium,v1-equal-weight-2026-04-snapshot
1777,618063,Widening & Strenghteningof section from Bharthana chowk to Kodarkoot km.0.00 to km.40.00 of NH-91-A on EPC mode,Uttar Pradesh,MoRTH,April 2026,1,1,0.533086745236556,0.9999064979269928,True,True,0.7664966215817743,complete,none,High,v1-equal-weight-2026-04-snapshot
1778,618066,Construction of Amethi bypass Part-II at km.30.050 of NH-931 under EPC mode in the state of Uttar Pradesh,Uttar Pradesh,MoRTH,April 2026,0,0,0.1482328292976448,0.0004381290054916992,True,True,0.07433547915156825,complete,none,Low,v1-equal-weight-2026-04-snapshot
1779,618067,"Rehabilitation & Up-gradation from design Km. 0.000 to Km. 69.280 of NH-931 Pratapgarh - Amethi - Gauriganj -Musafirkhana to two lane with paved shoulder on Engineering, Procurement & Construction EpC mode in the State of Uttar Pradesh",Uttar Pradesh,MoRTH,April 2026,0,0,0.10358346126701096,5.406545777501825e-05,True,True,0.05181876336239299,complete,none,Low,v1-equal-weight-2026-04-snapshot
1780,618075,Construction of two lane with paved shoulder from existing Km.0.000 to Km.55.610 design km. 0.000 to km. 54.048 of NH-124D,Uttar Pradesh,MoRTH,April 2026,0,1,0.21329468622631736,0.9831328611432878,True,True,0.5982137736848026,complete,none,Medium,v1-equal-weight-2026-04-snapshot
1781,618081,Construction of Mariahu Bypass with four lane paved shoulder configuration Km. 53.540 to Km.59.200 of NH-135A on EPC mode in the state of Uttar Pradesh,Uttar Pradesh,MoRTH,April 2026,0,1,0.035065286246803204,0.9980103991087093,True,True,0.5165378426777563,complete,none,Medium,v1-equal-weight-2026-04-snapshot
1782,618082,Widening & Upgradation to four lane configuration from Km.34.900 Bhadohi to km.73.134 Jaunpur of NH-135A on EPC mode,Uttar Pradesh,MoRTH,April 2026,0,1,0.11786028970858593,0.9999966322230566,True,True,0.5589284609658213,complete,none,Medium,v1-equal-weight-2026-04-snapshot
1783,618110,Improvement and upgradation to two lane with Paved Shoulder configuration from existing km 55.00 to km 90.00 Design length 34.76 of NH-227A near Chhapia Village to near Sikriganj in the State of UP on EPC Mode.,Uttar Pradesh,MoRTH,April 2026,0,1,0.16786676847707888,0.9997861258729199,True,True,0.5838264471749994,complete,none,Medium,v1-equal-weight-2026-04-snapshot
1784,618111,Improvement and upgradation to two lane with paved shoulder configuration from existing km 90.00 to 130.00 Design length 39.15 of NH-227A near Sikriganj to Barhalganj in the State of UP on EPC Mode.,Uttar Pradesh,MoRTH,April 2026,0,1,0.10453512469930275,0.9994529933520463,True,True,0.5519940590256746,complete,none,Medium,v1-equal-weight-2026-04-snapshot
1785,618112,"Improvement and up-gradation of NH-227B 84 Kosi Parikrama Marg Package I, from km 228.920 Jagarnathpur to Km 235.960/0.000 MakhaudaDham to Km 29.000 Sarpur in the State of Uttar Pradesh on EPC basis",Uttar Pradesh,MoRTH,April 2026,0,0,0.42116679169730764,0.0003311380894970089,True,True,0.21074896489340234,complete,none,Low,v1-equal-weight-2026-04-snapshot
1786,618113,"Improvement and up-gradation of NH-227B 84 Kosi Parikrama Marg Package III, from Km.47.800 Gosaiganj to Km.73.300 Bikapur in the State of Uttar Pradesh on EPC basis.",Uttar Pradesh,MoRTH,April 2026,0,0,0.22969721962938497,0.00611302562324879,True,True,0.11790512262631687,complete,none,Low,v1-equal-weight-2026-04-snapshot
1787,618114,"Improvement and up-gradation of NH-227B 84 Kosi Parikrama Marg PackageV, from Design Km.140.960 Patranga to Km.160.200 Bahuvan Madar Majha on EPC mode in the State of Uttar Pradesh",Uttar Pradesh,MoRTH,April 2026,0,0,0.1356148349360353,2.1186040706729007e-05,True,True,0.06781801048837101,complete,none,Low,v1-equal-weight-2026-04-snapshot
1788,618116,lmprovement and Up-gradation from Km. 73.300 Bikapur to Km.140.960 Patranga of NH-227B 84 Kosi Parikrama Marg to 2LPS along with Parikrama Path,Uttar Pradesh,MoRTH,April 2026,0,0,0.18094580892323298,0.00036336921502651704,True,True,0.09065458906912975,complete,none,Low,v1-equal-weight-2026-04-snapshot
1789,618124,Rehabilitation and upgradation from km 51.600 to km 75.700 of NH-321G Nuhkhas to Etah section to two lane with paved shoulder configuration under EPC mode in the State of Uttar Pradesh,Uttar Pradesh,MoRTH,April 2026,0,1,0.12229794299736861,0.9999890363644387,True,True,0.5611434896809037,complete,none,Medium,v1-equal-weight-2026-04-snapshot
1790,618162,"Improvement and up-gradation to 2LPS of NH-227B 84-Kosi Parikrama Marg PackageVI, Design Km 160200 Bahuvan Madar Majha to Km 224040 Jagarnathpur under HAM",Uttar Pradesh,MoRTH,April 2026,0,0,0.06889982750498432,7.903568334432667e-05,True,True,0.03448943159416432,complete,none,Low,v1-equal-weight-2026-04-snapshot
1791,618163,"Rehabilitation and Up-gradation from km. 0000 to km.40390 of NH-730S MaharajganjNichloulThuthibari to two lane with paved shoulders in the State of U.P. on Engineering, Procurement & Construction EPC Basis.",Uttar Pradesh,MoRTH,April 2026,0,1,0.09640207677594499,0.9989186571375893,True,True,0.5476603669567671,complete,none,Medium,v1-equal-weight-2026-04-snapshot
1792,618164,Construction of four lane highway with paved shoulder from Km.74.700 to Km.112.950 of NH-731A i/c Yamuna Bridge on HAM in the state of Uttar Pradesh.,Uttar Pradesh,MoRTH,April 2026,1,0,0.28961902668910805,0.006167338168774604,True,True,0.14789318242894134,complete,none,Low,v1-equal-weight-2026-04-snapshot
1793,618165,Construction of 4-lane highway with paved shoulders from Km 49.155 to Km 74.700 of NH-731A on Hybrid Annuity Mode in the state of Uttar Pradesh,Uttar Pradesh,MoRTH,April 2026,0,1,0.3150180253388989,0.9745720442820762,True,True,0.6447950348104876,complete,none,Medium,v1-equal-weight-2026-04-snapshot
1794,618166,Construction of 4-lane green field highway from Km. 35.000 to Km. 49.155 of NH- 731A with paved shoulders on Hybrid Annuity Mode in the state of Uttar Pradesh,Uttar Pradesh,MoRTH,April 2026,0,1,0.1886470205890824,0.9974427868658169,True,True,0.5930449037274497,complete,none,Medium,v1-equal-weight-2026-04-snapshot
1795,618167,Rehabilitation & Upgradation of NH-731A from Km.0.00 to Km.35.00 to 2-lane with paved shoulder under EPC mode,Uttar Pradesh,MoRTH,April 2026,0,1,0.20267321515366146,0.9999990906329108,True,True,0.6013361528932861,complete,none,Medium,v1-equal-weight-2026-04-snapshot
1796,618168,Widening to four lane with paved shoulder from Design Km.49.200 to Km.89.285 of NH-731B on EPC mode in the state of Uttar Pradesh,Uttar Pradesh,MoRTH,April 2026,1,1,0.4726537330526675,0.9906987274343079,True,True,0.7316762302434877,complete,none,High,v1-equal-weight-2026-04-snapshot
1797,618169,Construction of Two Lane with paved shoulder highway from Design Ch.0.000 to Ch.49.2OO of NH-731B on EPC Mode,Uttar Pradesh,MoRTH,April 2026,0,1,0.15505391580583475,0.9986669092636773,True,True,0.5768604125347561,complete,none,Medium,v1-equal-weight-2026-04-snapshot
1798,618187,"Rehabilitation and upgradation of Salon - Jais - Jagdishpur Road section of NH-931A, from design Chainage km 0.000 to km 5.740 to four lane divided carriageway and from design Chainage km 5.740 to km 53.500 to two lane with paved Total length km 53.500 along with One time improvement in 04 no's of realigned/bypassed built-up areas in a total length of 9.732 km in the state of Uttar Pradesh on EPC mode",Uttar Pradesh,MoRTH,April 2026,0,0,0.17886983557487926,9.255495586849312e-05,True,True,0.08948119526537388,complete,none,Low,v1-equal-weight-2026-04-snapshot
1799,618229,Rehabilitation and upgradation to 2-lane with paved sholuders configuration of Near Karri village-Etawah section Km30.000 to Km 57.346 Pakage-II of NH-92 in state of Uttar Pradesh undergreen national Highway Corridor ProjectGNHCP with the loan assistance of world Bank on EPC mode.,Uttar Pradesh,MoRTH,April 2026,0,1,0.25507617131892074,0.9999976646632531,True,True,0.6275369179910869,complete,none,Medium,v1-equal-weight-2026-04-snapshot
1800,618233,Construction of 6-lane bridge on Ganga on NH-96 and its approaches in Phaphamau Allahabad on EPC mode,Uttar Pradesh,MoRTH,April 2026,0,1,0.33514598306787546,0.9992192551131555,True,True,0.6671826190905155,complete,none,High,v1-equal-weight-2026-04-snapshot
1801,618240,Rehabilitation and upgradation to 2-lane with paved sholuders configuration of Bewar- naer Karri village section Km0.00 to Km30.00 Pakage-I of NH-92 in state of Uttar Pradesh undergreen national Highway Corridor Project GNHCP with the loan assistance of world Bank on EPC mode.,Uttar Pradesh,MoRTH,April 2026,0,1,0.29582153930484456,0.9999972034291376,True,True,0.647909371366991,complete,none,Medium,v1-equal-weight-2026-04-snapshot
1802,618243,Construction of Basti Ring Road Phase-I with 4L configuration for Basti City in the state of Uttar Pradesh on HAM mode,Uttar Pradesh,MoRTH,April 2026,0,0,0.16507421140926415,0.0013842745872075064,True,True,0.08322924299823582,complete,none,Low,v1-equal-weight-2026-04-snapshot
1803,618244,Construction of Raebareli Ring Road Phase-2 with four Lane configuration for Raebareli City in the state of Uttar Pradesh on Hybrid Annuity Model HAM basis,Uttar Pradesh,MoRTH,April 2026,0,0,0.2708929699578395,0.001177748786384852,True,True,0.13603535937211217,complete,none,Low,v1-equal-weight-2026-04-snapshot
1804,618247,Construction of 4 lane Mirzapur bypass including bridge over river Ganga from km 0.000 to km 15.000 of NH 135A in the State of Uttar Pradesh on HAM Mode.,Uttar Pradesh,MoRTH,April 2026,0,0,0.09280321236609669,0.000534733922001655,True,True,0.04666897314404917,complete,none,Low,v1-equal-weight-2026-04-snapshot
1805,618248,Widening to 4 lane from km. 139.00 to km 179.20 of NH-135A Pkg-III Jaunpur Akbarpur section and Akbarpur bypass on Hybrid Annuity Mode in the state of Uttar Pradesh.,Uttar Pradesh,MoRTH,April 2026,0,0,0.07244943363726233,2.463756143035784e-05,True,True,0.036237035599346344,complete,none,Low,v1-equal-weight-2026-04-snapshot
1806,618249,Widening to 4 lane from km. 108.50 to km 139.00 of NH-135A Pkg-II Jaunpur Akbarpur section on Hybrid Annuity Mode in the state of Uttar Pradesh,Uttar Pradesh,MoRTH,April 2026,0,0,0.1011023682741283,0.00046933294422443316,True,True,0.05078585060917637,complete,none,Low,v1-equal-weight-2026-04-snapshot
1807,618252,"Improvement and Up-gradation to two Lane with Paved Shoulder/Four Lane configuration from existing Km 130.000 to Km 191.000 design km 131.500 to Km 188.735, Design length 57.235 Km of NH-227A near Barhalganj to Mehrauna Ghat in the state of Uttar Pradesh on Hybrid Annuity Model HAM basis",Uttar Pradesh,MoRTH,April 2026,1,0,0.5276067122365806,0.0010869353094823462,True,True,0.2643468237730315,complete,none,Low,v1-equal-weight-2026-04-snapshot
1808,618260,"Construction of Salempur bypass to 4LPS from km 64.000 of NH-727A Km 171.00 of Sonauli Balia Marg, old SH-01, near Mahadahan Chauraha to km 61.500 of NH-727B Km 178.500 of Sonauli Balia Marg, old SH-01, near near Ahirauli Village under Hybrid Annuity Mode HAM in the State of Uttar Pradesh",Uttar Pradesh,MoRTH,April 2026,0,0,0.3177298401834182,0.00027925280034787593,True,True,0.15900454649188303,complete,none,Low,v1-equal-weight-2026-04-snapshot
1809,618262,Construction of Deoria Bypass from existing Km. 27.140 to existing Km. 46.780 Design Km. 49.109 on NH727A Design length 21.969 Km. to four lane with paved shoulder configuration under Hybrid Annuity Mode HAM in the State of Uttar Pradesh,Uttar Pradesh,MoRTH,April 2026,0,0,0.09913832704835052,1.6406611599656992e-05,True,True,0.049577366829975086,complete,none,Low,v1-equal-weight-2026-04-snapshot
1810,618263,"Rehabilitation and Up-gradation to 2LPS from Km. 0.000 to Km. 7.800 and Km. 35.400 to Km. 52.345 Design length 24.745 Km., except Bihar portion of NH-727B Tamkuhiraj to Bihar Border and Bihar Border to Majhauli on EPC mode in the State of Uttar Pradesh",Uttar Pradesh,MoRTH,April 2026,0,0,0.06044992699765452,0.0035400507792490927,True,True,0.03199498888845181,complete,none,Low,v1-equal-weight-2026-04-snapshot
1811,618264,"Widening and Strengthening to two Lane with Paved Shoulder/Four Lane with paved shoulder configuration from km. 61.500 of NH-727B near Nawalpur km 178.500 of Sonauli Balia Marg, Old SH-01 i.e. end point of Salempur Bypass to km. 106.495 of NH-727B near Sikanderpur under EPC mode",Uttar Pradesh,MoRTH,April 2026,0,0,0.08521069248052716,0.0004949044567489849,True,True,0.04285279846863808,complete,none,Low,v1-equal-weight-2026-04-snapshot
1812,618265,Rehabilitation and upgradation to 2-lane with paved sholuders configuration of Miranpur Katra to radhaita section of NH-730CKm.114.000 to Km 137.250pakage-III in state of Uttar Pradesh undergreen national Highway Corridor ProjectGNHCP with the loan assistance of world Bank on EPC mode.,Uttar Pradesh,MoRTH,April 2026,0,1,0.24543760121870423,0.9993895496564417,True,True,0.6224135754375729,complete,none,Medium,v1-equal-weight-2026-04-snapshot
1813,618266,Rehabilitation and upgradation to 2-lane with paved sholuders configuration of Bewar- Allahaganj- section of NH-730C Km.0.000 to Km 52.770 pakage-I in state of Uttar Pradesh undergreen national Highway Corridor Project GNHCP with the loan assistance of world Bank on EPC mode.,Uttar Pradesh,MoRTH,April 2026,1,1,0.5161438259618404,0.9999134249771967,True,True,0.7580286254695185,complete,none,High,v1-equal-weight-2026-04-snapshot
1814,618498,6L Greenfield Kanpur - Lucknow Expressway Pkg II from km. 28.500 to km. 73.744,Uttar Pradesh,National Highways Authority of India [NHAI],April 2026,1,1,0.49993951464806563,0.9994238429649669,True,True,0.7496816788065163,complete,none,High,v1-equal-weight-2026-04-snapshot
1815,618499,6L Elevated Kanpur - Lucknow Exeressway Pkg-1 from Km. 10980 to Km. 28500,Uttar Pradesh,National Highways Authority of India [NHAI],April 2026,0,1,0.4949095285278819,0.9987712553557262,True,True,0.7468403919418041,complete,none,High,v1-equal-weight-2026-04-snapshot
1816,618500,Construction of 4L Connector from Delhi Meerut Expressway Km 50.000 of Pkg IV to Km 8.520 of NH-235 Pkg-5,Uttar Pradesh,National Highways Authority of India [NHAI],April 2026,1,1,0.7324515737000632,0.9999234673763842,True,True,0.8661875205382237,complete,none,High,v1-equal-weight-2026-04-snapshot
1817,618529,Varanasi Ring Road Pkg-II connecting Sandaha Village km 11.70 / NH-29 with Revasa Village km 818.80 / NH-2,Uttar Pradesh,National Highways Authority of India [NHAI],April 2026,0,1,0.4943666862005267,0.9998967091763131,True,True,0.7471316976884199,complete,none,High,v1-equal-weight-2026-04-snapshot
1818,618536,Construction of Ring Road around Kanpur from Ch.68.650 to Ch.93.209 Jarkala to Pakari Package-IV in State of Uttar Pradesh.,Uttar Pradesh,National Highways Authority of India [NHAI],April 2026,0,0,0.35694651678637607,0.00042251305103642873,True,True,0.17868451491870624,complete,none,Low,v1-equal-weight-2026-04-snapshot
1819,618537,Construction of Ring Road around Kanpur from Km.000 to Km. 23.325 Chachendi Sachendi I to Maharajpur Package-I,Uttar Pradesh,National Highways Authority of India [NHAI],April 2026,0,0,0.3980233051824875,0.005964498018537497,True,True,0.2019939016005125,complete,none,Low,v1-equal-weight-2026-04-snapshot
1820,618538,Construction of Ring Road around kanpur from Ch.51.200 to Ch. 68.650 Badarka to Harbanch-Uchti Pkg-III,Uttar Pradesh,National Highways Authority of India [NHAI],April 2026,0,0,0.3017416965880838,0.005645183062196443,True,True,0.15369343982514014,complete,none,Low,v1-equal-weight-2026-04-snapshot
1821,618539,Construction of Ring Road Kanpur from Ch. 32.090 to Ch.51.200 Transganaga to Sathara Package-II B,Uttar Pradesh,National Highways Authority of India [NHAI],April 2026,1,0,0.5886447157947852,0.0012468696048112482,True,True,0.2949457926997982,complete,none,Low,v1-equal-weight-2026-04-snapshot
1822,618540,Construction of Ring Road around Kanpur from Ch.23.325 to Ch.32.090 Chaudhariya to Transganga Package-IIA,Uttar Pradesh,National Highways Authority of India [NHAI],April 2026,0,1,0.5738266512643352,0.006971819339410486,True,True,0.29039923530187284,complete,none,Low,v1-equal-weight-2026-04-snapshot
1823,618553,6L of Agra Bypass Northern connecting Km. 174.500 of NH-2 new NH-19 to Km. 141.000 of Yamuna Expressways,Uttar Pradesh,National Highways Authority of India [NHAI],April 2026,1,1,0.5599573499783973,0.9999969207456613,True,True,0.7799771353620293,complete,none,High,v1-equal-weight-2026-04-snapshot
1824,618554,Construction of left out portion of Agra Inner Ring Road connecting village Deori to NH-44 village Bad from Km. 0.000 to Km. 7.772,Uttar Pradesh,National Highways Authority of India [NHAI],April 2026,0,1,0.2925913336889175,0.9999995739998783,True,True,0.6462954538443979,complete,none,Medium,v1-equal-weight-2026-04-snapshot
1825,618565,Strengthening of existing 4L Ayodhya Bypass Section from design Km. 121 600 to Km. 144020 of NH 28 New NH 27Pkg-3,Uttar Pradesh,National Highways Authority of India [NHAI],April 2026,0,1,0.17537751308400495,0.9999784151932478,True,True,0.5876779641386264,complete,none,Medium,v1-equal-weight-2026-04-snapshot
1826,618566,4L Green Field Northern East side Gorakhpur Bypass 26.616 Kms starting from NH- 29E Chainage 83.308 and end at NH-28 Chainage 285.100,Uttar Pradesh,National Highways Authority of India [NHAI],April 2026,0,1,0.4558798004660987,0.9913079910855624,True,True,0.7235938957758306,complete,none,High,v1-equal-weight-2026-04-snapshot
1827,618567,4/6L of Northern Ayodhya Bypass starting Km. 112.540 and ending Km. 139.928 north of existing NH-27 part-1 and part-2 south of NH-27 from km 0.000 to km 5.000.,Uttar Pradesh,National Highways Authority of India [NHAI],April 2026,0,0,0.2521098886917283,0.0005587305288564797,True,True,0.12633430961029238,complete,none,Low,v1-equal-weight-2026-04-snapshot
1828,618568,4/6L Southern Ayodhya Bypass from Km 5.000 to Km 37.172 starting near Km. 112.540 and ending at Km. 153.281 of NH-27,Uttar Pradesh,National Highways Authority of India [NHAI],April 2026,0,0,0.2920521904887381,0.0002005909988751182,True,True,0.1461263907438066,complete,none,Low,v1-equal-weight-2026-04-snapshot
1829,618669,4 -Laning of MP/UP Border to Kabarai section of NH-34&35 from km 197.000 to km 242.991 Length 45.991 Km Sagar-Kabrai Package-5 under Bharat Mala Pariyojana EC in MP & UP on HAM,Uttar Pradesh,National Highways Authority of India [NHAI],April 2026,0,0,0.3817226165910322,0.005519199783277423,True,True,0.1936209081871548,complete,none,Low,v1-equal-weight-2026-04-snapshot
1830,618690,"4 lanning of Aligarh Palwal section from km 0.00 to km 46.39 package -1 from khereshwar junction-kurana of NH33D , including khair & jattari bypass in the state of UP on HAM mode",Uttar Pradesh,National Highways Authority of India [NHAI],April 2026,1,0,0.48706252812856227,0.0014487534341944522,True,True,0.24425564078137835,complete,none,Low,v1-equal-weight-2026-04-snapshot
1831,618692,Aligarh-Kanpur Pkg I [Aligarh-Bhadwas],Uttar Pradesh,National Highways Authority of India [NHAI],April 2026,1,1,0.7594430842472161,0.9996755628077696,True,True,0.8795593235274928,complete,none,High,v1-equal-weight-2026-04-snapshot
1832,618710,DL/UP Border - EPE Crossing Pkg-02,Uttar Pradesh,National Highways Authority of India [NHAI],April 2026,0,1,0.5377013900980052,0.9999661727696294,True,True,0.7688337814338173,complete,none,High,v1-equal-weight-2026-04-snapshot
1833,618722,6L access Controlled Greenfield Highway from Gogwan Jalalpur Shamli to Ranipur Barsi Saharanpur of Shamli -Ambala section Package-I Design Ch. Form km 00.600 to km 45.500,Uttar Pradesh,National Highways Authority of India [NHAI],April 2026,0,1,0.587680844657171,0.9999877781317326,True,True,0.7938343113944517,complete,none,High,v1-equal-weight-2026-04-snapshot
1834,618761,4L Spur of Meerut-Garh-Mukteshwar section connecting NH-119 and NH-58 bypassing Meerut Town of NH 709 A,Uttar Pradesh,National Highways Authority of India [NHAI],April 2026,0,1,0.47179327752963124,0.9999962109572583,True,True,0.7358947442434448,complete,none,High,v1-equal-weight-2026-04-snapshot
1835,618768,Four laning of Agra-Aligarh Section from Km. 0.000 Junction of NH-34 Aligarh Km 144.60 to Km. 28.000 near Asroi village in Hathras of NH-509 Package-I,Uttar Pradesh,National Highways Authority of India [NHAI],April 2026,0,1,0.28158351313232466,0.9380725197919769,True,True,0.6098280164621508,complete,none,Medium,v1-equal-weight-2026-04-snapshot
1836,618770,4L Spur of Panipat - Shamli connecting NH-709AD Panipat Shamli Muzaffarnagar and NH-709A Karnal Meerut bypassing Shamli district UP,Uttar Pradesh,National Highways Authority of India [NHAI],April 2026,0,1,0.2974087592364176,0.9999990074404066,True,True,0.6487038833384121,complete,none,Medium,v1-equal-weight-2026-04-snapshot
1837,618782,4L of Bareilly-Pilibhit-Sitarganj from Km. 0.000 to Km. 32.500 of NH-30 Pkg-1,Uttar Pradesh,National Highways Authority of India [NHAI],April 2026,0,1,0.41458579740647367,0.9997050504559298,True,True,0.7071454239312017,complete,none,High,v1-equal-weight-2026-04-snapshot
1838,618798,4L of Sonauli - Gorakhpur,Uttar Pradesh,National Highways Authority of India [NHAI],April 2026,0,1,0.4908333458290855,0.9992466541872099,True,True,0.7450400000081477,complete,none,High,v1-equal-weight-2026-04-snapshot
1839,618843,Construction of two lane with paved shoulders bypass to Mungrabadshapur town starting from near Kodahu at Km 47/225 of NH-319D and ending near Nauwadandi at Km 219/720 of NH-31 under NHO in the state of Uttar Pradesh on EPC mode,Uttar Pradesh,National Highways Authority of India [NHAI],April 2026,0,1,0.17044959564896917,0.9168165510345974,True,True,0.5436330733417832,complete,none,Medium,v1-equal-weight-2026-04-snapshot
1840,618848,Construction of Underpass beneath airport runway on NH-31 old NH-56 for proposed expansion of runway of Babatpur Airport Varanasi,Uttar Pradesh,National Highways Authority of India [NHAI],April 2026,0,0,0.1959746857822909,0.0006793506961720827,True,True,0.0983270182392315,complete,none,Low,v1-equal-weight-2026-04-snapshot
1841,618854,2L PS of Raebareli - Jagdishpur with 4L Jagdishpur Bypass Spur,Uttar Pradesh,National Highways Authority of India [NHAI],April 2026,1,1,0.7132094976646699,0.9999974777464671,True,True,0.8566034877055685,complete,none,High,v1-equal-weight-2026-04-snapshot
1842,618855,"Improvement and Up-Gradation of Existing Road to 2/4L PS from Km 40.000 to 88.750, start of Khutar bypass to start of Shahjahanpur bypass of NH 731Pkg-I",Uttar Pradesh,National Highways Authority of India [NHAI],April 2026,0,1,0.4488748888918076,0.9999998328325983,True,True,0.724437360862203,complete,none,High,v1-equal-weight-2026-04-snapshot
1843,618856,"Improvement and Up-Gradation of Existing Road to 4L PS from Km 123.650 to 175.080, from Start of Shahabad Bypass to End of Hardoi bypass of NH 731 Pkg-2B",Uttar Pradesh,National Highways Authority of India [NHAI],April 2026,1,1,0.6816505664721793,0.9999593382447207,True,True,0.84080495235845,complete,none,High,v1-equal-weight-2026-04-snapshot
1844,618858,"Improvement and Up-Gradation of Existing Road to 4L PS from Km 88.750 to 123.650, from Start of Shahjahanpur Bypass to start of Shahabad bypass of NH 731Pkg.-2A",Uttar Pradesh,National Highways Authority of India [NHAI],April 2026,0,1,0.36386277081013774,0.9998862736511464,True,True,0.681874522230642,complete,none,High,v1-equal-weight-2026-04-snapshot
1845,618859,"Improvement and Up-Gradation of Existing Road to 4L PS from Km 229.070 to 260.800, End of Hardoi District to Lucknow Ring road of NH 731 Pkg-4",Uttar Pradesh,National Highways Authority of India [NHAI],April 2026,0,1,0.3652810769390829,0.9999918073251391,True,True,0.682636442132111,complete,none,High,v1-equal-weight-2026-04-snapshot
1846,618864,4L from Mathura Bypass Start at Existing Km. 154.20 of NH-44 to Gaju Village at Km 32.982 of NH-530B Pkg-IB,Uttar Pradesh,National Highways Authority of India [NHAI],April 2026,1,1,0.7154813125608206,0.9996925385904599,True,True,0.8575869255756403,complete,none,High,v1-equal-weight-2026-04-snapshot
1847,618865,4L from Gaju Village at Km. 32.982 to Devinagar Bypass End at Km. 208.000 of NH- 530B Pkg-1C.,Uttar Pradesh,National Highways Authority of India [NHAI],April 2026,1,-1,0.6337995891296714,,True,False,0.6337995891296714,partial,time_overrun_probability,Medium,v1-equal-weight-2026-04-snapshot
1848,618866,"Four Lane Highway from Chandan Nagar Existing Km. 59.025 of NH 530B/Design Km. 179.5000 to Bareilly BypassStartExisting Km. 59.025 of NH 530B/Design Km. 218.000 Section of NH 530B, in the State of Uttar Pradesh on HAM Mode under NH0",Uttar Pradesh,National Highways Authority of India [NHAI],April 2026,0,0,0.3048560545822242,0.00010382966220690789,True,True,0.15247994212221555,complete,none,Low,v1-equal-weight-2026-04-snapshot
1849,618867,4L Kasganj-Badaun Section from Km. 123.100 to Km. 179.500 Pkg-III of NH530B,Uttar Pradesh,National Highways Authority of India [NHAI],April 2026,0,0,0.4307461064290842,0.0008396010430664252,True,True,0.2157928537360753,complete,none,Low,v1-equal-weight-2026-04-snapshot
1850,618868,4L from Devinagar Bypass End Existing Km. 208.000 of NH 530B/Design Km. 66.000 to Kasganj Bypass End Existing Km.150.100 of NH 530B/ Design Km. 123.100 of NH 530B,Uttar Pradesh,National Highways Authority of India [NHAI],April 2026,0,0,0.5045928589766853,0.0029997086678550957,True,True,0.2537962838222702,complete,none,Low,v1-equal-weight-2026-04-snapshot
1851,618869,"Construction of 4/6 lane Highway of Southern Bareilly Bypass, starting at Ch. 237000 of NH 530 near Jhumka chauraha, Dhantiya village and ending at Ch. 267000 of NH 30 near Invertis University including Trumpet Interchange",Uttar Pradesh,National Highways Authority of India [NHAI],April 2026,1,0,0.5506962283768748,0.0002673054319691412,True,True,0.275481766904422,complete,none,Low,v1-equal-weight-2026-04-snapshot
1852,618883,Construction of Four Lane Highway form Ghazipur- Ballia-UP/Bihar State Border Greenfield section of NH-31 Package I [from Hridaipur km 0.000 to Shahapur km 42.500] on EPC Mode in the state of Uttar Pradesh.,Uttar Pradesh,National Highways Authority of India [NHAI],April 2026,0,1,0.5072451799514807,0.9999748174980722,True,True,0.7536099987247764,complete,none,High,v1-equal-weight-2026-04-snapshot
1853,618884,Construction of Four Lane Highway from Ghazipur- Ballia-UP/Bihar State Border Greenfield section of NH-31 Package II [from Shahapur km 42.500 to Pindari km 78.150] on EPC Mode in the state of Uttar Pradesh.,Uttar Pradesh,National Highways Authority of India [NHAI],April 2026,0,1,0.48598105656623924,0.9999321659663312,True,True,0.7429566112662852,complete,none,High,v1-equal-weight-2026-04-snapshot
1854,618885,Construction of Four Lane Highway from Ghazipur- Ballia-UP/Bihar State Border Greenfield section of NH-31 Package IV [from Buxur Spur of length km 17.270 on EPC Mode in the state of Uttar Pradesh.,Uttar Pradesh,National Highways Authority of India [NHAI],April 2026,0,1,0.3830753968865187,0.9999925320774872,True,True,0.6915339644820029,complete,none,High,v1-equal-weight-2026-04-snapshot
1855,618893,Varanasi Gorakhpur Section Packege IV from km. 149.540 to km. 215.160 Mau- Gorakhpur,Uttar Pradesh,National Highways Authority of India [NHAI],April 2026,1,1,0.783633284287898,0.9999998054208642,True,True,0.8918165448543811,complete,none,High,v1-equal-weight-2026-04-snapshot
1856,618911,4L Greenfield Western Side spur of Rampur-Rudrapur Section from Km 0.000 to Km 13.700 connecting NH-24 to NH-87 bypassing rampur town,Uttar Pradesh,National Highways Authority of India [NHAI],April 2026,0,1,0.4431886995642056,0.9999915643698365,True,True,0.721590131967021,complete,none,High,v1-equal-weight-2026-04-snapshot
1857,618923,4L Behsuma at Km 39.250 Ex. Km 39240 To Bijnor at Km 78.810 Ex. Km 86590 Design Length 39.560 Km of NH-119 Pkg-II,Uttar Pradesh,National Highways Authority of India [NHAI],April 2026,1,0,0.5694629226644922,0.00459796941589873,True,True,0.28703044604019545,complete,none,Low,v1-equal-weight-2026-04-snapshot
1858,618924,2L PS of Najibabad Kotdwar section from 112.575 to Km. 138.635 of NH 119,Uttar Pradesh,National Highways Authority of India [NHAI],April 2026,0,1,0.3962192687969383,0.9992072804316694,True,True,0.6977132746143039,complete,none,High,v1-equal-weight-2026-04-snapshot
1859,618925,Bijnor-Kotawali,Uttar Pradesh,National Highways Authority of India [NHAI],April 2026,1,1,0.6036015667202859,0.9999995798868946,True,True,0.8018005733035902,complete,none,High,v1-equal-weight-2026-04-snapshot
1860,618927,4L of Moradabad-Thakurdwara-Kashipur Section from Km. 0.000 to Km. 38.77 of NH- 734 Pkg-II,Uttar Pradesh,National Highways Authority of India [NHAI],April 2026,0,1,0.36574349362924713,0.9693447291219832,True,True,0.6675441113756152,complete,none,High,v1-equal-weight-2026-04-snapshot
1861,618929,4L of Moradabad western side spur connecting NH-734 & NH-24 from Km. 0.000 to Km. 33.200 Pkg-I,Uttar Pradesh,National Highways Authority of India [NHAI],April 2026,1,1,0.6078133231894247,0.9999566193703101,True,True,0.8038849712798675,complete,none,High,v1-equal-weight-2026-04-snapshot
1862,618959,4L Prayagraj Greenfield By-pass from design Km 50860 near Nibi Kala Uperhar to design Km 64763 on NH-19 near Khodaypur Kasgaon including Interchange loop at NH-19,Uttar Pradesh,National Highways Authority of India [NHAI],April 2026,0,-1,0.2651831618885686,,True,False,0.2651831618885686,partial,time_overrun_probability,Low,v1-equal-weight-2026-04-snapshot
1863,618960,4 Lane Inner Ring Road around Allahabad City Pkg-2 Prayagraj Southern Bypass 43.200 - 50.860,Uttar Pradesh,National Highways Authority of India [NHAI],April 2026,0,1,0.42092612820113245,0.9999914831419032,True,True,0.7104588056715179,complete,none,High,v1-equal-weight-2026-04-snapshot
1864,618961,4 Lane Inner Ring Road around Allahabad City Pkg-1 Prayagraj Southern Bypass 34.400 43.200,Uttar Pradesh,National Highways Authority of India [NHAI],April 2026,0,0,0.20961733549728495,0.0005155513473940087,True,True,0.10506644342233948,complete,none,Low,v1-equal-weight-2026-04-snapshot
1865,618968,6L access control Greenfield highway of Vill-Khyawari to Vill-Latifpur at Saharanpur Bypass from Km. 82.000 to Km. 119.790 Pkg-4,Uttar Pradesh,National Highways Authority of India [NHAI],April 2026,1,1,0.7295311323925414,0.9999878968822224,True,True,0.8647595146373819,complete,none,High,v1-equal-weight-2026-04-snapshot
1866,618970,6L access control Greenfield highway of Vill-Lohadda to Vill-Karaunda Mahajan from Km. 27.000 to Km. 56.500 Pkg-2,Uttar Pradesh,National Highways Authority of India [NHAI],April 2026,0,1,0.6414933301825482,0.9999965722377288,True,True,0.8207449512101385,complete,none,High,v1-equal-weight-2026-04-snapshot
1867,619162,4L of Najibabad Bypass from Km. 105.423 to Km. 118.373 excluding 2.45 Km. of NH- 74 Bypass of NH-119,Uttar Pradesh,National Highways Authority of India [NHAI],April 2026,0,1,0.3711168044828675,0.9999988318094384,True,True,0.6855578181461529,complete,none,High,v1-equal-weight-2026-04-snapshot
1868,619168,6L access controlled Greenfield highway of Junction of EPE Vill.-Mavikalan to Vill.- Lohadda from Km. 0.000 to Km. 27.000 Pkg-1,Uttar Pradesh,National Highways Authority of India [NHAI],April 2026,0,1,0.7170899017482385,0.9999113483890617,True,True,0.8585006250686501,complete,none,High,v1-equal-weight-2026-04-snapshot
1869,619308,6L access-controlled highway from Ganeshpur tonear Mohand of Ganeshpur Dehradun section from Km.0 to Km.8.3 of NH-72A Package-1,Uttar Pradesh,National Highways Authority of India [NHAI],April 2026,0,1,0.588892659415053,0.9999990726844591,True,True,0.794445866049756,complete,none,High,v1-equal-weight-2026-04-snapshot
1870,617888,Landslide treatment work on NH 58 from Kodiyala Km. 266.130 to Devprayag Km. 296.925 10 location under EPC mode in the State of Uttarakhand on EPC Mode,Uttarakhand,MoRTH,April 2026,0,1,0.038000024543366775,0.9998481049046816,True,True,0.5189240647240242,complete,none,Medium,v1-equal-weight-2026-04-snapshot
1871,617889,Treatment of landslide zone from location no. 01 to 28 km 62.860 to 152.750 on NH- 12509 in the State of Uttarakhand under EPC mode in NHO Annual Plan 2022-23,Uttarakhand,MoRTH,April 2026,0,1,0.14009633976307312,0.9992365798982139,True,True,0.5696664598306436,complete,none,Medium,v1-equal-weight-2026-04-snapshot
1872,617890,Construction of Champawat Bypass with two lane with paved shoulder configuration starting from existing chainage 121.700 to existing chainage 129.450 Design Length 9.847 of NH-125 in District-Champawat in the state of Uttrakhand on EPC mode.,Uttarakhand,MoRTH,April 2026,0,-1,0.02638331000753167,,True,False,0.02638331000753167,partial,time_overrun_probability,Low,v1-equal-weight-2026-04-snapshot
1873,617929,Construction of 2 lane with paved shoulder of Kund Bypass from Design Km 35.130 to Km 47.700 existing Km 33.130 to Km 41.260 of NH-109 in the State of Uttarakhand,Uttarakhand,MoRTH,April 2026,0,1,0.1761250353071918,0.9999997368686573,True,True,0.5880623860879246,complete,none,Medium,v1-equal-weight-2026-04-snapshot
1874,617967,Construction of Rudraprayag tunnel of length 900.30 MTR including approaches and one major bridge on river Alaknanda connecting NH-107/old-109 to NH-07old-58 on EPC mode in the state of Uttarakhand.,Uttarakhand,MoRTH,April 2026,0,1,0.19416331660906597,0.9960988492963896,True,True,0.5951310829527278,complete,none,Medium,v1-equal-weight-2026-04-snapshot
1875,617968,Construction & Widening Including Augustmuni Bypass Ch-16.545 to Ch - 19.890 to 2L/PS from Km 16.545-Km 33.130 & 45.980 -57.975 Augustmuni to Kund & Guptkashi to Sitapur on NH 109 in UK,Uttarakhand,MoRTH,April 2026,0,1,0.13349721605064466,0.9999987580334143,True,True,0.5667479870420294,complete,none,Medium,v1-equal-weight-2026-04-snapshot
1876,617970,Reconstruction of existing 2 L/IL to 2L with paved shoulder from existing km 52.200 to 92.880 of NH-,Uttarakhand,MoRTH,April 2026,0,1,0.26055473903789145,0.9999989989743072,True,True,0.6302768690060994,complete,none,Medium,v1-equal-weight-2026-04-snapshot
1877,617974,Rehabilitation and upgradation of 2 lane with paved shoulder from existing km. 195.175 to km. 220.000 Design Chainage km71.300 to Km. 95.947 Excluding existing chainage Km 200.300 to Km 202.400 Design chainage Km 76.400 to Km 78.400 on Dharasu to Yamunotri Road of NH- 134 Old NH-94,Uttarakhand,MoRTH,April 2026,0,-1,0.03801241229886368,,True,False,0.03801241229886368,partial,time_overrun_probability,Low,v1-equal-weight-2026-04-snapshot
1878,617975,Rehabilitation and upgradation to 2 lane with paved shoulder configuration from km 122.00 Dharasu Bend to km 147.230 Silkyara Bend of NH-94 in the state of Uttarakhand,Uttarakhand,MoRTH,April 2026,0,1,0.15794826278253363,0.9999999214106607,True,True,0.5789740920965972,complete,none,Medium,v1-equal-weight-2026-04-snapshot
1879,618039,Widening to 2 Lane from Existing Chainage Km 74.700 Km 100.660 Design Chainage Km 53.365 to Km 78.785 on NH- 507 in the State of Uttarakhand.,Uttarakhand,MoRTH,April 2026,0,-1,0.025173067709039862,,True,False,0.025173067709039862,partial,time_overrun_probability,Low,v1-equal-weight-2026-04-snapshot
1880,618040,Rehabilitation and Upgradation to Two lanes with Paved Shoulders configuration and Strengthening from Km 175.00 to Km 196.00 Gumkhal to Satpuli of NH-119 New NH- 534 in the State of Uttarakhand under NHO Annual Plan 2021-22 under EPC mode,Uttarakhand,MoRTH,April 2026,0,-1,0.07990238573515718,,True,False,0.07990238573515718,partial,time_overrun_probability,Low,v1-equal-weight-2026-04-snapshot
1881,618041,Rehabilitation and upgrading to two lanes with paved shoulders and Strengthening of Kotdwar-Pauri-Srinagar road section from Km 232.00 to 274.470 on NH-119 New 534 Paidul to Srinagar in the State of Uttarakhand on EPC Mode under NHO Annual Plan 2021-22.,Uttarakhand,MoRTH,April 2026,0,-1,0.15337199241943242,,True,False,0.15337199241943242,partial,time_overrun_probability,Low,v1-equal-weight-2026-04-snapshot
1882,618119,Rehabilitation and up-gradation to 2-lane configuration of Bageshwar to Kangarchina road from km 129.600 to Km 161.600 Existing Chainage 136.00 to Km 169.00 of NH- 309Ain the State of Uttarakhand Package-IV under NHO Annual Plan 2021-22,Uttarakhand,MoRTH,April 2026,0,-1,0.09908674972738302,,True,False,0.09908674972738302,partial,time_overrun_probability,Low,v1-equal-weight-2026-04-snapshot
1883,618207,Widening to 2-lane with Hard Shoulder configuration of Mana Ch. 0.00 to Mana Pass Ch. 50.987 road on NH-07 under Bharatmala Pariyojna in the state of Uttarakhand under Annual Plan 2022-23 length 50.987,Uttarakhand,MoRTH,April 2026,0,1,0.08379735083110479,0.9593085622854725,True,True,0.5215529565582886,complete,none,Medium,v1-equal-weight-2026-04-snapshot
1884,618208,Construction and upgradation of existing road to 2-lane with paved shoulder from existing chainage Km 509.725 to Km 528.000 design chainage Km 490.550 to Km 507.850 of NH-58 new NH-07 Benakuli bend to Mana Village in EPC mode under Chardham Programme in the State of Uttarakhand.,Uttarakhand,MoRTH,April 2026,0,-1,0.20528606363494323,,True,False,0.20528606363494323,partial,time_overrun_probability,Low,v1-equal-weight-2026-04-snapshot
1885,618209,Construction & up gradation of existing road to 2-Lane with paved shoulder from existing chainage km 468000 to km 489350 Design Chainage km 465150 to km 471500 of NH-07 Old NH-58 including Joshimath bypass on EPC mode in the state of Uttarakhand Length 6.35 km,Uttarakhand,MoRTH,April 2026,0,1,0.09874806555299027,0.9999560616266508,True,True,0.5493520635898206,complete,none,Medium,v1-equal-weight-2026-04-snapshot
1886,618210,Rehabilitation and upgradation of Askot-Lipulekh on EPC Basis for Phase-I Existing Km 72.00 to 107.620 Design Chainage Km 21330 to Km 56935 under Project Hirak of BRO in the state of Uttarakhand under Bharatmala Pariyojna Phase-I on EPC Mode Length-35.605 Km CA No EPC/MORT&H/HRK/01/2021-22,Uttarakhand,MoRTH,April 2026,0,1,0.18174982788782224,0.9999009761080894,True,True,0.5908254019979557,complete,none,Medium,v1-equal-weight-2026-04-snapshot
1887,618211,Improvement/construction of 2-lane with paved shoulder of Askote Llipulekh road from Tawaghat village to Budhi village design km. 56935 to km 95748 and from end of Tunnel portal to Kali Mandir design km 113828 to km. 133078 [total design length 58.063 km] under project Hirak of BRO in the state of Uttarakhand under Bharatmala Pariyojna on EPC Mode,Uttarakhand,MoRTH,April 2026,0,0,0.1033750228642787,0.011350191371827311,True,True,0.05736260711805301,complete,none,Low,v1-equal-weight-2026-04-snapshot
1888,618212,"STABILIZATION OF LAND SLIDE AND SLOPE PROTECTION AT KM 11.00 TO KM 11.08, 29,730 KM TO 30,060 KM, 30,400 KM TO 31,060 KM, 34,750 KM TO 35,300 KM, 38,950 KM TO 39,030 KM & 39,460 KM TO 39,540 KM TWO LOC CLUBBED, KM 40,400 TO KM 40,650, KM 43,500 KM 43,680, 52,460 RISHIKESH - DHARASU ROAD NH-94 ON EPC MODE IN THE STATE OF UTTARAKHAND. NOSE OF LAND SLIDE - 12 NOS",Uttarakhand,MoRTH,April 2026,0,-1,0.0304422602948255,,True,False,0.0304422602948255,partial,time_overrun_probability,Low,v1-equal-weight-2026-04-snapshot
1889,618213,Rehabilitation and Upgradation of road Rishikesh Dharasu Old NH-94 with 2-lane with paved shoulder from km 76.000 to km 110.000 Design Chainage from km 74.733 to km 107.347 32.614 km including construction of Kamand re-alignment from existing Chainage Km 105.200 to Km 108.600 design chainage Km 103.436 to Km 105.949 - total length 2513 mtrs and land slide treatment work between design chainage Km 73.800 to Km 74.00 200m on EPC mode under improvement to NH connectivity to Chardham in,Uttarakhand,MoRTH,April 2026,0,1,0.15382413245672588,0.9999999149723217,True,True,0.5769120237145238,complete,none,Medium,v1-equal-weight-2026-04-snapshot
1890,618214,Rehabilitation and upgradation to 2 lane / 2 lane with paved shoulder configuration for design chainage km 107.347 to km 129.208 & km 133.878 to km 138.570 existing chainage km 110.000 to km 133.020 & km 137.330 to km 142.028 and land slide treatment at existing km 138.500 Design chainage km 134.970 of NH -94 on EPC mode under improvement to NH connectivity to Chardham in the state of Uttarakhand.,Uttarakhand,MoRTH,April 2026,0,1,0.11493070801828895,0.9999999336675873,True,True,0.5574653208429381,complete,none,Medium,v1-equal-weight-2026-04-snapshot
1891,618218,Rehabilitation & upgradation of existing road to 2-lane with hard shoulder from Joshimath km 0.00 to Saraithota km 29.725 road on NH-107B under Bharatmala Pariyojna on EPC mode in the state of Uttarakhand,Uttarakhand,MoRTH,April 2026,0,1,0.08518931347405469,0.9995029246304175,True,True,0.5423461190522361,complete,none,Medium,v1-equal-weight-2026-04-snapshot
1892,618219,Upgradation to 2-lane with Hard shoulder configuration of Suraithota Ch. 29.725 km to Malari Ch. 60.550 km road on NH- 107B under in the state of Uttarakhand.,Uttarakhand,MoRTH,April 2026,0,1,0.08876841563868813,0.9773139948724583,True,True,0.5330412052555732,complete,none,Medium,v1-equal-weight-2026-04-snapshot
1893,618390,"Construction, Operation & Maintenance of 2-L Bi-directional Silkyara Bend- Barkot Tunnel with escape passage including approaches Tunnel-4.531 & Approach road- 0.328 on Dharasu-Yamunotri section b/w Chainage 25.400km and 51.00km falling along NH-134 Old NH-94 on EPC mode",Uttarakhand,NHIDCL,April 2026,0,1,0.24708616781687273,0.9999699889189937,True,True,0.6235280783679332,complete,none,Medium,v1-equal-weight-2026-04-snapshot
1894,618391,"Construction for Mitigation Measures of 5 Nos. Landslides, 05 No. Sinking Zones and 01 No. Bridge from Ch. 450.00 to Ch. 468.00 18 Km. Length on NH-07 Package-III",Uttarakhand,NHIDCL,April 2026,0,1,0.055781784546186416,0.9858234778564321,True,True,0.5208026312013092,complete,none,Medium,v1-equal-weight-2026-04-snapshot
1895,618392,"Construction for Mitigation Measures of 5 Nos. Landslides, 5 Nos. Sinking Zones in between Ch. 433.00 to 450.00 BANERPANI VILLAGE on NH-07 on EPC mode in the state of Uttarakhand Package-2",Uttarakhand,NHIDCL,April 2026,0,0,0.05076878685534916,0.009960464239112725,True,True,0.030364625547230944,complete,none,Low,v1-equal-weight-2026-04-snapshot
1896,618393,"Construction for Mitigation Measures of 10 Nos. Landslides, 01 No. Sinking Zones and 1 No. of Minor Bridge in between at Ch. Km 368.00 to Km 433.00 on NH-07 on EPC Mode in Uttarakhand Package-1",Uttarakhand,NHIDCL,April 2026,0,-1,0.05532157013863565,,True,False,0.05532157013863565,partial,time_overrun_probability,Low,v1-equal-weight-2026-04-snapshot
1897,618875,4L of Haridwar Nagina section Design Ch. LME from km 13.829 to km 17.110 & km 26.077 to km 27.508 and Design Ch. RME from km 13.839 to km 17.120 & km 26.078 to km 27.509 of EUP mitigation measures on NH74,Uttarakhand,National Highways Authority of India [NHAI],April 2026,0,1,0.3909341757783863,0.9999903932177289,True,True,0.6954622844980576,complete,none,High,v1-equal-weight-2026-04-snapshot
1898,619142,Construction of 4-lane connectivity to Banbasa ICP at India Nepal border from NH-09 old NH-125 Sitarganj-Tanakpur at Km 40.00 near Jagbuda bridge under Bharatmala Priyojana of NH-109D on EPC mode in the State of Uttarakhand,Uttarakhand,National Highways Authority of India [NHAI],April 2026,1,1,0.4005898587295254,0.9999986698093407,True,True,0.7002942642694331,complete,none,High,v1-equal-weight-2026-04-snapshot
1899,619155,Upgradation and 4L of Haridwar Bypass from Km 0.000 Km 188.100 of NH-58 to Km. 15.100 Km 5.100 of NH 74 PKg-1,Uttarakhand,National Highways Authority of India [NHAI],April 2026,0,1,0.5178983729157737,0.9999992242396337,True,True,0.7589487985777037,complete,none,High,v1-equal-weight-2026-04-snapshot
1900,619292,4L Medinipur to Ballupur from Km. 458.65 to Km. 487.65 of NH-07Pkg-2,Uttarakhand,National Highways Authority of India [NHAI],April 2026,0,1,0.5602921106925257,0.9999999584621788,True,True,0.7801460345773523,complete,none,High,v1-equal-weight-2026-04-snapshot
1901,619293,Construction of 4 Lane Access Controlled Bypass for Dehradun on NH307 from Design Chainage km 0050 Jhajra on NH-07 to Design Chainage km 12220 Asharori on EPC Mode in the State of Uttarakhand under NHO,Uttarakhand,National Highways Authority of India [NHAI],April 2026,0,0,0.19575683158387577,0.004832860760919428,True,True,0.1002948461723976,complete,none,Low,v1-equal-weight-2026-04-snapshot
1902,619294,Road Safety Improvement of existing four lane section of Dehradun-Lal Tappar-Nepali Farm Section of NH-7 and Nepali Farm-Motichur NH-34 on EPC Mode in Uttarakhand under NHO.,Uttarakhand,National Highways Authority of India [NHAI],April 2026,0,0,0.14364965951203038,9.526416459143067e-05,True,True,0.0718724618383109,complete,none,Low,v1-equal-weight-2026-04-snapshot
1903,619295,Four/Six laning of Bhaniyawala-Jollygrant-Rishikesh spur section of NH-07 from Km. 0.000 to Km 19.780,Uttarakhand,National Highways Authority of India [NHAI],April 2026,0,0,0.3111028692344254,0.001252867353574149,True,True,0.1561778682939998,complete,none,Low,v1-equal-weight-2026-04-snapshot
1904,617893,Construction of additional major Bridge with 4- lane configuration of length 1.48 km on NH-60 NH-14 over River Kangshabati from Km. 117.770 to Km 119.250 and additional major Bridge with 4- lane configuration of length 0.900 km on NH-60 NH- 14 over River Shilabati from Km. 173.220 to Km 174.120 in the district of Paschim Medinipur of West Bengal under Annual Plan for FY 2023-24 on EPC mode. Job No 014-W8-2023-24/527 .,West Bengal,MoRTH,April 2026,0,0,0.0770537941984037,0.0029711371256446544,True,True,0.04001246566202418,complete,none,Low,v1-equal-weight-2026-04-snapshot
1905,617894,"Construction or 4 lane Raniganj Bypass of length 5.261 km on NH-60 new NH-14 from km 273.00 of NH to km 478.18 of NH-2 New NH 16 in paschim Bardhaman, West Bengal in EPC Mode- reg. Job No. 014-WB-2022-23/514",West Bengal,MoRTH,April 2026,0,1,0.037297575174113584,0.986469308072342,True,True,0.5118834416232279,complete,none,Medium,v1-equal-weight-2026-04-snapshot
1906,617931,Construction of ROB and its approaches in lieu of LC No. 10/B/T at Km 307.050 of NH-60.,West Bengal,MoRTH,April 2026,0,1,0.46045631592650793,0.962696726468918,True,True,0.711576521197713,complete,none,High,v1-equal-weight-2026-04-snapshot
1907,617960,Construction of new road at the missing link portion of NH-81 along approved alignment between Harishchandrapur and Eastern approach of Kalindri Bridge from Km 46.550 to Km 59.697 in the district of Malda. Job No-081-WB-2015-16/400,West Bengal,MoRTH,April 2026,1,1,0.561229188871573,0.9998846151342362,True,True,0.7805569020029046,complete,none,High,v1-equal-weight-2026-04-snapshot
1908,618227,Development to 4/6-lanning of NH-31 New NH-10 with both side service roads from km 569.258 to km 581.030 end of AH-02 project on NH- 31 near Shivmandir to Sevoke Army Cantonment in districts of Darjeeling and Jalpaiguri in the state of West Bengal on EPC Mode Job No. 010/WB/2021-22/490,West Bengal,MoRTH,April 2026,1,1,0.28604944503945645,0.9999119995519308,True,True,0.6429807222956936,complete,none,Medium,v1-equal-weight-2026-04-snapshot
1909,618427,Construction & upgradation of existing road to 2-lane with paved shoulder including geometric improvement of Kafer- Lava More section from km 40.00 to km 61.100 of NH717-A on EPC under SARDP-NE A in state of West Bengal Pkg-VA,West Bengal,NHIDCL,April 2026,0,1,0.2562859415000259,0.9999977359447362,True,True,0.628141838722381,complete,none,Medium,v1-equal-weight-2026-04-snapshot
1910,618429,Construction & upgradation of existing road to 2-lane with paved shoulder including geometric improvement of sect. from Pedong bypass to Reshi Border km 79.700 to km 96.254 of NH-717A under SARDP-NE-A on EPC as part of Alternate connectivity to Gangtok Lava More-Reshi Border Pkg-VB,West Bengal,NHIDCL,April 2026,1,1,0.45409406675699826,0.9999966451952742,True,True,0.7270453559761363,complete,none,High,v1-equal-weight-2026-04-snapshot
1911,618430,Construction of alternative highway to Gangtok in Sikkim via Bagrakot -Chuikhim- Nimbong -Kafer-Bakhim-Algarah-Rhenock in the State of West Bengal and from Rhenok-Rorathang-Pakyong along with spur from Aritar-Rolep-Menla in the State of Sikkim from Km 0.00 to Km 13.00 of Bagrakot -Kafer section of NH 717A on EPC Mode under Phase-A of SARDP-NE in the State of West Bengal PKG- IVA,West Bengal,NHIDCL,April 2026,0,1,0.18907603935054954,0.9999997850257709,True,True,0.5945379121881602,complete,none,Medium,v1-equal-weight-2026-04-snapshot
1912,618431,Construction of alternative highway to Gangtok in Sikkim via Bagrakot -Chuikhim- Nimbong -Kafer-Bakhim-Algarah-Rhenock in the State of West Bengal and from Rhenok-Rorathang-Pakyong along with spur from Aritar-Rolep-Menla in the State of Sikkim from Km 13.00 to Km 25.60 of Bagrakot -Kafer section of NH 717A on EPC Mode under Phase-A of SARDP-NE in the State of West Bengal PKG- IVB,West Bengal,NHIDCL,April 2026,0,1,0.3179567829468275,0.9999893296776602,True,True,0.6589730563122438,complete,none,High,v1-equal-weight-2026-04-snapshot
1913,618572,Binnaguri Bypass-Descoped portion of Ghoshpukur-Dhupguri Section of NH-31Dpkg-1,West Bengal,National Highways Authority of India [NHAI],April 2026,0,0,0.15745519777984726,0.0010661495773759988,True,True,0.07926067367861163,complete,none,Low,v1-equal-weight-2026-04-snapshot
1914,618574,Balance Works of 4L of NH-31D from Km. 113.200 to Km. 154.854 Package-II A Ghoshpukur-Salsalabari Section,West Bengal,National Highways Authority of India [NHAI],April 2026,0,0,0.30759525437121504,0.04587581627484853,True,True,0.1767355353230318,complete,none,Low,v1-equal-weight-2026-04-snapshot
1915,618808,6L Elevated Kona Expressway from Km. 0.145 to Km. 7.337 of NH-117,West Bengal,National Highways Authority of India [NHAI],April 2026,0,1,0.38088947234191695,0.9844322810384402,True,True,0.6826608766901785,complete,none,High,v1-equal-weight-2026-04-snapshot
1916,618823,4 laning of Barasat - Barajaguli Section of NH-12 from Km. 31.000 to Km. 48.679 in the district of North 24 - Parganas,West Bengal,National Highways Authority of India [NHAI],April 2026,0,1,0.13622694284662232,0.9956821642897004,True,True,0.5659545535681614,complete,none,Medium,v1-equal-weight-2026-04-snapshot
1917,618824,"Development to 4-laning of the de-scoped stretches from Km 115.342 to Km 191.700 of NH-34 in Nadia District 3.962 & Murshidabad District 5.538 pertaining to Krishnagar to Berhampore section of NH-34 New NH-12 , in the state of West Bengal under NHO.",West Bengal,National Highways Authority of India [NHAI],April 2026,0,1,0.14783060085866187,0.9950663009180358,True,True,0.5714484508883488,complete,none,Medium,v1-equal-weight-2026-04-snapshot
1918,618825,Bridge over Ganga River at d/s of Farraka Barrage including Approaches connecting Farakka-Raiganj,West Bengal,National Highways Authority of India [NHAI],April 2026,1,1,0.7316420706104363,0.9999828506689002,True,True,0.8658124606396682,complete,none,High,v1-equal-weight-2026-04-snapshot
1919,618910,4L of Purulia Bypass section from Km 84.030 to Km 94.345 of NH-32,West Bengal,National Highways Authority of India [NHAI],April 2026,1,1,0.6525162870932694,0.9999865981191385,True,True,0.826251442606204,complete,none,High,v1-equal-weight-2026-04-snapshot
1920,619004,"Construction of Dubrajpur Bypass with 4-lane configuration of length 5.676 km on NH- 60 new NH-14 from design chainage 0.00 existing km 316.135 on NH-60 to design chainage 5.676 existing km 320.980 on NH-60 in the district of Birbhum, West Bengal under Annual Plan 2022-23 in EPC Mode- reg. Job. No. 014-WB-2022- 23/518 .",West Bengal,MoRTH,April 2026,0,0,0.0834706222765485,0.037086093668363615,True,True,0.06027835797245606,complete,none,Low,v1-equal-weight-2026-04-snapshot
1921,619187,"Slope protection and landslide mitigation at 4 vulnerable locations km 1.950 to Km 2.100, km 11.100 to 11.450, km 22.435 to km 22.485 and km 22.610 to km 22.680 within Sevoke-Rangpo section of NH-10 old NH-31A in Darjeeling & Kalimpong district in the State of West Bengal on EPC mode",West Bengal,NHIDCL,April 2026,0,0,0.12870603765846467,0.11263071113238249,True,True,0.12066837439542358,complete,none,Low,v1-equal-weight-2026-04-snapshot
1922,709859,SETTING UP OF PHYSICAL INFRASTRUCTURE FOR THE NATIONAL INSTITUTE OF COMMUNICATION FINANCE [NICF] AT GHITORNI,Delhi,National Communication Academy - Finance [Erstwhile NICF],April 2026,0,1,0.34288187979710905,0.9999977348479577,True,True,0.6714398073225334,complete,none,High,v1-equal-weight-2026-04-snapshot
1923,701598,Provision of 4G based Mobile Services in Uncovered Villages and National Highways of Meghalaya,Meghalaya,Department of Telecommunications,April 2026,0,1,0.3607055911367177,0.9988094516866538,True,True,0.6797575214116858,complete,none,High,v1-equal-weight-2026-04-snapshot
1924,617413,Mobile connectivity in Left Wing Extremism [LWE] affected areas-Phase 1 Upgradation,"Multi-States (Andhra Pradesh, Bihar, Chhattisgarh, Jharkhand, Madhya Pradesh, Maharashtra, Odisha, Telangana, Uttar Pradesh, West Bengal)",Department of Telecommunications [DoT],April 2026,0,1,0.3187545795970206,0.9999575876537449,True,True,0.6593560836253827,complete,none,High,v1-equal-weight-2026-04-snapshot
1925,701599,Mobile connectivity in Left Wing Extremism [LWE] affected areas-Phase2,"Multi-States (Andhra Pradesh, Bihar, Chhattisgarh, Jharkhand, Madhya Pradesh, Maharashtra, Odisha, Telangana, Uttar Pradesh, West Bengal)",Department of Telecommunications [DoT],April 2026,0,1,0.5331238782822624,0.9997438502773777,True,True,0.7664338642798201,complete,none,High,v1-equal-weight-2026-04-snapshot
1926,701602,"Provision of 4G based mobile services in 7,287 uncovered villages of 44 Aspirational District across 5 states of Andhra Pradesh, Chhattisgarh, Jharkhand, Maharashtra & Odisha","Multi-States (Andhra Pradesh, Chhattisgarh, Jharkhand, Maharashtra, Odisha)",Department of Telecommunications [DoT],April 2026,0,1,0.2760549167491626,0.999911569817567,True,True,0.6379832432833648,complete,none,Medium,v1-equal-weight-2026-04-snapshot
1927,701597,Provision of 4G Mobile Services in Uncovered Villages of Arunachal Pradesh and 2 Districts of Assam,"Multi-States (Arunachal Pradesh, Assam)",Department of Telecommunications,April 2026,0,1,0.2815597839338888,0.9995281800794638,True,True,0.6405439820066763,complete,none,Medium,v1-equal-weight-2026-04-snapshot
1928,704495,"502 Aspirational District Scheme in Four states - Bihar, Madhya Pradesh, Rajastha and Uttar Pradesh","Multi-States (Bihar, Madhya Pradesh, Rajasthan, Uttar Pradesh)",Department of Telecommunications [DoT],April 2026,0,1,0.2737907403499031,0.9999778234605391,True,True,0.6368842819052211,complete,none,Medium,v1-equal-weight-2026-04-snapshot
1929,400013,Saturation 4G mobile coverage of Uncovered Villages through USOF,PAN India,Department of Telecommunications [DoT],April 2026,1,1,0.5863879566743139,0.9999880576145342,True,True,0.7931880071444241,complete,none,High,v1-equal-weight-2026-04-snapshot
1930,701593,4G Services by BSNL,PAN India,Department of Telecommunications [DoT],April 2026,0,1,0.5905761822289313,0.9993387399108048,True,True,0.794957461069868,complete,none,High,v1-equal-weight-2026-04-snapshot
1931,706775,BharatNet,PAN India,Department of Telecommunications [DoT],April 2026,1,1,0.7453229620712701,0.9976654758442876,True,True,0.8714942189577788,complete,none,High,v1-equal-weight-2026-04-snapshot
1932,709856,MPLS-IP BASED ACCESS AND AGGREGATION NETWORK [MAAN] IN BSNL ALONG WITH TEST AND MEASURING EQUIPMENT,PAN India,BSNL,April 2026,0,1,0.11194327791259802,0.9999976252514433,True,True,0.5559704515820206,complete,none,Medium,v1-equal-weight-2026-04-snapshot
1933,709857,"Planning, Engineering, Supply, Installation, Testing, Commissioning, Integration & Annual Maintenance of 4G mobile network at 1 Lakh sites on PAN India basis including Mumbai & Delhi LSA on turnkey basis under Phase IX.2 Project.",PAN India,BSNL,April 2026,0,1,0.3407879620922057,0.9999779238552201,True,True,0.6703829429737129,complete,none,High,v1-equal-weight-2026-04-snapshot
1934,616600,Interception and Diversion and STP works in Bhagalpur under Hybrid annuity based PPP mode-Namami Gange Programme,Bihar,National Mission for Clean Ganga,April 2026,0,1,0.26842974618100435,0.9996099482011315,True,True,0.6340198471910679,complete,none,Medium,v1-equal-weight-2026-04-snapshot
1935,616611,Sewage Treatment Plant 100MLD and Sewerage Network 288 km in Digha-Patna under Hybrid annuity based PPP mode-Namami Gange Programme,Bihar,National Mission for Clean Ganga,April 2026,0,1,0.4563018684310117,0.9975354875353153,True,True,0.7269186779831636,complete,none,High,v1-equal-weight-2026-04-snapshot
1936,616612,Sewage Treatment Plant 50MLD and Sewerage Network 150 km in Kankarbagh- Patna under Hybrid annuity based PPP mode-Namami Gange Programme,Bihar,National Mission for Clean Ganga,April 2026,0,-1,0.3707867717421724,,True,False,0.3707867717421724,partial,time_overrun_probability,Medium,v1-equal-weight-2026-04-snapshot
1937,616615,"Sewer Network, SPS and STP at Begusarai",Bihar,National Mission for Clean Ganga,April 2026,0,1,0.5115306046056225,0.9953135775728975,True,True,0.75342209108926,complete,none,High,v1-equal-weight-2026-04-snapshot
1938,616616,"Sewer Networks, SPS and STP at Hajipur",Bihar,National Mission for Clean Ganga,April 2026,0,1,0.507749386061805,0.9855030953625858,True,True,0.7466262407121954,complete,none,High,v1-equal-weight-2026-04-snapshot
1939,616594,Interception & Diversion with Rehabilitation of sewerage scheme at Agra under Hybrid annuity based PPP model-Namami Gange Programme,Uttar Pradesh,National Mission for Clean Ganga,April 2026,0,1,0.3665872204227691,0.9998342178270457,True,True,0.6832107191249074,complete,none,High,v1-equal-weight-2026-04-snapshot
1940,616605,Pollution Abatement Works for River Kali Meerut under Meerut Municipality Interception & Diversion with STP,Uttar Pradesh,National Mission for Clean Ganga,April 2026,0,1,0.3195560969340199,0.9998449375301409,True,True,0.6597005172320805,complete,none,High,v1-equal-weight-2026-04-snapshot
1941,616604,Pollution Abatement works for River Ganga at Hooghly Chinsurah- Municipal Town Interception & Diversion with STP,West Bengal,National Mission for Clean Ganga,April 2026,0,1,0.3573096066480214,0.9996185008339483,True,True,0.6784640537409848,complete,none,High,v1-equal-weight-2026-04-snapshot
1942,400100,Sardar Gouthu Latchanna Thotapalli Barrage Project,Andhra Pradesh,Water Resources-AP,April 2026,1,1,0.6176075570426981,0.9998676331650608,True,True,0.8087375951038794,complete,none,High,v1-equal-weight-2026-04-snapshot
1943,400101,Gundlakamma project,Andhra Pradesh,Water Resources-AP,April 2026,1,1,0.6573449471097104,0.9999530156721317,True,True,0.828648981390921,complete,none,High,v1-equal-weight-2026-04-snapshot
1944,701415,Polavaram Irrigation Project,Andhra Pradesh,Water Resources-AP,April 2026,1,1,0.7442166003096565,0.9995972724477642,True,True,0.8719069363787104,complete,none,High,v1-equal-weight-2026-04-snapshot
1945,701370,Borolia Irrigation Project,Assam,"Department of Water Resources, River Development & GR",April 2026,0,1,0.4419397070156149,0.9954603191817961,True,True,0.7187000130987056,complete,none,High,v1-equal-weight-2026-04-snapshot
1946,400111,Kelo Irrigation Project,Chhattisgarh,Water Resources-CT,April 2026,1,1,0.474630135757323,0.9999763002761592,True,True,0.7373032180167411,complete,none,High,v1-equal-weight-2026-04-snapshot
1947,701399,Kudali Irrigation Project,Chhattisgarh,"Department of Water Resources, River Development & GR",April 2026,0,1,0.39680674763945306,0.9725976176014804,True,True,0.6847021826204668,complete,none,High,v1-equal-weight-2026-04-snapshot
1948,400097,Sardar Sarovar CADWM Project,Gujarat,"Narmada and Water Resources, Water Supply and Kalpsar Department-GJ",April 2026,1,1,0.6745250859969707,0.9999982013238695,True,True,0.8372616436604201,complete,none,High,v1-equal-weight-2026-04-snapshot
1949,701372,Sardar Sarovar Project,Gujarat,"Narmada and Water Resources, Water Supply and Kalpsar Department-GJ",April 2026,1,1,0.7907818014099338,0.945282848484411,True,True,0.8680323249471724,complete,none,High,v1-equal-weight-2026-04-snapshot
1950,701376,"Subernarekha Multipurpose Project, Jharkhand",Jharkhand,Department of Water Resources-JH,April 2026,1,1,0.7175664547005944,0.9998082231142464,True,True,0.8586873389074204,complete,none,High,v1-equal-weight-2026-04-snapshot
1951,701377,Upper Tunga Irrigation Project,Karnataka,Water Resources-KA,April 2026,1,1,0.7547554354244593,0.9999992691198294,True,True,0.8773773522721444,complete,none,High,v1-equal-weight-2026-04-snapshot
1952,400096,Omkareshwar CADWM Project,Madhya Pradesh,Water resource-mp,April 2026,0,1,0.3965400297603133,0.999998531609103,True,True,0.6982692806847082,complete,none,High,v1-equal-weight-2026-04-snapshot
1953,400115,Bargi Diversion Project Phase - IV [km. 154 to km 197],Madhya Pradesh,Water Resources-MP,April 2026,1,1,0.755648626819515,0.9999952319861076,True,True,0.8778219294028113,complete,none,High,v1-equal-weight-2026-04-snapshot
1954,400116,Bargi Diversion Project Phase - III [km. 104 to km 154],Madhya Pradesh,Water Resources-MP,April 2026,1,1,0.6356111065803524,0.9999264151856878,True,True,0.8177687608830201,complete,none,High,v1-equal-weight-2026-04-snapshot
1955,400095,Gosikhurd CADWM Project,Maharashtra,Department of water resources-MH - II,April 2026,0,1,0.5648791387329912,0.9999497997292267,True,True,0.782414469231109,complete,none,High,v1-equal-weight-2026-04-snapshot
1956,400105,Urmodi Irrigation Project,Maharashtra,Department of water resources-MH - II,April 2026,1,1,0.7205462052193187,0.9999955767562766,True,True,0.8602708909877976,complete,none,High,v1-equal-weight-2026-04-snapshot
1957,400107,Sulwade-Jamphal-Kanoli Lift Irrigation Scheme,Maharashtra,Department of water resources-MH - II,April 2026,0,1,0.5582564477433289,0.9998576032595257,True,True,0.7790570255014273,complete,none,High,v1-equal-weight-2026-04-snapshot
1958,400109,Purna Barrage-2 [Ner Dhamana] Medium Irrigation Project,Maharashtra,Department of water resources-MH - II,April 2026,1,1,0.6875070116865071,0.9999968284851338,True,True,0.8437519200858205,complete,none,High,v1-equal-weight-2026-04-snapshot
1959,400112,Jigaon Irrigation Project,Maharashtra,Department of water resources-MH - II,April 2026,0,-1,0.5355165029944272,,True,False,0.5355165029944272,partial,time_overrun_probability,Medium,v1-equal-weight-2026-04-snapshot
1960,617422,Bodwad Parisar Sinchan Yojna,Maharashtra,Department of Water Resources-MH,April 2026,0,-1,0.6018852979862963,,True,False,0.6018852979862963,partial,time_overrun_probability,Medium,v1-equal-weight-2026-04-snapshot
1961,701383,Waghur Project,Maharashtra,Department of water resources-MH - II,April 2026,1,1,0.83951168779778,0.9831319740921487,True,True,0.9113218309449643,complete,none,High,v1-equal-weight-2026-04-snapshot
1962,701386,Gosikhurd Project,Maharashtra,Department of water resources-MH - II,April 2026,1,1,0.7305616078827741,0.9994746711932191,True,True,0.8650181395379966,complete,none,High,v1-equal-weight-2026-04-snapshot
1963,701391,Aruna Medium Irrigation Project,Maharashtra,Department of water resources-MH - II,April 2026,1,1,0.8484971642199792,0.9999288917768268,True,True,0.924213027998403,complete,none,High,v1-equal-weight-2026-04-snapshot
1964,701396,Lower Pedhi Project,Maharashtra,Department of water resources-MH - II,April 2026,1,1,0.8430588222228524,0.9999753155792421,True,True,0.9215170689010472,complete,none,High,v1-equal-weight-2026-04-snapshot
1965,701398,Nardave Medium Irrigation Project,Maharashtra,Department of water resources-MH - II,April 2026,1,1,0.8507406906146753,0.9999288917768268,True,True,0.925334791195751,complete,none,High,v1-equal-weight-2026-04-snapshot
1966,701400,Thoubal Multipurpose Project,Manipur,Water Resources Department-MN,April 2026,1,1,0.801104916398137,0.9972234363981091,True,True,0.8991641763981231,complete,none,High,v1-equal-weight-2026-04-snapshot
1967,701412,North Koel Reservoir Project,"Multi-States (Bihar, Jharkhand)","Department of Water Resources, River Development & GR",April 2026,1,1,0.5547059732937505,0.9999880749984102,True,True,0.7773470241460804,complete,none,High,v1-equal-weight-2026-04-snapshot
1968,701530,Ken-Betwa Linking Development Project,"Multi-States (Madhya Pradesh, Uttar Pradesh)","Department of Water Resources, River Development, ",April 2026,0,-1,0.39815120831903855,,True,False,0.39815120831903855,partial,time_overrun_probability,Medium,v1-equal-weight-2026-04-snapshot
1969,603945,Integrated Anandpur Barrage Project,Odisha,Water Resources-OR,April 2026,1,1,0.7054575831064059,0.9524593859210411,True,True,0.8289584845137234,complete,none,High,v1-equal-weight-2026-04-snapshot
1970,701402,"Subernarekha Project, Odisha",Odisha,"Department of Water Resources, River Development & GR",April 2026,1,1,0.7690565131419046,0.975895247003373,True,True,0.8724758800726389,complete,none,High,v1-equal-weight-2026-04-snapshot
1971,701404,Kanupur Irrigation Project,Odisha,Irrigation and CAD-TG,April 2026,1,1,0.8385145889947236,0.9974605516142844,True,True,0.917987570304504,complete,none,High,v1-equal-weight-2026-04-snapshot
1972,701410,Relining of Rajasthan feeder and Sirhind Feeder canal,Punjab,Department of Water Resources-PB,April 2026,1,1,0.8585278327717032,0.9999982684684193,True,True,0.9292630506200612,complete,none,High,v1-equal-weight-2026-04-snapshot
1973,701411,Shahpur Kandi Dam Project,Punjab,Department of Water Resources-PB,April 2026,1,1,0.7779645911441817,0.9999659725791937,True,True,0.8889652818616878,complete,none,High,v1-equal-weight-2026-04-snapshot
1974,400102,Sri Ram Sagar Project Stage - II,Telangana,Irrigation and CAD-TG,April 2026,1,1,0.808987323865111,0.9945128252498092,True,True,0.90175007455746,complete,none,High,v1-equal-weight-2026-04-snapshot
1975,400103,Indiramma Flood Flow Canal Project,Telangana,Irrigation and CAD-TG,April 2026,1,1,0.8749020662350178,0.9970306054952826,True,True,0.9359663358651502,complete,none,High,v1-equal-weight-2026-04-snapshot
1976,701405,J. Chokka Rao Devadula Lift Irrigation Scheme,Telangana,Irrigation and CAD-TG,April 2026,1,1,0.8328928160571327,0.9998894863391341,True,True,0.9163911511981334,complete,none,High,v1-equal-weight-2026-04-snapshot
1977,701406,Rajiv Bhima Lift Irrigation Scheme,Telangana,Irrigation and CAD-TG,April 2026,1,1,0.8804723502051551,0.9999853783391932,True,True,0.9402288642721741,complete,none,High,v1-equal-weight-2026-04-snapshot
1978,400093,Saryu Nahar CADWM Project,Uttar Pradesh,Irrigation & Water Resources-UP,April 2026,0,1,0.6876900893567829,0.9999982938169941,True,True,0.8438441915868885,complete,none,High,v1-equal-weight-2026-04-snapshot
1979,701395,Morna [Gureghar] Irrigation Project,Uttar Pradesh,"Department of Water Resources, River Development & GR",April 2026,0,-1,0.430822884324869,,True,False,0.430822884324869,partial,time_overrun_probability,Medium,v1-equal-weight-2026-04-snapshot
1980,701408,Madhya Ganga canal Phase-II,Uttar Pradesh,Irrigation & Water Resources-UP,April 2026,1,1,0.8097205675062342,0.999996887050399,True,True,0.9048587272783166,complete,none,High,v1-equal-weight-2026-04-snapshot
1981,613787,Jamrani Dam Multipurpose Project,Uttarakhand,Irrigation-UK,April 2026,0,-1,0.1798770931397371,,True,False,0.1798770931397371,partial,time_overrun_probability,Low,v1-equal-weight-2026-04-snapshot
